Item_ID,Total_Price,Price_Per_Carat,Weight,Length,Width,Height,Color,Intensity,Clarity,Shape,Cut,Treatment,Origin,URL
S11898,6349.0,4070.0,1.56,7.06,7.02,4.27,Blue,Vivid,Eye Clean,Round,Mixed Brilliant Cut,Heat Treated,Ceylon (Sri Lanka),https://www.thenaturalsapphirecompany.com/blue-sapphires/1.56ct-ceylon-sri-lankan-round-blue-sapphire-s11898/
S12301,13841.0,4692.0,2.95,11.77,7.31,4.41,Blue,Vivid,Eye Clean,Pear,Mixed Brilliant Cut,Heat Treated,Ceylon (Sri Lanka),https://www.thenaturalsapphirecompany.com/blue-sapphires/2.95ct-ceylon-sri-lankan-pear-blue-sapphire-s12301/
S23913,34660.0,4573.0,7.58,11.43,11.32,7.02,Blue,Vivid,Eye Clean,Round,Modified Brilliant Cut,Heat Treated,Ceylon (Sri Lanka),https://www.thenaturalsapphirecompany.com/blue-sapphires/7.58ct-ceylon-sri-lankan-round-blue-sapphire-s23913/
S24093,93744.0,5070.0,18.49,15.45,19.09,9.37,Blue,Vivid,Eye Clean,Heart,Mixed Brilliant Cut,Heat Treated,Madagascar,https://www.thenaturalsapphirecompany.com/blue-sapphires/18.49ct-madagascar-heart-blue-sapphire-s24093/
S9498,1330.0,1900.0,0.7,5.94,4.1,3.21,Blue,Intense,Eye Clean,Oval,Mixed Brilliant Cut,Heat Treated,Ceylon (Sri Lanka),https://www.thenaturalsapphirecompany.com/blue-sapphires/0.70ct-ceylon-sri-lankan-oval-blue-sapphire-s9498/
S21681,6660.0,3217.0,2.07,12.53,5.98,2.93,Blue,Vivid,Eye Clean,Marquise,Mixed Brilliant Cut,No Enhancement,Ceylon (Sri Lanka),https://www.thenaturalsapphirecompany.com/blue-sapphires/2.07ct-ceylon-sri-lankan-marquise-blue-sapphire-s21681/
S23917,19602.0,4538.0,4.32,9.43,9.31,5.58,Blue,Vivid,Very Very Slightly Included,Round,Modified Brilliant Cut,Heat Treated,Ceylon (Sri Lanka),https://www.thenaturalsapphirecompany.com/blue-sapphires/4.32ct-ceylon-sri-lankan-round-blue-sapphire-s23917/
S23926,8786.0,2890.0,3.04,11.46,8.25,4.78,Blue,Intense,Eye Clean,Pear,Modified Brilliant Cut,Heat Treated,Ceylon (Sri Lanka),https://www.thenaturalsapphirecompany.com/blue-sapphires/3.04ct-ceylon-sri-lankan-pear-blue-sapphire-s23926/
S21038,2214.0,2700.0,0.82,5.52,5.42,3.72,Blue,Vivid,Eye Clean,Round,Mixed Brilliant Cut,Heat Treated,Ceylon (Sri Lanka),https://www.thenaturalsapphirecompany.com/blue-sapphires/0.82ct-ceylon-sri-lankan-round-blue-sapphire-s21038/
S24217,5844.0,4995.0,1.17,6.65,5.09,3.72,Blue,Vivid,Eye Clean,Emerald Cut,Emerald Cut,No Enhancement,Madagascar,https://www.thenaturalsapphirecompany.com/blue-sapphires/1.17ct-madagascar-emerald-cut-blue-sapphire-s24217/
S17351,8408.0,2775.0,3.03,8.91,9.51,4.6,Blue,Vivid,Eye Clean,Heart,Mixed Brilliant Cut,Heat Treated,Ceylon (Sri Lanka),https://www.thenaturalsapphirecompany.com/blue-sapphires/3.03ct-ceylon-sri-lankan-heart-blue-sapphire-s17351/
B12923,23562.0,5775.0,4.08,8.53,8.41,5.86,Blue,Vivid,Eye Clean,Asscher - Octagon,Asscher Cut,Heat Treated,Ceylon (Sri Lanka),https://www.thenaturalsapphirecompany.com/blue-sapphires/4.08ct-ceylon-sri-lankan-asscher-octagon-blue-sapphire-b12923/
B13758,5127.0,2127.0,2.41,6.81,9.71,5.41,Blue,Vivid,Eye Clean,Fancy,Step Cut,Heat Treated,Ceylon (Sri Lanka),https://www.thenaturalsapphirecompany.com/blue-sapphires/2.41ct-ceylon-sri-lankan-fancy-blue-sapphire-b13758/
S21524,6105.0,2220.0,2.75,8.58,9.0,5.04,Blue,Intense,Eye Clean,Heart,Mixed Brilliant Cut,No Enhancement,Ceylon (Sri Lanka),https://www.thenaturalsapphirecompany.com/blue-sapphires/2.75ct-ceylon-sri-lankan-heart-blue-sapphire-s21524/
S18451,2100.0,1750.0,1.2,6.45,6.75,3.96,Blue,Intense,Eye Clean,Heart,Mixed Brilliant Cut,Heat Treated,Ceylon (Sri Lanka),https://www.thenaturalsapphirecompany.com/blue-sapphires/1.20ct-ceylon-sri-lankan-heart-blue-sapphire-s18451/
S15435,4047.0,2313.0,1.75,8.91,6.06,4.57,Blue,Intense,Eye Clean,Pear,Mixed Brilliant Cut,Heat Treated,Ceylon (Sri Lanka),https://www.thenaturalsapphirecompany.com/blue-sapphires/1.75ct-ceylon-sri-lankan-pear-blue-sapphire-s15435/
S12548,13908.0,4590.0,3.03,8.46,9.83,4.82,Blue,Vivid,Eye Clean,Heart,Mixed Brilliant Cut,Heat Treated,Ceylon (Sri Lanka),https://www.thenaturalsapphirecompany.com/blue-sapphires/3.03ct-ceylon-sri-lankan-heart-blue-sapphire-s12548/
S27218,9250.0,4557.0,2.03,7.52,5.83,5.04,Blue,Vivid,Eye Clean,Cushion,Mixed Brilliant Cut,No Enhancement,Ceylon (Sri Lanka),https://www.thenaturalsapphirecompany.com/blue-sapphires/2.03ct-ceylon-sri-lankan-cushion-blue-sapphire-s27218/
S12815,9065.0,3238.0,2.8,8.08,7.94,5.62,Blue,Vivid,Eye Clean,Round,Mixed Brilliant Cut,Heat Treated,Ceylon (Sri Lanka),https://www.thenaturalsapphirecompany.com/blue-sapphires/2.80ct-ceylon-sri-lankan-round-blue-sapphire-s12815/
S8857,20938.0,4950.0,4.23,8.47,8.31,6.15,Blue,Vivid,Very Slightly Included,Asscher - Octagon,Asscher Cut,Heat Treated,Madagascar,https://www.thenaturalsapphirecompany.com/blue-sapphires/4.23ct-madagascar-asscher-octagon-blue-sapphire-s8857/
S14065,16755.0,4760.0,3.52,8.81,7.43,4.99,Blue,Medium,Eye Clean,Emerald Cut,Emerald Cut,No Enhancement,Ceylon (Sri Lanka),https://www.thenaturalsapphirecompany.com/blue-sapphires/3.52ct-ceylon-sri-lankan-emerald-cut-blue-sapphire-s14065/
S11741,3885.0,2775.0,1.4,9.17,6.44,3.08,Blue,Vivid,Very Very Slightly Included,Fancy,Fancy Cut,Heat Treated,Ceylon (Sri Lanka),https://www.thenaturalsapphirecompany.com/blue-sapphires/1.40ct-ceylon-sri-lankan-fancy-blue-sapphire-s11741/
S23824,6896.0,3238.0,2.13,9.31,6.35,4.64,Blue,Vivid,Eye Clean,Pear,Mixed Brilliant Cut,Heat Treated,Ceylon (Sri Lanka),https://www.thenaturalsapphirecompany.com/blue-sapphires/2.13ct-ceylon-sri-lankan-pear-blue-sapphire-s23824/
B16894,979.0,1100.0,0.89,5.14,5.13,3.24,Blue,Intense,Eye Clean,Princess,Princess Cut,Heat Treated,Ceylon (Sri Lanka),https://www.thenaturalsapphirecompany.com/blue-sapphires/0.89ct-ceylon-sri-lankan-princess-blue-sapphire-b16894/
S13722,3230.0,1900.0,1.7,6.32,7.55,4.71,Blue,Vivid,Eye Clean,Heart,Mixed Brilliant Cut,Heat Treated,Ceylon (Sri Lanka),https://www.thenaturalsapphirecompany.com/blue-sapphires/1.70ct-ceylon-sri-lankan-heart-blue-sapphire-s13722/
S27225,7400.0,3379.0,2.19,7.27,7.19,3.91,Blue,Medium,Eye Clean,Cushion,Mixed Brilliant Cut,No Enhancement,Ceylon (Sri Lanka),https://www.thenaturalsapphirecompany.com/blue-sapphires/2.19ct-ceylon-sri-lankan-cushion-blue-sapphire-s27225/
S23679,846.0,900.0,0.94,7.18,5.07,3.4,Blue,Intense,Eye Clean,Pear,Mixed Brilliant Cut,Heat Treated,Ceylon (Sri Lanka),https://www.thenaturalsapphirecompany.com/blue-sapphires/0.94ct-ceylon-sri-lankan-pear-blue-sapphire-s23679/
S8564,19567.0,9735.0,2.01,9.68,6.9,3.68,Blue,Vivid,Eye Clean,Pear,Mixed Brilliant Cut,No Enhancement,Ceylon (Sri Lanka),https://www.thenaturalsapphirecompany.com/blue-sapphires/2.01ct-ceylon-sri-lankan-pear-blue-sapphire-s8564/
B17368,4509.0,3607.0,1.25,6.16,5.45,3.83,Blue,Vivid,Eye Clean,Asscher - Octagon,Asscher Cut,No Enhancement,Madagascar,https://www.thenaturalsapphirecompany.com/blue-sapphires/1.25ct-madagascar-asscher-octagon-blue-sapphire-b17368/
B10362,4256.0,3200.0,1.33,5.92,5.86,3.67,Blue,Vivid,Eye Clean,Princess,Step Cut,Heat Treated,Ceylon (Sri Lanka),https://www.thenaturalsapphirecompany.com/blue-sapphires/1.33ct-ceylon-sri-lankan-princess-blue-sapphire-b10362/
S30469,22275.0,4950.0,4.5,9.55,9.41,6.19,Blue,Vivid,Eye Clean,Round,Mixed Brilliant Cut,No Enhancement,Thailand,https://www.thenaturalsapphirecompany.com/blue-sapphires/4.50ct-thai-round-blue-sapphire-s30469/
S15708,3818.0,1480.0,2.58,8.25,7.59,4.18,Blue,Intense,Very Slightly Included,Asscher - Octagon,Asscher Cut,Heat Treated,Ceylon (Sri Lanka),https://www.thenaturalsapphirecompany.com/blue-sapphires/2.58ct-ceylon-sri-lankan-asscher-octagon-blue-sapphire-s15708/
S5641,3116.0,1900.0,1.64,6.33,6.33,4.51,Blue,Medium,Eye Clean,Asscher - Octagon,Asscher Cut,Heat Treated,Ceylon (Sri Lanka),https://www.thenaturalsapphirecompany.com/blue-sapphires/1.64ct-ceylon-sri-lankan-asscher-octagon-blue-sapphire-s5641/
S10613,2310.0,2200.0,1.05,6.63,5.13,3.09,Blue,Intense,Very Slightly Included,Cushion,Mixed Brilliant Cut,Heat Treated,Ceylon (Sri Lanka),https://www.thenaturalsapphirecompany.com/blue-sapphires/1.05ct-ceylon-sri-lankan-cushion-blue-sapphire-s10613/
S10375,2112.0,1200.0,1.76,6.48,6.47,4.37,Blue,Intense,Very Slightly Included,Asscher - Octagon,Asscher Cut,No Enhancement,Ceylon (Sri Lanka),https://www.thenaturalsapphirecompany.com/blue-sapphires/1.76ct-ceylon-sri-lankan-asscher-octagon-blue-sapphire-s10375/
S17313,1540.0,1400.0,1.1,6.44,6.5,3.68,Color Change,Intense,Eye Clean,Round,Mixed Brilliant Cut,No Enhancement,Madagascar,https://www.thenaturalsapphirecompany.com/blue-sapphires/1.10ct-madagascar-round-color-change-sapphire-s17313/
S12538,7234.0,4255.0,1.7,6.69,6.31,4.3,Blue,Intense,Eye Clean,Asscher - Octagon,Asscher Cut,Heat Treated,Ceylon (Sri Lanka),https://www.thenaturalsapphirecompany.com/blue-sapphires/1.70ct-ceylon-sri-lankan-asscher-octagon-blue-sapphire-s12538/
S23195,920.0,800.0,1.15,9.82,5.13,3.18,Blue,Intense,Eye Clean,Pear,Mixed Brilliant Cut,No Enhancement,Ceylon (Sri Lanka),https://www.thenaturalsapphirecompany.com/blue-sapphires/1.15ct-ceylon-sri-lankan-pear-blue-sapphire-s23195/
S11927,1938.0,1700.0,1.14,6.28,5.16,3.59,Blue,Intense,Eye Clean,Emerald Cut,Emerald Cut,Heat Treated,Ceylon (Sri Lanka),https://www.thenaturalsapphirecompany.com/blue-sapphires/1.14ct-ceylon-sri-lankan-emerald-cut-blue-sapphire-s11927/
S24944,2064.0,1600.0,1.29,6.56,5.62,3.86,Blue,Intense,Very Very Slightly Included,Radiant,Radiant Cut,Heat Treated,Ceylon (Sri Lanka),https://www.thenaturalsapphirecompany.com/blue-sapphires/1.29ct-ceylon-sri-lankan-radiant-blue-sapphire-s24944/
S14799,1116.0,900.0,1.24,7.14,5.64,3.93,Color Change,Intense,Eye Clean,Oval,Mixed Brilliant Cut,Heat Treated,Madagascar,https://www.thenaturalsapphirecompany.com/blue-sapphires/1.24ct-madagascar-oval-color-change-sapphire-s14799/
S7930,5840.0,2035.0,2.87,10.55,6.98,5.47,Blue,Intense,Very Slightly Included,Pear,Mixed Brilliant Cut,Heat Treated,Ceylon (Sri Lanka),https://www.thenaturalsapphirecompany.com/blue-sapphires/2.87ct-ceylon-sri-lankan-pear-blue-sapphire-s7930/
S5452,4274.0,3053.0,1.4,6.08,6.01,4.32,Blue,Intense,Eye Clean,Asscher - Octagon,Asscher Cut,Heat Treated,Ceylon (Sri Lanka),https://www.thenaturalsapphirecompany.com/blue-sapphires/1.40ct-ceylon-sri-lankan-asscher-octagon-blue-sapphire-s5452/
S7319,8829.0,3187.0,2.77,9.56,7.39,5.51,Blue,Dark,Eye Clean,Pear,Mixed Brilliant Cut,Heat Treated,Ceylon (Sri Lanka),https://www.thenaturalsapphirecompany.com/blue-sapphires/2.77ct-ceylon-sri-lankan-pear-blue-sapphire-s7319/
S7232,3210.0,1500.0,2.14,7.62,7.48,5.15,Bluish Green,Intense,Eye Clean,Round,Mixed Brilliant Cut,No Enhancement,Madagascar,https://www.thenaturalsapphirecompany.com/blue-sapphires/2.14ct-madagascar-round-bluish-green-sapphire-s7232/
B14803,8830.0,3422.0,2.58,8.0,8.26,4.92,Blue,Intense,Eye Clean,Heart,Mixed Brilliant Cut,Heat Treated,Ceylon (Sri Lanka),https://www.thenaturalsapphirecompany.com/blue-sapphires/2.58ct-ceylon-sri-lankan-heart-blue-sapphire-b14803/
B14611,41122.0,5425.0,7.58,11.72,11.65,6.97,Blue,Vivid,Eye Clean,Round,Mixed Brilliant Cut,Heat Treated,Ceylon (Sri Lanka),https://www.thenaturalsapphirecompany.com/blue-sapphires/7.58ct-ceylon-sri-lankan-round-blue-sapphire-b14611/
B15406,31268.0,8250.0,3.79,9.05,8.99,5.7,Blue,Vivid,Eye Clean,Round,Mixed Brilliant Cut,No Enhancement,Thailand,https://www.thenaturalsapphirecompany.com/blue-sapphires/3.79ct-thai-round-blue-sapphire-b15406/
S20413,2916.0,2700.0,1.08,7.04,5.02,3.19,Blue,Intense,Eye Clean,Cushion,Mixed Brilliant Cut,Heat Treated,Ceylon (Sri Lanka),https://www.thenaturalsapphirecompany.com/blue-sapphires/1.08ct-ceylon-sri-lankan-cushion-blue-sapphire-s20413/
S20536,1360.0,1700.0,0.8,6.37,4.49,2.8,Blue,Medium,Eye Clean,Emerald Cut,Emerald Cut,Heat Treated,Ceylon (Sri Lanka),https://www.thenaturalsapphirecompany.com/blue-sapphires/0.80ct-ceylon-sri-lankan-emerald-cut-blue-sapphire-s20536/
B15758,40316.0,13175.0,3.06,8.47,8.29,5.57,Blue,Vivid,Very Slightly Included,Round,Mixed Brilliant Cut,No Enhancement,Madagascar,https://www.thenaturalsapphirecompany.com/blue-sapphires/3.06ct-madagascar-round-blue-sapphire-b15758/
S8339,5361.0,2590.0,2.07,7.33,7.84,4.88,Blue,Vivid,Eye Clean,Heart,Mixed Brilliant Cut,Heat Treated,Ceylon (Sri Lanka),https://www.thenaturalsapphirecompany.com/blue-sapphires/2.07ct-ceylon-sri-lankan-heart-blue-sapphire-s8339/
B16135,1000.0,1000.0,1.0,7.42,4.8,3.18,Blue,Medium,Very Slightly Included,Cushion,Mixed Brilliant Cut,Heat Treated,Ceylon (Sri Lanka),https://www.thenaturalsapphirecompany.com/blue-sapphires/1.00ct-ceylon-sri-lankan-cushion-blue-sapphire-b16135/
S11923,9758.0,4760.0,2.05,6.93,6.9,4.43,Blue,Vivid,Eye Clean,Asscher - Octagon,Asscher Cut,Heat Treated,Ceylon (Sri Lanka),https://www.thenaturalsapphirecompany.com/blue-sapphires/2.05ct-ceylon-sri-lankan-asscher-octagon-blue-sapphire-s11923/
S11925,5617.0,4070.0,1.38,6.36,6.34,3.84,Blue,Vivid,Eye Clean,Asscher - Octagon,Asscher Cut,Heat Treated,Ceylon (Sri Lanka),https://www.thenaturalsapphirecompany.com/blue-sapphires/1.38ct-ceylon-sri-lankan-asscher-octagon-blue-sapphire-s11925/
S12014,22481.0,4125.0,5.45,11.5,8.41,5.77,Blue,Vivid,Very Slightly Included,Radiant,Radiant Cut,Heat Treated,Ceylon (Sri Lanka),https://www.thenaturalsapphirecompany.com/blue-sapphires/5.45ct-ceylon-sri-lankan-radiant-blue-sapphire-s12014/
B12390,24720.0,3630.0,6.81,12.82,9.54,5.59,Blue,Intense,Very Slightly Included,Cushion,Mixed Brilliant Cut,Heat Treated,Ceylon (Sri Lanka),https://www.thenaturalsapphirecompany.com/blue-sapphires/6.81ct-ceylon-sri-lankan-cushion-blue-sapphire-b12390/
S17628,1972.0,1700.0,1.16,7.54,7.69,2.94,Blue,Dark,Very Slightly Included,Trillion,Trillion Cut,Heat Treated,Ceylon (Sri Lanka),https://www.thenaturalsapphirecompany.com/blue-sapphires/1.16ct-ceylon-sri-lankan-trillion-blue-sapphire-s17628/
B16659,16970.0,4675.0,3.63,12.71,9.81,5.06,Blue,Vivid,Eye Clean,Fancy,Step Cut,Heat Treated,Ceylon (Sri Lanka),https://www.thenaturalsapphirecompany.com/blue-sapphires/3.63ct-ceylon-sri-lankan-fancy-blue-sapphire-b16659/
S20529,4496.0,2498.0,1.8,6.99,6.96,3.94,Blue,Medium,Eye Clean,Asscher - Octagon,Asscher Cut,Heat Treated,Ceylon (Sri Lanka),https://www.thenaturalsapphirecompany.com/blue-sapphires/1.80ct-ceylon-sri-lankan-asscher-octagon-blue-sapphire-s20529/
S5717,4403.0,3238.0,1.36,6.18,6.17,4.08,Blue,Vivid,Eye Clean,Asscher - Octagon,Asscher Cut,Heat Treated,Ceylon (Sri Lanka),https://www.thenaturalsapphirecompany.com/blue-sapphires/1.36ct-ceylon-sri-lankan-asscher-octagon-blue-sapphire-s5717/
S12542,27695.0,7425.0,3.73,11.07,7.98,5.79,Blue,Intense,Eye Clean,Pear,Mixed Brilliant Cut,No Enhancement,Ceylon (Sri Lanka),https://www.thenaturalsapphirecompany.com/blue-sapphires/3.73ct-ceylon-sri-lankan-pear-blue-sapphire-s12542/
S12549,8650.0,4080.0,2.12,6.76,6.41,4.91,Blue,Vivid,Eye Clean,Asscher - Octagon,Asscher Cut,Heat Treated,Ceylon (Sri Lanka),https://www.thenaturalsapphirecompany.com/blue-sapphires/2.12ct-ceylon-sri-lankan-asscher-octagon-blue-sapphire-s12549/
S12547,6566.0,3885.0,1.69,6.53,6.52,4.27,Blue,Intense,Eye Clean,Asscher - Octagon,Asscher Cut,Heat Treated,Ceylon (Sri Lanka),https://www.thenaturalsapphirecompany.com/blue-sapphires/1.69ct-ceylon-sri-lankan-asscher-octagon-blue-sapphire-s12547/
S17850,3300.0,3300.0,1.0,5.46,5.44,3.69,Blue,Vivid,Very Slightly Included,Asscher - Octagon,Asscher Cut,Heat Treated,Ceylon (Sri Lanka),https://www.thenaturalsapphirecompany.com/blue-sapphires/1.00ct-ceylon-sri-lankan-asscher-octagon-blue-sapphire-s17850/
S12601,13566.0,8925.0,1.52,8.12,5.88,3.5,Blue,Intense,Eye Clean,Oval,Mixed Brilliant Cut,No Enhancement,Burma (Myanmar),https://www.thenaturalsapphirecompany.com/blue-sapphires/1.52ct-burma-myanmar-oval-blue-sapphire-s12601/
S17877,23094.0,3547.0,6.51,10.55,8.24,7.42,Blue,Vivid,Very Slightly Included,Radiant,Radiant Cut,Heat Treated,Ceylon (Sri Lanka),https://www.thenaturalsapphirecompany.com/blue-sapphires/6.51ct-ceylon-sri-lankan-radiant-blue-sapphire-s17877/
S9494,4798.0,3608.0,1.33,6.03,6.02,4.17,Blue,Vivid,Eye Clean,Asscher - Octagon,Asscher Cut,Heat Treated,Ceylon (Sri Lanka),https://www.thenaturalsapphirecompany.com/blue-sapphires/1.33ct-ceylon-sri-lankan-asscher-octagon-blue-sapphire-s9494/
S11811,16646.0,4080.0,4.08,11.97,8.46,5.49,Blue,Vivid,Eye Clean,Pear,Mixed Brilliant Cut,Heat Treated,Ceylon (Sri Lanka),https://www.thenaturalsapphirecompany.com/blue-sapphires/4.08ct-ceylon-sri-lankan-pear-blue-sapphire-s11811/
S7400,31538.0,6270.0,5.03,13.68,7.62,5.7,Blue,Intense,Very Slightly Included,Pear,Mixed Brilliant Cut,No Enhancement,Madagascar,https://www.thenaturalsapphirecompany.com/blue-sapphires/5.03ct-madagascar-pear-blue-sapphire-s7400/
S16912,15028.0,5780.0,2.6,9.97,7.6,3.43,Blue,Medium,Very Slightly Included,Radiant,Radiant Cut,No Enhancement,Madagascar,https://www.thenaturalsapphirecompany.com/blue-sapphires/2.60ct-madagascar-radiant-blue-sapphire-s16912/
S11303,11240.0,3230.0,3.48,11.01,8.07,4.6,Blue,Intense,Very Slightly Included,Oval,Mixed Brilliant Cut,Heat Treated,Ceylon (Sri Lanka),https://www.thenaturalsapphirecompany.com/blue-sapphires/3.48ct-ceylon-sri-lankan-oval-blue-sapphire-s11303/
S5710,3731.0,3423.0,1.09,5.97,5.95,3.65,Blue,Vivid,Very Very Slightly Included,Asscher - Octagon,Asscher Cut,Heat Treated,Ceylon (Sri Lanka),https://www.thenaturalsapphirecompany.com/blue-sapphires/1.09ct-ceylon-sri-lankan-asscher-octagon-blue-sapphire-s5710/
S9555,19607.0,4208.0,4.66,9.88,8.11,5.69,Blue,Vivid,Very Slightly Included,Emerald Cut,Emerald Cut,Heat Treated,Ceylon (Sri Lanka),https://www.thenaturalsapphirecompany.com/blue-sapphires/4.66ct-ceylon-sri-lankan-emerald-cut-blue-sapphire-s9555/
S11663,27242.0,5363.0,5.08,10.72,7.63,5.92,Blue,Vivid,Very Slightly Included,Emerald Cut,Emerald Cut,Heat Treated,Madagascar,https://www.thenaturalsapphirecompany.com/blue-sapphires/5.08ct-madagascar-emerald-cut-blue-sapphire-s11663/
S11701,8584.0,3700.0,2.32,6.97,6.95,5.01,Blue,Vivid,Very Slightly Included,Asscher - Octagon,Asscher Cut,Heat Treated,Ceylon (Sri Lanka),https://www.thenaturalsapphirecompany.com/blue-sapphires/2.32ct-ceylon-sri-lankan-asscher-octagon-blue-sapphire-s11701/
S5708,3820.0,3237.0,1.18,5.88,5.63,3.87,Blue,Intense,Eye Clean,Asscher - Octagon,Asscher Cut,Heat Treated,Ceylon (Sri Lanka),https://www.thenaturalsapphirecompany.com/blue-sapphires/1.18ct-ceylon-sri-lankan-asscher-octagon-blue-sapphire-s5708/
S5715,3025.0,2500.0,1.21,6.1,6.0,3.93,Blue,Intense,Eye Clean,Asscher - Octagon,Asscher Cut,Heat Treated,Ceylon (Sri Lanka),https://www.thenaturalsapphirecompany.com/blue-sapphires/1.21ct-ceylon-sri-lankan-asscher-octagon-blue-sapphire-s5715/
S11657,30113.0,5692.0,5.29,10.91,8.42,6.5,Blue,Vivid,Eye Clean,Oval,Mixed Brilliant Cut,Heat Treated,Ceylon (Sri Lanka),https://www.thenaturalsapphirecompany.com/blue-sapphires/5.29ct-ceylon-sri-lankan-oval-blue-sapphire-s11657/
S17276,3519.0,1700.0,2.07,7.07,6.81,5.28,Bluish Green,Intense,Very Slightly Included,Round,Mixed Brilliant Cut,No Enhancement,Madagascar,https://www.thenaturalsapphirecompany.com/blue-sapphires/2.07ct-madagascar-round-bluish-green-sapphire-s17276/
S17869,32782.0,3642.0,9.0,11.2,11.12,7.57,Blue,Intense,Very Slightly Included,Radiant,Radiant Cut,Heat Treated,Ceylon (Sri Lanka),https://www.thenaturalsapphirecompany.com/blue-sapphires/9.00ct-ceylon-sri-lankan-radiant-blue-sapphire-s17869/
S6440,2028.0,1200.0,1.69,10.33,7.15,3.4,Blue,Light,Eye Clean,Fancy,Fancy Cut,Heat Treated,Ceylon (Sri Lanka),https://www.thenaturalsapphirecompany.com/blue-sapphires/1.69ct-ceylon-sri-lankan-fancy-blue-sapphire-s6440/
S6431,1330.0,1000.0,1.33,9.27,6.97,4.03,Blue,Intense,Slightly Included,Fancy,Fancy Cut,No Enhancement,Ceylon (Sri Lanka),https://www.thenaturalsapphirecompany.com/blue-sapphires/1.33ct-ceylon-sri-lankan-fancy-blue-sapphire-s6431/
S6432,1600.0,1000.0,1.6,10.69,6.83,3.84,Blue,Dark,Very Slightly Included,Fancy,Fancy Cut,No Enhancement,Ceylon (Sri Lanka),https://www.thenaturalsapphirecompany.com/blue-sapphires/1.60ct-ceylon-sri-lankan-fancy-blue-sapphire-s6432/
B12583,17035.0,4785.0,3.56,8.53,8.34,5.53,Blue,Vivid,Eye Clean,Cushion,Mixed Brilliant Cut,Heat Treated,Ceylon (Sri Lanka),https://www.thenaturalsapphirecompany.com/blue-sapphires/3.56ct-ceylon-sri-lankan-cushion-blue-sapphire-b12583/
B14365,8111.0,3284.0,2.47,10.69,7.5,4.18,Blue,Vivid,Very Slightly Included,Pear,Mixed Brilliant Cut,Heat Treated,Ceylon (Sri Lanka),https://www.thenaturalsapphirecompany.com/blue-sapphires/2.47ct-ceylon-sri-lankan-pear-blue-sapphire-b14365/
S6831,57624.0,7840.0,7.35,11.07,11.04,7.69,Blue,Vivid,Eye Clean,Round,Mixed Brilliant Cut,Heat Treated,Ceylon (Sri Lanka),https://www.thenaturalsapphirecompany.com/blue-sapphires/7.35ct-ceylon-sri-lankan-round-blue-sapphire-s6831/
S6837,29684.0,5775.0,5.14,10.05,9.92,6.15,Blue,Medium,Eye Clean,Round,Mixed Brilliant Cut,No Enhancement,Ceylon (Sri Lanka),https://www.thenaturalsapphirecompany.com/blue-sapphires/5.14ct-ceylon-sri-lankan-round-blue-sapphire-s6837/
S6869,3998.0,1886.0,2.12,12.5,4.97,3.87,Blue,Intense,Very Slightly Included,Marquise,Mixed Brilliant Cut,No Enhancement,Ceylon (Sri Lanka),https://www.thenaturalsapphirecompany.com/blue-sapphires/2.12ct-ceylon-sri-lankan-marquise-blue-sapphire-s6869/
S6918,18586.0,3630.0,5.12,11.16,8.11,5.86,Blue,Medium,Eye Clean,Radiant,Radiant Cut,Heat Treated,Ceylon (Sri Lanka),https://www.thenaturalsapphirecompany.com/blue-sapphires/5.12ct-ceylon-sri-lankan-radiant-blue-sapphire-s6918/
S7021,6948.0,3423.0,2.03,8.62,6.59,4.88,Blue,Vivid,Very Slightly Included,Pear,Mixed Brilliant Cut,Heat Treated,Ceylon (Sri Lanka),https://www.thenaturalsapphirecompany.com/blue-sapphires/2.03ct-ceylon-sri-lankan-pear-blue-sapphire-s7021/
S16017,33852.0,4340.0,7.8,13.05,10.49,5.55,Blue,Intense,Eye Clean,Emerald Cut,Emerald Cut,Heat Treated,Ceylon (Sri Lanka),https://www.thenaturalsapphirecompany.com/blue-sapphires/7.80ct-ceylon-sri-lankan-emerald-cut-blue-sapphire-s16017/
B10112,24153.0,4290.0,5.63,9.93,9.66,6.24,Blue,Vivid,Very Slightly Included,Cushion,Mixed Brilliant Cut,Heat Treated,Ceylon (Sri Lanka),https://www.thenaturalsapphirecompany.com/blue-sapphires/5.63ct-ceylon-sri-lankan-cushion-blue-sapphire-b10112/
S4848,7308.0,4625.0,1.58,8.28,5.36,4.53,Blue,Vivid,Eye Clean,Pear,Mixed Brilliant Cut,No Enhancement,Ceylon (Sri Lanka),https://www.thenaturalsapphirecompany.com/blue-sapphires/1.58ct-ceylon-sri-lankan-pear-blue-sapphire-s4848/
S4885,5284.0,2590.0,2.04,10.7,5.31,4.58,Blue,Vivid,Very Slightly Included,Marquise,Mixed Brilliant Cut,No Enhancement,Ceylon (Sri Lanka),https://www.thenaturalsapphirecompany.com/blue-sapphires/2.04ct-ceylon-sri-lankan-marquise-blue-sapphire-s4885/
S5482,8436.0,2775.0,3.04,8.16,8.09,5.89,Blue,Intense,Eye Clean,Round,Mixed Brilliant Cut,Heat Treated,Ceylon (Sri Lanka),https://www.thenaturalsapphirecompany.com/blue-sapphires/3.04ct-ceylon-sri-lankan-round-blue-sapphire-s5482/
S5541,30690.0,4950.0,6.2,10.83,9.14,6.92,Blue,Vivid,Very Slightly Included,Cushion,Mixed Brilliant Cut,Heat Treated,Ceylon (Sri Lanka),https://www.thenaturalsapphirecompany.com/blue-sapphires/6.20ct-ceylon-sri-lankan-cushion-blue-sapphire-s5541/
S10089,24463.0,3465.0,7.06,11.36,9.24,6.95,Blue,Intense,Eye Clean,Radiant,Radiant Cut,Heat Treated,Ceylon (Sri Lanka),https://www.thenaturalsapphirecompany.com/blue-sapphires/7.06ct-ceylon-sri-lankan-radiant-blue-sapphire-s10089/
S7764,25453.0,8456.0,3.01,9.19,6.02,5.59,Blue,Vivid,Very Slightly Included,Emerald Cut,Emerald Cut,No Enhancement,Madagascar,https://www.thenaturalsapphirecompany.com/blue-sapphires/3.01ct-madagascar-emerald-cut-blue-sapphire-s7764/
S21741,17417.0,4290.0,4.06,8.94,8.17,5.48,Blue,Intense,Very Slightly Included,Asscher - Octagon,Asscher Cut,Heat Treated,Ceylon (Sri Lanka),https://www.thenaturalsapphirecompany.com/blue-sapphires/4.06ct-ceylon-sri-lankan-asscher-octagon-blue-sapphire-s21741/
B10161,31508.0,5115.0,6.16,11.46,9.45,6.54,Blue,Vivid,Very Slightly Included,Oval,Modified Brilliant Cut,Heat Treated,Ceylon (Sri Lanka),https://www.thenaturalsapphirecompany.com/blue-sapphires/6.16ct-ceylon-sri-lankan-oval-blue-sapphire-b10161/
S10121,3422.0,2900.0,1.18,6.04,5.99,4.22,Blue,Intense,Very Very Slightly Included,Round,Mixed Brilliant Cut,Heat Treated,Ceylon (Sri Lanka),https://www.thenaturalsapphirecompany.com/blue-sapphires/1.18ct-ceylon-sri-lankan-round-blue-sapphire-s10121/
S15816,13348.0,4420.0,3.02,8.71,8.59,5.48,Blue,Vivid,Eye Clean,Round,Mixed Brilliant Cut,Heat Treated,Ceylon (Sri Lanka),https://www.thenaturalsapphirecompany.com/blue-sapphires/3.02ct-ceylon-sri-lankan-round-blue-sapphire-s15816/
B11632,7542.0,2497.0,3.02,7.65,7.49,5.27,Blue,Medium,Eye Clean,Asscher - Octagon,Asscher Cut,Heat Treated,Ceylon (Sri Lanka),https://www.thenaturalsapphirecompany.com/blue-sapphires/3.02ct-ceylon-sri-lankan-asscher-octagon-blue-sapphire-b11632/
B10110,24196.0,3960.0,6.11,10.88,9.56,6.44,Blue,Vivid,Very Slightly Included,Cushion,Mixed Brilliant Cut,Heat Treated,Ceylon (Sri Lanka),https://www.thenaturalsapphirecompany.com/blue-sapphires/6.11ct-ceylon-sri-lankan-cushion-blue-sapphire-b10110/
S21410,3710.0,3500.0,1.06,5.57,5.48,3.79,Blue,Vivid,Eye Clean,Asscher - Octagon,Asscher Cut,Heat Treated,Ceylon (Sri Lanka),https://www.thenaturalsapphirecompany.com/blue-sapphires/1.06ct-ceylon-sri-lankan-asscher-octagon-blue-sapphire-s21410/
S15935,18295.0,2310.0,7.92,12.65,9.99,7.12,Blue,Vivid,Very Slightly Included,Oval,Mixed Brilliant Cut,Heat Treated,Madagascar,https://www.thenaturalsapphirecompany.com/blue-sapphires/7.92ct-madagascar-oval-blue-sapphire-s15935/
S6833,33006.0,6045.0,5.46,11.06,9.44,6.99,Blue,Vivid,Eye Clean,Oval,Mixed Brilliant Cut,Heat Treated,Ceylon (Sri Lanka),https://www.thenaturalsapphirecompany.com/blue-sapphires/5.46ct-ceylon-sri-lankan-oval-blue-sapphire-s6833/
S4614,7548.0,1850.0,4.08,8.45,8.39,5.68,Blue,Medium,Eye Clean,Radiant,Modified Brilliant Cut,Heat Treated,Ceylon (Sri Lanka),https://www.thenaturalsapphirecompany.com/blue-sapphires/4.08ct-ceylon-sri-lankan-radiant-blue-sapphire-s4614/
S12822,13764.0,5398.0,2.55,7.84,7.73,5.07,Blue,Vivid,Eye Clean,Round,Mixed Brilliant Cut,Heat Treated,Ceylon (Sri Lanka),https://www.thenaturalsapphirecompany.com/blue-sapphires/2.55ct-ceylon-sri-lankan-round-blue-sapphire-s12822/
S6773,4404.0,2128.0,2.07,7.16,7.75,4.83,Blue,Medium,Very Very Slightly Included,Heart,Mixed Brilliant Cut,No Enhancement,Ceylon (Sri Lanka),https://www.thenaturalsapphirecompany.com/blue-sapphires/2.07ct-ceylon-sri-lankan-heart-blue-sapphire-s6773/
B9148,36689.0,4650.0,7.89,13.66,11.06,6.33,Blue,Vivid,Very Slightly Included,Oval,Mixed Brilliant Cut,Heat Treated,Ceylon (Sri Lanka),https://www.thenaturalsapphirecompany.com/blue-sapphires/7.89ct-ceylon-sri-lankan-oval-blue-sapphire-b9148/
B9269,28934.0,5280.0,5.48,10.99,8.68,6.85,Blue,Vivid,Very Slightly Included,Oval,Mixed Brilliant Cut,Heat Treated,Ceylon (Sri Lanka),https://www.thenaturalsapphirecompany.com/blue-sapphires/5.48ct-ceylon-sri-lankan-oval-blue-sapphire-b9269/
B9435,45942.0,6045.0,7.6,10.64,10.64,7.52,Blue,Vivid,Eye Clean,Cushion,Mixed Brilliant Cut,Heat Treated,Ceylon (Sri Lanka),https://www.thenaturalsapphirecompany.com/blue-sapphires/7.60ct-ceylon-sri-lankan-cushion-blue-sapphire-b9435/
B9436,43766.0,6045.0,7.24,11.52,11.22,6.61,Blue,Vivid,Very Slightly Included,Cushion,Mixed Brilliant Cut,Heat Treated,Ceylon (Sri Lanka),https://www.thenaturalsapphirecompany.com/blue-sapphires/7.24ct-ceylon-sri-lankan-cushion-blue-sapphire-b9436/
S9465,18579.0,3300.0,5.63,11.94,7.98,5.99,Blue,Intense,Eye Clean,Emerald Cut,Emerald Cut,Heat Treated,Ceylon (Sri Lanka),https://www.thenaturalsapphirecompany.com/blue-sapphires/5.63ct-ceylon-sri-lankan-emerald-cut-blue-sapphire-s9465/
B9543,4739.0,1950.0,2.43,6.87,9.17,5.03,Blue,Vivid,Eye Clean,Heart,Mixed Brilliant Cut,Heat Treated,Ceylon (Sri Lanka),https://www.thenaturalsapphirecompany.com/blue-sapphires/2.43ct-ceylon-sri-lankan-heart-blue-sapphire-b9543/
S14000,26384.0,4290.0,6.15,10.5,10.39,7.13,Blue,Vivid,Eye Clean,Round,Mixed Brilliant Cut,Heat Treated,Ceylon (Sri Lanka),https://www.thenaturalsapphirecompany.com/blue-sapphires/6.15ct-ceylon-sri-lankan-round-blue-sapphire-s14000/
S7766,9743.0,1870.0,5.21,10.1,7.11,6.89,Blue,Medium,Slightly Included,Radiant,Radiant Cut,No Enhancement,Ceylon (Sri Lanka),https://www.thenaturalsapphirecompany.com/blue-sapphires/5.21ct-ceylon-sri-lankan-radiant-blue-sapphire-s7766/
B10811,20732.0,5775.0,3.59,9.37,6.1,5.94,Blue,Vivid,Slightly Included,Emerald Cut,Emerald Cut,No Enhancement,Burma (Myanmar),https://www.thenaturalsapphirecompany.com/blue-sapphires/3.59ct-burma-myanmar-emerald-cut-blue-sapphire-b10811/
B16887,4394.0,1610.0,2.73,9.08,9.55,4.29,Blue,Medium,Very Slightly Included,Heart,Mixed Brilliant Cut,No Enhancement,Ceylon (Sri Lanka),https://www.thenaturalsapphirecompany.com/blue-sapphires/2.73ct-ceylon-sri-lankan-heart-blue-sapphire-b16887/
S15451,33871.0,5580.0,6.07,9.73,9.76,7.58,Blue,Vivid,Very Slightly Included,Round,Mixed Brilliant Cut,Heat Treated,Madagascar,https://www.thenaturalsapphirecompany.com/blue-sapphires/6.07ct-madagascar-round-blue-sapphire-s15451/
B17314,10850.0,3145.0,3.45,8.1,8.87,5.49,Blue,Vivid,Eye Clean,Heart,Mixed Brilliant Cut,Heat Treated,Ceylon (Sri Lanka),https://www.thenaturalsapphirecompany.com/blue-sapphires/3.45ct-ceylon-sri-lankan-heart-blue-sapphire-b17314/
B17370,37944.0,7440.0,5.1,11.13,9.25,5.64,Blue,Medium,Very Slightly Included,Oval,Mixed Brilliant Cut,No Enhancement,Ceylon (Sri Lanka),https://www.thenaturalsapphirecompany.com/blue-sapphires/5.10ct-ceylon-sri-lankan-oval-blue-sapphire-b17370/
B17381,28364.0,4950.0,5.73,10.01,11.25,6.4,Blue,Vivid,Eye Clean,Heart,Mixed Brilliant Cut,Heat Treated,Ceylon (Sri Lanka),https://www.thenaturalsapphirecompany.com/blue-sapphires/5.73ct-ceylon-sri-lankan-heart-blue-sapphire-b17381/
B17391,29357.0,5280.0,5.56,11.12,8.9,6.52,Blue,Medium,Eye Clean,Oval,Mixed Brilliant Cut,Heat Treated,Ceylon (Sri Lanka),https://www.thenaturalsapphirecompany.com/blue-sapphires/5.56ct-ceylon-sri-lankan-oval-blue-sapphire-b17391/
B17393,23225.0,5610.0,4.14,8.97,8.95,6.48,Blue,Intense,Eye Clean,Round,Mixed Brilliant Cut,Heat Treated,Ceylon (Sri Lanka),https://www.thenaturalsapphirecompany.com/blue-sapphires/4.14ct-ceylon-sri-lankan-round-blue-sapphire-b17393/
B17396,11519.0,3740.0,3.08,8.85,9.3,4.92,Blue,Medium,Eye Clean,Heart,Mixed Brilliant Cut,Heat Treated,Ceylon (Sri Lanka),https://www.thenaturalsapphirecompany.com/blue-sapphires/3.08ct-ceylon-sri-lankan-heart-blue-sapphire-b17396/
B17434,8910.0,2960.0,3.01,7.52,7.02,5.98,Blue,Intense,Very Slightly Included,Cushion,Mixed Brilliant Cut,Heat Treated,Ceylon (Sri Lanka),https://www.thenaturalsapphirecompany.com/blue-sapphires/3.01ct-ceylon-sri-lankan-cushion-blue-sapphire-b17434/
B16952,45066.0,5800.0,7.77,11.31,11.27,6.57,Blue,Vivid,Eye Clean,Cushion,Mixed Brilliant Cut,Heat Treated,Ceylon (Sri Lanka),https://www.thenaturalsapphirecompany.com/blue-sapphires/7.77ct-ceylon-sri-lankan-cushion-blue-sapphire-b16952/
B16768,13005.0,4250.0,3.06,8.82,8.74,4.88,Blue,Dark,Eye Clean,Round,Mixed Brilliant Cut,Heat Treated,Ceylon (Sri Lanka),https://www.thenaturalsapphirecompany.com/blue-sapphires/3.06ct-ceylon-sri-lankan-round-blue-sapphire-b16768/
B16816,17289.0,4290.0,4.03,9.14,9.04,6.32,Blue,Medium,Eye Clean,Round,Mixed Brilliant Cut,Heat Treated,Ceylon (Sri Lanka),https://www.thenaturalsapphirecompany.com/blue-sapphires/4.03ct-ceylon-sri-lankan-round-blue-sapphire-b16816/
B16977,37166.0,5890.0,6.31,9.85,9.55,7.35,Blue,Vivid,Eye Clean,Cushion,Mixed Brilliant Cut,Heat Treated,Ceylon (Sri Lanka),https://www.thenaturalsapphirecompany.com/blue-sapphires/6.31ct-ceylon-sri-lankan-cushion-blue-sapphire-b16977/
B17095,5020.0,2498.0,2.01,9.86,8.45,2.83,Blue,Vivid,Very Slightly Included,Fancy,Step Cut,Heat Treated,Ceylon (Sri Lanka),https://www.thenaturalsapphirecompany.com/blue-sapphires/2.01ct-ceylon-sri-lankan-fancy-blue-sapphire-b17095/
B17099,57565.0,6230.0,9.24,11.47,10.89,8.66,Blue,Vivid,Very Slightly Included,Cushion,Mixed Brilliant Cut,Heat Treated,Ceylon (Sri Lanka),https://www.thenaturalsapphirecompany.com/blue-sapphires/9.24ct-ceylon-sri-lankan-cushion-blue-sapphire-b17099/
B17131,8704.0,2720.0,3.2,9.31,6.99,6.12,Blue,Vivid,Very Slightly Included,Pear,Mixed Brilliant Cut,Heat Treated,Ceylon (Sri Lanka),https://www.thenaturalsapphirecompany.com/blue-sapphires/3.20ct-ceylon-sri-lankan-pear-blue-sapphire-b17131/
B17137,8872.0,2890.0,3.07,9.35,6.91,5.67,Blue,Vivid,Very Slightly Included,Pear,Mixed Brilliant Cut,Heat Treated,Ceylon (Sri Lanka),https://www.thenaturalsapphirecompany.com/blue-sapphires/3.07ct-ceylon-sri-lankan-pear-blue-sapphire-b17137/
B17177,7489.0,2960.0,2.53,9.43,7.22,4.65,Blue,Vivid,Eye Clean,Pear,Mixed Brilliant Cut,Heat Treated,Ceylon (Sri Lanka),https://www.thenaturalsapphirecompany.com/blue-sapphires/2.53ct-ceylon-sri-lankan-pear-blue-sapphire-b17177/
B16320,6749.0,2220.0,3.04,7.98,7.36,4.58,Blue,Medium,Very Slightly Included,Asscher - Octagon,Asscher Cut,No Enhancement,Ceylon (Sri Lanka),https://www.thenaturalsapphirecompany.com/blue-sapphires/3.04ct-ceylon-sri-lankan-asscher-octagon-blue-sapphire-b16320/
B16660,27658.0,3712.0,7.45,13.86,9.48,6.76,Blue,Vivid,Very Slightly Included,Pear,Mixed Brilliant Cut,Heat Treated,Ceylon (Sri Lanka),https://www.thenaturalsapphirecompany.com/blue-sapphires/7.45ct-ceylon-sri-lankan-pear-blue-sapphire-b16660/
B16681,15836.0,3910.0,4.05,9.17,9.04,6.14,Blue,Intense,Eye Clean,Round,Mixed Brilliant Cut,Heat Treated,Ceylon (Sri Lanka),https://www.thenaturalsapphirecompany.com/blue-sapphires/4.05ct-ceylon-sri-lankan-round-blue-sapphire-b16681/
B16693,31019.0,6847.0,4.53,9.32,8.01,6.59,Blue,Intense,Very Slightly Included,Cushion,Mixed Brilliant Cut,No Enhancement,Ceylon (Sri Lanka),https://www.thenaturalsapphirecompany.com/blue-sapphires/4.53ct-ceylon-sri-lankan-cushion-blue-sapphire-b16693/
B16669,4311.0,1850.0,2.33,8.86,6.88,5.14,Blue,Intense,Very Slightly Included,Pear,Mixed Brilliant Cut,Heat Treated,Ceylon (Sri Lanka),https://www.thenaturalsapphirecompany.com/blue-sapphires/2.33ct-ceylon-sri-lankan-pear-blue-sapphire-b16669/
B16741,4570.0,1758.0,2.6,8.16,9.71,4.59,Blue,Vivid,Slightly Included,Heart,Mixed Brilliant Cut,Heat Treated,Ceylon (Sri Lanka),https://www.thenaturalsapphirecompany.com/blue-sapphires/2.60ct-ceylon-sri-lankan-heart-blue-sapphire-b16741/
B17066,9241.0,3060.0,3.02,9.55,7.36,4.51,Blue,Vivid,Eye Clean,Cushion,Mixed Brilliant Cut,Heat Treated,Ceylon (Sri Lanka),https://www.thenaturalsapphirecompany.com/blue-sapphires/3.02ct-ceylon-sri-lankan-cushion-blue-sapphire-b17066/
B9798,24307.0,5760.0,4.22,9.38,8.5,5.43,Blue,Vivid,Eye Clean,Emerald Cut,Emerald Cut,Heat Treated,Ceylon (Sri Lanka),https://www.thenaturalsapphirecompany.com/blue-sapphires/4.22ct-ceylon-sri-lankan-emerald-cut-blue-sapphire-b9798/
B9800,5024.0,3200.0,1.57,6.14,6.11,3.92,Blue,Dark,Eye Clean,Princess,Step Cut,Heat Treated,Ceylon (Sri Lanka),https://www.thenaturalsapphirecompany.com/blue-sapphires/1.57ct-ceylon-sri-lankan-princess-blue-sapphire-b9800/
B17598,9262.0,4080.0,2.27,7.2,7.04,5.11,Blue,Vivid,Very Slightly Included,Cushion,Mixed Brilliant Cut,Heat Treated,Ceylon (Sri Lanka),https://www.thenaturalsapphirecompany.com/blue-sapphires/2.27ct-ceylon-sri-lankan-cushion-blue-sapphire-b17598/
B17618,6269.0,2498.0,2.51,7.37,8.16,5.31,Blue,Medium,Very Slightly Included,Heart,Mixed Brilliant Cut,No Enhancement,Ceylon (Sri Lanka),https://www.thenaturalsapphirecompany.com/blue-sapphires/2.51ct-ceylon-sri-lankan-heart-blue-sapphire-b17618/
S20989,2853.0,2246.0,1.27,6.85,5.85,4.19,Blue,Intense,Slightly Included,Cushion,Mixed Brilliant Cut,Heat Treated,Montana,https://www.thenaturalsapphirecompany.com/blue-sapphires/1.27ct-montana-cushion-blue-sapphire-s20989/
S15462,12716.0,3740.0,3.4,8.69,8.62,5.8,Blue,Vivid,Eye Clean,Round,Mixed Brilliant Cut,Heat Treated,Ceylon (Sri Lanka),https://www.thenaturalsapphirecompany.com/blue-sapphires/3.40ct-ceylon-sri-lankan-round-blue-sapphire-s15462/
B9079,21168.0,5400.0,3.92,9.91,7.81,5.04,Blue,Vivid,Very Very Slightly Included,Emerald Cut,Emerald Cut,Heat Treated,Ceylon (Sri Lanka),https://www.thenaturalsapphirecompany.com/blue-sapphires/3.92ct-ceylon-sri-lankan-emerald-cut-blue-sapphire-b9079/
B9445,58411.0,6440.0,9.07,13.61,9.82,7.84,Blue,Vivid,Eye Clean,Oval,Mixed Brilliant Cut,Heat Treated,Ceylon (Sri Lanka),https://www.thenaturalsapphirecompany.com/blue-sapphires/9.07ct-ceylon-sri-lankan-oval-blue-sapphire-b9445/
S8125,7770.0,3469.0,2.24,9.15,6.88,4.94,Blue,Vivid,Very Slightly Included,Pear,Mixed Brilliant Cut,Heat Treated,Ceylon (Sri Lanka),https://www.thenaturalsapphirecompany.com/blue-sapphires/2.24ct-ceylon-sri-lankan-pear-blue-sapphire-s8125/
B15914,31953.0,5425.0,5.89,9.93,9.78,6.97,Blue,Vivid,Eye Clean,Cushion,Mixed Brilliant Cut,Heat Treated,Ceylon (Sri Lanka),https://www.thenaturalsapphirecompany.com/blue-sapphires/5.89ct-ceylon-sri-lankan-cushion-blue-sapphire-b15914/
B16020,16682.0,4950.0,3.37,10.42,7.37,4.21,Blue,Vivid,Very Slightly Included,Cushion,Mixed Brilliant Cut,Heat Treated,Ceylon (Sri Lanka),https://www.thenaturalsapphirecompany.com/blue-sapphires/3.37ct-ceylon-sri-lankan-cushion-blue-sapphire-b16020/
S8183,44631.0,4350.0,10.26,12.77,10.49,8.1,Blue,Vivid,Very Slightly Included,Cushion,Mixed Brilliant Cut,Heat Treated,Ceylon (Sri Lanka),https://www.thenaturalsapphirecompany.com/blue-sapphires/10.26ct-ceylon-sri-lankan-cushion-blue-sapphire-s8183/
B16104,5760.0,1203.0,4.79,9.63,11.15,6.09,Blue,Light,Eye Clean,Heart,Mixed Brilliant Cut,Heat Treated,Ceylon (Sri Lanka),https://www.thenaturalsapphirecompany.com/blue-sapphires/4.79ct-ceylon-sri-lankan-heart-blue-sapphire-b16104/
B15757,12971.0,5950.0,2.18,8.3,6.34,4.76,Blue,Medium,Very Slightly Included,Oval,Mixed Brilliant Cut,No Enhancement,Madagascar,https://www.thenaturalsapphirecompany.com/blue-sapphires/2.18ct-madagascar-oval-blue-sapphire-b15757/
U10340,4040.0,1110.0,3.64,8.59,9.74,5.87,Bluish Green,Intense,Eye Clean,Heart,Mixed Brilliant Cut,Heat Treated,Ceylon (Sri Lanka),https://www.thenaturalsapphirecompany.com/blue-sapphires/3.64ct-ceylon-sri-lankan-heart-bluish-green-sapphire-u10340/
B15750,8836.0,3825.0,2.31,7.35,6.13,5.33,Blue,Vivid,Very Slightly Included,Cushion,Mixed Brilliant Cut,No Enhancement,Ceylon (Sri Lanka),https://www.thenaturalsapphirecompany.com/blue-sapphires/2.31ct-ceylon-sri-lankan-cushion-blue-sapphire-b15750/
S20537,3750.0,2500.0,1.5,6.48,6.38,3.89,Blue,Medium,Very Slightly Included,Asscher - Octagon,Asscher Cut,Heat Treated,Ceylon (Sri Lanka),https://www.thenaturalsapphirecompany.com/blue-sapphires/1.50ct-ceylon-sri-lankan-asscher-octagon-blue-sapphire-s20537/
B15870,13804.0,4760.0,2.9,8.19,8.13,5.68,Blue,Vivid,Very Slightly Included,Round,Mixed Brilliant Cut,Heat Treated,Ceylon (Sri Lanka),https://www.thenaturalsapphirecompany.com/blue-sapphires/2.90ct-ceylon-sri-lankan-round-blue-sapphire-b15870/
B12819,44995.0,5968.0,7.54,11.9,10.94,6.35,Blue,Vivid,Eye Clean,Cushion,Mixed Brilliant Cut,Heat Treated,Ceylon (Sri Lanka),https://www.thenaturalsapphirecompany.com/blue-sapphires/7.54ct-ceylon-sri-lankan-cushion-blue-sapphire-b12819/
S8132,3000.0,2500.0,1.2,5.87,5.88,4.0,Blue,Intense,Eye Clean,Asscher - Octagon,Asscher Cut,Heat Treated,Ceylon (Sri Lanka),https://www.thenaturalsapphirecompany.com/blue-sapphires/1.20ct-ceylon-sri-lankan-asscher-octagon-blue-sapphire-s8132/
S8158,32010.0,5500.0,5.82,11.31,8.85,6.46,Blue,Intense,Very Slightly Included,Oval,Mixed Brilliant Cut,No Enhancement,Ceylon (Sri Lanka),https://www.thenaturalsapphirecompany.com/blue-sapphires/5.82ct-ceylon-sri-lankan-oval-blue-sapphire-s8158/
B15845,5361.0,1665.0,3.22,7.96,7.72,6.15,Blue,Vivid,Very Slightly Included,Asscher - Octagon,Asscher Cut,Heat Treated,Ceylon (Sri Lanka),https://www.thenaturalsapphirecompany.com/blue-sapphires/3.22ct-ceylon-sri-lankan-asscher-octagon-blue-sapphire-b15845/
S8287,44022.0,7975.0,5.52,10.9,8.61,6.12,Blue,Intense,Very Slightly Included,Cushion,Mixed Brilliant Cut,No Enhancement,Ceylon (Sri Lanka),https://www.thenaturalsapphirecompany.com/blue-sapphires/5.52ct-ceylon-sri-lankan-cushion-blue-sapphire-s8287/
B15045,2525.0,2500.0,1.01,5.54,5.12,3.48,Blue,Vivid,Very Slightly Included,Asscher - Octagon,Asscher Cut,Heat Treated,Ceylon (Sri Lanka),https://www.thenaturalsapphirecompany.com/blue-sapphires/1.01ct-ceylon-sri-lankan-asscher-octagon-blue-sapphire-b15045/
B15189,31182.0,5037.0,6.19,11.04,8.38,6.89,Blue,Vivid,Eye Clean,Cushion,Mixed Brilliant Cut,Heat Treated,Ceylon (Sri Lanka),https://www.thenaturalsapphirecompany.com/blue-sapphires/6.19ct-ceylon-sri-lankan-cushion-blue-sapphire-b15189/
B15225,23315.0,7425.0,3.14,7.12,6.95,6.57,Blue,Intense,Very Slightly Included,Asscher - Octagon,Asscher Cut,No Enhancement,Madagascar,https://www.thenaturalsapphirecompany.com/blue-sapphires/3.14ct-madagascar-asscher-octagon-blue-sapphire-b15225/
B15421,3802.0,2775.0,1.37,6.51,6.45,4.47,Blue,Vivid,Eye Clean,Round,Mixed Brilliant Cut,Heat Treated,Ceylon (Sri Lanka),https://www.thenaturalsapphirecompany.com/blue-sapphires/1.37ct-ceylon-sri-lankan-round-blue-sapphire-b15421/
B15411,35061.0,4650.0,7.54,15.2,10.55,6.58,Blue,Vivid,Eye Clean,Pear,Mixed Brilliant Cut,Heat Treated,Ceylon (Sri Lanka),https://www.thenaturalsapphirecompany.com/blue-sapphires/7.54ct-ceylon-sri-lankan-pear-blue-sapphire-b15411/
B15470,32736.0,5280.0,6.2,12.18,11.35,5.74,Blue,Intense,Eye Clean,Cushion,Mixed Brilliant Cut,Heat Treated,Ceylon (Sri Lanka),https://www.thenaturalsapphirecompany.com/blue-sapphires/6.20ct-ceylon-sri-lankan-cushion-blue-sapphire-b15470/
S15111,31103.0,8250.0,3.77,9.55,6.54,5.59,Blue,Vivid,Eye Clean,Emerald Cut,Emerald Cut,Heat Treated,Ceylon (Sri Lanka),https://www.thenaturalsapphirecompany.com/blue-sapphires/3.77ct-ceylon-sri-lankan-emerald-cut-blue-sapphire-s15111/
B15476,4764.0,2313.0,2.06,7.88,7.28,3.88,Blue,Light,Eye Clean,Asscher - Octagon,Asscher Cut,Heat Treated,Ceylon (Sri Lanka),https://www.thenaturalsapphirecompany.com/blue-sapphires/2.06ct-ceylon-sri-lankan-asscher-octagon-blue-sapphire-b15476/
B14869,18826.0,5775.0,3.26,9.53,7.26,4.92,Blue,Intense,Very Slightly Included,Radiant,Radiant Cut,No Enhancement,Ceylon (Sri Lanka),https://www.thenaturalsapphirecompany.com/blue-sapphires/3.26ct-ceylon-sri-lankan-radiant-blue-sapphire-b14869/
B15402,42470.0,7750.0,5.48,10.32,8.21,7.06,Blue,Vivid,Very Slightly Included,Oval,Mixed Brilliant Cut,No Enhancement,Madagascar,https://www.thenaturalsapphirecompany.com/blue-sapphires/5.48ct-madagascar-oval-blue-sapphire-b15402/
B15405,45880.0,15500.0,2.96,8.41,7.27,5.56,Blue,Vivid,Very Slightly Included,Cushion,Mixed Brilliant Cut,No Enhancement,Burma (Myanmar),https://www.thenaturalsapphirecompany.com/blue-sapphires/2.96ct-burma-myanmar-cushion-blue-sapphire-b15405/
B15346,9247.0,2890.0,3.2,10.27,7.85,5.25,Blue,Intense,Very Slightly Included,Pear,Mixed Brilliant Cut,No Enhancement,Ceylon (Sri Lanka),https://www.thenaturalsapphirecompany.com/blue-sapphires/3.20ct-ceylon-sri-lankan-pear-blue-sapphire-b15346/
B14605,12080.0,3740.0,3.23,8.17,8.09,5.84,Blue,Intense,Eye Clean,Round,Mixed Brilliant Cut,Heat Treated,Ceylon (Sri Lanka),https://www.thenaturalsapphirecompany.com/blue-sapphires/3.23ct-ceylon-sri-lankan-round-blue-sapphire-b14605/
B14610,26812.0,4290.0,6.25,10.64,10.55,6.76,Blue,Medium,Eye Clean,Round,Mixed Brilliant Cut,Heat Treated,Ceylon (Sri Lanka),https://www.thenaturalsapphirecompany.com/blue-sapphires/6.25ct-ceylon-sri-lankan-round-blue-sapphire-b14610/
S7211,12866.0,3655.0,3.52,11.64,7.16,5.48,Blue,Vivid,Very Slightly Included,Pear,Mixed Brilliant Cut,Heat Treated,Ceylon (Sri Lanka),https://www.thenaturalsapphirecompany.com/blue-sapphires/3.52ct-ceylon-sri-lankan-pear-blue-sapphire-s7211/
S12887,30683.0,3176.0,9.66,14.41,10.19,7.48,Blue,Medium,Eye Clean,Cushion,Mixed Brilliant Cut,Heat Treated,Ceylon (Sri Lanka),https://www.thenaturalsapphirecompany.com/blue-sapphires/9.66ct-ceylon-sri-lankan-cushion-blue-sapphire-s12887/
S3313,12878.0,6375.0,2.02,7.46,7.35,4.2,Blue,Vivid,Very Slightly Included,Round,Mixed Brilliant Cut,No Enhancement,Madagascar,https://www.thenaturalsapphirecompany.com/blue-sapphires/2.02ct-madagascar-round-blue-sapphire-s3313/
S3662,4079.0,3237.0,1.26,6.58,7.22,3.62,Blue,Vivid,Eye Clean,Heart,Mixed Brilliant Cut,Heat Treated,Ceylon (Sri Lanka),https://www.thenaturalsapphirecompany.com/blue-sapphires/1.26ct-ceylon-sri-lankan-heart-blue-sapphire-s3662/
S13900,26770.0,5280.0,5.07,9.6,8.48,6.54,Blue,Vivid,Eye Clean,Emerald Cut,Emerald Cut,Heat Treated,Ceylon (Sri Lanka),https://www.thenaturalsapphirecompany.com/blue-sapphires/5.07ct-ceylon-sri-lankan-emerald-cut-blue-sapphire-s13900/
B10955,27176.0,4950.0,5.49,10.55,7.98,6.27,Blue,Vivid,Eye Clean,Emerald Cut,Emerald Cut,Heat Treated,Ceylon (Sri Lanka),https://www.thenaturalsapphirecompany.com/blue-sapphires/5.49ct-ceylon-sri-lankan-emerald-cut-blue-sapphire-b10955/
S7352,37781.0,5812.0,6.5,11.32,8.8,6.99,Blue,Vivid,Eye Clean,Cushion,Mixed Brilliant Cut,Heat Treated,Ceylon (Sri Lanka),https://www.thenaturalsapphirecompany.com/blue-sapphires/6.50ct-ceylon-sri-lankan-cushion-blue-sapphire-s7352/
B14145,43478.0,8525.0,5.1,11.5,9.22,5.69,Blue,Vivid,Very Slightly Included,Oval,Mixed Brilliant Cut,No Enhancement,Nigeria,https://www.thenaturalsapphirecompany.com/blue-sapphires/5.10ct-nigerian-oval-blue-sapphire-b14145/
S13453,8316.0,2683.0,3.1,8.8,7.21,5.43,Blue,Intense,Eye Clean,Oval,Mixed Brilliant Cut,Heat Treated,Ceylon (Sri Lanka),https://www.thenaturalsapphirecompany.com/blue-sapphires/3.10ct-ceylon-sri-lankan-oval-blue-sapphire-s13453/
B10781,41525.0,7285.0,5.7,11.53,9.86,5.94,Blue,Vivid,Eye Clean,Oval,Mixed Brilliant Cut,No Enhancement,Ceylon (Sri Lanka),https://www.thenaturalsapphirecompany.com/blue-sapphires/5.70ct-ceylon-sri-lankan-oval-blue-sapphire-b10781/
S18742,14346.0,4930.0,2.91,8.04,8.0,5.66,Blue,Vivid,Very Slightly Included,Round,Mixed Brilliant Cut,Heat Treated,Ceylon (Sri Lanka),https://www.thenaturalsapphirecompany.com/blue-sapphires/2.91ct-ceylon-sri-lankan-round-blue-sapphire-s18742/
S5661,28512.0,4950.0,5.76,13.4,9.5,6.17,Blue,Intense,Very Slightly Included,Pear,Mixed Brilliant Cut,No Enhancement,Ceylon (Sri Lanka),https://www.thenaturalsapphirecompany.com/blue-sapphires/5.76ct-ceylon-sri-lankan-pear-blue-sapphire-s5661/
S17849,4586.0,3422.0,1.34,5.97,5.97,4.0,Blue,Vivid,Very Slightly Included,Asscher - Octagon,Asscher Cut,Heat Treated,Ceylon (Sri Lanka),https://www.thenaturalsapphirecompany.com/blue-sapphires/1.34ct-ceylon-sri-lankan-asscher-octagon-blue-sapphire-s17849/
S12841,59500.0,11900.0,5.0,9.68,8.81,5.99,Blue,Vivid,Eye Clean,Cushion,Mixed Brilliant Cut,No Enhancement,Ceylon (Sri Lanka),https://www.thenaturalsapphirecompany.com/blue-sapphires/5.00ct-ceylon-sri-lankan-cushion-blue-sapphire-s12841/
S3615,9669.0,2525.0,3.83,8.97,6.33,6.49,Blue,Intense,Very Slightly Included,Emerald Cut,Emerald Cut,No Enhancement,Ceylon (Sri Lanka),https://www.thenaturalsapphirecompany.com/blue-sapphires/3.83ct-ceylon-sri-lankan-emerald-cut-blue-sapphire-s3615/
S12845,44089.0,4883.0,9.03,12.36,10.69,7.51,Blue,Medium,Very Slightly Included,Cushion,Mixed Brilliant Cut,No Enhancement,Ceylon (Sri Lanka),https://www.thenaturalsapphirecompany.com/blue-sapphires/9.03ct-ceylon-sri-lankan-cushion-blue-sapphire-s12845/
S12812,42631.0,5580.0,7.64,13.38,10.72,7.43,Blue,Vivid,Very Slightly Included,Pear,Mixed Brilliant Cut,Heat Treated,Ceylon (Sri Lanka),https://www.thenaturalsapphirecompany.com/blue-sapphires/7.64ct-ceylon-sri-lankan-pear-blue-sapphire-s12812/
S12905,15851.0,4760.0,3.33,8.66,8.58,5.66,Blue,Vivid,Eye Clean,Round,Mixed Brilliant Cut,Heat Treated,Ceylon (Sri Lanka),https://www.thenaturalsapphirecompany.com/blue-sapphires/3.33ct-ceylon-sri-lankan-round-blue-sapphire-s12905/
S24255,4161.0,2050.0,2.03,7.61,6.83,5.03,Bluish Green,Intense,Very Very Slightly Included,Oval,Mixed Brilliant Cut,No Enhancement,Madagascar,https://www.thenaturalsapphirecompany.com/blue-sapphires/2.03ct-madagascar-oval-bluish-green-sapphire-s24255/
S8059,54919.0,10875.0,5.05,9.44,8.64,6.0,Blue,Vivid,Very Slightly Included,Cushion,Mixed Brilliant Cut,No Enhancement,Ceylon (Sri Lanka),https://www.thenaturalsapphirecompany.com/blue-sapphires/5.05ct-ceylon-sri-lankan-cushion-blue-sapphire-s8059/
B14266,31099.0,4417.0,7.04,11.01,9.54,6.79,Blue,Vivid,Eye Clean,Cushion,Mixed Brilliant Cut,Heat Treated,Ceylon (Sri Lanka),https://www.thenaturalsapphirecompany.com/blue-sapphires/7.04ct-ceylon-sri-lankan-cushion-blue-sapphire-b14266/
B14058,9180.0,4080.0,2.25,7.17,6.77,4.9,Blue,Vivid,Slightly Included,Cushion,Mixed Brilliant Cut,No Enhancement,Ceylon (Sri Lanka),https://www.thenaturalsapphirecompany.com/blue-sapphires/2.25ct-ceylon-sri-lankan-cushion-blue-sapphire-b14058/
B14247,3675.0,2500.0,1.47,6.78,6.77,3.69,Blue,Vivid,Eye Clean,Asscher - Octagon,Asscher Cut,Heat Treated,Ceylon (Sri Lanka),https://www.thenaturalsapphirecompany.com/blue-sapphires/1.47ct-ceylon-sri-lankan-asscher-octagon-blue-sapphire-b14247/
S7870,42658.0,5658.0,7.54,14.02,9.77,6.06,Blue,Vivid,Very Slightly Included,Oval,Mixed Brilliant Cut,Heat Treated,Ceylon (Sri Lanka),https://www.thenaturalsapphirecompany.com/blue-sapphires/7.54ct-ceylon-sri-lankan-oval-blue-sapphire-s7870/
S7387,42017.0,8370.0,5.02,10.31,10.24,5.61,Blue,Intense,Very Slightly Included,Round,Mixed Brilliant Cut,No Enhancement,Madagascar,https://www.thenaturalsapphirecompany.com/blue-sapphires/5.02ct-madagascar-round-blue-sapphire-s7387/
S7935,5883.0,2220.0,2.65,9.01,7.6,4.18,Violet,Medium,Very Slightly Included,Emerald Cut,Emerald Cut,Heat Treated,Ceylon (Sri Lanka),https://www.thenaturalsapphirecompany.com/blue-sapphires/2.65ct-ceylon-sri-lankan-emerald-cut-violet-sapphire-s7935/
B14302,18638.0,5280.0,3.53,10.34,7.97,5.49,Blue,Vivid,Very Slightly Included,Pear,Mixed Brilliant Cut,Heat Treated,Ceylon (Sri Lanka),https://www.thenaturalsapphirecompany.com/blue-sapphires/3.53ct-ceylon-sri-lankan-pear-blue-sapphire-b14302/
B14119,31686.0,5038.0,6.29,11.83,9.1,6.68,Blue,Vivid,Eye Clean,Oval,Mixed Brilliant Cut,Heat Treated,Ceylon (Sri Lanka),https://www.thenaturalsapphirecompany.com/blue-sapphires/6.29ct-ceylon-sri-lankan-oval-blue-sapphire-b14119/
B14133,38432.0,6975.0,5.51,10.33,9.53,6.16,Blue,Vivid,Very Slightly Included,Cushion,Mixed Brilliant Cut,No Enhancement,Ceylon (Sri Lanka),https://www.thenaturalsapphirecompany.com/blue-sapphires/5.51ct-ceylon-sri-lankan-cushion-blue-sapphire-b14133/
B14134,14664.0,3230.0,4.54,10.23,7.55,6.26,Blue,Intense,Very Slightly Included,Radiant,Radiant Cut,Heat Treated,Ceylon (Sri Lanka),https://www.thenaturalsapphirecompany.com/blue-sapphires/4.54ct-ceylon-sri-lankan-radiant-blue-sapphire-b14134/
B14067,7093.0,3330.0,2.13,10.67,6.61,3.85,Blue,Vivid,Very Slightly Included,Marquise,Mixed Brilliant Cut,Heat Treated,Ceylon (Sri Lanka),https://www.thenaturalsapphirecompany.com/blue-sapphires/2.13ct-ceylon-sri-lankan-marquise-blue-sapphire-b14067/
B14024,33536.0,5580.0,6.01,10.02,9.79,6.45,Blue,Vivid,Very Slightly Included,Cushion,Mixed Brilliant Cut,Heat Treated,Ceylon (Sri Lanka),https://www.thenaturalsapphirecompany.com/blue-sapphires/6.01ct-ceylon-sri-lankan-cushion-blue-sapphire-b14024/
B14054,6368.0,2250.0,2.83,6.93,6.47,6.13,Blue,Intense,Very Slightly Included,Asscher - Octagon,Asscher Cut,No Enhancement,Ceylon (Sri Lanka),https://www.thenaturalsapphirecompany.com/blue-sapphires/2.83ct-ceylon-sri-lankan-asscher-octagon-blue-sapphire-b14054/
S7643,38572.0,6975.0,5.53,9.83,9.17,6.42,Blue,Vivid,Eye Clean,Asscher - Octagon,Asscher Cut,Heat Treated,Ceylon (Sri Lanka),https://www.thenaturalsapphirecompany.com/blue-sapphires/5.53ct-ceylon-sri-lankan-asscher-octagon-blue-sapphire-s7643/
B13600,11594.0,3740.0,3.1,8.37,8.3,5.62,Blue,Intense,Eye Clean,Round,Mixed Brilliant Cut,Heat Treated,Ceylon (Sri Lanka),https://www.thenaturalsapphirecompany.com/blue-sapphires/3.10ct-ceylon-sri-lankan-round-blue-sapphire-b13600/
B13622,8745.0,2165.0,4.04,8.57,9.37,5.69,Blue,Intense,Slightly Included,Heart,Mixed Brilliant Cut,No Enhancement,Ceylon (Sri Lanka),https://www.thenaturalsapphirecompany.com/blue-sapphires/4.04ct-ceylon-sri-lankan-heart-blue-sapphire-b13622/
S5719,4435.0,3237.0,1.37,6.3,6.26,3.95,Blue,Intense,Very Slightly Included,Asscher - Octagon,Asscher Cut,Heat Treated,Ceylon (Sri Lanka),https://www.thenaturalsapphirecompany.com/blue-sapphires/1.37ct-ceylon-sri-lankan-asscher-octagon-blue-sapphire-s5719/
B13771,62877.0,7840.0,8.02,12.22,10.61,6.27,Blue,Vivid,Eye Clean,Cushion,Mixed Brilliant Cut,Heat Treated,Madagascar,https://www.thenaturalsapphirecompany.com/blue-sapphires/8.02ct-madagascar-cushion-blue-sapphire-b13771/
B13123,49525.0,6525.0,7.59,10.73,10.63,8.0,Blue,Intense,Eye Clean,Round,Mixed Brilliant Cut,Heat Treated,Ceylon (Sri Lanka),https://www.thenaturalsapphirecompany.com/blue-sapphires/7.59ct-ceylon-sri-lankan-round-blue-sapphire-b13123/
B12957,29462.0,5280.0,5.58,10.91,8.69,6.76,Blue,Vivid,Eye Clean,Oval,Mixed Brilliant Cut,Heat Treated,Ceylon (Sri Lanka),https://www.thenaturalsapphirecompany.com/blue-sapphires/5.58ct-ceylon-sri-lankan-oval-blue-sapphire-b12957/
B12959,20827.0,4537.0,4.59,10.44,7.89,6.7,Blue,Vivid,Very Very Slightly Included,Oval,Mixed Brilliant Cut,Heat Treated,Ceylon (Sri Lanka),https://www.thenaturalsapphirecompany.com/blue-sapphires/4.59ct-ceylon-sri-lankan-oval-blue-sapphire-b12959/
B12981,3611.0,2300.0,1.57,6.24,6.22,4.01,Blue,Vivid,Very Slightly Included,Asscher - Octagon,Asscher Cut,Heat Treated,Ceylon (Sri Lanka),https://www.thenaturalsapphirecompany.com/blue-sapphires/1.57ct-ceylon-sri-lankan-asscher-octagon-blue-sapphire-b12981/
B12887,71051.0,12825.0,5.54,10.75,8.14,7.6,Blue,Vivid,Very Slightly Included,Oval,Mixed Brilliant Cut,No Enhancement,Ceylon (Sri Lanka),https://www.thenaturalsapphirecompany.com/blue-sapphires/5.54ct-ceylon-sri-lankan-oval-blue-sapphire-b12887/
B13404,28356.0,4702.0,6.03,10.38,9.23,6.56,Blue,Vivid,Very Slightly Included,Cushion,Mixed Brilliant Cut,Heat Treated,Ceylon (Sri Lanka),https://www.thenaturalsapphirecompany.com/blue-sapphires/6.03ct-ceylon-sri-lankan-cushion-blue-sapphire-b13404/
B9114,38609.0,5348.0,7.22,10.68,10.58,7.36,Blue,Vivid,Very Slightly Included,Cushion,Mixed Brilliant Cut,Heat Treated,Ceylon (Sri Lanka),https://www.thenaturalsapphirecompany.com/blue-sapphires/7.22ct-ceylon-sri-lankan-cushion-blue-sapphire-b9114/
B13248,27015.0,4868.0,5.55,9.57,11.18,6.64,Blue,Vivid,Eye Clean,Heart,Mixed Brilliant Cut,Heat Treated,Ceylon (Sri Lanka),https://www.thenaturalsapphirecompany.com/blue-sapphires/5.55ct-ceylon-sri-lankan-heart-blue-sapphire-b13248/
B13254,29002.0,3465.0,8.37,13.02,10.71,6.22,Blue,Vivid,Eye Clean,Cushion,Mixed Brilliant Cut,Heat Treated,Ceylon (Sri Lanka),https://www.thenaturalsapphirecompany.com/blue-sapphires/8.37ct-ceylon-sri-lankan-cushion-blue-sapphire-b13254/
B13272,1476.0,1200.0,1.23,6.03,5.97,3.81,Greyish Blue,Light,Very Slightly Included,Princess,Princess Cut,No Enhancement,Ceylon (Sri Lanka),https://www.thenaturalsapphirecompany.com/blue-sapphires/1.23ct-ceylon-sri-lankan-princess-greyish-blue-sapphire-b13272/
B13247,18904.0,4702.0,4.02,8.64,9.19,6.38,Blue,Vivid,Eye Clean,Heart,Mixed Brilliant Cut,Heat Treated,Ceylon (Sri Lanka),https://www.thenaturalsapphirecompany.com/blue-sapphires/4.02ct-ceylon-sri-lankan-heart-blue-sapphire-b13247/
B13377,36479.0,6975.0,5.23,10.91,8.08,5.88,Blue,Vivid,Eye Clean,Emerald Cut,Emerald Cut,Heat Treated,Ceylon (Sri Lanka),https://www.thenaturalsapphirecompany.com/blue-sapphires/5.23ct-ceylon-sri-lankan-emerald-cut-blue-sapphire-b13377/
B13400,26611.0,3465.0,7.68,13.77,10.13,6.37,Blue,Vivid,Very Slightly Included,Cushion,Mixed Brilliant Cut,Heat Treated,Ceylon (Sri Lanka),https://www.thenaturalsapphirecompany.com/blue-sapphires/7.68ct-ceylon-sri-lankan-cushion-blue-sapphire-b13400/
S14410,16541.0,4125.0,4.01,11.28,7.52,5.73,Blue,Vivid,Very Slightly Included,Pear,Mixed Brilliant Cut,Heat Treated,Ceylon (Sri Lanka),https://www.thenaturalsapphirecompany.com/blue-sapphires/4.01ct-ceylon-sri-lankan-pear-blue-sapphire-s14410/
S19790,6332.0,3423.0,1.85,7.12,6.47,4.42,Blue,Vivid,Very Slightly Included,Asscher - Octagon,Asscher Cut,Heat Treated,Ceylon (Sri Lanka),https://www.thenaturalsapphirecompany.com/blue-sapphires/1.85ct-ceylon-sri-lankan-asscher-octagon-blue-sapphire-s19790/
B12668,16667.0,3230.0,5.16,9.62,9.45,6.19,Blue,Vivid,Very Slightly Included,Asscher - Octagon,Asscher Cut,Heat Treated,Ceylon (Sri Lanka),https://www.thenaturalsapphirecompany.com/blue-sapphires/5.16ct-ceylon-sri-lankan-asscher-octagon-blue-sapphire-b12668/
B11839,14697.0,3230.0,4.55,10.62,10.48,4.98,Blue,Vivid,Eye Clean,Round,Mixed Brilliant Cut,Heat Treated,Ceylon (Sri Lanka),https://www.thenaturalsapphirecompany.com/blue-sapphires/4.55ct-ceylon-sri-lankan-round-blue-sapphire-b11839/
S14273,33201.0,5425.0,6.12,10.64,8.76,6.22,Blue,Vivid,Eye Clean,Emerald Cut,Emerald Cut,Heat Treated,Ceylon (Sri Lanka),https://www.thenaturalsapphirecompany.com/blue-sapphires/6.12ct-ceylon-sri-lankan-emerald-cut-blue-sapphire-s14273/
S7492,25863.0,3878.0,6.67,10.94,9.22,6.64,Blue,Medium,Eye Clean,Emerald Cut,Emerald Cut,Heat Treated,Ceylon (Sri Lanka),https://www.thenaturalsapphirecompany.com/blue-sapphires/6.67ct-ceylon-sri-lankan-emerald-cut-blue-sapphire-s7492/
S7498,8583.0,2805.0,3.06,9.22,9.04,5.25,Blue,Intense,Very Slightly Included,Round,Mixed Brilliant Cut,Heat Treated,Ceylon (Sri Lanka),https://www.thenaturalsapphirecompany.com/blue-sapphires/3.06ct-ceylon-sri-lankan-round-blue-sapphire-s7498/
B12311,15480.0,4000.0,3.87,10.27,7.23,5.74,Blue,Vivid,Eye Clean,Fancy,French Cut,Heat Treated,Montana,https://www.thenaturalsapphirecompany.com/blue-sapphires/3.87ct-montana-fancy-blue-sapphire-b12311/
B16810,39730.0,7440.0,5.34,9.6,9.49,7.17,Blue,Vivid,Eye Clean,Round,Mixed Brilliant Cut,Heat Treated,Ceylon (Sri Lanka),https://www.thenaturalsapphirecompany.com/blue-sapphires/5.34ct-ceylon-sri-lankan-round-blue-sapphire-b16810/
B17666,50358.0,16675.0,3.02,10.33,7.4,5.42,Blue,Vivid,Very Slightly Included,Pear,Mixed Brilliant Cut,No Enhancement,Madagascar,https://www.thenaturalsapphirecompany.com/blue-sapphires/3.02ct-madagascar-pear-blue-sapphire-b17666/
B12341,13688.0,3740.0,3.66,8.54,8.05,5.87,Blue,Intense,Eye Clean,Radiant,Modified Brilliant Cut,Heat Treated,Ceylon (Sri Lanka),https://www.thenaturalsapphirecompany.com/blue-sapphires/3.66ct-ceylon-sri-lankan-radiant-blue-sapphire-b12341/
B12424,34058.0,5657.0,6.02,9.97,9.94,6.27,Blue,Vivid,Eye Clean,Cushion,Mixed Brilliant Cut,Heat Treated,Ceylon (Sri Lanka),https://www.thenaturalsapphirecompany.com/blue-sapphires/6.02ct-ceylon-sri-lankan-cushion-blue-sapphire-b12424/
B12433,25010.0,3878.0,6.45,12.25,10.3,6.11,Blue,Intense,Very Slightly Included,Oval,Mixed Brilliant Cut,Heat Treated,Ceylon (Sri Lanka),https://www.thenaturalsapphirecompany.com/blue-sapphires/6.45ct-ceylon-sri-lankan-oval-blue-sapphire-b12433/
B12490,12453.0,4250.0,2.93,7.96,6.66,5.8,Blue,Medium,Very Slightly Included,Cushion,Mixed Brilliant Cut,No Enhancement,Madagascar,https://www.thenaturalsapphirecompany.com/blue-sapphires/2.93ct-madagascar-cushion-blue-sapphire-b12490/
B12531,27831.0,5362.0,5.19,10.09,9.91,6.67,Blue,Vivid,Very Slightly Included,Round,Mixed Brilliant Cut,Heat Treated,Ceylon (Sri Lanka),https://www.thenaturalsapphirecompany.com/blue-sapphires/5.19ct-ceylon-sri-lankan-round-blue-sapphire-b12531/
S19794,26793.0,3795.0,7.06,10.74,10.64,7.37,Blue,Medium,Eye Clean,Round,Mixed Brilliant Cut,Heat Treated,Ceylon (Sri Lanka),https://www.thenaturalsapphirecompany.com/blue-sapphires/7.06ct-ceylon-sri-lankan-round-blue-sapphire-s19794/
B10368,43701.0,5735.0,7.62,11.84,10.76,6.15,Blue,Vivid,Very Slightly Included,Cushion,Mixed Brilliant Cut,Heat Treated,Ceylon (Sri Lanka),https://www.thenaturalsapphirecompany.com/blue-sapphires/7.62ct-ceylon-sri-lankan-cushion-blue-sapphire-b10368/
S14130,21557.0,5362.0,4.02,9.57,7.93,5.7,Blue,Vivid,Eye Clean,Emerald Cut,Emerald Cut,Heat Treated,Ceylon (Sri Lanka),https://www.thenaturalsapphirecompany.com/blue-sapphires/4.02ct-ceylon-sri-lankan-emerald-cut-blue-sapphire-s14130/
S14149,18604.0,4125.0,4.51,10.34,9.25,5.06,Blue,Vivid,Very Slightly Included,Emerald Cut,Emerald Cut,Heat Treated,Ceylon (Sri Lanka),https://www.thenaturalsapphirecompany.com/blue-sapphires/4.51ct-ceylon-sri-lankan-emerald-cut-blue-sapphire-s14149/
S14081,7071.0,4810.0,1.47,6.21,6.19,4.18,Blue,Vivid,Eye Clean,Asscher - Octagon,Asscher Cut,Heat Treated,Ceylon (Sri Lanka),https://www.thenaturalsapphirecompany.com/blue-sapphires/1.47ct-ceylon-sri-lankan-asscher-octagon-blue-sapphire-s14081/
B10501,25928.0,8002.0,3.24,8.31,8.17,5.33,Blue,Vivid,Very Slightly Included,Cushion,Mixed Brilliant Cut,No Enhancement,Ceylon (Sri Lanka),https://www.thenaturalsapphirecompany.com/blue-sapphires/3.24ct-ceylon-sri-lankan-cushion-blue-sapphire-b10501/
B11255,3907.0,2035.0,1.92,6.9,8.38,4.34,Blue,Dark,Eye Clean,Heart,Mixed Brilliant Cut,Heat Treated,Ceylon (Sri Lanka),https://www.thenaturalsapphirecompany.com/blue-sapphires/1.92ct-ceylon-sri-lankan-heart-blue-sapphire-b11255/
B11447,23050.0,5734.0,4.02,9.31,9.17,5.25,Blue,Intense,Very Slightly Included,Cushion,Mixed Brilliant Cut,No Enhancement,Ceylon (Sri Lanka),https://www.thenaturalsapphirecompany.com/blue-sapphires/4.02ct-ceylon-sri-lankan-cushion-blue-sapphire-b11447/
S7398,29380.0,4785.0,6.14,11.73,9.48,6.62,Blue,Intense,Very Slightly Included,Oval,Mixed Brilliant Cut,Heat Treated,Ceylon (Sri Lanka),https://www.thenaturalsapphirecompany.com/blue-sapphires/6.14ct-ceylon-sri-lankan-oval-blue-sapphire-s7398/
S14073,31962.0,4573.0,6.99,14.22,10.03,6.33,Blue,Vivid,Eye Clean,Pear,Mixed Brilliant Cut,Heat Treated,Ceylon (Sri Lanka),https://www.thenaturalsapphirecompany.com/blue-sapphires/6.99ct-ceylon-sri-lankan-pear-blue-sapphire-s14073/
B17388,32625.0,6435.0,5.07,11.01,9.05,6.08,Blue,Vivid,Eye Clean,Oval,Mixed Brilliant Cut,Heat Treated,Ceylon (Sri Lanka),https://www.thenaturalsapphirecompany.com/blue-sapphires/5.07ct-ceylon-sri-lankan-oval-blue-sapphire-b17388/
S7348,16483.0,5440.0,3.03,8.34,7.18,5.08,Blue,Medium,Eye Clean,Cushion,Mixed Brilliant Cut,No Enhancement,Ceylon (Sri Lanka),https://www.thenaturalsapphirecompany.com/blue-sapphires/3.03ct-ceylon-sri-lankan-cushion-blue-sapphire-s7348/
B10688,7894.0,3145.0,2.51,6.37,12.56,4.19,Blue,Vivid,Eye Clean,Fancy,Fancy Cut,No Enhancement,Ceylon (Sri Lanka),https://www.thenaturalsapphirecompany.com/blue-sapphires/2.51ct-ceylon-sri-lankan-fancy-blue-sapphire-b10688/
B10689,3296.0,1600.0,2.06,6.84,7.13,5.11,Blue,Vivid,Very Slightly Included,Fancy,Step Cut,No Enhancement,Ceylon (Sri Lanka),https://www.thenaturalsapphirecompany.com/blue-sapphires/2.06ct-ceylon-sri-lankan-fancy-blue-sapphire-b10689/
S3702,31186.0,6200.0,5.03,11.97,8.04,4.8,Blue,Vivid,Very Slightly Included,Emerald Cut,Emerald Cut,Heat Treated,Ceylon (Sri Lanka),https://www.thenaturalsapphirecompany.com/blue-sapphires/5.03ct-ceylon-sri-lankan-emerald-cut-blue-sapphire-s3702/
S10954,4773.0,2220.0,2.15,7.03,6.55,5.02,Blue,Medium,Eye Clean,Cushion,Mixed Brilliant Cut,No Enhancement,Ceylon (Sri Lanka),https://www.thenaturalsapphirecompany.com/blue-sapphires/2.15ct-ceylon-sri-lankan-cushion-blue-sapphire-s10954/
B11246,6013.0,3052.0,1.97,9.48,6.03,4.62,Blue,Vivid,Very Slightly Included,Pear,Mixed Brilliant Cut,Heat Treated,Ceylon (Sri Lanka),https://www.thenaturalsapphirecompany.com/blue-sapphires/1.97ct-ceylon-sri-lankan-pear-blue-sapphire-b11246/
B11521,29621.0,5610.0,5.28,9.48,8.82,6.94,Blue,Vivid,Very Slightly Included,Cushion,Mixed Brilliant Cut,Heat Treated,Ceylon (Sri Lanka),https://www.thenaturalsapphirecompany.com/blue-sapphires/5.28ct-ceylon-sri-lankan-cushion-blue-sapphire-b11521/
S19751,2860.0,2200.0,1.3,6.42,6.44,4.24,Blue,Intense,Very Slightly Included,Round,Mixed Brilliant Cut,Heat Treated,Montana,https://www.thenaturalsapphirecompany.com/blue-sapphires/1.30ct-montana-round-blue-sapphire-s19751/
B9471,15603.0,4420.0,3.53,9.08,7.96,5.95,Blue,Vivid,Eye Clean,Oval,Mixed Brilliant Cut,Heat Treated,Ceylon (Sri Lanka),https://www.thenaturalsapphirecompany.com/blue-sapphires/3.53ct-ceylon-sri-lankan-oval-blue-sapphire-b9471/
B8259,2704.0,1600.0,1.69,7.02,7.14,4.95,Greenish Blue,Vivid,Very Slightly Included,Trillion,Trillion Cut,Heat Treated,Montana,https://www.thenaturalsapphirecompany.com/blue-sapphires/1.69ct-montana-trillion-greenish-blue-sapphire-b8259/
B8280,6383.0,2128.0,3.0,9.13,6.39,5.75,Blue,Medium,Very Slightly Included,Cushion,Mixed Brilliant Cut,No Enhancement,Ceylon (Sri Lanka),https://www.thenaturalsapphirecompany.com/blue-sapphires/3.00ct-ceylon-sri-lankan-cushion-blue-sapphire-b8280/
B8084,9547.0,3060.0,3.12,9.05,6.89,5.26,Blue,Vivid,Eye Clean,Oval,Mixed Brilliant Cut,Heat Treated,Ceylon (Sri Lanka),https://www.thenaturalsapphirecompany.com/blue-sapphires/3.12ct-ceylon-sri-lankan-oval-blue-sapphire-b8084/
B6921,672.0,800.0,0.84,6.2,4.75,3.42,Blue,Intense,Very Slightly Included,Cushion,Mixed Brilliant Cut,Heat Treated,Ceylon (Sri Lanka),https://www.thenaturalsapphirecompany.com/blue-sapphires/0.84ct-ceylon-sri-lankan-cushion-blue-sapphire-b6921/
B16723,35317.0,5425.0,6.51,10.57,10.17,6.32,Blue,Vivid,Eye Clean,Cushion,Mixed Brilliant Cut,Heat Treated,Ceylon (Sri Lanka),https://www.thenaturalsapphirecompany.com/blue-sapphires/6.51ct-ceylon-sri-lankan-cushion-blue-sapphire-b16723/
B17567,10924.0,3060.0,3.57,10.36,7.47,5.52,Blue,Intense,Very Slightly Included,Oval,Mixed Brilliant Cut,Heat Treated,Ceylon (Sri Lanka),https://www.thenaturalsapphirecompany.com/blue-sapphires/3.57ct-ceylon-sri-lankan-oval-blue-sapphire-b17567/
B17585,11921.0,4675.0,2.55,8.83,5.98,4.82,Blue,Vivid,Very Slightly Included,Emerald Cut,Emerald Cut,Heat Treated,Ceylon (Sri Lanka),https://www.thenaturalsapphirecompany.com/blue-sapphires/2.55ct-ceylon-sri-lankan-emerald-cut-blue-sapphire-b17585/
S11775,3336.0,1200.0,2.78,10.03,7.07,4.94,Color Change,Intense,Very Slightly Included,Pear,Mixed Brilliant Cut,No Enhancement,Ceylon (Sri Lanka),https://www.thenaturalsapphirecompany.com/blue-sapphires/2.78ct-ceylon-sri-lankan-pear-color-change-sapphire-s11775/
U14772,10220.0,2040.0,5.01,10.01,7.99,6.51,Bluish Green,Vivid,Eye Clean,Cushion,Mixed Brilliant Cut,No Enhancement,Ceylon (Sri Lanka),https://www.thenaturalsapphirecompany.com/blue-sapphires/5.01ct-ceylon-sri-lankan-cushion-bluish-green-sapphire-u14772/
S11931,44423.0,6161.0,7.21,11.45,11.0,6.47,Blue,Intense,Very Slightly Included,Cushion,Mixed Brilliant Cut,Heat Treated,Ceylon (Sri Lanka),https://www.thenaturalsapphirecompany.com/blue-sapphires/7.21ct-ceylon-sri-lankan-cushion-blue-sapphire-s11931/
S21056,3012.0,2021.0,1.49,6.19,6.19,4.59,Greenish Blue,Intense,Very Slightly Included,Cushion,Mixed Brilliant Cut,Heat Treated,Montana,https://www.thenaturalsapphirecompany.com/blue-sapphires/1.49ct-montana-cushion-greenish-blue-sapphire-s21056/
B16665,6149.0,2220.0,2.77,9.45,7.79,4.38,Blue,Intense,Very Slightly Included,Oval,Mixed Brilliant Cut,Heat Treated,Ceylon (Sri Lanka),https://www.thenaturalsapphirecompany.com/blue-sapphires/2.77ct-ceylon-sri-lankan-oval-blue-sapphire-b16665/
B16722,14494.0,3570.0,4.06,9.4,7.68,6.09,Blue,Vivid,Eye Clean,Cushion,Mixed Brilliant Cut,Heat Treated,Ceylon (Sri Lanka),https://www.thenaturalsapphirecompany.com/blue-sapphires/4.06ct-ceylon-sri-lankan-cushion-blue-sapphire-b16722/
S9194,32353.0,6270.0,5.16,9.53,9.43,7.04,Blue,Vivid,Eye Clean,Round,Mixed Brilliant Cut,Heat Treated,Ceylon (Sri Lanka),https://www.thenaturalsapphirecompany.com/blue-sapphires/5.16ct-ceylon-sri-lankan-round-blue-sapphire-s9194/
S9195,18810.0,4703.0,4.0,9.35,9.11,6.13,Blue,Vivid,Very Slightly Included,Round,Mixed Brilliant Cut,Heat Treated,Ceylon (Sri Lanka),https://www.thenaturalsapphirecompany.com/blue-sapphires/4.00ct-ceylon-sri-lankan-round-blue-sapphire-s9195/
S10732,31304.0,5610.0,5.58,11.71,9.19,6.46,Blue,Vivid,Very Slightly Included,Oval,Mixed Brilliant Cut,Heat Treated,Ceylon (Sri Lanka),https://www.thenaturalsapphirecompany.com/blue-sapphires/5.58ct-ceylon-sri-lankan-oval-blue-sapphire-s10732/
S11337,16501.0,3028.0,5.45,9.27,8.4,7.56,Violet,Medium,Very Slightly Included,Cushion,Mixed Brilliant Cut,No Enhancement,Ceylon (Sri Lanka),https://www.thenaturalsapphirecompany.com/blue-sapphires/5.45ct-ceylon-sri-lankan-cushion-violet-sapphire-s11337/
S4166,1296.0,1200.0,1.08,6.14,6.06,3.72,Greenish Blue,Intense,Eye Clean,Round,Mixed Brilliant Cut,Heat Treated,Madagascar,https://www.thenaturalsapphirecompany.com/blue-sapphires/1.08ct-madagascar-round-greenish-blue-sapphire-s4166/
S4163,1836.0,1200.0,1.53,6.67,7.41,4.04,Bluish Green,Medium,Very Slightly Included,Heart,Mixed Brilliant Cut,No Enhancement,Madagascar,https://www.thenaturalsapphirecompany.com/blue-sapphires/1.53ct-madagascar-heart-bluish-green-sapphire-s4163/
S16797,1298.0,1100.0,1.18,6.34,6.53,3.6,Blue,Vivid,Very Slightly Included,Trillion,Trillion Cut,Heat Treated,Ceylon (Sri Lanka),https://www.thenaturalsapphirecompany.com/blue-sapphires/1.18ct-ceylon-sri-lankan-trillion-blue-sapphire-s16797/
S16799,2945.0,1900.0,1.55,6.83,6.7,4.2,Blue,Vivid,Very Slightly Included,Trillion,Trillion Cut,Heat Treated,Ceylon (Sri Lanka),https://www.thenaturalsapphirecompany.com/blue-sapphires/1.55ct-ceylon-sri-lankan-trillion-blue-sapphire-s16799/
S9420,10475.0,4420.0,2.37,7.07,7.0,5.35,Blue,Vivid,Eye Clean,Cushion,Mixed Brilliant Cut,Heat Treated,Ceylon (Sri Lanka),https://www.thenaturalsapphirecompany.com/blue-sapphires/2.37ct-ceylon-sri-lankan-cushion-blue-sapphire-s9420/
S3482,1212.0,1200.0,1.01,6.11,6.21,4.02,Blue,Medium,Very Slightly Included,Trillion,Trillion Cut,Heat Treated,Ceylon (Sri Lanka),https://www.thenaturalsapphirecompany.com/blue-sapphires/1.01ct-ceylon-sri-lankan-trillion-blue-sapphire-s3482/
S3483,1648.0,1600.0,1.03,6.09,6.11,4.14,Blue,Intense,Very Slightly Included,Trillion,Trillion Cut,Heat Treated,Ceylon (Sri Lanka),https://www.thenaturalsapphirecompany.com/blue-sapphires/1.03ct-ceylon-sri-lankan-trillion-blue-sapphire-s3483/
B10111,23852.0,4290.0,5.56,9.9,9.76,6.25,Blue,Vivid,Eye Clean,Cushion,Mixed Brilliant Cut,Heat Treated,Ceylon (Sri Lanka),https://www.thenaturalsapphirecompany.com/blue-sapphires/5.56ct-ceylon-sri-lankan-cushion-blue-sapphire-b10111/
B10052,56698.0,7105.0,7.98,12.1,9.83,6.91,Blue,Vivid,Eye Clean,Emerald Cut,Emerald Cut,Heat Treated,Ceylon (Sri Lanka),https://www.thenaturalsapphirecompany.com/blue-sapphires/7.98ct-ceylon-sri-lankan-emerald-cut-blue-sapphire-b10052/
B10104,34275.0,6045.0,5.67,11.73,9.07,6.52,Blue,Vivid,Very Slightly Included,Oval,Mixed Brilliant Cut,Heat Treated,Ceylon (Sri Lanka),https://www.thenaturalsapphirecompany.com/blue-sapphires/5.67ct-ceylon-sri-lankan-oval-blue-sapphire-b10104/
S10071,5106.0,1480.0,3.45,11.89,7.42,5.09,Blue,Medium,Very Slightly Included,Pear,Mixed Brilliant Cut,Heat Treated,Ceylon (Sri Lanka),https://www.thenaturalsapphirecompany.com/blue-sapphires/3.45ct-ceylon-sri-lankan-pear-blue-sapphire-s10071/
S3487,15796.0,3910.0,4.04,10.02,7.53,6.02,Blue,Vivid,Very Slightly Included,Oval,Mixed Brilliant Cut,Heat Treated,Ceylon (Sri Lanka),https://www.thenaturalsapphirecompany.com/blue-sapphires/4.04ct-ceylon-sri-lankan-oval-blue-sapphire-s3487/
S9443,11856.0,3740.0,3.17,8.93,8.74,5.06,Blue,Intense,Very Slightly Included,Round,Mixed Brilliant Cut,No Enhancement,Ceylon (Sri Lanka),https://www.thenaturalsapphirecompany.com/blue-sapphires/3.17ct-ceylon-sri-lankan-round-blue-sapphire-s9443/
U16015,3180.0,1500.0,2.12,7.96,8.09,4.82,Greenish Blue,Intense,Very Slightly Included,Trillion,Trillion Cut,Heat Treated,Montana,https://www.thenaturalsapphirecompany.com/blue-sapphires/2.12ct-montana-trillion-greenish-blue-sapphire-u16015/
B10186,35078.0,5760.0,6.09,11.25,9.56,6.37,Blue,Vivid,Very Slightly Included,Cushion,Mixed Brilliant Cut,Heat Treated,Ceylon (Sri Lanka),https://www.thenaturalsapphirecompany.com/blue-sapphires/6.09ct-ceylon-sri-lankan-cushion-blue-sapphire-b10186/
B10221,47235.0,4700.0,10.05,12.82,10.24,8.47,Blue,Intense,Eye Clean,Cushion,Mixed Brilliant Cut,Heat Treated,Ceylon (Sri Lanka),https://www.thenaturalsapphirecompany.com/blue-sapphires/10.05ct-ceylon-sri-lankan-cushion-blue-sapphire-b10221/
S10108,21757.0,6270.0,3.47,10.91,7.87,5.03,Blue,Intense,Eye Clean,Pear,Mixed Brilliant Cut,No Enhancement,Ceylon (Sri Lanka),https://www.thenaturalsapphirecompany.com/blue-sapphires/3.47ct-ceylon-sri-lankan-pear-blue-sapphire-s10108/
S3493,1120.0,800.0,1.4,6.62,7.11,4.0,Bluish Green,Vivid,Very Slightly Included,Heart,Mixed Brilliant Cut,No Enhancement,Madagascar,https://www.thenaturalsapphirecompany.com/blue-sapphires/1.40ct-madagascar-heart-bluish-green-sapphire-s3493/
S4154,7187.0,2775.0,2.59,7.43,6.53,5.4,Color Change,Vivid,Very Slightly Included,Cushion,Mixed Brilliant Cut,No Enhancement,Ceylon (Sri Lanka),https://www.thenaturalsapphirecompany.com/blue-sapphires/2.59ct-ceylon-sri-lankan-cushion-color-change-sapphire-s4154/
S5431,59114.0,8120.0,7.28,11.89,9.37,7.94,Blue,Vivid,Eye Clean,Oval,Mixed Brilliant Cut,Heat Treated,Ceylon (Sri Lanka),https://www.thenaturalsapphirecompany.com/blue-sapphires/7.28ct-ceylon-sri-lankan-oval-blue-sapphire-s5431/
S4920,12211.0,1870.0,6.53,11.94,9.26,6.35,Greenish Blue,Vivid,Eye Clean,Cushion,Mixed Brilliant Cut,Heat Treated,Ceylon (Sri Lanka),https://www.thenaturalsapphirecompany.com/blue-sapphires/6.53ct-ceylon-sri-lankan-cushion-greenish-blue-sapphire-s4920/
S5144,33624.0,3255.0,10.33,12.8,11.74,7.34,Blue,Vivid,Very Slightly Included,Cushion,Mixed Brilliant Cut,Heat Treated,Ceylon (Sri Lanka),https://www.thenaturalsapphirecompany.com/blue-sapphires/10.33ct-ceylon-sri-lankan-cushion-blue-sapphire-s5144/
S5149,6593.0,1628.0,4.05,10.54,7.78,4.93,Bluish Green,Vivid,Very Slightly Included,Cushion,Mixed Brilliant Cut,Heat Treated,Madagascar,https://www.thenaturalsapphirecompany.com/blue-sapphires/4.05ct-madagascar-cushion-bluish-green-sapphire-s5149/
S4870,1127.0,700.0,1.61,6.2,7.67,4.19,Greenish Blue,Medium,Very Slightly Included,Heart,Mixed Brilliant Cut,No Enhancement,Burma (Myanmar),https://www.thenaturalsapphirecompany.com/blue-sapphires/1.61ct-burma-myanmar-heart-greenish-blue-sapphire-s4870/
S10310,16699.0,3995.0,4.18,8.84,8.63,6.75,Blue,Intense,Very Slightly Included,Round,Mixed Brilliant Cut,No Enhancement,Ceylon (Sri Lanka),https://www.thenaturalsapphirecompany.com/blue-sapphires/4.18ct-ceylon-sri-lankan-round-blue-sapphire-s10310/
S10333,25780.0,6930.0,3.72,10.1,7.33,5.2,Blue,Intense,Very Slightly Included,Radiant,Radiant Cut,No Enhancement,Ceylon (Sri Lanka),https://www.thenaturalsapphirecompany.com/blue-sapphires/3.72ct-ceylon-sri-lankan-radiant-blue-sapphire-s10333/
S10337,35398.0,5812.0,6.09,10.8,10.69,5.79,Violet,Medium,Eye Clean,Cushion,Mixed Brilliant Cut,No Enhancement,Ceylon (Sri Lanka),https://www.thenaturalsapphirecompany.com/blue-sapphires/6.09ct-ceylon-sri-lankan-cushion-violet-sapphire-s10337/
S10516,2003.0,1178.0,1.7,8.37,6.58,3.84,Violet,Intense,Very Slightly Included,Oval,Mixed Brilliant Cut,No Enhancement,Ceylon (Sri Lanka),https://www.thenaturalsapphirecompany.com/blue-sapphires/1.70ct-ceylon-sri-lankan-oval-violet-sapphire-s10516/
S7001,8943.0,1785.0,5.01,11.03,8.72,4.87,Bluish Green,Vivid,Eye Clean,Emerald Cut,Emerald Cut,No Enhancement,Madagascar,https://www.thenaturalsapphirecompany.com/blue-sapphires/5.01ct-madagascar-emerald-cut-bluish-green-sapphire-s7001/
S7004,3744.0,1800.0,2.08,7.54,7.47,3.79,Bluish Green,Vivid,Eye Clean,Asscher - Octagon,Asscher Cut,No Enhancement,Ceylon (Sri Lanka),https://www.thenaturalsapphirecompany.com/blue-sapphires/2.08ct-ceylon-sri-lankan-asscher-octagon-bluish-green-sapphire-s7004/
S6993,7925.0,2590.0,3.06,9.2,7.43,4.72,Color Change,Vivid,Eye Clean,Emerald Cut,Emerald Cut,No Enhancement,Ceylon (Sri Lanka),https://www.thenaturalsapphirecompany.com/blue-sapphires/3.06ct-ceylon-sri-lankan-emerald-cut-color-change-sapphire-s6993/
S6998,11348.0,2550.0,4.45,9.4,9.01,5.79,Bluish Green,Light,Very Slightly Included,Radiant,Radiant Cut,Heat Treated,Madagascar,https://www.thenaturalsapphirecompany.com/blue-sapphires/4.45ct-madagascar-radiant-bluish-green-sapphire-s6998/
S6920,10316.0,3145.0,3.28,9.7,7.98,5.33,Blue,Medium,Very Slightly Included,Oval,Mixed Brilliant Cut,Heat Treated,Ceylon (Sri Lanka),https://www.thenaturalsapphirecompany.com/blue-sapphires/3.28ct-ceylon-sri-lankan-oval-blue-sapphire-s6920/
S6922,10221.0,3145.0,3.25,9.48,7.69,5.32,Blue,Intense,Eye Clean,Oval,Mixed Brilliant Cut,Heat Treated,Ceylon (Sri Lanka),https://www.thenaturalsapphirecompany.com/blue-sapphires/3.25ct-ceylon-sri-lankan-oval-blue-sapphire-s6922/
S6888,2295.0,1500.0,1.53,6.48,7.44,4.23,Color Change,Intense,Very Slightly Included,Heart,Mixed Brilliant Cut,Heat Treated,Ceylon (Sri Lanka),https://www.thenaturalsapphirecompany.com/blue-sapphires/1.53ct-ceylon-sri-lankan-heart-color-change-sapphire-s6888/
S6756,3188.0,2550.0,1.25,6.66,6.66,3.52,Blue,Vivid,Very Very Slightly Included,Round,Mixed Brilliant Cut,Heat Treated,Ceylon (Sri Lanka),https://www.thenaturalsapphirecompany.com/blue-sapphires/1.25ct-ceylon-sri-lankan-round-blue-sapphire-s6756/
S6761,4634.0,2775.0,1.67,6.69,6.64,4.56,Purplish Blue,Vivid,Very Slightly Included,Round,Mixed Brilliant Cut,Heat Treated,Ceylon (Sri Lanka),https://www.thenaturalsapphirecompany.com/blue-sapphires/1.67ct-ceylon-sri-lankan-round-purplish-blue-sapphire-s6761/
S6712,6660.0,2960.0,2.25,7.4,7.35,5.11,Blue,Intense,Very Slightly Included,Round,Mixed Brilliant Cut,Heat Treated,Ceylon (Sri Lanka),https://www.thenaturalsapphirecompany.com/blue-sapphires/2.25ct-ceylon-sri-lankan-round-blue-sapphire-s6712/
S6716,1107.0,1350.0,0.82,5.88,5.14,3.61,Blue,Intense,Very Slightly Included,Fancy,Step Cut,Heat Treated,Montana,https://www.thenaturalsapphirecompany.com/blue-sapphires/0.82ct-montana-fancy-blue-sapphire-s6716/
U10556,1830.0,1500.0,1.22,6.64,6.83,3.99,Bluish Grey,Medium,Eye Clean,Trillion,Trillion Cut,Heat Treated,Montana,https://www.thenaturalsapphirecompany.com/blue-sapphires/1.22ct-montana-trillion-bluish-grey-sapphire-u10556/
U6893,2316.0,1200.0,1.93,6.49,5.84,5.66,Bluish Green,Light,Very Slightly Included,Cushion,Mixed Brilliant Cut,No Enhancement,Montana,https://www.thenaturalsapphirecompany.com/blue-sapphires/1.93ct-montana-cushion-bluish-green-sapphire-u6893/
B14630,9247.0,3655.0,2.53,7.68,7.63,5.48,Blue,Vivid,Very Slightly Included,Round,Mixed Brilliant Cut,Heat Treated,Ceylon (Sri Lanka),https://www.thenaturalsapphirecompany.com/blue-sapphires/2.53ct-ceylon-sri-lankan-round-blue-sapphire-b14630/
U10516,2128.0,800.0,2.66,8.42,6.61,5.47,Bluish Grey,Medium,Slightly Included,Cushion,Mixed Brilliant Cut,Heat Treated,Montana,https://www.thenaturalsapphirecompany.com/blue-sapphires/2.66ct-montana-cushion-bluish-grey-sapphire-u10516/
U10533,1860.0,1500.0,1.24,6.48,6.57,4.14,Greyish Blue,Intense,Very Slightly Included,Trillion,Trillion Cut,Heat Treated,Montana,https://www.thenaturalsapphirecompany.com/blue-sapphires/1.24ct-montana-trillion-greyish-blue-sapphire-u10533/
U17384,1728.0,1200.0,1.44,7.16,6.71,5.11,Bluish Green,Medium,Very Slightly Included,Fancy,Fancy Brilliant Cut,No Enhancement,Montana,https://www.thenaturalsapphirecompany.com/blue-sapphires/1.44ct-montana-fancy-bluish-green-sapphire-u17384/
U17429,6831.0,2700.0,2.53,9.21,8.92,5.01,Greenish Blue,Intense,Very Slightly Included,Fancy,Fancy Brilliant Cut,No Enhancement,Montana,https://www.thenaturalsapphirecompany.com/blue-sapphires/2.53ct-montana-fancy-greenish-blue-sapphire-u17429/
U17431,7400.0,2500.0,2.96,11.29,7.8,4.84,Bluish Green,Intense,Very Slightly Included,Pear,Mixed Brilliant Cut,No Enhancement,Montana,https://www.thenaturalsapphirecompany.com/blue-sapphires/2.96ct-montana-pear-bluish-green-sapphire-u17431/
U7358,13500.0,2500.0,5.4,10.31,9.44,6.55,Bluish Green,Intense,Very Slightly Included,Oval,Mixed Brilliant Cut,No Enhancement,Montana,https://www.thenaturalsapphirecompany.com/blue-sapphires/5.40ct-montana-oval-bluish-green-sapphire-u7358/
S12755,1430.0,1300.0,1.1,7.12,5.02,3.78,Blue,Medium,Very Slightly Included,Fancy,Mixed Brilliant Cut,No Enhancement,Montana,https://www.thenaturalsapphirecompany.com/blue-sapphires/1.10ct-montana-fancy-blue-sapphire-s12755/
S12718,1716.0,1300.0,1.32,6.69,6.82,4.27,Greyish Blue,Intense,Very Slightly Included,Trillion,Trillion Cut,No Enhancement,Montana,https://www.thenaturalsapphirecompany.com/blue-sapphires/1.32ct-montana-trillion-greyish-blue-sapphire-s12718/
U5072,1208.0,1050.0,1.15,5.49,5.47,4.4,Bluish Green,Medium,Very Slightly Included,Asscher - Octagon,Asscher Cut,No Enhancement,Montana,https://www.thenaturalsapphirecompany.com/blue-sapphires/1.15ct-montana-asscher-octagon-bluish-green-sapphire-u5072/
U5392,16077.0,2300.0,6.99,10.17,10.03,8.45,Greyish Blue,Intense,Very Slightly Included,Round,Mixed Brilliant Cut,No Enhancement,Montana,https://www.thenaturalsapphirecompany.com/blue-sapphires/6.99ct-montana-round-greyish-blue-sapphire-u5392/
S4229,150.0,500.0,0.3,4.19,3.75,2.84,Blue,Light,Slightly Included,Fancy,Step Cut,Heat Treated,Ceylon (Sri Lanka),https://www.thenaturalsapphirecompany.com/blue-sapphires/0.30ct-ceylon-sri-lankan-fancy-blue-sapphire-s4229/
S6434,1520.0,1000.0,1.52,9.19,7.06,4.12,Blue,Faint,Very Slightly Included,Fancy,Fancy Cut,No Enhancement,Ceylon (Sri Lanka),https://www.thenaturalsapphirecompany.com/blue-sapphires/1.52ct-ceylon-sri-lankan-fancy-blue-sapphire-s6434/
S12681,1508.0,1300.0,1.16,6.29,5.87,4.1,Greyish Blue,Medium,Very Slightly Included,Trillion,Trillion Cut,No Enhancement,Montana,https://www.thenaturalsapphirecompany.com/blue-sapphires/1.16ct-montana-trillion-greyish-blue-sapphire-s12681/
S12683,1547.0,1300.0,1.19,6.38,6.04,4.02,Greyish Blue,Intense,Very Slightly Included,Trillion,Trillion Cut,No Enhancement,Montana,https://www.thenaturalsapphirecompany.com/blue-sapphires/1.19ct-montana-trillion-greyish-blue-sapphire-s12683/
S12691,2057.0,1700.0,1.21,5.68,6.22,4.09,Bluish Green,Medium,Very Slightly Included,Fancy,Mixed Brilliant Cut,No Enhancement,Montana,https://www.thenaturalsapphirecompany.com/blue-sapphires/1.21ct-montana-fancy-bluish-green-sapphire-s12691/
S12692,1586.0,1300.0,1.22,7.18,6.3,4.06,Bluish Green,Light,Very Slightly Included,Fancy,Mixed Brilliant Cut,No Enhancement,Montana,https://www.thenaturalsapphirecompany.com/blue-sapphires/1.22ct-montana-fancy-bluish-green-sapphire-s12692/
S6428,6149.0,2220.0,2.77,8.46,6.99,5.16,Blue,Medium,Very Slightly Included,Oval,Mixed Brilliant Cut,No Enhancement,Ceylon (Sri Lanka),https://www.thenaturalsapphirecompany.com/blue-sapphires/2.77ct-ceylon-sri-lankan-oval-blue-sapphire-s6428/
S12721,1890.0,1400.0,1.35,7.3,6.23,4.33,Purplish Blue,Intense,Very Slightly Included,Fancy,Step Cut,No Enhancement,Montana,https://www.thenaturalsapphirecompany.com/blue-sapphires/1.35ct-montana-fancy-purplish-blue-sapphire-s12721/
S12736,2499.0,1700.0,1.47,7.47,6.48,4.37,Greyish Blue,Medium,Very Slightly Included,Fancy,Mixed Brilliant Cut,No Enhancement,Montana,https://www.thenaturalsapphirecompany.com/blue-sapphires/1.47ct-montana-fancy-greyish-blue-sapphire-s12736/
S12753,4434.0,1739.0,2.55,10.55,8.49,4.54,Bluish Green,Light,Very Slightly Included,Fancy,Mixed Brilliant Cut,No Enhancement,Montana,https://www.thenaturalsapphirecompany.com/blue-sapphires/2.55ct-montana-fancy-bluish-green-sapphire-s12753/
S18011,15215.0,4250.0,3.58,8.3,8.26,5.36,Color Change,Intense,Very Slightly Included,Asscher - Octagon,Asscher Cut,No Enhancement,Madagascar,https://www.thenaturalsapphirecompany.com/blue-sapphires/3.58ct-madagascar-asscher-octagon-color-change-sapphire-s18011/
S11688,7456.0,1850.0,4.03,10.89,8.22,5.75,Color Change,Intense,Very Slightly Included,Oval,Mixed Brilliant Cut,No Enhancement,Ceylon (Sri Lanka),https://www.thenaturalsapphirecompany.com/blue-sapphires/4.03ct-ceylon-sri-lankan-oval-color-change-sapphire-s11688/
S9573,28459.0,5280.0,5.39,10.25,10.16,6.74,Blue,Vivid,Very Slightly Included,Round,Mixed Brilliant Cut,Heat Treated,Ceylon (Sri Lanka),https://www.thenaturalsapphirecompany.com/blue-sapphires/5.39ct-ceylon-sri-lankan-round-blue-sapphire-s9573/
S5713,3917.0,3237.0,1.21,5.84,5.76,4.09,Blue,Vivid,Very Slightly Included,Asscher - Octagon,Asscher Cut,Heat Treated,Ceylon (Sri Lanka),https://www.thenaturalsapphirecompany.com/blue-sapphires/1.21ct-ceylon-sri-lankan-asscher-octagon-blue-sapphire-s5713/
S5714,2673.0,2700.0,0.99,5.4,5.36,3.8,Blue,Vivid,Eye Clean,Asscher - Octagon,Asscher Cut,Heat Treated,Ceylon (Sri Lanka),https://www.thenaturalsapphirecompany.com/blue-sapphires/0.99ct-ceylon-sri-lankan-asscher-octagon-blue-sapphire-s5714/
S9538,32042.0,5270.0,6.08,12.5,9.93,6.09,Blue,Vivid,Eye Clean,Oval,Mixed Brilliant Cut,Heat Treated,Ceylon (Sri Lanka),https://www.thenaturalsapphirecompany.com/blue-sapphires/6.08ct-ceylon-sri-lankan-oval-blue-sapphire-s9538/
S9543,50251.0,6960.0,7.22,11.57,11.45,6.9,Blue,Vivid,Eye Clean,Round,Mixed Brilliant Cut,Heat Treated,Madagascar,https://www.thenaturalsapphirecompany.com/blue-sapphires/7.22ct-madagascar-round-blue-sapphire-s9543/
U16513,5009.0,1388.0,3.61,10.83,8.82,4.07,Bluish Green,Dark,Very Slightly Included,Cushion,Mixed Brilliant Cut,Heat Treated,Ceylon (Sri Lanka),https://www.thenaturalsapphirecompany.com/blue-sapphires/3.61ct-ceylon-sri-lankan-cushion-bluish-green-sapphire-u16513/
S5091,2296.0,1400.0,1.64,7.34,6.07,4.3,Greyish Blue,Medium,Very Slightly Included,Cushion,Mixed Brilliant Cut,No Enhancement,Montana,https://www.thenaturalsapphirecompany.com/blue-sapphires/1.64ct-montana-cushion-greyish-blue-sapphire-s5091/
S17135,2158.0,1142.0,1.89,6.38,6.37,4.49,Blue,Intense,Very Slightly Included,Asscher - Octagon,Asscher Cut,Heat Treated,Ceylon (Sri Lanka),https://www.thenaturalsapphirecompany.com/blue-sapphires/1.89ct-ceylon-sri-lankan-asscher-octagon-blue-sapphire-s17135/
S12021,30154.0,4125.0,7.31,15.1,8.8,5.9,Blue,Vivid,Very Slightly Included,Pear,Mixed Brilliant Cut,Heat Treated,Ceylon (Sri Lanka),https://www.thenaturalsapphirecompany.com/blue-sapphires/7.31ct-ceylon-sri-lankan-pear-blue-sapphire-s12021/
S11901,32713.0,7590.0,4.31,10.61,8.72,5.16,Blue,Vivid,Eye Clean,Oval,Mixed Brilliant Cut,No Enhancement,Ceylon (Sri Lanka),https://www.thenaturalsapphirecompany.com/blue-sapphires/4.31ct-ceylon-sri-lankan-oval-blue-sapphire-s11901/
S4217,115.0,500.0,0.23,3.91,3.35,2.58,Greyish Blue,Light,Very Slightly Included,Fancy,Step Cut,Heat Treated,Ceylon (Sri Lanka),https://www.thenaturalsapphirecompany.com/blue-sapphires/0.23ct-ceylon-sri-lankan-fancy-greyish-blue-sapphire-s4217/
S12546,6682.0,3885.0,1.72,6.13,6.1,4.78,Blue,Intense,Eye Clean,Asscher - Octagon,Asscher Cut,Heat Treated,Ceylon (Sri Lanka),https://www.thenaturalsapphirecompany.com/blue-sapphires/1.72ct-ceylon-sri-lankan-asscher-octagon-blue-sapphire-s12546/
S12554,5083.0,3238.0,1.57,6.23,6.06,4.41,Blue,Intense,Eye Clean,Asscher - Octagon,Asscher Cut,Heat Treated,Ceylon (Sri Lanka),https://www.thenaturalsapphirecompany.com/blue-sapphires/1.57ct-ceylon-sri-lankan-asscher-octagon-blue-sapphire-s12554/
U10079,2745.0,1500.0,1.83,7.19,7.12,4.99,Greenish Blue,Medium,Very Slightly Included,Round,Mixed Brilliant Cut,No Enhancement,Montana,https://www.thenaturalsapphirecompany.com/blue-sapphires/1.83ct-montana-round-greenish-blue-sapphire-u10079/
U10118,3120.0,2000.0,1.56,6.88,6.83,4.68,Greenish Blue,Intense,Very Slightly Included,Round,Brilliant Cut,Heat Treated,Montana,https://www.thenaturalsapphirecompany.com/blue-sapphires/1.56ct-montana-round-greenish-blue-sapphire-u10118/
S12532,29129.0,4290.0,6.79,10.96,10.92,7.52,Blue,Medium,Eye Clean,Round,Mixed Brilliant Cut,Heat Treated,Ceylon (Sri Lanka),https://www.thenaturalsapphirecompany.com/blue-sapphires/6.79ct-ceylon-sri-lankan-round-blue-sapphire-s12532/
S12637,32686.0,5775.0,5.66,10.94,8.89,6.81,Blue,Vivid,Eye Clean,Oval,Mixed Brilliant Cut,Heat Treated,Ceylon (Sri Lanka),https://www.thenaturalsapphirecompany.com/blue-sapphires/5.66ct-ceylon-sri-lankan-oval-blue-sapphire-s12637/
S25125,2016.0,1200.0,1.68,7.68,5.55,4.23,Blue,Vivid,Very Slightly Included,Oval,Mixed Brilliant Cut,Heat Treated,Ceylon (Sri Lanka),https://www.thenaturalsapphirecompany.com/blue-sapphires/1.68ct-ceylon-sri-lankan-oval-blue-sapphire-s25125/
S9421,8680.0,3910.0,2.22,7.23,7.2,5.41,Blue,Vivid,Eye Clean,Round,Mixed Brilliant Cut,Heat Treated,Ceylon (Sri Lanka),https://www.thenaturalsapphirecompany.com/blue-sapphires/2.22ct-ceylon-sri-lankan-round-blue-sapphire-s9421/
U10140,1376.0,1176.0,1.17,6.21,6.12,4.26,Bluish Green,Light,Very Slightly Included,Round,Mixed Brilliant Cut,No Enhancement,Montana,https://www.thenaturalsapphirecompany.com/blue-sapphires/1.17ct-montana-round-bluish-green-sapphire-u10140/
U16741,24668.0,1898.0,13.0,13.56,10.21,8.6,Bluish Green,Vivid,Eye Clean,Emerald Cut,Step Cut,Heat Treated,Ceylon (Sri Lanka),https://www.thenaturalsapphirecompany.com/blue-sapphires/13.00ct-ceylon-sri-lankan-emerald-cut-bluish-green-sapphire-u16741/
B15508,3828.0,3300.0,1.16,6.12,6.06,3.92,Blue,Intense,Very Slightly Included,Round,Mixed Brilliant Cut,No Enhancement,Ceylon (Sri Lanka),https://www.thenaturalsapphirecompany.com/blue-sapphires/1.16ct-ceylon-sri-lankan-round-blue-sapphire-b15508/
B8123,10889.0,3330.0,3.27,9.21,7.73,5.88,Blue,Vivid,Eye Clean,Pear,Mixed Brilliant Cut,Heat Treated,Madagascar,https://www.thenaturalsapphirecompany.com/blue-sapphires/3.27ct-madagascar-pear-blue-sapphire-b8123/
B12395,11669.0,3315.0,3.52,8.75,8.67,5.67,Blue,Vivid,Very Slightly Included,Round,Mixed Brilliant Cut,Heat Treated,Ceylon (Sri Lanka),https://www.thenaturalsapphirecompany.com/blue-sapphires/3.52ct-ceylon-sri-lankan-round-blue-sapphire-b12395/
S12167,13219.0,5440.0,2.43,7.85,7.79,5.0,Blue,Vivid,Very Slightly Included,Round,Mixed Brilliant Cut,No Enhancement,Ethiopia,https://www.thenaturalsapphirecompany.com/blue-sapphires/2.43ct-ethiopian-round-blue-sapphire-s12167/
B16989,56064.0,3987.0,14.06,15.18,13.35,8.55,Blue,Vivid,Eye Clean,Oval,Mixed Brilliant Cut,Heat Treated,Ceylon (Sri Lanka),https://www.thenaturalsapphirecompany.com/blue-sapphires/14.06ct-ceylon-sri-lankan-oval-blue-sapphire-b16989/
S4943,7728.0,1387.0,5.57,11.67,9.62,5.57,Bluish Green,Vivid,Eye Clean,Cushion,Mixed Brilliant Cut,Heat Treated,Madagascar,https://www.thenaturalsapphirecompany.com/blue-sapphires/5.57ct-madagascar-cushion-bluish-green-sapphire-s4943/
U17062,4029.0,1665.0,2.42,9.07,9.26,4.3,Greenish Blue,Intense,Very Very Slightly Included,Fancy,Step Cut,Heat Treated,Ceylon (Sri Lanka),https://www.thenaturalsapphirecompany.com/blue-sapphires/2.42ct-ceylon-sri-lankan-fancy-greenish-blue-sapphire-u17062/
U17005,1106.0,700.0,1.58,6.85,6.15,4.7,Color Change,Vivid,Very Slightly Included,Fancy,Step Cut,No Enhancement,Ceylon (Sri Lanka),https://www.thenaturalsapphirecompany.com/blue-sapphires/1.58ct-ceylon-sri-lankan-fancy-color-change-sapphire-u17005/
U17009,4197.0,1203.0,3.49,8.37,8.23,6.41,Color Change,Intense,Eye Clean,Round,Mixed Brilliant Cut,Heat Treated,Ceylon (Sri Lanka),https://www.thenaturalsapphirecompany.com/blue-sapphires/3.49ct-ceylon-sri-lankan-round-color-change-sapphire-u17009/
B11857,4440.0,1480.0,3.0,8.68,7.33,5.55,Color Change,Intense,Very Slightly Included,Cushion,Mixed Brilliant Cut,No Enhancement,Ceylon (Sri Lanka),https://www.thenaturalsapphirecompany.com/blue-sapphires/3.00ct-ceylon-sri-lankan-cushion-color-change-sapphire-b11857/
U17107,252.0,350.0,0.72,6.58,4.55,3.1,Violet,Intense,Eye Clean,Oval,Mixed Brilliant Cut,Heat Treated,Ceylon (Sri Lanka),https://www.thenaturalsapphirecompany.com/blue-sapphires/0.72ct-ceylon-sri-lankan-oval-violet-sapphire-u17107/
U12872,2290.0,950.0,2.41,9.35,6.08,4.31,Violet,Intense,Very Slightly Included,Cushion,Mixed Brilliant Cut,Heat Treated,Ceylon (Sri Lanka),https://www.thenaturalsapphirecompany.com/blue-sapphires/2.41ct-ceylon-sri-lankan-cushion-violet-sapphire-u12872/
U16740,19139.0,3052.0,6.27,10.97,8.97,6.38,Color Change,Vivid,Eye Clean,Cushion,Mixed Brilliant Cut,Heat Treated,Ceylon (Sri Lanka),https://www.thenaturalsapphirecompany.com/blue-sapphires/6.27ct-ceylon-sri-lankan-cushion-color-change-sapphire-u16740/
S8560,6814.0,2683.0,2.54,8.4,7.37,4.15,Blue,Intense,Very Slightly Included,Radiant,Radiant Cut,Heat Treated,Nigeria,https://www.thenaturalsapphirecompany.com/blue-sapphires/2.54ct-nigerian-radiant-blue-sapphire-s8560/
S11918,19543.0,5940.0,3.29,8.54,8.43,6.02,Blue,Vivid,Eye Clean,Round,Mixed Brilliant Cut,Heat Treated,Ceylon (Sri Lanka),https://www.thenaturalsapphirecompany.com/blue-sapphires/3.29ct-ceylon-sri-lankan-round-blue-sapphire-s11918/
S11919,16708.0,4420.0,3.78,9.02,8.92,6.06,Blue,Intense,Eye Clean,Round,Mixed Brilliant Cut,Heat Treated,Ceylon (Sri Lanka),https://www.thenaturalsapphirecompany.com/blue-sapphires/3.78ct-ceylon-sri-lankan-round-blue-sapphire-s11919/
S11955,18528.0,4703.0,3.94,10.17,10.14,4.95,Blue,Vivid,Eye Clean,Round,Mixed Brilliant Cut,Heat Treated,Ceylon (Sri Lanka),https://www.thenaturalsapphirecompany.com/blue-sapphires/3.94ct-ceylon-sri-lankan-round-blue-sapphire-s11955/
S11957,15287.0,2805.0,5.45,10.0,9.89,6.87,Blue,Intense,Eye Clean,Round,Mixed Brilliant Cut,Heat Treated,Ceylon (Sri Lanka),https://www.thenaturalsapphirecompany.com/blue-sapphires/5.45ct-ceylon-sri-lankan-round-blue-sapphire-s11957/
U16747,2862.0,1410.0,2.03,6.81,6.77,5.09,Bluish Green,Dark,Very Very Slightly Included,Cushion,Mixed Brilliant Cut,Heat Treated,Ceylon (Sri Lanka),https://www.thenaturalsapphirecompany.com/blue-sapphires/2.03ct-ceylon-sri-lankan-cushion-bluish-green-sapphire-u16747/
U16761,12024.0,1870.0,6.43,9.77,9.5,6.8,Bluish Green,Vivid,Eye Clean,Asscher - Octagon,Step Cut,No Enhancement,Ceylon (Sri Lanka),https://www.thenaturalsapphirecompany.com/blue-sapphires/6.43ct-ceylon-sri-lankan-asscher-octagon-bluish-green-sapphire-u16761/
S12016,26242.0,4620.0,5.68,12.06,7.77,6.37,Blue,Vivid,Very Slightly Included,Radiant,Radiant Cut,Heat Treated,Ceylon (Sri Lanka),https://www.thenaturalsapphirecompany.com/blue-sapphires/5.68ct-ceylon-sri-lankan-radiant-blue-sapphire-s12016/
S3926,5339.0,3422.0,1.56,7.76,5.94,3.71,Blue,Vivid,Very Slightly Included,Cushion,Mixed Brilliant Cut,Heat Treated,Ceylon (Sri Lanka),https://www.thenaturalsapphirecompany.com/blue-sapphires/1.56ct-ceylon-sri-lankan-cushion-blue-sapphire-s3926/
U13061,1820.0,1400.0,1.3,6.23,5.17,4.33,Bluish Green,Intense,Very Slightly Included,Cushion,Mixed Brilliant Cut,Heat Treated,Montana,https://www.thenaturalsapphirecompany.com/blue-sapphires/1.30ct-montana-cushion-bluish-green-sapphire-u13061/
B11774,1489.0,1262.0,1.18,6.73,5.77,4.08,Greenish Blue,Intense,Very Slightly Included,Cushion,Fancy Brilliant Cut,Heat Treated,Montana,https://www.thenaturalsapphirecompany.com/blue-sapphires/1.18ct-montana-cushion-greenish-blue-sapphire-b11774/
S7386,45220.0,8990.0,5.03,10.4,8.22,6.39,Blue,Medium,Very Slightly Included,Cushion,Mixed Brilliant Cut,No Enhancement,Ceylon (Sri Lanka),https://www.thenaturalsapphirecompany.com/blue-sapphires/5.03ct-ceylon-sri-lankan-cushion-blue-sapphire-s7386/
U16298,4359.0,1156.0,3.77,11.74,6.72,4.59,Bluish Green,Dark,Eye Clean,Emerald Cut,Step Cut,Heat Treated,Ceylon (Sri Lanka),https://www.thenaturalsapphirecompany.com/blue-sapphires/3.77ct-ceylon-sri-lankan-emerald-cut-bluish-green-sapphire-u16298/
B10692,5711.0,1665.0,3.43,9.64,8.31,4.98,Blue,Dark,Very Slightly Included,Fancy,Step Cut,No Enhancement,Ceylon (Sri Lanka),https://www.thenaturalsapphirecompany.com/blue-sapphires/3.43ct-ceylon-sri-lankan-fancy-blue-sapphire-b10692/
U8712,924.0,1400.0,0.66,4.81,4.93,3.72,Bluish Green,Intense,Very Slightly Included,Trillion,Trillion Cut,No Enhancement,Montana,https://www.thenaturalsapphirecompany.com/blue-sapphires/0.66ct-montana-trillion-bluish-green-sapphire-u8712/
U8775,1204.0,1400.0,0.86,5.25,4.78,3.8,Bluish Grey,Medium,Very Slightly Included,Radiant,Radiant Cut,No Enhancement,Montana,https://www.thenaturalsapphirecompany.com/blue-sapphires/0.86ct-montana-radiant-bluish-grey-sapphire-u8775/
S13412,20295.0,4125.0,4.92,9.26,9.25,6.33,Color Change,Intense,Very Slightly Included,Radiant,Radiant Cut,No Enhancement,Madagascar,https://www.thenaturalsapphirecompany.com/blue-sapphires/4.92ct-madagascar-radiant-color-change-sapphire-s13412/
S3703,15385.0,4250.0,3.62,8.63,8.16,5.55,Blue,Vivid,Eye Clean,Cushion,Mixed Brilliant Cut,Heat Treated,Ceylon (Sri Lanka),https://www.thenaturalsapphirecompany.com/blue-sapphires/3.62ct-ceylon-sri-lankan-cushion-blue-sapphire-s3703/
B11204,46147.0,5580.0,8.27,11.95,11.8,6.93,Blue,Vivid,Very Slightly Included,Cushion,Mixed Brilliant Cut,Heat Treated,Madagascar,https://www.thenaturalsapphirecompany.com/blue-sapphires/8.27ct-madagascar-cushion-blue-sapphire-b11204/
B12429,8638.0,2128.0,4.06,9.33,8.21,5.48,Blue,Light,Eye Clean,Emerald Cut,Step Cut,Heat Treated,Ceylon (Sri Lanka),https://www.thenaturalsapphirecompany.com/blue-sapphires/4.06ct-ceylon-sri-lankan-emerald-cut-blue-sapphire-b12429/
B12371,1712.0,1600.0,1.07,6.64,5.67,3.9,Blue,Vivid,Very Slightly Included,Cushion,Fancy Brilliant Cut,Heat Treated,Montana,https://www.thenaturalsapphirecompany.com/blue-sapphires/1.07ct-montana-cushion-blue-sapphire-b12371/
B12388,3312.0,1800.0,1.84,7.32,8.65,5.17,Blue,Intense,Very Slightly Included,Fancy,Fancy Brilliant Cut,Heat Treated,Ceylon (Sri Lanka),https://www.thenaturalsapphirecompany.com/blue-sapphires/1.84ct-ceylon-sri-lankan-fancy-blue-sapphire-b12388/
B12316,13056.0,4080.0,3.2,8.62,8.46,5.67,Blue,Vivid,Very Slightly Included,Round,Mixed Brilliant Cut,Heat Treated,Ceylon (Sri Lanka),https://www.thenaturalsapphirecompany.com/blue-sapphires/3.20ct-ceylon-sri-lankan-round-blue-sapphire-b12316/
U13186,1495.0,1300.0,1.15,6.09,5.62,4.06,Greenish Blue,Intense,Very Slightly Included,Cushion,Mixed Brilliant Cut,Heat Treated,Montana,https://www.thenaturalsapphirecompany.com/blue-sapphires/1.15ct-montana-cushion-greenish-blue-sapphire-u13186/
S7467,1630.0,1000.0,1.63,6.23,6.07,4.65,Greenish Blue,Vivid,Very Slightly Included,Asscher - Octagon,Asscher Cut,Heat Treated,Madagascar,https://www.thenaturalsapphirecompany.com/blue-sapphires/1.63ct-madagascar-asscher-octagon-greenish-blue-sapphire-s7467/
B11859,7563.0,2590.0,2.92,7.69,9.11,5.47,Color Change,Vivid,Very Slightly Included,Heart,Mixed Brilliant Cut,No Enhancement,Madagascar,https://www.thenaturalsapphirecompany.com/blue-sapphires/2.92ct-madagascar-heart-color-change-sapphire-b11859/
B11864,9629.0,2720.0,3.54,9.3,6.63,6.08,Color Change,Vivid,Eye Clean,Oval,Modified Brilliant Cut,No Enhancement,Ceylon (Sri Lanka),https://www.thenaturalsapphirecompany.com/blue-sapphires/3.54ct-ceylon-sri-lankan-oval-color-change-sapphire-b11864/
B12031,19475.0,4785.0,4.07,10.32,7.47,6.16,Blue,Vivid,Very Slightly Included,Oval,Mixed Brilliant Cut,Heat Treated,Ceylon (Sri Lanka),https://www.thenaturalsapphirecompany.com/blue-sapphires/4.07ct-ceylon-sri-lankan-oval-blue-sapphire-b12031/
S19770,3255.0,2100.0,1.55,6.53,5.72,4.52,Bluish Green,Intense,Very Slightly Included,Cushion,Mixed Brilliant Cut,Heat Treated,Montana,https://www.thenaturalsapphirecompany.com/blue-sapphires/1.55ct-montana-cushion-bluish-green-sapphire-s19770/
B12747,7617.0,2497.0,3.05,10.52,7.21,5.08,Greenish Blue,Dark,Eye Clean,Oval,Mixed Brilliant Cut,No Enhancement,Madagascar,https://www.thenaturalsapphirecompany.com/blue-sapphires/3.05ct-madagascar-oval-greenish-blue-sapphire-b12747/
U13483,14964.0,2975.0,5.03,9.89,8.77,5.41,Bluish Green,Vivid,Eye Clean,Emerald Cut,Step Cut,Heat Treated,Madagascar,https://www.thenaturalsapphirecompany.com/blue-sapphires/5.03ct-madagascar-emerald-cut-bluish-green-sapphire-u13483/
U13194,1638.0,1300.0,1.26,7.73,4.72,3.71,Greenish Blue,Intense,Eye Clean,Cushion,Mixed Brilliant Cut,Heat Treated,Montana,https://www.thenaturalsapphirecompany.com/blue-sapphires/1.26ct-montana-cushion-greenish-blue-sapphire-u13194/
U13287,9227.0,1523.0,6.06,9.96,9.25,7.44,Violet,Light,Eye Clean,Asscher - Octagon,Asscher Cut,No Enhancement,Ceylon (Sri Lanka),https://www.thenaturalsapphirecompany.com/blue-sapphires/6.06ct-ceylon-sri-lankan-asscher-octagon-violet-sapphire-u13287/
U13289,8364.0,2035.0,4.11,9.19,8.11,5.59,Greenish Blue,Vivid,Eye Clean,Emerald Cut,Step Cut,No Enhancement,Madagascar,https://www.thenaturalsapphirecompany.com/blue-sapphires/4.11ct-madagascar-emerald-cut-greenish-blue-sapphire-u13289/
U13386,979.0,720.0,1.36,5.77,5.68,4.31,Bluish Green,Intense,Eye Clean,Asscher - Octagon,Step Cut,No Enhancement,Ceylon (Sri Lanka),https://www.thenaturalsapphirecompany.com/blue-sapphires/1.36ct-ceylon-sri-lankan-asscher-octagon-bluish-green-sapphire-u13386/
U13382,1424.0,800.0,1.78,6.52,5.99,4.62,Bluish Green,Vivid,Eye Clean,Asscher - Octagon,Step Cut,No Enhancement,Ceylon (Sri Lanka),https://www.thenaturalsapphirecompany.com/blue-sapphires/1.78ct-ceylon-sri-lankan-asscher-octagon-bluish-green-sapphire-u13382/
S14433,17507.0,1650.0,10.61,13.16,10.15,7.97,Color Change,Intense,Very Slightly Included,Radiant,Radiant Cut,Heat Treated,Tanzania,https://www.thenaturalsapphirecompany.com/blue-sapphires/10.61ct-tanzanian-radiant-color-change-sapphire-s14433/
B13362,57008.0,5600.0,10.18,16.61,11.65,6.81,Blue,Vivid,Eye Clean,Pear,Mixed Brilliant Cut,Heat Treated,Ceylon (Sri Lanka),https://www.thenaturalsapphirecompany.com/blue-sapphires/10.18ct-ceylon-sri-lankan-pear-blue-sapphire-b13362/
B13372,14244.0,3570.0,3.99,11.58,7.34,4.81,Blue,Vivid,Eye Clean,Cushion,Mixed Brilliant Cut,Heat Treated,Ceylon (Sri Lanka),https://www.thenaturalsapphirecompany.com/blue-sapphires/3.99ct-ceylon-sri-lankan-cushion-blue-sapphire-b13372/
B13495,57112.0,5460.0,10.46,14.91,11.29,7.43,Blue,Vivid,Eye Clean,Oval,Mixed Brilliant Cut,Heat Treated,Ceylon (Sri Lanka),https://www.thenaturalsapphirecompany.com/blue-sapphires/10.46ct-ceylon-sri-lankan-oval-blue-sapphire-b13495/
B13588,11305.0,4250.0,2.66,7.66,7.56,5.8,Blue,Vivid,Eye Clean,Round,Mixed Brilliant Cut,Heat Treated,Ceylon (Sri Lanka),https://www.thenaturalsapphirecompany.com/blue-sapphires/2.66ct-ceylon-sri-lankan-round-blue-sapphire-b13588/
B13371,11077.0,3060.0,3.62,10.05,8.17,5.44,Blue,Vivid,Slightly Included,Oval,Mixed Brilliant Cut,Heat Treated,Ceylon (Sri Lanka),https://www.thenaturalsapphirecompany.com/blue-sapphires/3.62ct-ceylon-sri-lankan-oval-blue-sapphire-b13371/
B12999,46035.0,5813.0,7.92,13.29,9.51,6.36,Blue,Vivid,Eye Clean,Emerald Cut,Emerald Cut,Heat Treated,Ceylon (Sri Lanka),https://www.thenaturalsapphirecompany.com/blue-sapphires/7.92ct-ceylon-sri-lankan-emerald-cut-blue-sapphire-b12999/
B12945,16751.0,3960.0,4.23,9.94,8.28,6.21,Blue,Vivid,Very Slightly Included,Oval,Mixed Brilliant Cut,Heat Treated,Ceylon (Sri Lanka),https://www.thenaturalsapphirecompany.com/blue-sapphires/4.23ct-ceylon-sri-lankan-oval-blue-sapphire-b12945/
B13776,9405.0,3114.0,3.02,8.87,6.42,5.61,Blue,Medium,Eye Clean,Cushion,Mixed Brilliant Cut,No Enhancement,Ceylon (Sri Lanka),https://www.thenaturalsapphirecompany.com/blue-sapphires/3.02ct-ceylon-sri-lankan-cushion-blue-sapphire-b13776/
B13779,6133.0,2405.0,2.55,8.73,6.18,5.18,Blue,Intense,Very Slightly Included,Oval,Mixed Brilliant Cut,No Enhancement,Ceylon (Sri Lanka),https://www.thenaturalsapphirecompany.com/blue-sapphires/2.55ct-ceylon-sri-lankan-oval-blue-sapphire-b13779/
B13632,15003.0,4250.0,3.53,8.57,7.09,5.53,Blue,Vivid,Eye Clean,Emerald Cut,Emerald Cut,Heat Treated,Ceylon (Sri Lanka),https://www.thenaturalsapphirecompany.com/blue-sapphires/3.53ct-ceylon-sri-lankan-emerald-cut-blue-sapphire-b13632/
B13053,12091.0,2125.0,5.69,9.22,8.61,7.39,Blue,Vivid,Eye Clean,Cushion,Mixed Brilliant Cut,Heat Treated,Ceylon (Sri Lanka),https://www.thenaturalsapphirecompany.com/blue-sapphires/5.69ct-ceylon-sri-lankan-cushion-blue-sapphire-b13053/
B13663,6743.0,1665.0,4.05,9.55,6.98,6.47,Greenish Blue,Vivid,Very Slightly Included,Cushion,Mixed Brilliant Cut,Heat Treated,Ceylon (Sri Lanka),https://www.thenaturalsapphirecompany.com/blue-sapphires/4.05ct-ceylon-sri-lankan-cushion-greenish-blue-sapphire-b13663/
U13809,9996.0,1360.0,7.35,13.54,11.44,5.69,Greenish Blue,Vivid,Eye Clean,Oval,Mixed Brilliant Cut,Heat Treated,Ceylon (Sri Lanka),https://www.thenaturalsapphirecompany.com/blue-sapphires/7.35ct-ceylon-sri-lankan-oval-greenish-blue-sapphire-u13809/
U13810,53091.0,3118.0,17.03,15.82,12.94,8.31,Bluish Green,Vivid,Eye Clean,Radiant,Step Cut,Heat Treated,Ceylon (Sri Lanka),https://www.thenaturalsapphirecompany.com/blue-sapphires/17.03ct-ceylon-sri-lankan-radiant-bluish-green-sapphire-u13810/
U13834,1624.0,800.0,2.03,7.8,5.97,4.43,Bluish Green,Faint,Very Slightly Included,Emerald Cut,Emerald Cut,No Enhancement,Ceylon (Sri Lanka),https://www.thenaturalsapphirecompany.com/blue-sapphires/2.03ct-ceylon-sri-lankan-emerald-cut-bluish-green-sapphire-u13834/
B14050,20859.0,4042.0,5.16,12.26,9.66,5.11,Blue,Vivid,Eye Clean,Oval,Mixed Brilliant Cut,Heat Treated,Ceylon (Sri Lanka),https://www.thenaturalsapphirecompany.com/blue-sapphires/5.16ct-ceylon-sri-lankan-oval-blue-sapphire-b14050/
B14217,28419.0,4043.0,7.03,12.09,9.0,6.35,Color Change,Vivid,Eye Clean,Emerald Cut,Emerald Cut,Heat Treated,Ceylon (Sri Lanka),https://www.thenaturalsapphirecompany.com/blue-sapphires/7.03ct-ceylon-sri-lankan-emerald-cut-color-change-sapphire-b14217/
S14713,2161.0,704.0,3.07,8.35,7.46,5.26,Blue,Dark,Very Slightly Included,Asscher - Octagon,Asscher Cut,No Enhancement,Africa,https://www.thenaturalsapphirecompany.com/blue-sapphires/3.07ct-african-asscher-octagon-blue-sapphire-s14713/
S7761,47314.0,9425.0,5.02,10.9,8.18,6.26,Blue,Vivid,Very Slightly Included,Oval,Mixed Brilliant Cut,No Enhancement,Madagascar,https://www.thenaturalsapphirecompany.com/blue-sapphires/5.02ct-madagascar-oval-blue-sapphire-s7761/
S7824,55216.0,5800.0,9.52,11.82,10.41,7.9,Blue,Vivid,Very Slightly Included,Cushion,Mixed Brilliant Cut,Heat Treated,Ceylon (Sri Lanka),https://www.thenaturalsapphirecompany.com/blue-sapphires/9.52ct-ceylon-sri-lankan-cushion-blue-sapphire-s7824/
B13764,57275.0,5460.0,10.49,14.38,11.2,7.76,Blue,Intense,Eye Clean,Oval,Mixed Brilliant Cut,Heat Treated,Ceylon (Sri Lanka),https://www.thenaturalsapphirecompany.com/blue-sapphires/10.49ct-ceylon-sri-lankan-oval-blue-sapphire-b13764/
U14252,12113.0,2125.0,5.7,10.16,10.02,6.17,Color Change,Dark,Eye Clean,Asscher - Octagon,Asscher Cut,No Enhancement,Ceylon (Sri Lanka),https://www.thenaturalsapphirecompany.com/blue-sapphires/5.70ct-ceylon-sri-lankan-asscher-octagon-color-change-sapphire-u14252/
B14389,5861.0,3053.0,1.92,6.83,6.75,5.27,Blue,Intense,Eye Clean,Round,Mixed Brilliant Cut,Heat Treated,Ceylon (Sri Lanka),https://www.thenaturalsapphirecompany.com/blue-sapphires/1.92ct-ceylon-sri-lankan-round-blue-sapphire-b14389/
U14202,8805.0,1757.0,5.01,9.76,9.04,6.37,Bluish Green,Intense,Eye Clean,Cushion,Mixed Brilliant Cut,Heat Treated,Ceylon (Sri Lanka),https://www.thenaturalsapphirecompany.com/blue-sapphires/5.01ct-ceylon-sri-lankan-cushion-bluish-green-sapphire-u14202/
U14204,64260.0,2100.0,30.6,20.63,15.8,9.35,Bluish Green,Dark,Eye Clean,Emerald Cut,Step Cut,No Enhancement,Ceylon (Sri Lanka),https://www.thenaturalsapphirecompany.com/blue-sapphires/30.60ct-ceylon-sri-lankan-emerald-cut-bluish-green-sapphire-u14204/
U14205,24547.0,2393.0,10.26,15.46,10.98,7.05,Bluish Green,Vivid,Eye Clean,Oval,Mixed Brilliant Cut,Heat Treated,Ceylon (Sri Lanka),https://www.thenaturalsapphirecompany.com/blue-sapphires/10.26ct-ceylon-sri-lankan-oval-bluish-green-sapphire-u14205/
U14206,41034.0,2868.0,14.31,15.66,12.97,8.8,Bluish Green,Vivid,Eye Clean,Oval,Mixed Brilliant Cut,No Enhancement,Ceylon (Sri Lanka),https://www.thenaturalsapphirecompany.com/blue-sapphires/14.31ct-ceylon-sri-lankan-oval-bluish-green-sapphire-u14206/
U14210,13005.0,2125.0,6.12,10.51,9.54,6.17,Bluish Green,Vivid,Eye Clean,Emerald Cut,Emerald Cut,Heat Treated,Ceylon (Sri Lanka),https://www.thenaturalsapphirecompany.com/blue-sapphires/6.12ct-ceylon-sri-lankan-emerald-cut-bluish-green-sapphire-u14210/
S6880,21265.0,5940.0,3.58,9.95,8.0,5.32,Color Change,Intense,Eye Clean,Oval,Mixed Brilliant Cut,No Enhancement,Ceylon (Sri Lanka),https://www.thenaturalsapphirecompany.com/blue-sapphires/3.58ct-ceylon-sri-lankan-oval-color-change-sapphire-s6880/
S7039,4851.0,2128.0,2.28,7.18,7.15,5.05,Blue,Medium,Very Slightly Included,Cushion,Mixed Brilliant Cut,Heat Treated,Ceylon (Sri Lanka),https://www.thenaturalsapphirecompany.com/blue-sapphires/2.28ct-ceylon-sri-lankan-cushion-blue-sapphire-s7039/
S12821,13039.0,5015.0,2.6,8.4,8.22,4.68,Blue,Vivid,Eye Clean,Round,Mixed Brilliant Cut,Heat Treated,Ceylon (Sri Lanka),https://www.thenaturalsapphirecompany.com/blue-sapphires/2.60ct-ceylon-sri-lankan-round-blue-sapphire-s12821/
S7887,31220.0,2790.0,11.19,12.77,12.67,8.54,Bluish Green,Vivid,Eye Clean,Round,Mixed Brilliant Cut,No Enhancement,Madagascar,https://www.thenaturalsapphirecompany.com/blue-sapphires/11.19ct-madagascar-round-bluish-green-sapphire-s7887/
U13983,2745.0,1500.0,1.83,8.4,5.42,4.28,Bluish Green,Medium,Slightly Included,Cushion,Mixed Brilliant Cut,No Enhancement,Montana,https://www.thenaturalsapphirecompany.com/blue-sapphires/1.83ct-montana-cushion-bluish-green-sapphire-u13983/
U14120,43301.0,7440.0,5.82,10.3,7.49,7.24,Color Change,Vivid,Eye Clean,Emerald Cut,Emerald Cut,No Enhancement,Ceylon (Sri Lanka),https://www.thenaturalsapphirecompany.com/blue-sapphires/5.82ct-ceylon-sri-lankan-emerald-cut-color-change-sapphire-u14120/
S12901,4105.0,2387.0,1.72,7.16,8.32,4.2,Blue,Vivid,Very Slightly Included,Trillion,Trillion Cut,Heat Treated,Ceylon (Sri Lanka),https://www.thenaturalsapphirecompany.com/blue-sapphires/1.72ct-ceylon-sri-lankan-trillion-blue-sapphire-s12901/
U17492,1680.0,1200.0,1.4,7.34,7.44,3.96,Bluish Green,Medium,Very Slightly Included,Trillion,Trillion Cut,Heat Treated,Montana,https://www.thenaturalsapphirecompany.com/blue-sapphires/1.40ct-montana-trillion-bluish-green-sapphire-u17492/
U17494,1860.0,1200.0,1.55,7.22,7.39,4.54,Bluish Green,Intense,Very Slightly Included,Trillion,Trillion Cut,Heat Treated,Montana,https://www.thenaturalsapphirecompany.com/blue-sapphires/1.55ct-montana-trillion-bluish-green-sapphire-u17494/
U17500,5040.0,2000.0,2.52,8.82,7.04,5.41,Greenish Blue,Intense,Very Slightly Included,Oval,Mixed Brilliant Cut,Heat Treated,Montana,https://www.thenaturalsapphirecompany.com/blue-sapphires/2.52ct-montana-oval-greenish-blue-sapphire-u17500/
U17502,21060.0,3000.0,7.02,11.14,9.36,8.21,Bluish Green,Vivid,Slightly Included,Oval,Mixed Brilliant Cut,Heat Treated,Montana,https://www.thenaturalsapphirecompany.com/blue-sapphires/7.02ct-montana-oval-bluish-green-sapphire-u17502/
U10621,1924.0,1300.0,1.48,8.74,5.16,3.69,Bluish Grey,Light,Very Very Slightly Included,Cushion,Mixed Brilliant Cut,Heat Treated,Montana,https://www.thenaturalsapphirecompany.com/blue-sapphires/1.48ct-montana-cushion-bluish-grey-sapphire-u10621/
U10889,2410.0,1000.0,2.41,8.71,7.46,5.15,Violet,Intense,Very Slightly Included,Oval,Mixed Brilliant Cut,No Enhancement,Ceylon (Sri Lanka),https://www.thenaturalsapphirecompany.com/blue-sapphires/2.41ct-ceylon-sri-lankan-oval-violet-sapphire-u10889/
S8121,6505.0,2220.0,2.93,8.65,6.43,5.23,Greenish Blue,Intense,Very Slightly Included,Emerald Cut,Emerald Cut,Heat Treated,Ceylon (Sri Lanka),https://www.thenaturalsapphirecompany.com/blue-sapphires/2.93ct-ceylon-sri-lankan-emerald-cut-greenish-blue-sapphire-s8121/
U11810,1815.0,1100.0,1.65,7.01,7.16,4.49,Bluish Green,Intense,Eye Clean,Trillion,Trillion Cut,Heat Treated,Montana,https://www.thenaturalsapphirecompany.com/blue-sapphires/1.65ct-montana-trillion-bluish-green-sapphire-u11810/
U11342,7393.0,1665.0,4.44,11.22,8.55,5.32,Color Change,Vivid,Very Slightly Included,Cushion,Mixed Brilliant Cut,Heat Treated,Ceylon (Sri Lanka),https://www.thenaturalsapphirecompany.com/blue-sapphires/4.44ct-ceylon-sri-lankan-cushion-color-change-sapphire-u11342/
U11628,38735.0,5425.0,7.14,13.02,10.32,6.57,Color Change,Dark,Eye Clean,Oval,Mixed Brilliant Cut,No Enhancement,Madagascar,https://www.thenaturalsapphirecompany.com/blue-sapphires/7.14ct-madagascar-oval-color-change-sapphire-u11628/
U11629,7748.0,1110.0,6.98,11.3,9.66,6.93,Greyish Blue,Light,Very Slightly Included,Cushion,Mixed Brilliant Cut,Heat Treated,Ceylon (Sri Lanka),https://www.thenaturalsapphirecompany.com/blue-sapphires/6.98ct-ceylon-sri-lankan-cushion-greyish-blue-sapphire-u11629/
U11712,8228.0,1388.0,5.93,10.01,9.93,6.64,Bluish Green,Vivid,Eye Clean,Cushion,Mixed Brilliant Cut,No Enhancement,Australia,https://www.thenaturalsapphirecompany.com/blue-sapphires/5.93ct-australian-cushion-bluish-green-sapphire-u11712/
U11898,4144.0,1600.0,2.59,6.78,8.76,5.83,Bluish Green,Intense,Slightly Included,Fancy,Fancy Brilliant Cut,Heat Treated,Montana,https://www.thenaturalsapphirecompany.com/blue-sapphires/2.59ct-montana-fancy-bluish-green-sapphire-u11898/
U11909,6100.0,2500.0,2.44,7.37,7.64,5.93,Bluish Green,Intense,Eye Clean,Fancy,Fancy Brilliant Cut,Heat Treated,Montana,https://www.thenaturalsapphirecompany.com/blue-sapphires/2.44ct-montana-fancy-bluish-green-sapphire-u11909/
U11927,6000.0,2500.0,2.4,9.14,7.42,5.74,Bluish Green,Medium,Very Slightly Included,Fancy,Fancy Brilliant Cut,Heat Treated,Montana,https://www.thenaturalsapphirecompany.com/blue-sapphires/2.40ct-montana-fancy-bluish-green-sapphire-u11927/
U12090,6746.0,1572.0,4.29,9.47,9.32,6.06,Bluish Green,Vivid,Eye Clean,Round,Mixed Brilliant Cut,Heat Treated,Ceylon (Sri Lanka),https://www.thenaturalsapphirecompany.com/blue-sapphires/4.29ct-ceylon-sri-lankan-round-bluish-green-sapphire-u12090/
U12121,4020.0,2000.0,2.01,8.47,5.09,4.81,Greenish Blue,Intense,Very Slightly Included,Radiant,Radiant Cut,Heat Treated,Montana,https://www.thenaturalsapphirecompany.com/blue-sapphires/2.01ct-montana-radiant-greenish-blue-sapphire-u12121/
S13062,3048.0,2400.0,1.27,6.04,5.88,3.87,Blue,Vivid,Very Slightly Included,Asscher - Octagon,Asscher Cut,Heat Treated,Ceylon (Sri Lanka),https://www.thenaturalsapphirecompany.com/blue-sapphires/1.27ct-ceylon-sri-lankan-asscher-octagon-blue-sapphire-s13062/
S18726,12750.0,3400.0,3.75,9.43,7.38,5.09,Blue,Intense,Slightly Included,Radiant,Mixed Brilliant Cut,Heat Treated,Madagascar,https://www.thenaturalsapphirecompany.com/blue-sapphires/3.75ct-madagascar-radiant-blue-sapphire-s18726/
S18729,16830.0,4125.0,4.08,9.14,7.47,6.03,Blue,Intense,Eye Clean,Radiant,Radiant Cut,Heat Treated,Ceylon (Sri Lanka),https://www.thenaturalsapphirecompany.com/blue-sapphires/4.08ct-ceylon-sri-lankan-radiant-blue-sapphire-s18729/
S13416,46980.0,6525.0,7.2,10.63,10.64,7.82,Color Change,Intense,Very Slightly Included,Round,Mixed Brilliant Cut,No Enhancement,Madagascar,https://www.thenaturalsapphirecompany.com/blue-sapphires/7.20ct-madagascar-round-color-change-sapphire-s13416/
S13420,31062.0,6200.0,5.01,9.33,7.9,6.45,Color Change,Intense,Very Slightly Included,Emerald Cut,Emerald Cut,No Enhancement,Madagascar,https://www.thenaturalsapphirecompany.com/blue-sapphires/5.01ct-madagascar-emerald-cut-color-change-sapphire-s13420/
S3994,2436.0,1200.0,2.03,7.06,6.82,5.08,Bluish Green,Dark,Very Slightly Included,Round,Mixed Brilliant Cut,No Enhancement,Madagascar,https://www.thenaturalsapphirecompany.com/blue-sapphires/2.03ct-madagascar-round-bluish-green-sapphire-s3994/
S19068,14340.0,2834.0,5.06,9.33,7.8,6.72,Blue,Intense,Very Slightly Included,Radiant,Radiant Cut,No Enhancement,Ceylon (Sri Lanka),https://www.thenaturalsapphirecompany.com/blue-sapphires/5.06ct-ceylon-sri-lankan-radiant-blue-sapphire-s19068/
S13784,170.0,239.0,0.71,6.2,4.27,3.12,Greyish Blue,Faint,Slightly Included,Oval,Mixed Brilliant Cut,No Enhancement,Ceylon (Sri Lanka),https://www.thenaturalsapphirecompany.com/blue-sapphires/0.71ct-ceylon-sri-lankan-oval-greyish-blue-sapphire-s13784/
S13665,3805.0,1684.0,2.26,7.97,8.18,4.57,Blue,Intense,Very Slightly Included,Trillion,Trillion Cut,Heat Treated,Ceylon (Sri Lanka),https://www.thenaturalsapphirecompany.com/blue-sapphires/2.26ct-ceylon-sri-lankan-trillion-blue-sapphire-s13665/
S13666,1296.0,1200.0,1.08,6.62,6.6,4.33,Blue,Intense,Very Slightly Included,Trillion,Trillion Cut,Heat Treated,Ceylon (Sri Lanka),https://www.thenaturalsapphirecompany.com/blue-sapphires/1.08ct-ceylon-sri-lankan-trillion-blue-sapphire-s13666/
U16217,10880.0,1063.0,10.24,13.19,10.41,7.6,Bluish Green,Vivid,Very Very Slightly Included,Emerald Cut,Emerald Cut,No Enhancement,Madagascar,https://www.thenaturalsapphirecompany.com/blue-sapphires/10.24ct-madagascar-emerald-cut-bluish-green-sapphire-u16217/
B10933,19723.0,3217.0,6.13,12.73,9.43,6.13,Blue,Intense,Very Slightly Included,Oval,Mixed Brilliant Cut,Heat Treated,Ceylon (Sri Lanka),https://www.thenaturalsapphirecompany.com/blue-sapphires/6.13ct-ceylon-sri-lankan-oval-blue-sapphire-b10933/
S4008,12342.0,3740.0,3.3,8.4,8.16,5.11,Blue,Vivid,Eye Clean,Cushion,Mixed Brilliant Cut,Heat Treated,Ceylon (Sri Lanka),https://www.thenaturalsapphirecompany.com/blue-sapphires/3.30ct-ceylon-sri-lankan-cushion-blue-sapphire-s4008/
B17116,13230.0,2337.0,5.66,11.73,8.7,6.4,Blue,Medium,Eye Clean,Oval,Mixed Brilliant Cut,Heat Treated,Ceylon (Sri Lanka),https://www.thenaturalsapphirecompany.com/blue-sapphires/5.66ct-ceylon-sri-lankan-oval-blue-sapphire-b17116/
S7215,41990.0,4650.0,9.03,14.38,10.04,7.23,Blue,Vivid,Very Slightly Included,Fancy,Step Cut,Heat Treated,Ceylon (Sri Lanka),https://www.thenaturalsapphirecompany.com/blue-sapphires/9.03ct-ceylon-sri-lankan-fancy-blue-sapphire-s7215/
U8189,2270.0,1000.0,2.27,7.69,8.18,4.54,Purplish Blue,Intense,Very Slightly Included,Heart,Modified Brilliant Cut,No Enhancement,Ceylon (Sri Lanka),https://www.thenaturalsapphirecompany.com/blue-sapphires/2.27ct-ceylon-sri-lankan-heart-purplish-blue-sapphire-u8189/
U8233,3859.0,850.0,4.54,11.06,12.35,3.94,Greenish Blue,Dark,Eye Clean,Heart,Modified Brilliant Cut,Heat Treated,Ceylon (Sri Lanka),https://www.thenaturalsapphirecompany.com/blue-sapphires/4.54ct-ceylon-sri-lankan-heart-greenish-blue-sapphire-u8233/
B14105,12138.0,3400.0,3.57,10.33,8.79,4.67,Blue,Vivid,Very Slightly Included,Oval,Mixed Brilliant Cut,Heat Treated,Ceylon (Sri Lanka),https://www.thenaturalsapphirecompany.com/blue-sapphires/3.57ct-ceylon-sri-lankan-oval-blue-sapphire-b14105/
B14957,8585.0,2125.0,4.04,10.04,6.86,5.24,Color Change,Intense,Very Slightly Included,Radiant,Radiant Cut,No Enhancement,Ceylon (Sri Lanka),https://www.thenaturalsapphirecompany.com/blue-sapphires/4.04ct-ceylon-sri-lankan-radiant-color-change-sapphire-b14957/
B15515,21417.0,3630.0,5.9,12.46,8.93,6.02,Blue,Medium,Very Slightly Included,Oval,Mixed Brilliant Cut,No Enhancement,Ceylon (Sri Lanka),https://www.thenaturalsapphirecompany.com/blue-sapphires/5.90ct-ceylon-sri-lankan-oval-blue-sapphire-b15515/
B12285,34449.0,5425.0,6.35,10.97,10.24,6.34,Blue,Vivid,Eye Clean,Cushion,Mixed Brilliant Cut,Heat Treated,Ceylon (Sri Lanka),https://www.thenaturalsapphirecompany.com/blue-sapphires/6.35ct-ceylon-sri-lankan-cushion-blue-sapphire-b12285/
B14100,24077.0,3960.0,6.08,12.98,9.37,6.1,Blue,Intense,Very Slightly Included,Oval,Mixed Brilliant Cut,No Enhancement,Ceylon (Sri Lanka),https://www.thenaturalsapphirecompany.com/blue-sapphires/6.08ct-ceylon-sri-lankan-oval-blue-sapphire-b14100/
U7689,9072.0,2800.0,3.24,8.08,7.91,6.26,Greenish Blue,Medium,Very Slightly Included,Round,Modified Brilliant Cut,No Enhancement,Montana,https://www.thenaturalsapphirecompany.com/blue-sapphires/3.24ct-montana-round-greenish-blue-sapphire-u7689/
B14607,26565.0,5775.0,4.6,10.34,10.27,5.83,Blue,Intense,Very Slightly Included,Round,Mixed Brilliant Cut,Heat Treated,Ceylon (Sri Lanka),https://www.thenaturalsapphirecompany.com/blue-sapphires/4.60ct-ceylon-sri-lankan-round-blue-sapphire-b14607/
B14689,12322.0,4080.0,3.02,9.37,8.15,5.24,Blue,Vivid,Very Slightly Included,Oval,Mixed Brilliant Cut,Heat Treated,Ceylon (Sri Lanka),https://www.thenaturalsapphirecompany.com/blue-sapphires/3.02ct-ceylon-sri-lankan-oval-blue-sapphire-b14689/
B14468,6200.0,2000.0,3.1,9.99,6.98,4.98,Blue,Intense,Very Slightly Included,Oval,Mixed Brilliant Cut,No Enhancement,Ceylon (Sri Lanka),https://www.thenaturalsapphirecompany.com/blue-sapphires/3.10ct-ceylon-sri-lankan-oval-blue-sapphire-b14468/
B14638,11967.0,3315.0,3.61,8.37,8.31,6.16,Blue,Intense,Eye Clean,Round,Mixed Brilliant Cut,Heat Treated,Ceylon (Sri Lanka),https://www.thenaturalsapphirecompany.com/blue-sapphires/3.61ct-ceylon-sri-lankan-round-blue-sapphire-b14638/
B14618,1643.0,990.0,1.66,7.38,7.73,4.25,Bluish Green,Dark,Eye Clean,Fancy,Step Cut,Heat Treated,Ceylon (Sri Lanka),https://www.thenaturalsapphirecompany.com/blue-sapphires/1.66ct-ceylon-sri-lankan-fancy-bluish-green-sapphire-b14618/
B15387,1750.0,1296.0,1.35,6.74,5.44,3.98,Blue,Medium,Very Slightly Included,Cushion,Mixed Brilliant Cut,No Enhancement,Ceylon (Sri Lanka),https://www.thenaturalsapphirecompany.com/blue-sapphires/1.35ct-ceylon-sri-lankan-cushion-blue-sapphire-b15387/
U16219,5023.0,1388.0,3.62,7.98,10.91,5.7,Bluish Green,Vivid,Very Slightly Included,Fancy,Step Cut,Heat Treated,Madagascar,https://www.thenaturalsapphirecompany.com/blue-sapphires/3.62ct-madagascar-fancy-bluish-green-sapphire-u16219/
B14938,5100.0,3423.0,1.49,6.6,5.5,4.44,Blue,Vivid,Very Slightly Included,Cushion,Mixed Brilliant Cut,No Enhancement,Ceylon (Sri Lanka),https://www.thenaturalsapphirecompany.com/blue-sapphires/1.49ct-ceylon-sri-lankan-cushion-blue-sapphire-b14938/
B15431,6831.0,3237.0,2.11,7.15,7.06,5.39,Blue,Vivid,Eye Clean,Round,Mixed Brilliant Cut,Heat Treated,Ceylon (Sri Lanka),https://www.thenaturalsapphirecompany.com/blue-sapphires/2.11ct-ceylon-sri-lankan-round-blue-sapphire-b15431/
B15432,20700.0,3000.0,6.9,11.63,10.27,7.82,Blue,Vivid,Eye Clean,Oval,Mixed Brilliant Cut,Heat Treated,Montana,https://www.thenaturalsapphirecompany.com/blue-sapphires/6.90ct-montana-oval-blue-sapphire-b15432/
B15445,8043.0,3423.0,2.35,7.26,7.22,5.52,Blue,Vivid,Very Slightly Included,Round,Mixed Brilliant Cut,Heat Treated,Ceylon (Sri Lanka),https://www.thenaturalsapphirecompany.com/blue-sapphires/2.35ct-ceylon-sri-lankan-round-blue-sapphire-b15445/
B15455,36196.0,6510.0,5.56,9.33,9.29,6.85,Blue,Intense,Eye Clean,Cushion,Mixed Brilliant Cut,Heat Treated,Ceylon (Sri Lanka),https://www.thenaturalsapphirecompany.com/blue-sapphires/5.56ct-ceylon-sri-lankan-cushion-blue-sapphire-b15455/
B17163,8186.0,2775.0,2.95,9.99,6.35,5.86,Blue,Vivid,Very Slightly Included,Pear,Mixed Brilliant Cut,Heat Treated,Ceylon (Sri Lanka),https://www.thenaturalsapphirecompany.com/blue-sapphires/2.95ct-ceylon-sri-lankan-pear-blue-sapphire-b17163/
B15039,2889.0,2700.0,1.07,5.76,5.48,3.54,Blue,Intense,Eye Clean,Asscher - Octagon,Asscher Cut,Heat Treated,Ceylon (Sri Lanka),https://www.thenaturalsapphirecompany.com/blue-sapphires/1.07ct-ceylon-sri-lankan-asscher-octagon-blue-sapphire-b15039/
B15202,4040.0,2220.0,1.82,7.45,5.66,4.62,Blue,Vivid,Eye Clean,Cushion,Mixed Brilliant Cut,Heat Treated,Ceylon (Sri Lanka),https://www.thenaturalsapphirecompany.com/blue-sapphires/1.82ct-ceylon-sri-lankan-cushion-blue-sapphire-b15202/
B14868,6838.0,4070.0,1.68,6.85,6.77,4.37,Blue,Vivid,Very Slightly Included,Round,Mixed Brilliant Cut,No Enhancement,Ceylon (Sri Lanka),https://www.thenaturalsapphirecompany.com/blue-sapphires/1.68ct-ceylon-sri-lankan-round-blue-sapphire-b14868/
B14979,2943.0,2700.0,1.09,5.81,5.72,3.87,Blue,Intense,Eye Clean,Round,Mixed Brilliant Cut,Heat Treated,Ceylon (Sri Lanka),https://www.thenaturalsapphirecompany.com/blue-sapphires/1.09ct-ceylon-sri-lankan-round-blue-sapphire-b14979/
B15006,28817.0,5775.0,4.99,12.06,9.4,5.17,Blue,Vivid,Eye Clean,Oval,Mixed Brilliant Cut,Heat Treated,Ceylon (Sri Lanka),https://www.thenaturalsapphirecompany.com/blue-sapphires/4.99ct-ceylon-sri-lankan-oval-blue-sapphire-b15006/
S20538,2356.0,1900.0,1.24,5.96,5.89,3.88,Blue,Light,Eye Clean,Asscher - Octagon,Asscher Cut,Heat Treated,Ceylon (Sri Lanka),https://www.thenaturalsapphirecompany.com/blue-sapphires/1.24ct-ceylon-sri-lankan-asscher-octagon-blue-sapphire-s20538/
B15318,20178.0,3800.0,5.31,10.79,8.28,7.02,Blue,Intense,Very Slightly Included,Oval,Mixed Brilliant Cut,No Enhancement,Ceylon (Sri Lanka),https://www.thenaturalsapphirecompany.com/blue-sapphires/5.31ct-ceylon-sri-lankan-oval-blue-sapphire-b15318/
B15514,5384.0,2775.0,1.94,7.59,7.53,4.16,Blue,Intense,Very Slightly Included,Round,Mixed Brilliant Cut,No Enhancement,Ceylon (Sri Lanka),https://www.thenaturalsapphirecompany.com/blue-sapphires/1.94ct-ceylon-sri-lankan-round-blue-sapphire-b15514/
B15312,7860.0,3000.0,2.62,7.69,7.57,5.33,Blue,Intense,Very Slightly Included,Round,Mixed Brilliant Cut,No Enhancement,Ceylon (Sri Lanka),https://www.thenaturalsapphirecompany.com/blue-sapphires/2.62ct-ceylon-sri-lankan-round-blue-sapphire-b15312/
S20526,2527.0,1900.0,1.33,5.97,5.92,3.96,Blue,Medium,Very Very Slightly Included,Asscher - Octagon,Asscher Cut,Heat Treated,Ceylon (Sri Lanka),https://www.thenaturalsapphirecompany.com/blue-sapphires/1.33ct-ceylon-sri-lankan-asscher-octagon-blue-sapphire-s20526/
S20530,2888.0,1900.0,1.52,5.93,5.9,4.6,Purplish Blue,Medium,Very Slightly Included,Asscher - Octagon,Asscher Cut,Heat Treated,Ceylon (Sri Lanka),https://www.thenaturalsapphirecompany.com/blue-sapphires/1.52ct-ceylon-sri-lankan-asscher-octagon-purplish-blue-sapphire-s20530/
B15188,33852.0,5425.0,6.24,11.63,9.36,6.82,Blue,Vivid,Eye Clean,Cushion,Mixed Brilliant Cut,Heat Treated,Ceylon (Sri Lanka),https://www.thenaturalsapphirecompany.com/blue-sapphires/6.24ct-ceylon-sri-lankan-cushion-blue-sapphire-b15188/
B15803,2856.0,1700.0,1.68,6.85,5.5,4.95,Blue,Intense,Very Slightly Included,Radiant,Radiant Cut,Heat Treated,Montana,https://www.thenaturalsapphirecompany.com/blue-sapphires/1.68ct-montana-radiant-blue-sapphire-b15803/
B15808,3746.0,2775.0,1.35,6.9,6.87,3.9,Blue,Intense,Eye Clean,Round,Mixed Brilliant Cut,Heat Treated,Ceylon (Sri Lanka),https://www.thenaturalsapphirecompany.com/blue-sapphires/1.35ct-ceylon-sri-lankan-round-blue-sapphire-b15808/
B15809,3907.0,3052.0,1.28,6.2,6.12,4.27,Blue,Intense,Eye Clean,Round,Mixed Brilliant Cut,Heat Treated,Ceylon (Sri Lanka),https://www.thenaturalsapphirecompany.com/blue-sapphires/1.28ct-ceylon-sri-lankan-round-blue-sapphire-b15809/
B15819,40500.0,4495.0,9.01,12.86,9.65,7.35,Blue,Intense,Very Slightly Included,Emerald Cut,Emerald Cut,Heat Treated,Ceylon (Sri Lanka),https://www.thenaturalsapphirecompany.com/blue-sapphires/9.01ct-ceylon-sri-lankan-emerald-cut-blue-sapphire-b15819/
B15488,7530.0,3423.0,2.2,9.06,6.27,4.54,Blue,Intense,Eye Clean,Oval,Mixed Brilliant Cut,Heat Treated,Ceylon (Sri Lanka),https://www.thenaturalsapphirecompany.com/blue-sapphires/2.20ct-ceylon-sri-lankan-oval-blue-sapphire-b15488/
B15501,13954.0,4590.0,3.04,10.88,8.02,4.5,Blue,Vivid,Eye Clean,Pear,Mixed Brilliant Cut,Heat Treated,Ceylon (Sri Lanka),https://www.thenaturalsapphirecompany.com/blue-sapphires/3.04ct-ceylon-sri-lankan-pear-blue-sapphire-b15501/
B15745,12118.0,3740.0,3.24,8.84,8.69,5.58,Blue,Vivid,Eye Clean,Round,Mixed Brilliant Cut,Heat Treated,Ceylon (Sri Lanka),https://www.thenaturalsapphirecompany.com/blue-sapphires/3.24ct-ceylon-sri-lankan-round-blue-sapphire-b15745/
B15747,18404.0,3630.0,5.07,11.52,9.24,5.83,Blue,Medium,Eye Clean,Oval,Mixed Brilliant Cut,Heat Treated,Ceylon (Sri Lanka),https://www.thenaturalsapphirecompany.com/blue-sapphires/5.07ct-ceylon-sri-lankan-oval-blue-sapphire-b15747/
B15882,5844.0,3607.0,1.62,7.02,6.91,4.67,Blue,Intense,Eye Clean,Round,Mixed Brilliant Cut,Heat Treated,Ceylon (Sri Lanka),https://www.thenaturalsapphirecompany.com/blue-sapphires/1.62ct-ceylon-sri-lankan-round-blue-sapphire-b15882/
B15887,10475.0,3315.0,3.16,9.24,7.36,4.76,Blue,Vivid,Very Slightly Included,Cushion,Mixed Brilliant Cut,Heat Treated,Ceylon (Sri Lanka),https://www.thenaturalsapphirecompany.com/blue-sapphires/3.16ct-ceylon-sri-lankan-cushion-blue-sapphire-b15887/
B15891,20872.0,4125.0,5.06,11.47,9.36,5.52,Blue,Vivid,Eye Clean,Oval,Mixed Brilliant Cut,Heat Treated,Ceylon (Sri Lanka),https://www.thenaturalsapphirecompany.com/blue-sapphires/5.06ct-ceylon-sri-lankan-oval-blue-sapphire-b15891/
S15190,25534.0,4125.0,6.19,10.53,8.44,6.69,Color Change,Intense,Very Very Slightly Included,Emerald Cut,Emerald Cut,No Enhancement,Ceylon (Sri Lanka),https://www.thenaturalsapphirecompany.com/blue-sapphires/6.19ct-ceylon-sri-lankan-emerald-cut-color-change-sapphire-s15190/
B15860,10426.0,3750.0,2.78,9.18,7.35,5.07,Blue,Intense,Very Slightly Included,Oval,Mixed Brilliant Cut,No Enhancement,Ceylon (Sri Lanka),https://www.thenaturalsapphirecompany.com/blue-sapphires/2.78ct-ceylon-sri-lankan-oval-blue-sapphire-b15860/
B15834,8632.0,2849.0,3.03,10.49,6.78,5.61,Blue,Vivid,Eye Clean,Pear,Mixed Brilliant Cut,Heat Treated,Ceylon (Sri Lanka),https://www.thenaturalsapphirecompany.com/blue-sapphires/3.03ct-ceylon-sri-lankan-pear-blue-sapphire-b15834/
B15772,5098.0,3053.0,1.67,8.0,6.04,3.97,Blue,Vivid,Very Slightly Included,Cushion,Mixed Brilliant Cut,Heat Treated,Ceylon (Sri Lanka),https://www.thenaturalsapphirecompany.com/blue-sapphires/1.67ct-ceylon-sri-lankan-cushion-blue-sapphire-b15772/
S15199,5617.0,2220.0,2.53,8.12,7.39,4.48,Color Change,Intense,Very Slightly Included,Asscher - Octagon,Asscher Cut,Heat Treated,Tanzania,https://www.thenaturalsapphirecompany.com/blue-sapphires/2.53ct-tanzanian-asscher-octagon-color-change-sapphire-s15199/
S8340,15470.0,4250.0,3.64,9.13,9.06,5.44,Blue,Vivid,Very Slightly Included,Round,Mixed Brilliant Cut,Heat Treated,Ceylon (Sri Lanka),https://www.thenaturalsapphirecompany.com/blue-sapphires/3.64ct-ceylon-sri-lankan-round-blue-sapphire-s8340/
U14586,16662.0,2295.0,7.26,11.92,9.35,6.45,Bluish Green,Vivid,Eye Clean,Radiant,Radiant Cut,No Enhancement,Ceylon (Sri Lanka),https://www.thenaturalsapphirecompany.com/blue-sapphires/7.26ct-ceylon-sri-lankan-radiant-bluish-green-sapphire-u14586/
B12788,2489.0,1900.0,1.31,6.91,7.26,3.99,Blue,Vivid,Very Slightly Included,Trillion,Trillion Cut,Heat Treated,Thailand,https://www.thenaturalsapphirecompany.com/blue-sapphires/1.31ct-thai-trillion-blue-sapphire-b12788/
B14281,10924.0,3570.0,3.06,8.48,8.34,5.62,Blue,Vivid,Eye Clean,Round,Mixed Brilliant Cut,Heat Treated,Ceylon (Sri Lanka),https://www.thenaturalsapphirecompany.com/blue-sapphires/3.06ct-ceylon-sri-lankan-round-blue-sapphire-b14281/
B14632,8664.0,3885.0,2.23,7.47,7.4,5.03,Blue,Vivid,Eye Clean,Round,Mixed Brilliant Cut,Heat Treated,Ceylon (Sri Lanka),https://www.thenaturalsapphirecompany.com/blue-sapphires/2.23ct-ceylon-sri-lankan-round-blue-sapphire-b14632/
S15228,8849.0,2550.0,3.47,7.69,7.51,5.82,Color Change,Intense,Very Slightly Included,Asscher - Octagon,Asscher Cut,No Enhancement,Tanzania,https://www.thenaturalsapphirecompany.com/blue-sapphires/3.47ct-tanzanian-asscher-octagon-color-change-sapphire-s15228/
B15971,14321.0,2040.0,7.02,13.01,9.51,6.1,Purplish Blue,Light,Eye Clean,Emerald Cut,Emerald Cut,Heat Treated,Ceylon (Sri Lanka),https://www.thenaturalsapphirecompany.com/blue-sapphires/7.02ct-ceylon-sri-lankan-emerald-cut-purplish-blue-sapphire-b15971/
B15892,33310.0,5425.0,6.14,12.09,9.37,6.64,Blue,Vivid,Eye Clean,Oval,Mixed Brilliant Cut,Heat Treated,Ceylon (Sri Lanka),https://www.thenaturalsapphirecompany.com/blue-sapphires/6.14ct-ceylon-sri-lankan-oval-blue-sapphire-b15892/
B15900,15875.0,3910.0,4.06,9.78,9.72,5.08,Blue,Vivid,Very Slightly Included,Round,Mixed Brilliant Cut,Heat Treated,Ceylon (Sri Lanka),https://www.thenaturalsapphirecompany.com/blue-sapphires/4.06ct-ceylon-sri-lankan-round-blue-sapphire-b15900/
S8368,49068.0,6525.0,7.52,11.64,10.99,7.15,Blue,Vivid,Very Slightly Included,Cushion,Mixed Brilliant Cut,Heat Treated,Ceylon (Sri Lanka),https://www.thenaturalsapphirecompany.com/blue-sapphires/7.52ct-ceylon-sri-lankan-cushion-blue-sapphire-s8368/
B15911,12410.0,3400.0,3.65,8.7,7.48,5.9,Blue,Vivid,Eye Clean,Cushion,Mixed Brilliant Cut,Heat Treated,Ceylon (Sri Lanka),https://www.thenaturalsapphirecompany.com/blue-sapphires/3.65ct-ceylon-sri-lankan-cushion-blue-sapphire-b15911/
S11967,3804.0,1874.0,2.03,7.07,6.89,4.61,Blue,Vivid,Eye Clean,Round,Mixed Brilliant Cut,Heat Treated,Ceylon (Sri Lanka),https://www.thenaturalsapphirecompany.com/blue-sapphires/2.03ct-ceylon-sri-lankan-round-blue-sapphire-s11967/
S8246,26611.0,5280.0,5.04,11.53,9.16,5.36,Blue,Vivid,Slightly Included,Cushion,Mixed Brilliant Cut,Heat Treated,Ceylon (Sri Lanka),https://www.thenaturalsapphirecompany.com/blue-sapphires/5.04ct-ceylon-sri-lankan-cushion-blue-sapphire-s8246/
S12226,5239.0,2729.0,1.92,7.38,7.28,4.48,Blue,Vivid,Eye Clean,Round,Mixed Brilliant Cut,Heat Treated,Ceylon (Sri Lanka),https://www.thenaturalsapphirecompany.com/blue-sapphires/1.92ct-ceylon-sri-lankan-round-blue-sapphire-s12226/
S12421,370.0,1000.0,0.37,4.88,5.38,2.16,Blue,Medium,Very Slightly Included,Fancy,Step Cut,Heat Treated,Ceylon (Sri Lanka),https://www.thenaturalsapphirecompany.com/blue-sapphires/0.37ct-ceylon-sri-lankan-fancy-blue-sapphire-s12421/
S3935,5202.0,3422.0,1.52,6.52,6.47,4.79,Blue,Vivid,Very Slightly Included,Round,Mixed Brilliant Cut,Heat Treated,Ceylon (Sri Lanka),https://www.thenaturalsapphirecompany.com/blue-sapphires/1.52ct-ceylon-sri-lankan-round-blue-sapphire-s3935/
S12638,46632.0,5800.0,8.04,12.13,10.44,6.64,Blue,Vivid,Eye Clean,Cushion,Mixed Brilliant Cut,Heat Treated,Ceylon (Sri Lanka),https://www.thenaturalsapphirecompany.com/blue-sapphires/8.04ct-ceylon-sri-lankan-cushion-blue-sapphire-s12638/
S12537,16034.0,6120.0,2.62,8.15,8.11,5.4,Blue,Vivid,Eye Clean,Round,Mixed Brilliant Cut,Heat Treated,Ceylon (Sri Lanka),https://www.thenaturalsapphirecompany.com/blue-sapphires/2.62ct-ceylon-sri-lankan-round-blue-sapphire-s12537/
S12527,5088.0,4070.0,1.25,6.08,6.05,4.33,Blue,Vivid,Eye Clean,Round,Mixed Brilliant Cut,Heat Treated,Ceylon (Sri Lanka),https://www.thenaturalsapphirecompany.com/blue-sapphires/1.25ct-ceylon-sri-lankan-round-blue-sapphire-s12527/
S11809,44521.0,5510.0,8.08,11.21,10.82,7.39,Blue,Vivid,Eye Clean,Cushion,Mixed Brilliant Cut,Heat Treated,Madagascar,https://www.thenaturalsapphirecompany.com/blue-sapphires/8.08ct-madagascar-cushion-blue-sapphire-s11809/
S11894,42268.0,6975.0,6.06,10.56,10.38,6.42,Blue,Vivid,Eye Clean,Cushion,Mixed Brilliant Cut,Heat Treated,Ceylon (Sri Lanka),https://www.thenaturalsapphirecompany.com/blue-sapphires/6.06ct-ceylon-sri-lankan-cushion-blue-sapphire-s11894/
S11895,3900.0,3000.0,1.3,6.87,6.85,3.69,Blue,Dark,Eye Clean,Round,Mixed Brilliant Cut,Heat Treated,Ceylon (Sri Lanka),https://www.thenaturalsapphirecompany.com/blue-sapphires/1.30ct-ceylon-sri-lankan-round-blue-sapphire-s11895/
S11969,6441.0,3053.0,2.11,7.71,7.58,4.52,Blue,Vivid,Very Slightly Included,Round,Mixed Brilliant Cut,Heat Treated,Ceylon (Sri Lanka),https://www.thenaturalsapphirecompany.com/blue-sapphires/2.11ct-ceylon-sri-lankan-round-blue-sapphire-s11969/
S9545,15693.0,2890.0,5.43,10.8,10.69,6.31,Blue,Medium,Eye Clean,Round,Mixed Brilliant Cut,Heat Treated,Ceylon (Sri Lanka),https://www.thenaturalsapphirecompany.com/blue-sapphires/5.43ct-ceylon-sri-lankan-round-blue-sapphire-s9545/
S11630,34906.0,6200.0,5.63,10.39,9.19,6.57,Blue,Vivid,Eye Clean,Cushion,Mixed Brilliant Cut,Heat Treated,Ceylon (Sri Lanka),https://www.thenaturalsapphirecompany.com/blue-sapphires/5.63ct-ceylon-sri-lankan-cushion-blue-sapphire-s11630/
S11319,31349.0,6171.0,5.08,10.51,7.67,6.58,Blue,Intense,Very Slightly Included,Cushion,Mixed Brilliant Cut,No Enhancement,Ceylon (Sri Lanka),https://www.thenaturalsapphirecompany.com/blue-sapphires/5.08ct-ceylon-sri-lankan-cushion-blue-sapphire-s11319/
S3572,2999.0,1224.0,2.45,10.95,7.22,3.85,Color Change,Intense,Very Slightly Included,Pear,Mixed Brilliant Cut,No Enhancement,Ceylon (Sri Lanka),https://www.thenaturalsapphirecompany.com/blue-sapphires/2.45ct-ceylon-sri-lankan-pear-color-change-sapphire-s3572/
S6427,2280.0,1200.0,1.9,7.3,7.15,4.75,Greenish Blue,Intense,Eye Clean,Round,Mixed Brilliant Cut,No Enhancement,Madagascar,https://www.thenaturalsapphirecompany.com/blue-sapphires/1.90ct-madagascar-round-greenish-blue-sapphire-s6427/
U17268,2754.0,1350.0,2.04,8.26,7.1,4.1,Greenish Blue,Dark,Very Slightly Included,Oval,Mixed Brilliant Cut,Heat Treated,Ceylon (Sri Lanka),https://www.thenaturalsapphirecompany.com/blue-sapphires/2.04ct-ceylon-sri-lankan-oval-greenish-blue-sapphire-u17268/
U10437,1035.0,1150.0,0.9,5.65,5.58,4.06,Greenish Blue,Intense,Very Slightly Included,Round,Mixed Brilliant Cut,Heat Treated,Montana,https://www.thenaturalsapphirecompany.com/blue-sapphires/0.90ct-montana-round-greenish-blue-sapphire-u10437/
S6874,11206.0,5440.0,2.06,7.33,7.21,4.65,Blue,Intense,Eye Clean,Round,Mixed Brilliant Cut,No Enhancement,Ceylon (Sri Lanka),https://www.thenaturalsapphirecompany.com/blue-sapphires/2.06ct-ceylon-sri-lankan-round-blue-sapphire-s6874/
S6754,3335.0,2900.0,1.15,6.12,6.11,3.83,Blue,Vivid,Very Slightly Included,Round,Mixed Brilliant Cut,Heat Treated,Ceylon (Sri Lanka),https://www.thenaturalsapphirecompany.com/blue-sapphires/1.15ct-ceylon-sri-lankan-round-blue-sapphire-s6754/
S6894,11388.0,2805.0,4.06,9.75,9.66,5.46,Greyish Blue,Medium,Eye Clean,Round,Mixed Brilliant Cut,Heat Treated,Madagascar,https://www.thenaturalsapphirecompany.com/blue-sapphires/4.06ct-madagascar-round-greyish-blue-sapphire-s6894/
S6997,10353.0,2550.0,4.06,10.45,8.5,4.86,Violet,Medium,Very Slightly Included,Cushion,Mixed Brilliant Cut,No Enhancement,Ceylon (Sri Lanka),https://www.thenaturalsapphirecompany.com/blue-sapphires/4.06ct-ceylon-sri-lankan-cushion-violet-sapphire-s6997/
S10161,5098.0,3053.0,1.67,6.49,6.45,4.86,Blue,Intense,Very Slightly Included,Round,Mixed Brilliant Cut,Heat Treated,Ceylon (Sri Lanka),https://www.thenaturalsapphirecompany.com/blue-sapphires/1.67ct-ceylon-sri-lankan-round-blue-sapphire-s10161/
B10256,8730.0,3000.0,2.91,7.78,7.65,6.14,Blue,Vivid,Very Slightly Included,Round,Mixed Brilliant Cut,Heat Treated,Ceylon (Sri Lanka),https://www.thenaturalsapphirecompany.com/blue-sapphires/2.91ct-ceylon-sri-lankan-round-blue-sapphire-b10256/
S9412,5267.0,3608.0,1.46,6.5,6.43,4.54,Blue,Vivid,Eye Clean,Round,Mixed Brilliant Cut,Heat Treated,Ceylon (Sri Lanka),https://www.thenaturalsapphirecompany.com/blue-sapphires/1.46ct-ceylon-sri-lankan-round-blue-sapphire-s9412/
S9411,6878.0,4070.0,1.69,7.04,7.0,4.44,Blue,Vivid,Eye Clean,Round,Mixed Brilliant Cut,Heat Treated,Ceylon (Sri Lanka),https://www.thenaturalsapphirecompany.com/blue-sapphires/1.69ct-ceylon-sri-lankan-round-blue-sapphire-s9411/
S9415,3799.0,3423.0,1.11,6.05,6.02,3.84,Blue,Vivid,Eye Clean,Round,Mixed Brilliant Cut,Heat Treated,Ceylon (Sri Lanka),https://www.thenaturalsapphirecompany.com/blue-sapphires/1.11ct-ceylon-sri-lankan-round-blue-sapphire-s9415/
S9416,3700.0,3700.0,1.0,5.81,5.74,3.94,Blue,Vivid,Eye Clean,Round,Mixed Brilliant Cut,Heat Treated,Ceylon (Sri Lanka),https://www.thenaturalsapphirecompany.com/blue-sapphires/1.00ct-ceylon-sri-lankan-round-blue-sapphire-s9416/
S3672,3828.0,2200.0,1.74,7.47,7.28,4.36,Greenish Blue,Intense,Very Slightly Included,Round,Mixed Brilliant Cut,Heat Treated,Thailand,https://www.thenaturalsapphirecompany.com/blue-sapphires/1.74ct-thai-round-greenish-blue-sapphire-s3672/
S10688,7093.0,3330.0,2.13,7.35,7.29,5.13,Blue,Vivid,Eye Clean,Round,Mixed Brilliant Cut,Heat Treated,Ceylon (Sri Lanka),https://www.thenaturalsapphirecompany.com/blue-sapphires/2.13ct-ceylon-sri-lankan-round-blue-sapphire-s10688/
S5068,1677.0,1300.0,1.29,7.06,8.49,4.22,Bluish Green,Medium,Very Slightly Included,Fancy,Step Cut,No Enhancement,Montana,https://www.thenaturalsapphirecompany.com/blue-sapphires/1.29ct-montana-fancy-bluish-green-sapphire-s5068/
S9367,6840.0,2682.0,2.55,8.28,8.21,4.45,Blue,Intense,Very Slightly Included,Round,Mixed Brilliant Cut,Heat Treated,Ceylon (Sri Lanka),https://www.thenaturalsapphirecompany.com/blue-sapphires/2.55ct-ceylon-sri-lankan-round-blue-sapphire-s9367/
S9410,6241.0,3608.0,1.73,6.98,6.95,4.74,Blue,Vivid,Eye Clean,Round,Mixed Brilliant Cut,Heat Treated,Ceylon (Sri Lanka),https://www.thenaturalsapphirecompany.com/blue-sapphires/1.73ct-ceylon-sri-lankan-round-blue-sapphire-s9410/
S9302,8140.0,4070.0,2.0,7.1,7.06,4.78,Blue,Vivid,Eye Clean,Round,Mixed Brilliant Cut,Heat Treated,Ceylon (Sri Lanka),https://www.thenaturalsapphirecompany.com/blue-sapphires/2.00ct-ceylon-sri-lankan-round-blue-sapphire-s9302/
B15877,4823.0,3053.0,1.58,6.65,6.57,3.96,Blue,Vivid,Eye Clean,Cushion,Mixed Brilliant Cut,Heat Treated,Ceylon (Sri Lanka),https://www.thenaturalsapphirecompany.com/blue-sapphires/1.58ct-ceylon-sri-lankan-cushion-blue-sapphire-b15877/
U15293,5580.0,2000.0,2.79,9.42,8.85,5.39,Greenish Blue,Faint,Very Slightly Included,Fancy,Fancy Brilliant Cut,No Enhancement,Montana,https://www.thenaturalsapphirecompany.com/blue-sapphires/2.79ct-montana-fancy-greenish-blue-sapphire-u15293/
S8494,6423.0,2960.0,2.17,7.94,7.75,4.07,Blue,Vivid,Eye Clean,Round,Mixed Brilliant Cut,Heat Treated,Ceylon (Sri Lanka),https://www.thenaturalsapphirecompany.com/blue-sapphires/2.17ct-ceylon-sri-lankan-round-blue-sapphire-s8494/
S8498,7227.0,2812.0,2.57,8.33,8.05,4.53,Blue,Vivid,Very Slightly Included,Round,Mixed Brilliant Cut,Heat Treated,Ceylon (Sri Lanka),https://www.thenaturalsapphirecompany.com/blue-sapphires/2.57ct-ceylon-sri-lankan-round-blue-sapphire-s8498/
S9423,8256.0,3238.0,2.55,7.84,7.77,5.29,Blue,Intense,Very Slightly Included,Round,Mixed Brilliant Cut,Heat Treated,Ceylon (Sri Lanka),https://www.thenaturalsapphirecompany.com/blue-sapphires/2.55ct-ceylon-sri-lankan-round-blue-sapphire-s9423/
B17463,5698.0,3238.0,1.76,7.64,6.02,4.22,Blue,Vivid,Eye Clean,Cushion,Mixed Brilliant Cut,Heat Treated,Ceylon (Sri Lanka),https://www.thenaturalsapphirecompany.com/blue-sapphires/1.76ct-ceylon-sri-lankan-cushion-blue-sapphire-b17463/
B17103,26240.0,4703.0,5.58,11.61,9.33,6.02,Blue,Vivid,Eye Clean,Oval,Mixed Brilliant Cut,Heat Treated,Madagascar,https://www.thenaturalsapphirecompany.com/blue-sapphires/5.58ct-madagascar-oval-blue-sapphire-b17103/
S8482,47785.0,9425.0,5.07,11.62,8.08,5.9,Blue,Medium,Eye Clean,Oval,Mixed Brilliant Cut,No Enhancement,Ceylon (Sri Lanka),https://www.thenaturalsapphirecompany.com/blue-sapphires/5.07ct-ceylon-sri-lankan-oval-blue-sapphire-s8482/
B17569,4662.0,1665.0,2.8,9.49,6.38,4.61,Blue,Intense,Eye Clean,Oval,Mixed Brilliant Cut,Heat Treated,Ceylon (Sri Lanka),https://www.thenaturalsapphirecompany.com/blue-sapphires/2.80ct-ceylon-sri-lankan-oval-blue-sapphire-b17569/
B17474,3920.0,3500.0,1.12,5.9,5.85,4.16,Blue,Vivid,Eye Clean,Round,Mixed Brilliant Cut,Heat Treated,Ceylon (Sri Lanka),https://www.thenaturalsapphirecompany.com/blue-sapphires/1.12ct-ceylon-sri-lankan-round-blue-sapphire-b17474/
B8302,9240.0,2800.0,3.3,8.94,7.21,5.72,Blue,Intense,Very Slightly Included,Oval,Mixed Brilliant Cut,No Enhancement,Ceylon (Sri Lanka),https://www.thenaturalsapphirecompany.com/blue-sapphires/3.30ct-ceylon-sri-lankan-oval-blue-sapphire-b8302/
B8078,1261.0,1433.0,0.88,5.85,5.76,3.72,Greenish Blue,Intense,Slightly Included,Round,Brilliant Cut,Heat Treated,Montana,https://www.thenaturalsapphirecompany.com/blue-sapphires/0.88ct-montana-round-greenish-blue-sapphire-b8078/
B16179,4579.0,1388.0,3.3,8.91,7.13,5.52,Blue,Intense,Very Slightly Included,Oval,Mixed Brilliant Cut,Heat Treated,Ceylon (Sri Lanka),https://www.thenaturalsapphirecompany.com/blue-sapphires/3.30ct-ceylon-sri-lankan-oval-blue-sapphire-b16179/
B16180,5211.0,1665.0,3.13,9.67,7.19,4.71,Blue,Intense,Very Slightly Included,Oval,Mixed Brilliant Cut,Heat Treated,Ceylon (Sri Lanka),https://www.thenaturalsapphirecompany.com/blue-sapphires/3.13ct-ceylon-sri-lankan-oval-blue-sapphire-b16180/
S8356,8757.0,1445.0,6.06,10.81,9.4,6.44,Greenish Blue,Vivid,Eye Clean,Cushion,Mixed Brilliant Cut,No Enhancement,Madagascar,https://www.thenaturalsapphirecompany.com/blue-sapphires/6.06ct-madagascar-cushion-greenish-blue-sapphire-s8356/
S8344,31185.0,5775.0,5.4,10.63,10.58,5.63,Blue,Vivid,Eye Clean,Cushion,Mixed Brilliant Cut,Heat Treated,Madagascar,https://www.thenaturalsapphirecompany.com/blue-sapphires/5.40ct-madagascar-cushion-blue-sapphire-s8344/
S8176,5911.0,2081.0,2.84,10.03,7.6,3.75,Greenish Blue,Medium,Very Slightly Included,Emerald Cut,Emerald Cut,No Enhancement,Ceylon (Sri Lanka),https://www.thenaturalsapphirecompany.com/blue-sapphires/2.84ct-ceylon-sri-lankan-emerald-cut-greenish-blue-sapphire-s8176/
S8858,31820.0,5775.0,5.51,11.14,8.76,6.3,Blue,Vivid,Very Slightly Included,Cushion,Mixed Brilliant Cut,Heat Treated,Ceylon (Sri Lanka),https://www.thenaturalsapphirecompany.com/blue-sapphires/5.51ct-ceylon-sri-lankan-cushion-blue-sapphire-s8858/
B15285,31136.0,5580.0,5.58,11.46,8.65,6.45,Blue,Intense,Eye Clean,Oval,Mixed Brilliant Cut,No Enhancement,Ceylon (Sri Lanka),https://www.thenaturalsapphirecompany.com/blue-sapphires/5.58ct-ceylon-sri-lankan-oval-blue-sapphire-b15285/
B15275,5350.0,2220.0,2.41,7.76,7.58,4.52,Blue,Vivid,Very Slightly Included,Cushion,Mixed Brilliant Cut,Heat Treated,Ceylon (Sri Lanka),https://www.thenaturalsapphirecompany.com/blue-sapphires/2.41ct-ceylon-sri-lankan-cushion-blue-sapphire-b15275/
B14978,3510.0,2700.0,1.3,6.27,6.24,4.13,Blue,Vivid,Eye Clean,Round,Mixed Brilliant Cut,Heat Treated,Ceylon (Sri Lanka),https://www.thenaturalsapphirecompany.com/blue-sapphires/1.30ct-ceylon-sri-lankan-round-blue-sapphire-b14978/
S13660,1110.0,1000.0,1.11,7.5,5.44,4.21,Blue,Intense,Very Slightly Included,Trillion,Trillion Cut,Heat Treated,Ceylon (Sri Lanka),https://www.thenaturalsapphirecompany.com/blue-sapphires/1.11ct-ceylon-sri-lankan-trillion-blue-sapphire-s13660/
S10120,6808.0,4255.0,1.6,6.89,6.85,4.42,Blue,Vivid,Eye Clean,Round,Mixed Brilliant Cut,Heat Treated,Ceylon (Sri Lanka),https://www.thenaturalsapphirecompany.com/blue-sapphires/1.60ct-ceylon-sri-lankan-round-blue-sapphire-s10120/
S18808,44051.0,10850.0,4.06,9.56,7.12,5.86,Blue,Vivid,Very Slightly Included,Emerald Cut,Emerald Cut,No Enhancement,Ceylon (Sri Lanka),https://www.thenaturalsapphirecompany.com/blue-sapphires/4.06ct-ceylon-sri-lankan-emerald-cut-blue-sapphire-s18808/
S13525,3125.0,2500.0,1.25,6.35,6.27,3.9,Blue,Vivid,Eye Clean,Round,Mixed Brilliant Cut,Heat Treated,Ceylon (Sri Lanka),https://www.thenaturalsapphirecompany.com/blue-sapphires/1.25ct-ceylon-sri-lankan-round-blue-sapphire-s13525/
U4114,2350.0,1250.0,1.88,8.02,6.02,4.49,Greenish Blue,Medium,Very Slightly Included,Cushion,Mixed Brilliant Cut,No Enhancement,Montana,https://www.thenaturalsapphirecompany.com/blue-sapphires/1.88ct-montana-cushion-greenish-blue-sapphire-u4114/
S7042,5442.0,3423.0,1.59,6.54,6.51,4.48,Blue,Vivid,Eye Clean,Round,Mixed Brilliant Cut,Heat Treated,Ceylon (Sri Lanka),https://www.thenaturalsapphirecompany.com/blue-sapphires/1.59ct-ceylon-sri-lankan-round-blue-sapphire-s7042/
S12792,5076.0,2590.0,1.96,7.06,6.95,4.7,Blue,Vivid,Very Slightly Included,Round,Mixed Brilliant Cut,Heat Treated,Ceylon (Sri Lanka),https://www.thenaturalsapphirecompany.com/blue-sapphires/1.96ct-ceylon-sri-lankan-round-blue-sapphire-s12792/
S12840,43675.0,6587.0,6.63,11.47,9.34,5.77,Blue,Intense,Very Slightly Included,Cushion,Mixed Brilliant Cut,No Enhancement,Ceylon (Sri Lanka),https://www.thenaturalsapphirecompany.com/blue-sapphires/6.63ct-ceylon-sri-lankan-cushion-blue-sapphire-s12840/
B14057,8629.0,4590.0,1.88,7.91,7.82,4.31,Blue,Intense,Very Slightly Included,Round,Mixed Brilliant Cut,No Enhancement,Burma (Myanmar),https://www.thenaturalsapphirecompany.com/blue-sapphires/1.88ct-burma-myanmar-round-blue-sapphire-b14057/
B14284,46649.0,6090.0,7.66,11.75,10.25,7.8,Blue,Vivid,Eye Clean,Cushion,Mixed Brilliant Cut,Heat Treated,Ceylon (Sri Lanka),https://www.thenaturalsapphirecompany.com/blue-sapphires/7.66ct-ceylon-sri-lankan-cushion-blue-sapphire-b14284/
B15443,8766.0,3607.0,2.43,8.09,7.97,4.93,Blue,Intense,Eye Clean,Round,Mixed Brilliant Cut,Heat Treated,Ceylon (Sri Lanka),https://www.thenaturalsapphirecompany.com/blue-sapphires/2.43ct-ceylon-sri-lankan-round-blue-sapphire-b15443/
S7907,6540.0,3238.0,2.02,7.43,7.48,4.43,Blue,Intense,Eye Clean,Round,Mixed Brilliant Cut,Heat Treated,Ceylon (Sri Lanka),https://www.thenaturalsapphirecompany.com/blue-sapphires/2.02ct-ceylon-sri-lankan-round-blue-sapphire-s7907/
B14079,26585.0,4373.0,6.08,11.47,11.05,5.34,Blue,Vivid,Very Slightly Included,Cushion,Mixed Brilliant Cut,Heat Treated,Ceylon (Sri Lanka),https://www.thenaturalsapphirecompany.com/blue-sapphires/6.08ct-ceylon-sri-lankan-cushion-blue-sapphire-b14079/
U10139,1330.0,1000.0,1.33,6.33,6.26,4.47,Greyish Blue,Light,Slightly Included,Round,Mixed Brilliant Cut,No Enhancement,Montana,https://www.thenaturalsapphirecompany.com/blue-sapphires/1.33ct-montana-round-greyish-blue-sapphire-u10139/
U8815,2160.0,1600.0,1.35,6.34,6.25,4.66,Bluish Grey,Intense,Very Slightly Included,Round,Modified Brilliant Cut,No Enhancement,Montana,https://www.thenaturalsapphirecompany.com/blue-sapphires/1.35ct-montana-round-bluish-grey-sapphire-u8815/
B13256,36224.0,4418.0,8.2,13.06,10.09,7.36,Blue,Vivid,Eye Clean,Oval,Mixed Brilliant Cut,Heat Treated,Ceylon (Sri Lanka),https://www.thenaturalsapphirecompany.com/blue-sapphires/8.20ct-ceylon-sri-lankan-oval-blue-sapphire-b13256/
B12487,22688.0,8250.0,2.75,8.44,7.44,5.11,Blue,Intense,Eye Clean,Oval,Mixed Brilliant Cut,No Enhancement,Madagascar,https://www.thenaturalsapphirecompany.com/blue-sapphires/2.75ct-madagascar-oval-blue-sapphire-b12487/
B12269,32240.0,4960.0,6.5,11.22,9.59,7.38,Blue,Vivid,Eye Clean,Oval,Mixed Brilliant Cut,Heat Treated,Ceylon (Sri Lanka),https://www.thenaturalsapphirecompany.com/blue-sapphires/6.50ct-ceylon-sri-lankan-oval-blue-sapphire-b12269/
B10500,42352.0,2790.0,15.18,15.5,14.75,7.24,Blue,Dark,Very Slightly Included,Cushion,Mixed Brilliant Cut,No Enhancement,West Africa,https://www.thenaturalsapphirecompany.com/blue-sapphires/15.18ct-west-african-cushion-blue-sapphire-b10500/
S7402,54688.0,3045.0,17.96,18.05,12.11,8.36,Blue,Intense,Very Slightly Included,Radiant,Radiant Cut,Heat Treated,Ceylon (Sri Lanka),https://www.thenaturalsapphirecompany.com/blue-sapphires/17.96ct-ceylon-sri-lankan-radiant-blue-sapphire-s7402/
S7379,3420.0,3000.0,1.14,6.13,6.04,4.03,Blue,Vivid,Very Slightly Included,Round,Mixed Brilliant Cut,Heat Treated,Ceylon (Sri Lanka),https://www.thenaturalsapphirecompany.com/blue-sapphires/1.14ct-ceylon-sri-lankan-round-blue-sapphire-s7379/
S7372,3941.0,2775.0,1.42,6.56,6.51,4.32,Blue,Intense,Very Very Slightly Included,Round,Mixed Brilliant Cut,Heat Treated,Ceylon (Sri Lanka),https://www.thenaturalsapphirecompany.com/blue-sapphires/1.42ct-ceylon-sri-lankan-round-blue-sapphire-s7372/
S7374,3927.0,3300.0,1.19,6.14,6.09,4.1,Blue,Intense,Very Slightly Included,Round,Mixed Brilliant Cut,Heat Treated,Ceylon (Sri Lanka),https://www.thenaturalsapphirecompany.com/blue-sapphires/1.19ct-ceylon-sri-lankan-round-blue-sapphire-s7374/
B8119,5483.0,2550.0,2.15,7.05,6.46,4.72,Blue,Vivid,Eye Clean,Cushion,Mixed Brilliant Cut,Heat Treated,Madagascar,https://www.thenaturalsapphirecompany.com/blue-sapphires/2.15ct-madagascar-cushion-blue-sapphire-b8119/
B16978,23042.0,4702.0,4.9,9.51,8.33,6.63,Blue,Vivid,Eye Clean,Cushion,Mixed Brilliant Cut,Heat Treated,Ceylon (Sri Lanka),https://www.thenaturalsapphirecompany.com/blue-sapphires/4.90ct-ceylon-sri-lankan-cushion-blue-sapphire-b16978/
S8451,25047.0,4950.0,5.06,9.34,8.77,6.24,Blue,Intense,Very Slightly Included,Asscher - Octagon,Asscher Cut,Heat Treated,Ceylon (Sri Lanka),https://www.thenaturalsapphirecompany.com/blue-sapphires/5.06ct-ceylon-sri-lankan-asscher-octagon-blue-sapphire-s8451/
S8532,3520.0,2200.0,1.6,7.25,7.16,3.99,Blue,Intense,Very Slightly Included,Round,Mixed Brilliant Cut,Heat Treated,Ceylon (Sri Lanka),https://www.thenaturalsapphirecompany.com/blue-sapphires/1.60ct-ceylon-sri-lankan-round-blue-sapphire-s8532/
B17530,21532.0,4950.0,4.35,9.7,8.58,5.67,Blue,Vivid,Eye Clean,Cushion,Mixed Brilliant Cut,Heat Treated,Ceylon (Sri Lanka),https://www.thenaturalsapphirecompany.com/blue-sapphires/4.35ct-ceylon-sri-lankan-cushion-blue-sapphire-b17530/
B16414,4751.0,2220.0,2.14,7.45,7.27,5.17,Blue,Vivid,Very Slightly Included,Round,Mixed Brilliant Cut,Heat Treated,Ceylon (Sri Lanka),https://www.thenaturalsapphirecompany.com/blue-sapphires/2.14ct-ceylon-sri-lankan-round-blue-sapphire-b16414/
B16661,5028.0,1665.0,3.02,9.61,7.49,4.51,Blue,Dark,Very Slightly Included,Oval,Mixed Brilliant Cut,Heat Treated,Ceylon (Sri Lanka),https://www.thenaturalsapphirecompany.com/blue-sapphires/3.02ct-ceylon-sri-lankan-oval-blue-sapphire-b16661/
B16640,3025.0,2500.0,1.21,6.59,6.54,3.73,Blue,Vivid,Eye Clean,Round,Mixed Brilliant Cut,Heat Treated,Ceylon (Sri Lanka),https://www.thenaturalsapphirecompany.com/blue-sapphires/1.21ct-ceylon-sri-lankan-round-blue-sapphire-b16640/
B16745,4372.0,1341.0,3.26,9.2,8.41,4.67,Blue,Medium,Slightly Included,Cushion,Mixed Brilliant Cut,Heat Treated,Ceylon (Sri Lanka),https://www.thenaturalsapphirecompany.com/blue-sapphires/3.26ct-ceylon-sri-lankan-cushion-blue-sapphire-b16745/
S7043,4586.0,3422.0,1.34,6.5,6.42,4.19,Blue,Intense,Eye Clean,Round,Mixed Brilliant Cut,Heat Treated,Ceylon (Sri Lanka),https://www.thenaturalsapphirecompany.com/blue-sapphires/1.34ct-ceylon-sri-lankan-round-blue-sapphire-s7043/
B9783,4255.0,2300.0,1.85,7.45,7.39,4.1,Blue,Intense,Very Very Slightly Included,Round,Mixed Brilliant Cut,Heat Treated,Ceylon (Sri Lanka),https://www.thenaturalsapphirecompany.com/blue-sapphires/1.85ct-ceylon-sri-lankan-round-blue-sapphire-b9783/
B14818,4606.0,2775.0,1.66,6.6,6.47,4.92,Blue,Intense,Eye Clean,Round,Mixed Brilliant Cut,Heat Treated,Ceylon (Sri Lanka),https://www.thenaturalsapphirecompany.com/blue-sapphires/1.66ct-ceylon-sri-lankan-round-blue-sapphire-b14818/
S9442,8568.0,4080.0,2.1,7.57,7.53,4.47,Blue,Vivid,Very Slightly Included,Round,Mixed Brilliant Cut,No Enhancement,Ceylon (Sri Lanka),https://www.thenaturalsapphirecompany.com/blue-sapphires/2.10ct-ceylon-sri-lankan-round-blue-sapphire-s9442/
S7347,29571.0,9570.0,3.09,9.14,7.72,5.38,Blue,Vivid,Very Slightly Included,Oval,Mixed Brilliant Cut,No Enhancement,Ceylon (Sri Lanka),https://www.thenaturalsapphirecompany.com/blue-sapphires/3.09ct-ceylon-sri-lankan-oval-blue-sapphire-s7347/
S5568,30096.0,6600.0,4.56,9.67,9.65,5.75,Blue,Vivid,Eye Clean,Cushion,Mixed Brilliant Cut,Heat Treated,Ceylon (Sri Lanka),https://www.thenaturalsapphirecompany.com/blue-sapphires/4.56ct-ceylon-sri-lankan-cushion-blue-sapphire-s5568/
S5584,32472.0,7750.0,4.19,9.53,8.38,5.72,Blue,Intense,Very Slightly Included,Cushion,Mixed Brilliant Cut,No Enhancement,Ceylon (Sri Lanka),https://www.thenaturalsapphirecompany.com/blue-sapphires/4.19ct-ceylon-sri-lankan-cushion-blue-sapphire-s5584/
S5620,4403.0,3238.0,1.36,6.06,6.0,4.53,Blue,Vivid,Very Very Slightly Included,Round,Mixed Brilliant Cut,Heat Treated,Ceylon (Sri Lanka),https://www.thenaturalsapphirecompany.com/blue-sapphires/1.36ct-ceylon-sri-lankan-round-blue-sapphire-s5620/
S5666,4912.0,2729.0,1.8,6.8,6.74,4.91,Blue,Intense,Very Slightly Included,Round,Mixed Brilliant Cut,Heat Treated,Ceylon (Sri Lanka),https://www.thenaturalsapphirecompany.com/blue-sapphires/1.80ct-ceylon-sri-lankan-round-blue-sapphire-s5666/
S10655,21384.0,5280.0,4.05,9.65,8.03,5.53,Blue,Vivid,Eye Clean,Cushion,Mixed Brilliant Cut,Heat Treated,Ceylon (Sri Lanka),https://www.thenaturalsapphirecompany.com/blue-sapphires/4.05ct-ceylon-sri-lankan-cushion-blue-sapphire-s10655/
S13409,12002.0,3400.0,3.53,8.16,8.12,6.3,Color Change,Intense,Very Slightly Included,Round,Mixed Brilliant Cut,No Enhancement,Madagascar,https://www.thenaturalsapphirecompany.com/blue-sapphires/3.53ct-madagascar-round-color-change-sapphire-s13409/
S9413,4004.0,3422.0,1.17,6.48,6.34,3.93,Blue,Vivid,Eye Clean,Round,Mixed Brilliant Cut,Heat Treated,Ceylon (Sri Lanka),https://www.thenaturalsapphirecompany.com/blue-sapphires/1.17ct-ceylon-sri-lankan-round-blue-sapphire-s9413/
S9328,21998.0,5445.0,4.04,9.62,8.46,5.21,Blue,Intense,Very Slightly Included,Cushion,Mixed Brilliant Cut,No Enhancement,Ceylon (Sri Lanka),https://www.thenaturalsapphirecompany.com/blue-sapphires/4.04ct-ceylon-sri-lankan-cushion-blue-sapphire-s9328/
S10055,4938.0,3145.0,1.57,6.45,6.41,4.47,Blue,Intense,Very Slightly Included,Round,Mixed Brilliant Cut,No Enhancement,Ceylon (Sri Lanka),https://www.thenaturalsapphirecompany.com/blue-sapphires/1.57ct-ceylon-sri-lankan-round-blue-sapphire-s10055/
S10118,3159.0,2700.0,1.17,5.99,5.96,4.24,Blue,Vivid,Eye Clean,Round,Mixed Brilliant Cut,Heat Treated,Ceylon (Sri Lanka),https://www.thenaturalsapphirecompany.com/blue-sapphires/1.17ct-ceylon-sri-lankan-round-blue-sapphire-s10118/
S4847,9496.0,6460.0,1.47,6.2,5.99,4.33,Blue,Intense,Very Slightly Included,Cushion,Mixed Brilliant Cut,No Enhancement,Ceylon (Sri Lanka),https://www.thenaturalsapphirecompany.com/blue-sapphires/1.47ct-ceylon-sri-lankan-cushion-blue-sapphire-s4847/
S5435,22889.0,5610.0,4.08,9.59,8.01,5.73,Blue,Intense,Eye Clean,Cushion,Mixed Brilliant Cut,Heat Treated,Ceylon (Sri Lanka),https://www.thenaturalsapphirecompany.com/blue-sapphires/4.08ct-ceylon-sri-lankan-cushion-blue-sapphire-s5435/
S5505,29106.0,7425.0,3.92,8.98,7.89,5.69,Blue,Vivid,Very Slightly Included,Cushion,Mixed Brilliant Cut,No Enhancement,Ceylon (Sri Lanka),https://www.thenaturalsapphirecompany.com/blue-sapphires/3.92ct-ceylon-sri-lankan-cushion-blue-sapphire-s5505/
S6757,3200.0,2500.0,1.28,6.74,6.82,3.93,Blue,Vivid,Very Slightly Included,Round,Mixed Brilliant Cut,Heat Treated,Ceylon (Sri Lanka),https://www.thenaturalsapphirecompany.com/blue-sapphires/1.28ct-ceylon-sri-lankan-round-blue-sapphire-s6757/
S6875,23092.0,7425.0,3.11,9.66,7.25,4.7,Blue,Medium,Very Slightly Included,Cushion,Mixed Brilliant Cut,No Enhancement,Madagascar,https://www.thenaturalsapphirecompany.com/blue-sapphires/3.11ct-madagascar-cushion-blue-sapphire-s6875/
S6873,10322.0,3740.0,2.76,10.18,7.72,3.98,Blue,Medium,Very Slightly Included,Oval,Mixed Brilliant Cut,No Enhancement,Ceylon (Sri Lanka),https://www.thenaturalsapphirecompany.com/blue-sapphires/2.76ct-ceylon-sri-lankan-oval-blue-sapphire-s6873/
S6835,25641.0,6105.0,4.2,10.47,8.09,5.47,Blue,Vivid,Eye Clean,Cushion,Mixed Brilliant Cut,Heat Treated,Ceylon (Sri Lanka),https://www.thenaturalsapphirecompany.com/blue-sapphires/4.20ct-ceylon-sri-lankan-cushion-blue-sapphire-s6835/
S6836,31624.0,6105.0,5.18,11.86,9.01,5.69,Blue,Intense,Eye Clean,Oval,Mixed Brilliant Cut,Heat Treated,Ceylon (Sri Lanka),https://www.thenaturalsapphirecompany.com/blue-sapphires/5.18ct-ceylon-sri-lankan-oval-blue-sapphire-s6836/
S6603,15850.0,5000.0,3.17,8.76,7.43,5.63,Blue,Vivid,Slightly Included,Oval,Mixed Brilliant Cut,No Enhancement,Madagascar,https://www.thenaturalsapphirecompany.com/blue-sapphires/3.17ct-madagascar-oval-blue-sapphire-s6603/
S6397,5483.0,2220.0,2.47,9.03,6.62,4.69,Color Change,Intense,Very Slightly Included,Oval,Mixed Brilliant Cut,No Enhancement,Ceylon (Sri Lanka),https://www.thenaturalsapphirecompany.com/blue-sapphires/2.47ct-ceylon-sri-lankan-oval-color-change-sapphire-s6397/
S10730,24898.0,4950.0,5.03,9.11,9.07,6.63,Blue,Vivid,Very Slightly Included,Cushion,Mixed Brilliant Cut,Heat Treated,Ceylon (Sri Lanka),https://www.thenaturalsapphirecompany.com/blue-sapphires/5.03ct-ceylon-sri-lankan-cushion-blue-sapphire-s10730/
S11323,22276.0,5528.0,4.03,8.86,8.09,5.75,Blue,Intense,Very Slightly Included,Cushion,Mixed Brilliant Cut,No Enhancement,Ceylon (Sri Lanka),https://www.thenaturalsapphirecompany.com/blue-sapphires/4.03ct-ceylon-sri-lankan-cushion-blue-sapphire-s11323/
S11631,25092.0,4537.0,5.53,9.99,9.45,6.1,Blue,Intense,Eye Clean,Cushion,Mixed Brilliant Cut,Heat Treated,Ceylon (Sri Lanka),https://www.thenaturalsapphirecompany.com/blue-sapphires/5.53ct-ceylon-sri-lankan-cushion-blue-sapphire-s11631/
S11205,480.0,300.0,1.6,7.12,7.19,4.0,Violet,Light,Very Slightly Included,Round,Mixed Brilliant Cut,No Enhancement,Ceylon (Sri Lanka),https://www.thenaturalsapphirecompany.com/blue-sapphires/1.60ct-ceylon-sri-lankan-round-violet-sapphire-s11205/
U10084,1310.0,1351.0,0.97,5.88,5.84,3.8,Greyish Blue,Medium,Very Slightly Included,Round,Mixed Brilliant Cut,No Enhancement,Montana,https://www.thenaturalsapphirecompany.com/blue-sapphires/0.97ct-montana-round-greyish-blue-sapphire-u10084/
S3934,3390.0,3000.0,1.13,5.96,5.87,4.11,Blue,Vivid,Very Slightly Included,Round,Mixed Brilliant Cut,Heat Treated,Ceylon (Sri Lanka),https://www.thenaturalsapphirecompany.com/blue-sapphires/1.13ct-ceylon-sri-lankan-round-blue-sapphire-s3934/
S7380,4304.0,3052.0,1.41,7.04,7.0,4.02,Blue,Intense,Very Very Slightly Included,Round,Mixed Brilliant Cut,Heat Treated,Ceylon (Sri Lanka),https://www.thenaturalsapphirecompany.com/blue-sapphires/1.41ct-ceylon-sri-lankan-round-blue-sapphire-s7380/
S3925,5115.0,3237.0,1.58,6.88,5.57,4.55,Blue,Vivid,Very Slightly Included,Cushion,Mixed Brilliant Cut,Heat Treated,Ceylon (Sri Lanka),https://www.thenaturalsapphirecompany.com/blue-sapphires/1.58ct-ceylon-sri-lankan-cushion-blue-sapphire-s3925/
S3932,2943.0,2700.0,1.09,6.04,5.98,3.98,Blue,Intense,Very Slightly Included,Round,Mixed Brilliant Cut,Heat Treated,Ceylon (Sri Lanka),https://www.thenaturalsapphirecompany.com/blue-sapphires/1.09ct-ceylon-sri-lankan-round-blue-sapphire-s3932/
S3928,5115.0,3237.0,1.58,7.4,5.6,4.13,Blue,Vivid,Eye Clean,Cushion,Mixed Brilliant Cut,Heat Treated,Ceylon (Sri Lanka),https://www.thenaturalsapphirecompany.com/blue-sapphires/1.58ct-ceylon-sri-lankan-cushion-blue-sapphire-s3928/
U17118,121.0,220.0,0.55,6.19,4.14,2.94,Violet,Medium,Slightly Included,Oval,Mixed Brilliant Cut,Heat Treated,Ceylon (Sri Lanka),https://www.thenaturalsapphirecompany.com/blue-sapphires/0.55ct-ceylon-sri-lankan-oval-violet-sapphire-u17118/
S11973,3240.0,2250.0,1.44,6.98,6.92,3.84,Color Change,Vivid,Very Slightly Included,Round,Mixed Brilliant Cut,Heat Treated,Ceylon (Sri Lanka),https://www.thenaturalsapphirecompany.com/blue-sapphires/1.44ct-ceylon-sri-lankan-round-color-change-sapphire-s11973/
S7377,3078.0,2700.0,1.14,6.05,6.02,4.06,Blue,Intense,Very Slightly Included,Round,Mixed Brilliant Cut,Heat Treated,Ceylon (Sri Lanka),https://www.thenaturalsapphirecompany.com/blue-sapphires/1.14ct-ceylon-sri-lankan-round-blue-sapphire-s7377/
S7397,15796.0,3910.0,4.04,10.88,8.42,5.19,Blue,Vivid,Very Slightly Included,Oval,Mixed Brilliant Cut,Heat Treated,Ceylon (Sri Lanka),https://www.thenaturalsapphirecompany.com/blue-sapphires/4.04ct-ceylon-sri-lankan-oval-blue-sapphire-s7397/
B11530,3570.0,1750.0,2.04,6.91,6.63,5.1,Blue,Vivid,Eye Clean,Cushion,Mixed Brilliant Cut,Heat Treated,Ceylon (Sri Lanka),https://www.thenaturalsapphirecompany.com/blue-sapphires/2.04ct-ceylon-sri-lankan-cushion-blue-sapphire-b11530/
S7405,15895.0,3740.0,4.25,10.86,8.85,5.31,Blue,Intense,Very Slightly Included,Oval,Mixed Brilliant Cut,Heat Treated,Ceylon (Sri Lanka),https://www.thenaturalsapphirecompany.com/blue-sapphires/4.25ct-ceylon-sri-lankan-oval-blue-sapphire-s7405/
B11236,17919.0,3300.0,5.43,11.33,8.86,6.37,Violet,Intense,Very Slightly Included,Oval,Mixed Brilliant Cut,Heat Treated,Ceylon (Sri Lanka),https://www.thenaturalsapphirecompany.com/blue-sapphires/5.43ct-ceylon-sri-lankan-oval-violet-sapphire-b11236/
B12191,7071.0,2590.0,2.73,8.83,7.19,4.92,Color Change,Dark,Eye Clean,Cushion,Mixed Brilliant Cut,Heat Treated,Ceylon (Sri Lanka),https://www.thenaturalsapphirecompany.com/blue-sapphires/2.73ct-ceylon-sri-lankan-cushion-color-change-sapphire-b12191/
U9314,2240.0,1600.0,1.4,7.96,5.63,3.84,Greenish Blue,Intense,Slightly Included,Cushion,Mixed Brilliant Cut,Heat Treated,Montana,https://www.thenaturalsapphirecompany.com/blue-sapphires/1.40ct-montana-cushion-greenish-blue-sapphire-u9314/
B12338,14663.0,1955.0,7.5,14.26,10.01,6.14,Blue,Medium,Very Slightly Included,Oval,Mixed Brilliant Cut,Heat Treated,Ceylon (Sri Lanka),https://www.thenaturalsapphirecompany.com/blue-sapphires/7.50ct-ceylon-sri-lankan-oval-blue-sapphire-b12338/
B13255,37240.0,4418.0,8.43,13.51,10.31,7.06,Blue,Vivid,Very Slightly Included,Oval,Mixed Brilliant Cut,Heat Treated,Ceylon (Sri Lanka),https://www.thenaturalsapphirecompany.com/blue-sapphires/8.43ct-ceylon-sri-lankan-oval-blue-sapphire-b13255/
B13146,4024.0,2313.0,1.74,6.88,6.81,4.75,Blue,Vivid,Very Slightly Included,Round,Mixed Brilliant Cut,Heat Treated,Ceylon (Sri Lanka),https://www.thenaturalsapphirecompany.com/blue-sapphires/1.74ct-ceylon-sri-lankan-round-blue-sapphire-b13146/
S7382,5014.0,3607.0,1.39,6.8,6.75,4.06,Blue,Vivid,Eye Clean,Round,Mixed Brilliant Cut,Heat Treated,Ceylon (Sri Lanka),https://www.thenaturalsapphirecompany.com/blue-sapphires/1.39ct-ceylon-sri-lankan-round-blue-sapphire-s7382/
B13668,15453.0,3060.0,5.05,10.53,9.4,6.21,Blue,Medium,Eye Clean,Oval,Mixed Brilliant Cut,Heat Treated,Ceylon (Sri Lanka),https://www.thenaturalsapphirecompany.com/blue-sapphires/5.05ct-ceylon-sri-lankan-oval-blue-sapphire-b13668/
B14260,3171.0,2100.0,1.51,6.86,6.83,4.5,Blue,Intense,Very Slightly Included,Round,Mixed Brilliant Cut,Heat Treated,Montana,https://www.thenaturalsapphirecompany.com/blue-sapphires/1.51ct-montana-round-blue-sapphire-b14260/
S7865,28314.0,5363.0,5.28,10.49,10.1,5.27,Blue,Intense,Very Slightly Included,Cushion,Mixed Brilliant Cut,No Enhancement,Ceylon (Sri Lanka),https://www.thenaturalsapphirecompany.com/blue-sapphires/5.28ct-ceylon-sri-lankan-cushion-blue-sapphire-s7865/
B14380,4121.0,3053.0,1.35,6.27,6.25,4.37,Blue,Vivid,Eye Clean,Round,Mixed Brilliant Cut,Heat Treated,Ceylon (Sri Lanka),https://www.thenaturalsapphirecompany.com/blue-sapphires/1.35ct-ceylon-sri-lankan-round-blue-sapphire-b14380/
S10119,4579.0,3053.0,1.5,7.04,7.01,4.25,Blue,Vivid,Eye Clean,Round,Mixed Brilliant Cut,Heat Treated,Ceylon (Sri Lanka),https://www.thenaturalsapphirecompany.com/blue-sapphires/1.50ct-ceylon-sri-lankan-round-blue-sapphire-s10119/
S7952,3830.0,2775.0,1.38,7.08,7.04,3.92,Blue,Vivid,Very Very Slightly Included,Round,Mixed Brilliant Cut,Heat Treated,Ceylon (Sri Lanka),https://www.thenaturalsapphirecompany.com/blue-sapphires/1.38ct-ceylon-sri-lankan-round-blue-sapphire-s7952/
B14026,5712.0,2313.0,2.47,8.98,7.02,4.61,Blue,Intense,Eye Clean,Oval,Mixed Brilliant Cut,Heat Treated,Ceylon (Sri Lanka),https://www.thenaturalsapphirecompany.com/blue-sapphires/2.47ct-ceylon-sri-lankan-oval-blue-sapphire-b14026/
S7094,4969.0,3145.0,1.58,6.91,6.91,4.14,Blue,Intense,Very Slightly Included,Cushion,Mixed Brilliant Cut,Heat Treated,Ceylon (Sri Lanka),https://www.thenaturalsapphirecompany.com/blue-sapphires/1.58ct-ceylon-sri-lankan-cushion-blue-sapphire-s7094/
S7048,3399.0,3300.0,1.03,5.89,5.81,3.98,Blue,Intense,Eye Clean,Round,Mixed Brilliant Cut,Heat Treated,Ceylon (Sri Lanka),https://www.thenaturalsapphirecompany.com/blue-sapphires/1.03ct-ceylon-sri-lankan-round-blue-sapphire-s7048/
U11906,639.0,900.0,0.71,7.09,5.48,3.42,Greyish Blue,Medium,Very Slightly Included,Fancy,Fancy Brilliant Cut,Heat Treated,Montana,https://www.thenaturalsapphirecompany.com/blue-sapphires/0.71ct-montana-fancy-greyish-blue-sapphire-u11906/
S13255,4851.0,4255.0,1.14,6.46,6.44,3.62,Blue,Vivid,Eye Clean,Round,Mixed Brilliant Cut,Heat Treated,Ceylon (Sri Lanka),https://www.thenaturalsapphirecompany.com/blue-sapphires/1.14ct-ceylon-sri-lankan-round-blue-sapphire-s13255/
S13410,4484.0,2220.0,2.02,7.17,7.27,5.29,Color Change,Intense,Very Slightly Included,Round,Mixed Brilliant Cut,No Enhancement,Madagascar,https://www.thenaturalsapphirecompany.com/blue-sapphires/2.02ct-madagascar-round-color-change-sapphire-s13410/
S12793,4151.0,2035.0,2.04,7.12,7.06,5.11,Blue,Intense,Very Very Slightly Included,Round,Mixed Brilliant Cut,Heat Treated,Ceylon (Sri Lanka),https://www.thenaturalsapphirecompany.com/blue-sapphires/2.04ct-ceylon-sri-lankan-round-blue-sapphire-s12793/
B14390,4151.0,3052.0,1.36,6.73,6.66,4.2,Blue,Vivid,Very Slightly Included,Round,Mixed Brilliant Cut,Heat Treated,Ceylon (Sri Lanka),https://www.thenaturalsapphirecompany.com/blue-sapphires/1.36ct-ceylon-sri-lankan-round-blue-sapphire-b14390/
S19134,2449.0,1550.0,1.58,8.04,5.79,3.28,Bluish Green,Intense,Eye Clean,Emerald Cut,Emerald Cut,Heat Treated,Ceylon (Sri Lanka),https://www.thenaturalsapphirecompany.com/blue-sapphires/1.58ct-ceylon-sri-lankan-emerald-cut-bluish-green-sapphire-s19134/
S4006,16995.0,4125.0,4.12,10.3,8.6,5.84,Blue,Vivid,Very Slightly Included,Oval,Mixed Brilliant Cut,Heat Treated,Ceylon (Sri Lanka),https://www.thenaturalsapphirecompany.com/blue-sapphires/4.12ct-ceylon-sri-lankan-oval-blue-sapphire-s4006/
B10945,16263.0,4505.0,3.61,10.22,8.2,4.76,Blue,Vivid,Very Slightly Included,Oval,Mixed Brilliant Cut,Heat Treated,Ceylon (Sri Lanka),https://www.thenaturalsapphirecompany.com/blue-sapphires/3.61ct-ceylon-sri-lankan-oval-blue-sapphire-b10945/
S13898,24948.0,4950.0,5.04,10.27,9.07,5.78,Blue,Vivid,Eye Clean,Cushion,Mixed Brilliant Cut,Heat Treated,Ceylon (Sri Lanka),https://www.thenaturalsapphirecompany.com/blue-sapphires/5.04ct-ceylon-sri-lankan-cushion-blue-sapphire-s13898/
S13415,21021.0,5775.0,3.64,8.96,8.97,5.75,Color Change,Intense,Very Slightly Included,Round,Mixed Brilliant Cut,No Enhancement,Madagascar,https://www.thenaturalsapphirecompany.com/blue-sapphires/3.64ct-madagascar-round-color-change-sapphire-s13415/
B10993,25265.0,2723.0,9.28,14.22,10.53,6.51,Blue,Vivid,Slightly Included,Oval,Mixed Brilliant Cut,Heat Treated,Ceylon (Sri Lanka),https://www.thenaturalsapphirecompany.com/blue-sapphires/9.28ct-ceylon-sri-lankan-oval-blue-sapphire-b10993/
S11970,4299.0,2150.0,2.0,6.95,6.87,5.13,Blue,Intense,Very Very Slightly Included,Round,Mixed Brilliant Cut,Heat Treated,Ceylon (Sri Lanka),https://www.thenaturalsapphirecompany.com/blue-sapphires/2.00ct-ceylon-sri-lankan-round-blue-sapphire-s11970/
B14991,4670.0,3052.0,1.53,6.89,6.85,4.21,Blue,Medium,Eye Clean,Round,Mixed Brilliant Cut,Heat Treated,Ceylon (Sri Lanka),https://www.thenaturalsapphirecompany.com/blue-sapphires/1.53ct-ceylon-sri-lankan-round-blue-sapphire-b14991/
B14819,3332.0,2800.0,1.19,6.25,6.12,3.97,Blue,Vivid,Eye Clean,Round,Mixed Brilliant Cut,Heat Treated,Ceylon (Sri Lanka),https://www.thenaturalsapphirecompany.com/blue-sapphires/1.19ct-ceylon-sri-lankan-round-blue-sapphire-b14819/
B14820,4121.0,3053.0,1.35,6.55,6.44,4.39,Blue,Vivid,Very Slightly Included,Round,Mixed Brilliant Cut,Heat Treated,Ceylon (Sri Lanka),https://www.thenaturalsapphirecompany.com/blue-sapphires/1.35ct-ceylon-sri-lankan-round-blue-sapphire-b14820/
B14823,4856.0,2775.0,1.75,6.76,6.71,4.9,Blue,Vivid,Eye Clean,Round,Mixed Brilliant Cut,Heat Treated,Ceylon (Sri Lanka),https://www.thenaturalsapphirecompany.com/blue-sapphires/1.75ct-ceylon-sri-lankan-round-blue-sapphire-b14823/
B14806,7504.0,3608.0,2.08,8.14,6.51,3.9,Blue,Medium,Eye Clean,Cushion,Mixed Brilliant Cut,No Enhancement,Ceylon (Sri Lanka),https://www.thenaturalsapphirecompany.com/blue-sapphires/2.08ct-ceylon-sri-lankan-cushion-blue-sapphire-b14806/
B14387,2964.0,1900.0,1.56,6.66,6.61,4.3,Blue,Vivid,Very Slightly Included,Round,Mixed Brilliant Cut,Heat Treated,Ceylon (Sri Lanka),https://www.thenaturalsapphirecompany.com/blue-sapphires/1.56ct-ceylon-sri-lankan-round-blue-sapphire-b14387/
B15079,5120.0,2498.0,2.05,9.14,6.57,3.88,Blue,Dark,Eye Clean,Cushion,Mixed Brilliant Cut,Heat Treated,Ceylon (Sri Lanka),https://www.thenaturalsapphirecompany.com/blue-sapphires/2.05ct-ceylon-sri-lankan-cushion-blue-sapphire-b15079/
B15516,16682.0,4950.0,3.37,10.01,7.79,5.2,Blue,Vivid,Very Slightly Included,Oval,Mixed Brilliant Cut,Heat Treated,Ceylon (Sri Lanka),https://www.thenaturalsapphirecompany.com/blue-sapphires/3.37ct-ceylon-sri-lankan-oval-blue-sapphire-b15516/
B15749,23302.0,4331.0,5.38,10.99,7.31,6.45,Blue,Intense,Very Slightly Included,Cushion,Mixed Brilliant Cut,No Enhancement,Ceylon (Sri Lanka),https://www.thenaturalsapphirecompany.com/blue-sapphires/5.38ct-ceylon-sri-lankan-cushion-blue-sapphire-b15749/
B15510,3472.0,2800.0,1.24,6.45,6.39,3.74,Blue,Intense,Eye Clean,Round,Mixed Brilliant Cut,No Enhancement,Ceylon (Sri Lanka),https://www.thenaturalsapphirecompany.com/blue-sapphires/1.24ct-ceylon-sri-lankan-round-blue-sapphire-b15510/
S4084,10600.0,3655.0,2.9,8.59,6.37,5.96,Blue,Vivid,Very Slightly Included,Oval,Mixed Brilliant Cut,No Enhancement,Ceylon (Sri Lanka),https://www.thenaturalsapphirecompany.com/blue-sapphires/2.90ct-ceylon-sri-lankan-oval-blue-sapphire-s4084/
B15775,4440.0,2775.0,1.6,7.05,7.0,4.54,Blue,Medium,Very Slightly Included,Round,Mixed Brilliant Cut,Heat Treated,Ceylon (Sri Lanka),https://www.thenaturalsapphirecompany.com/blue-sapphires/1.60ct-ceylon-sri-lankan-round-blue-sapphire-b15775/
B15779,4301.0,2775.0,1.55,7.05,6.96,4.03,Blue,Intense,Eye Clean,Round,Mixed Brilliant Cut,Heat Treated,Ceylon (Sri Lanka),https://www.thenaturalsapphirecompany.com/blue-sapphires/1.55ct-ceylon-sri-lankan-round-blue-sapphire-b15779/
B15893,3364.0,2900.0,1.16,6.69,6.63,3.37,Blue,Vivid,Eye Clean,Round,Mixed Brilliant Cut,Heat Treated,Ceylon (Sri Lanka),https://www.thenaturalsapphirecompany.com/blue-sapphires/1.16ct-ceylon-sri-lankan-round-blue-sapphire-b15893/
B15896,4915.0,3053.0,1.61,6.92,6.84,4.25,Blue,Vivid,Eye Clean,Round,Mixed Brilliant Cut,Heat Treated,Ceylon (Sri Lanka),https://www.thenaturalsapphirecompany.com/blue-sapphires/1.61ct-ceylon-sri-lankan-round-blue-sapphire-b15896/
B15907,4396.0,3053.0,1.44,6.94,6.86,4.11,Blue,Vivid,Eye Clean,Round,Mixed Brilliant Cut,Heat Treated,Ceylon (Sri Lanka),https://www.thenaturalsapphirecompany.com/blue-sapphires/1.44ct-ceylon-sri-lankan-round-blue-sapphire-b15907/
B15984,4265.0,2682.0,1.59,6.94,6.85,4.3,Blue,Vivid,Eye Clean,Round,Mixed Brilliant Cut,Heat Treated,Ceylon (Sri Lanka),https://www.thenaturalsapphirecompany.com/blue-sapphires/1.59ct-ceylon-sri-lankan-round-blue-sapphire-b15984/
B16016,4090.0,3052.0,1.34,6.36,6.3,4.35,Blue,Vivid,Eye Clean,Round,Mixed Brilliant Cut,Heat Treated,Ceylon (Sri Lanka),https://www.thenaturalsapphirecompany.com/blue-sapphires/1.34ct-ceylon-sri-lankan-round-blue-sapphire-b16016/
S8239,25245.0,5940.0,4.25,9.56,9.1,4.96,Blue,Vivid,Very Slightly Included,Cushion,Mixed Brilliant Cut,No Enhancement,Ceylon (Sri Lanka),https://www.thenaturalsapphirecompany.com/blue-sapphires/4.25ct-ceylon-sri-lankan-cushion-blue-sapphire-s8239/
S8221,23116.0,4950.0,4.67,8.92,8.77,6.46,Blue,Vivid,Eye Clean,Cushion,Mixed Brilliant Cut,Heat Treated,Ceylon (Sri Lanka),https://www.thenaturalsapphirecompany.com/blue-sapphires/4.67ct-ceylon-sri-lankan-cushion-blue-sapphire-s8221/
U17116,114.0,219.0,0.52,6.16,4.11,2.74,Violet,Medium,Very Slightly Included,Oval,Mixed Brilliant Cut,Heat Treated,Ceylon (Sri Lanka),https://www.thenaturalsapphirecompany.com/blue-sapphires/0.52ct-ceylon-sri-lankan-oval-violet-sapphire-u17116/
S17852,5100.0,3423.0,1.49,6.5,6.5,1.0,Blue,Intense,Very Slightly Included,Asscher - Octagon,Asscher Cut,Heat Treated,Ceylon (Sri Lanka),https://www.thenaturalsapphirecompany.com/blue-sapphires/1.49ct-ceylon-sri-lankan-asscher-octagon-blue-sapphire-s17852/
S25776,4545.0,3607.0,1.26,6.04,6.0,4.31,Blue,Vivid,Eye Clean,Round,Mixed Brilliant Cut,Heat Treated,Ceylon (Sri Lanka),https://www.thenaturalsapphirecompany.com/blue-sapphires/1.26ct-ceylon-sri-lankan-round-blue-sapphire-s25776/
B17593,44779.0,6975.0,6.42,10.45,10.29,6.66,Blue,Vivid,Eye Clean,Cushion,Mixed Brilliant Cut,Heat Treated,Ceylon (Sri Lanka),https://www.thenaturalsapphirecompany.com/blue-sapphires/6.42ct-ceylon-sri-lankan-cushion-blue-sapphire-b17593/
S4729,124.0,400.0,0.31,4.69,3.62,2.25,Violet,Light,Very Slightly Included,Oval,Mixed Brilliant Cut,No Enhancement,Ceylon (Sri Lanka),https://www.thenaturalsapphirecompany.com/blue-sapphires/0.31ct-ceylon-sri-lankan-oval-violet-sapphire-s4729/
S25541,2937.0,3300.0,0.89,5.88,5.84,3.64,Blue,Vivid,Eye Clean,Round,Mixed Brilliant Cut,Heat Treated,Ceylon (Sri Lanka),https://www.thenaturalsapphirecompany.com/blue-sapphires/0.89ct-ceylon-sri-lankan-round-blue-sapphire-s25541/
B13982,2208.0,2300.0,0.96,5.84,5.78,3.71,Blue,Vivid,Very Slightly Included,Round,Mixed Brilliant Cut,Heat Treated,Ceylon (Sri Lanka),https://www.thenaturalsapphirecompany.com/blue-sapphires/0.96ct-ceylon-sri-lankan-round-blue-sapphire-b13982/
S4710,104.0,400.0,0.26,4.26,3.45,2.21,Violet,Light,Very Slightly Included,Oval,Mixed Brilliant Cut,No Enhancement,Ceylon (Sri Lanka),https://www.thenaturalsapphirecompany.com/blue-sapphires/0.26ct-ceylon-sri-lankan-oval-violet-sapphire-s4710/
S4306,160.0,500.0,0.32,4.32,3.62,2.81,Greyish Blue,Light,Very Slightly Included,Fancy,Step Cut,No Enhancement,Ceylon (Sri Lanka),https://www.thenaturalsapphirecompany.com/blue-sapphires/0.32ct-ceylon-sri-lankan-fancy-greyish-blue-sapphire-s4306/
S5046,1199.0,1100.0,1.09,8.64,6.32,3.6,Bluish Green,Medium,Very Slightly Included,Fancy,Fancy Cut,No Enhancement,Montana,https://www.thenaturalsapphirecompany.com/blue-sapphires/1.09ct-montana-fancy-bluish-green-sapphire-s5046/
U5361,6141.0,2300.0,2.67,8.56,6.9,4.93,Bluish Green,Medium,Very Slightly Included,Cushion,Mixed Brilliant Cut,No Enhancement,Montana,https://www.thenaturalsapphirecompany.com/blue-sapphires/2.67ct-montana-cushion-bluish-green-sapphire-u5361/
S4305,155.0,500.0,0.31,4.32,3.92,2.89,Purplish Blue,Medium,Slightly Included,Fancy,Step Cut,No Enhancement,Ceylon (Sri Lanka),https://www.thenaturalsapphirecompany.com/blue-sapphires/0.31ct-ceylon-sri-lankan-fancy-purplish-blue-sapphire-s4305/
S19675,8051.0,3145.0,2.56,8.92,6.89,4.99,Purplish Blue,Medium,Eye Clean,Oval,Mixed Brilliant Cut,No Enhancement,Ceylon (Sri Lanka),https://www.thenaturalsapphirecompany.com/blue-sapphires/2.56ct-ceylon-sri-lankan-oval-purplish-blue-sapphire-s19675/
S4263,110.0,500.0,0.22,3.87,3.34,2.16,Blue,Light,Very Slightly Included,Fancy,Step Cut,No Enhancement,Ceylon (Sri Lanka),https://www.thenaturalsapphirecompany.com/blue-sapphires/0.22ct-ceylon-sri-lankan-fancy-blue-sapphire-s4263/
B14406,600.0,800.0,0.75,5.59,4.77,3.01,Blue,Medium,Very Slightly Included,Cushion,Mixed Brilliant Cut,No Enhancement,Ceylon (Sri Lanka),https://www.thenaturalsapphirecompany.com/blue-sapphires/0.75ct-ceylon-sri-lankan-cushion-blue-sapphire-b14406/
S9965,128.0,200.0,0.64,4.86,6.82,2.89,Blue,Medium,Very Slightly Included,Fancy,Step Cut,Heat Treated,Ceylon (Sri Lanka),https://www.thenaturalsapphirecompany.com/blue-sapphires/0.64ct-ceylon-sri-lankan-fancy-blue-sapphire-s9965/
B6614,5890.0,1550.0,3.8,9.93,8.99,5.37,Blue,Intense,Slightly Included,Oval,Brilliant Cut,No Enhancement,Ceylon (Sri Lanka),https://www.thenaturalsapphirecompany.com/blue-sapphires/3.80ct-ceylon-sri-lankan-oval-blue-sapphire-b6614/
S4298,150.0,500.0,0.3,4.08,3.5,2.89,Bluish Grey,Light,Very Slightly Included,Fancy,Step Cut,No Enhancement,Ceylon (Sri Lanka),https://www.thenaturalsapphirecompany.com/blue-sapphires/0.30ct-ceylon-sri-lankan-fancy-bluish-grey-sapphire-s4298/
S15278,212.0,400.0,0.53,4.44,4.43,2.89,Blue,Vivid,Very Slightly Included,Princess,Princess Cut,Heat Treated,Ceylon (Sri Lanka),https://www.thenaturalsapphirecompany.com/blue-sapphires/0.53ct-ceylon-sri-lankan-princess-blue-sapphire-s15278/
B7528,198.0,300.0,0.66,5.64,4.68,2.81,Blue,Vivid,Very Slightly Included,Cushion,Mixed Brilliant Cut,Heat Treated,Ceylon (Sri Lanka),https://www.thenaturalsapphirecompany.com/blue-sapphires/0.66ct-ceylon-sri-lankan-cushion-blue-sapphire-b7528/
B16581,472.0,400.0,1.18,5.83,6.55,3.93,Blue,Vivid,Very Slightly Included,Heart,Mixed Brilliant Cut,Heat Treated,Ceylon (Sri Lanka),https://www.thenaturalsapphirecompany.com/blue-sapphires/1.18ct-ceylon-sri-lankan-heart-blue-sapphire-b16581/
B16288,922.0,640.0,1.44,6.72,6.98,3.95,Blue,Vivid,Very Slightly Included,Heart,Mixed Brilliant Cut,Heat Treated,Ceylon (Sri Lanka),https://www.thenaturalsapphirecompany.com/blue-sapphires/1.44ct-ceylon-sri-lankan-heart-blue-sapphire-b16288/
B16292,998.0,640.0,1.56,5.74,7.72,4.38,Blue,Vivid,Eye Clean,Heart,Mixed Brilliant Cut,Heat Treated,Ceylon (Sri Lanka),https://www.thenaturalsapphirecompany.com/blue-sapphires/1.56ct-ceylon-sri-lankan-heart-blue-sapphire-b16292/
B16780,500.0,1020.0,0.49,5.7,4.88,2.57,Blue,Intense,Very Slightly Included,Fancy,Fancy Brilliant Cut,No Enhancement,Nigeria,https://www.thenaturalsapphirecompany.com/blue-sapphires/0.49ct-nigerian-fancy-blue-sapphire-b16780/
S8449,26968.0,5940.0,4.54,8.97,8.35,6.56,Blue,Vivid,Very Slightly Included,Asscher - Octagon,Asscher Cut,Heat Treated,Ceylon (Sri Lanka),https://www.thenaturalsapphirecompany.com/blue-sapphires/4.54ct-ceylon-sri-lankan-asscher-octagon-blue-sapphire-s8449/
S21048,8784.0,6757.0,1.3,6.55,5.71,4.26,Greenish Blue,Intense,Very Slightly Included,Cushion,Mixed Brilliant Cut,Heat Treated,Montana,https://www.thenaturalsapphirecompany.com/blue-sapphires/1.30ct-montana-cushion-greenish-blue-sapphire-s21048/
U15439,1290.0,1000.0,1.29,6.86,5.74,3.99,Bluish Grey,Light,Slightly Included,Cushion,Mixed Brilliant Cut,Heat Treated,Montana,https://www.thenaturalsapphirecompany.com/blue-sapphires/1.29ct-montana-cushion-bluish-grey-sapphire-u15439/
S15614,130.0,241.0,0.54,5.9,4.11,2.43,Blue,Medium,Very Slightly Included,Emerald Cut,Emerald Cut,Heat Treated,Ceylon (Sri Lanka),https://www.thenaturalsapphirecompany.com/blue-sapphires/0.54ct-ceylon-sri-lankan-emerald-cut-blue-sapphire-s15614/
S15620,149.0,240.0,0.62,5.98,3.98,2.74,Blue,Intense,Very Slightly Included,Emerald Cut,Emerald Cut,Heat Treated,Ceylon (Sri Lanka),https://www.thenaturalsapphirecompany.com/blue-sapphires/0.62ct-ceylon-sri-lankan-emerald-cut-blue-sapphire-s15620/
S15621,151.0,240.0,0.63,6.07,4.04,2.52,Blue,Medium,Very Slightly Included,Emerald Cut,Emerald Cut,Heat Treated,Ceylon (Sri Lanka),https://www.thenaturalsapphirecompany.com/blue-sapphires/0.63ct-ceylon-sri-lankan-emerald-cut-blue-sapphire-s15621/
S15622,144.0,240.0,0.6,6.02,4.03,2.45,Blue,Medium,Very Slightly Included,Emerald Cut,Emerald Cut,Heat Treated,Ceylon (Sri Lanka),https://www.thenaturalsapphirecompany.com/blue-sapphires/0.60ct-ceylon-sri-lankan-emerald-cut-blue-sapphire-s15622/
S9116,156.0,260.0,0.6,5.93,3.84,2.7,Blue,Medium,Eye Clean,Emerald Cut,Emerald Cut,Heat Treated,Ceylon (Sri Lanka),https://www.thenaturalsapphirecompany.com/blue-sapphires/0.60ct-ceylon-sri-lankan-emerald-cut-blue-sapphire-s9116/
U15625,3848.0,1850.0,2.08,8.71,6.21,4.84,Bluish Green,Dark,Very Slightly Included,Pear,Mixed Brilliant Cut,No Enhancement,Ceylon (Sri Lanka),https://www.thenaturalsapphirecompany.com/blue-sapphires/2.08ct-ceylon-sri-lankan-pear-bluish-green-sapphire-u15625/
S15626,132.0,240.0,0.55,6.04,4.04,2.38,Blue,Medium,Very Slightly Included,Emerald Cut,Emerald Cut,Heat Treated,Ceylon (Sri Lanka),https://www.thenaturalsapphirecompany.com/blue-sapphires/0.55ct-ceylon-sri-lankan-emerald-cut-blue-sapphire-s15626/
S15627,125.0,240.0,0.52,5.33,4.05,2.43,Blue,Medium,Very Slightly Included,Emerald Cut,Emerald Cut,Heat Treated,Ceylon (Sri Lanka),https://www.thenaturalsapphirecompany.com/blue-sapphires/0.52ct-ceylon-sri-lankan-emerald-cut-blue-sapphire-s15627/
S15629,149.0,240.0,0.62,5.96,4.11,2.68,Blue,Medium,Very Slightly Included,Emerald Cut,Emerald Cut,Heat Treated,Ceylon (Sri Lanka),https://www.thenaturalsapphirecompany.com/blue-sapphires/0.62ct-ceylon-sri-lankan-emerald-cut-blue-sapphire-s15629/
S15638,156.0,240.0,0.65,6.15,4.13,2.63,Blue,Intense,Very Slightly Included,Emerald Cut,Emerald Cut,Heat Treated,Ceylon (Sri Lanka),https://www.thenaturalsapphirecompany.com/blue-sapphires/0.65ct-ceylon-sri-lankan-emerald-cut-blue-sapphire-s15638/
S9007,142.0,200.0,0.71,6.12,4.07,2.92,Blue,Light,Very Slightly Included,Emerald Cut,Emerald Cut,Heat Treated,Ceylon (Sri Lanka),https://www.thenaturalsapphirecompany.com/blue-sapphires/0.71ct-ceylon-sri-lankan-emerald-cut-blue-sapphire-s9007/
S15633,151.0,240.0,0.63,5.59,3.91,2.92,Blue,Medium,Slightly Included,Emerald Cut,Emerald Cut,Heat Treated,Ceylon (Sri Lanka),https://www.thenaturalsapphirecompany.com/blue-sapphires/0.63ct-ceylon-sri-lankan-emerald-cut-blue-sapphire-s15633/
S15635,142.0,241.0,0.59,6.01,4.08,2.43,Blue,Medium,Very Slightly Included,Emerald Cut,Emerald Cut,Heat Treated,Ceylon (Sri Lanka),https://www.thenaturalsapphirecompany.com/blue-sapphires/0.59ct-ceylon-sri-lankan-emerald-cut-blue-sapphire-s15635/
S15636,158.0,239.0,0.66,5.28,3.96,3.08,Blue,Intense,Slightly Included,Emerald Cut,Emerald Cut,Heat Treated,Ceylon (Sri Lanka),https://www.thenaturalsapphirecompany.com/blue-sapphires/0.66ct-ceylon-sri-lankan-emerald-cut-blue-sapphire-s15636/
S15637,146.0,239.0,0.61,5.95,3.94,2.66,Blue,Intense,Very Slightly Included,Emerald Cut,Emerald Cut,Heat Treated,Ceylon (Sri Lanka),https://www.thenaturalsapphirecompany.com/blue-sapphires/0.61ct-ceylon-sri-lankan-emerald-cut-blue-sapphire-s15637/
S15642,137.0,240.0,0.57,5.88,4.06,2.55,Blue,Intense,Very Slightly Included,Emerald Cut,Emerald Cut,Heat Treated,Ceylon (Sri Lanka),https://www.thenaturalsapphirecompany.com/blue-sapphires/0.57ct-ceylon-sri-lankan-emerald-cut-blue-sapphire-s15642/
S9134,143.0,260.0,0.55,6.01,3.99,2.4,Blue,Intense,Very Slightly Included,Emerald Cut,Emerald Cut,Heat Treated,Ceylon (Sri Lanka),https://www.thenaturalsapphirecompany.com/blue-sapphires/0.55ct-ceylon-sri-lankan-emerald-cut-blue-sapphire-s9134/
S10470,324.0,400.0,0.81,5.0,4.95,3.42,Blue,Vivid,Very Slightly Included,Asscher - Octagon,Asscher Cut,Heat Treated,Ceylon (Sri Lanka),https://www.thenaturalsapphirecompany.com/blue-sapphires/0.81ct-ceylon-sri-lankan-asscher-octagon-blue-sapphire-s10470/
S5123,1272.0,1200.0,1.06,6.95,4.44,3.44,Greyish Blue,Light,Very Slightly Included,Radiant,Radiant Cut,No Enhancement,Montana,https://www.thenaturalsapphirecompany.com/blue-sapphires/1.06ct-montana-radiant-greyish-blue-sapphire-s5123/
S5130,1729.0,1300.0,1.33,6.51,5.44,4.11,Greyish Blue,Intense,Slightly Included,Cushion,Mixed Brilliant Cut,No Enhancement,Montana,https://www.thenaturalsapphirecompany.com/blue-sapphires/1.33ct-montana-cushion-greyish-blue-sapphire-s5130/
S5133,1807.0,1300.0,1.39,7.16,5.72,3.62,Greyish Blue,Medium,Very Slightly Included,Cushion,Mixed Brilliant Cut,No Enhancement,Montana,https://www.thenaturalsapphirecompany.com/blue-sapphires/1.39ct-montana-cushion-greyish-blue-sapphire-s5133/
S16352,3010.0,2020.0,1.49,6.83,6.81,4.5,Bluish Green,Intense,Eye Clean,Round,Mixed Brilliant Cut,Heat Treated,Ceylon (Sri Lanka),https://www.thenaturalsapphirecompany.com/blue-sapphires/1.49ct-ceylon-sri-lankan-round-bluish-green-sapphire-s16352/
S22025,912.0,800.0,1.14,6.94,4.6,3.43,Violet,Light,Eye Clean,Emerald Cut,Emerald Cut,No Enhancement,Ceylon (Sri Lanka),https://www.thenaturalsapphirecompany.com/blue-sapphires/1.14ct-ceylon-sri-lankan-emerald-cut-violet-sapphire-s22025/
S10474,348.0,400.0,0.87,5.0,4.97,3.72,Blue,Intense,Very Slightly Included,Asscher - Octagon,Asscher Cut,Heat Treated,Ceylon (Sri Lanka),https://www.thenaturalsapphirecompany.com/blue-sapphires/0.87ct-ceylon-sri-lankan-asscher-octagon-blue-sapphire-s10474/
S10475,252.0,400.0,0.63,4.53,4.48,3.19,Blue,Vivid,Very Slightly Included,Asscher - Octagon,Asscher Cut,Heat Treated,Ceylon (Sri Lanka),https://www.thenaturalsapphirecompany.com/blue-sapphires/0.63ct-ceylon-sri-lankan-asscher-octagon-blue-sapphire-s10475/
S9137,120.0,261.0,0.46,5.87,3.89,2.13,Blue,Medium,Very Slightly Included,Emerald Cut,Emerald Cut,Heat Treated,Ceylon (Sri Lanka),https://www.thenaturalsapphirecompany.com/blue-sapphires/0.46ct-ceylon-sri-lankan-emerald-cut-blue-sapphire-s9137/
S10552,221.0,260.0,0.85,5.42,5.37,3.43,Blue,Medium,Very Slightly Included,Asscher - Octagon,Asscher Cut,Heat Treated,Ceylon (Sri Lanka),https://www.thenaturalsapphirecompany.com/blue-sapphires/0.85ct-ceylon-sri-lankan-asscher-octagon-blue-sapphire-s10552/
S9132,151.0,260.0,0.58,5.95,4.01,2.34,Blue,Intense,Very Slightly Included,Emerald Cut,Emerald Cut,Heat Treated,Ceylon (Sri Lanka),https://www.thenaturalsapphirecompany.com/blue-sapphires/0.58ct-ceylon-sri-lankan-emerald-cut-blue-sapphire-s9132/
S10390,365.0,500.0,0.73,5.08,5.08,3.04,Blue,Intense,Very Slightly Included,Asscher - Octagon,Asscher Cut,Heat Treated,Ceylon (Sri Lanka),https://www.thenaturalsapphirecompany.com/blue-sapphires/0.73ct-ceylon-sri-lankan-asscher-octagon-blue-sapphire-s10390/
S10391,300.0,500.0,0.6,4.78,4.77,2.97,Blue,Intense,Very Slightly Included,Asscher - Octagon,Asscher Cut,Heat Treated,Ceylon (Sri Lanka),https://www.thenaturalsapphirecompany.com/blue-sapphires/0.60ct-ceylon-sri-lankan-asscher-octagon-blue-sapphire-s10391/
S10392,370.0,500.0,0.74,5.04,5.04,3.43,Blue,Intense,Slightly Included,Asscher - Octagon,Asscher Cut,Heat Treated,Ceylon (Sri Lanka),https://www.thenaturalsapphirecompany.com/blue-sapphires/0.74ct-ceylon-sri-lankan-asscher-octagon-blue-sapphire-s10392/
S10393,330.0,500.0,0.66,4.79,4.75,3.16,Blue,Intense,Very Slightly Included,Asscher - Octagon,Asscher Cut,Heat Treated,Ceylon (Sri Lanka),https://www.thenaturalsapphirecompany.com/blue-sapphires/0.66ct-ceylon-sri-lankan-asscher-octagon-blue-sapphire-s10393/
S10394,295.0,500.0,0.59,4.74,4.67,2.88,Blue,Vivid,Very Slightly Included,Asscher - Octagon,Asscher Cut,Heat Treated,Ceylon (Sri Lanka),https://www.thenaturalsapphirecompany.com/blue-sapphires/0.59ct-ceylon-sri-lankan-asscher-octagon-blue-sapphire-s10394/
S10395,355.0,500.0,0.71,4.85,4.79,3.43,Blue,Intense,Very Slightly Included,Asscher - Octagon,Asscher Cut,Heat Treated,Ceylon (Sri Lanka),https://www.thenaturalsapphirecompany.com/blue-sapphires/0.71ct-ceylon-sri-lankan-asscher-octagon-blue-sapphire-s10395/
S10397,320.0,500.0,0.64,4.68,4.68,3.31,Blue,Vivid,Very Slightly Included,Asscher - Octagon,Asscher Cut,Heat Treated,Ceylon (Sri Lanka),https://www.thenaturalsapphirecompany.com/blue-sapphires/0.64ct-ceylon-sri-lankan-asscher-octagon-blue-sapphire-s10397/
S10405,680.0,500.0,1.36,8.88,5.14,3.98,Blue,Vivid,Very Slightly Included,Heart,Mixed Brilliant Cut,Heat Treated,Ceylon (Sri Lanka),https://www.thenaturalsapphirecompany.com/blue-sapphires/1.36ct-ceylon-sri-lankan-heart-blue-sapphire-s10405/
S3478,900.0,1000.0,0.9,6.09,6.14,3.47,Blue,Intense,Very Slightly Included,Trillion,Trillion Cut,Heat Treated,Ceylon (Sri Lanka),https://www.thenaturalsapphirecompany.com/blue-sapphires/0.90ct-ceylon-sri-lankan-trillion-blue-sapphire-s3478/
U10093,1320.0,1100.0,1.2,6.54,6.45,4.01,Bluish Green,Light,Eye Clean,Round,Mixed Brilliant Cut,No Enhancement,Ceylon (Sri Lanka),https://www.thenaturalsapphirecompany.com/blue-sapphires/1.20ct-ceylon-sri-lankan-round-bluish-green-sapphire-u10093/
S6133,350.0,368.0,0.95,6.23,5.3,4.07,Blue,Intense,Very Slightly Included,Heart,Mixed Brilliant Cut,No Enhancement,Ceylon (Sri Lanka),https://www.thenaturalsapphirecompany.com/blue-sapphires/0.95ct-ceylon-sri-lankan-heart-blue-sapphire-s6133/
S12286,141.0,300.0,0.47,4.52,4.37,2.72,Blue,Medium,Very Slightly Included,Cushion,Mixed Brilliant Cut,No Enhancement,Ceylon (Sri Lanka),https://www.thenaturalsapphirecompany.com/blue-sapphires/0.47ct-ceylon-sri-lankan-cushion-blue-sapphire-s12286/
S12279,232.0,400.0,0.58,4.51,5.36,3.26,Blue,Intense,Very Slightly Included,Heart,Mixed Brilliant Cut,Heat Treated,Ceylon (Sri Lanka),https://www.thenaturalsapphirecompany.com/blue-sapphires/0.58ct-ceylon-sri-lankan-heart-blue-sapphire-s12279/
S17419,330.0,440.0,0.75,5.2,6.05,2.84,Blue,Medium,Very Slightly Included,Heart,Mixed Brilliant Cut,No Enhancement,Ceylon (Sri Lanka),https://www.thenaturalsapphirecompany.com/blue-sapphires/0.75ct-ceylon-sri-lankan-heart-blue-sapphire-s17419/
S6104,350.0,603.0,0.58,5.52,5.09,3.01,Blue,Intense,Very Slightly Included,Heart,Mixed Brilliant Cut,No Enhancement,Ceylon (Sri Lanka),https://www.thenaturalsapphirecompany.com/blue-sapphires/0.58ct-ceylon-sri-lankan-heart-blue-sapphire-s6104/
S5709,3300.0,3000.0,1.1,5.46,5.41,4.12,Blue,Vivid,Very Slightly Included,Asscher - Octagon,Asscher Cut,Heat Treated,Ceylon (Sri Lanka),https://www.thenaturalsapphirecompany.com/blue-sapphires/1.10ct-ceylon-sri-lankan-asscher-octagon-blue-sapphire-s5709/
S11804,376.0,400.0,0.94,5.81,5.86,3.61,Violet,Medium,Very Slightly Included,Round,Mixed Brilliant Cut,No Enhancement,Ceylon (Sri Lanka),https://www.thenaturalsapphirecompany.com/blue-sapphires/0.94ct-ceylon-sri-lankan-round-violet-sapphire-s11804/
S3910,224.0,400.0,0.56,4.79,3.93,3.47,Blue,Intense,Very Slightly Included,Cushion,Mixed Brilliant Cut,No Enhancement,Ceylon (Sri Lanka),https://www.thenaturalsapphirecompany.com/blue-sapphires/0.56ct-ceylon-sri-lankan-cushion-blue-sapphire-s3910/
S11744,5790.0,1850.0,3.13,9.93,7.29,4.23,Violet,Medium,Very Slightly Included,Emerald Cut,Emerald Cut,No Enhancement,Ceylon (Sri Lanka),https://www.thenaturalsapphirecompany.com/blue-sapphires/3.13ct-ceylon-sri-lankan-emerald-cut-violet-sapphire-s11744/
S17985,3024.0,1200.0,2.52,8.33,8.79,5.14,Bluish Green,Intense,Eye Clean,Fancy,Step Cut,Heat Treated,Madagascar,https://www.thenaturalsapphirecompany.com/blue-sapphires/2.52ct-madagascar-fancy-bluish-green-sapphire-s17985/
S6562,1344.0,1200.0,1.12,5.92,5.82,4.2,Greenish Blue,Intense,Eye Clean,Round,Mixed Brilliant Cut,No Enhancement,Ceylon (Sri Lanka),https://www.thenaturalsapphirecompany.com/blue-sapphires/1.12ct-ceylon-sri-lankan-round-greenish-blue-sapphire-s6562/
S4234,170.0,500.0,0.34,3.84,3.84,2.53,Blue,Intense,Slightly Included,Asscher - Octagon,Asscher Cut,Heat Treated,Ceylon (Sri Lanka),https://www.thenaturalsapphirecompany.com/blue-sapphires/0.34ct-ceylon-sri-lankan-asscher-octagon-blue-sapphire-s4234/
S6842,120.0,300.0,0.4,4.27,4.12,2.41,Blue,Light,Very Slightly Included,Asscher - Octagon,Asscher Cut,No Enhancement,Ceylon (Sri Lanka),https://www.thenaturalsapphirecompany.com/blue-sapphires/0.40ct-ceylon-sri-lankan-asscher-octagon-blue-sapphire-s6842/
S6847,198.0,300.0,0.66,5.39,5.32,2.86,Violet,Light,Very Slightly Included,Round,Mixed Brilliant Cut,No Enhancement,Ceylon (Sri Lanka),https://www.thenaturalsapphirecompany.com/blue-sapphires/0.66ct-ceylon-sri-lankan-round-violet-sapphire-s6847/
S12733,2860.0,2000.0,1.43,7.11,5.36,4.12,Greyish Blue,Intense,Very Slightly Included,Cushion,Mixed Brilliant Cut,No Enhancement,Montana,https://www.thenaturalsapphirecompany.com/blue-sapphires/1.43ct-montana-cushion-greyish-blue-sapphire-s12733/
S4669,112.0,400.0,0.28,4.09,4.05,2.14,Violet,Medium,Very Slightly Included,Round,Mixed Brilliant Cut,No Enhancement,Ceylon (Sri Lanka),https://www.thenaturalsapphirecompany.com/blue-sapphires/0.28ct-ceylon-sri-lankan-round-violet-sapphire-s4669/
S6860,98.0,200.0,0.49,4.99,3.95,2.56,Greyish Blue,Light,Slightly Included,Emerald Cut,Emerald Cut,No Enhancement,Ceylon (Sri Lanka),https://www.thenaturalsapphirecompany.com/blue-sapphires/0.49ct-ceylon-sri-lankan-emerald-cut-greyish-blue-sapphire-s6860/
S4236,185.0,500.0,0.37,3.87,3.86,2.73,Blue,Intense,Very Slightly Included,Asscher - Octagon,Asscher Cut,Heat Treated,Ceylon (Sri Lanka),https://www.thenaturalsapphirecompany.com/blue-sapphires/0.37ct-ceylon-sri-lankan-asscher-octagon-blue-sapphire-s4236/
S4218,120.0,500.0,0.24,3.97,3.38,2.54,Blue,Light,Very Slightly Included,Fancy,Step Cut,Heat Treated,Ceylon (Sri Lanka),https://www.thenaturalsapphirecompany.com/blue-sapphires/0.24ct-ceylon-sri-lankan-fancy-blue-sapphire-s4218/
S12586,156.0,400.0,0.39,4.61,4.05,2.2,Blue,Light,Very Slightly Included,Princess,Princess Cut,No Enhancement,Ceylon (Sri Lanka),https://www.thenaturalsapphirecompany.com/blue-sapphires/0.39ct-ceylon-sri-lankan-princess-blue-sapphire-s12586/
S4226,145.0,500.0,0.29,4.32,3.86,2.38,Blue,Light,Very Slightly Included,Fancy,Step Cut,Heat Treated,Ceylon (Sri Lanka),https://www.thenaturalsapphirecompany.com/blue-sapphires/0.29ct-ceylon-sri-lankan-fancy-blue-sapphire-s4226/
S15272,316.0,400.0,0.79,5.17,5.16,3.17,Blue,Medium,Very Slightly Included,Princess,Princess Cut,No Enhancement,Ceylon (Sri Lanka),https://www.thenaturalsapphirecompany.com/blue-sapphires/0.79ct-ceylon-sri-lankan-princess-blue-sapphire-s15272/
S25653,1801.0,1162.0,1.55,6.49,6.43,4.64,Bluish Green,Intense,Very Very Slightly Included,Round,Mixed Brilliant Cut,No Enhancement,Madagascar,https://www.thenaturalsapphirecompany.com/blue-sapphires/1.55ct-madagascar-round-bluish-green-sapphire-s25653/
B14843,446.0,826.0,0.54,4.49,4.43,3.04,Blue,Intense,Very Slightly Included,Princess,Princess Cut,Heat Treated,Ceylon (Sri Lanka),https://www.thenaturalsapphirecompany.com/blue-sapphires/0.54ct-ceylon-sri-lankan-princess-blue-sapphire-b14843/
S14986,552.0,800.0,0.69,4.75,4.73,3.19,Blue,Intense,Slightly Included,Princess,Princess Cut,Heat Treated,Ceylon (Sri Lanka),https://www.thenaturalsapphirecompany.com/blue-sapphires/0.69ct-ceylon-sri-lankan-princess-blue-sapphire-s14986/
B14685,32990.0,5270.0,6.26,10.32,9.62,7.16,Blue,Vivid,Eye Clean,Cushion,Mixed Brilliant Cut,Heat Treated,Ceylon (Sri Lanka),https://www.thenaturalsapphirecompany.com/blue-sapphires/6.26ct-ceylon-sri-lankan-cushion-blue-sapphire-b14685/
B14637,9529.0,3145.0,3.03,8.15,7.37,5.38,Blue,Intense,Eye Clean,Radiant,Radiant Cut,Heat Treated,Ceylon (Sri Lanka),https://www.thenaturalsapphirecompany.com/blue-sapphires/3.03ct-ceylon-sri-lankan-radiant-blue-sapphire-b14637/
U14342,210.0,600.0,0.35,4.34,3.47,2.5,Color Change,Intense,Very Slightly Included,Cushion,Mixed Brilliant Cut,No Enhancement,Ceylon (Sri Lanka),https://www.thenaturalsapphirecompany.com/blue-sapphires/0.35ct-ceylon-sri-lankan-cushion-color-change-sapphire-u14342/
U8809,1785.0,1500.0,1.19,6.59,4.88,4.18,Greyish Blue,Medium,Very Slightly Included,Cushion,Fancy Brilliant Cut,No Enhancement,Montana,https://www.thenaturalsapphirecompany.com/blue-sapphires/1.19ct-montana-cushion-greyish-blue-sapphire-u8809/
S4301,150.0,500.0,0.3,4.21,3.55,2.85,Bluish Grey,Light,Very Slightly Included,Fancy,Step Cut,No Enhancement,Ceylon (Sri Lanka),https://www.thenaturalsapphirecompany.com/blue-sapphires/0.30ct-ceylon-sri-lankan-fancy-bluish-grey-sapphire-s4301/
S7318,3852.0,1800.0,2.14,8.71,7.26,3.52,Greyish Blue,Intense,Very Slightly Included,Oval,Mixed Brilliant Cut,Heat Treated,Ceylon (Sri Lanka),https://www.thenaturalsapphirecompany.com/blue-sapphires/2.14ct-ceylon-sri-lankan-oval-greyish-blue-sapphire-s7318/
S14298,393.0,715.0,0.55,5.02,5.42,2.88,Blue,Medium,Very Slightly Included,Heart,Mixed Brilliant Cut,No Enhancement,Ceylon (Sri Lanka),https://www.thenaturalsapphirecompany.com/blue-sapphires/0.55ct-ceylon-sri-lankan-heart-blue-sapphire-s14298/
S14232,580.0,1000.0,0.58,4.65,4.32,2.87,Purplish Blue,Medium,Very Slightly Included,Princess,Princess Cut,No Enhancement,Ceylon (Sri Lanka),https://www.thenaturalsapphirecompany.com/blue-sapphires/0.58ct-ceylon-sri-lankan-princess-purplish-blue-sapphire-s14232/
B16019,30999.0,6187.0,5.01,9.54,9.11,5.9,Blue,Vivid,Very Slightly Included,Cushion,Mixed Brilliant Cut,No Enhancement,Ceylon (Sri Lanka),https://www.thenaturalsapphirecompany.com/blue-sapphires/5.01ct-ceylon-sri-lankan-cushion-blue-sapphire-b16019/
U14002,561.0,1100.0,0.51,5.48,4.08,3.07,Bluish Green,Medium,Eye Clean,Oval,Mixed Brilliant Cut,Heat Treated,Montana,https://www.thenaturalsapphirecompany.com/blue-sapphires/0.51ct-montana-oval-bluish-green-sapphire-u14002/
U14014,754.0,1300.0,0.58,6.08,5.15,2.86,Greyish Blue,Medium,Eye Clean,Fancy,Fancy Cut,Heat Treated,Montana,https://www.thenaturalsapphirecompany.com/blue-sapphires/0.58ct-montana-fancy-greyish-blue-sapphire-u14014/
B14275,215.0,551.0,0.39,4.47,4.0,2.51,Blue,Dark,Very Slightly Included,Cushion,Mixed Brilliant Cut,No Enhancement,Ceylon (Sri Lanka),https://www.thenaturalsapphirecompany.com/blue-sapphires/0.39ct-ceylon-sri-lankan-cushion-blue-sapphire-b14275/
S4314,185.0,500.0,0.37,4.36,3.89,3.18,Greyish Blue,Light,Very Slightly Included,Fancy,Mixed Brilliant Cut,No Enhancement,Ceylon (Sri Lanka),https://www.thenaturalsapphirecompany.com/blue-sapphires/0.37ct-ceylon-sri-lankan-fancy-greyish-blue-sapphire-s4314/
S9985,198.0,319.0,0.62,5.56,4.68,2.88,Color Change,Intense,Very Slightly Included,Cushion,Mixed Brilliant Cut,No Enhancement,Ceylon (Sri Lanka),https://www.thenaturalsapphirecompany.com/blue-sapphires/0.62ct-ceylon-sri-lankan-cushion-color-change-sapphire-s9985/
B13647,196.0,400.0,0.49,4.39,4.24,2.91,Blue,Medium,Very Slightly Included,Cushion,Mixed Brilliant Cut,No Enhancement,Ceylon (Sri Lanka),https://www.thenaturalsapphirecompany.com/blue-sapphires/0.49ct-ceylon-sri-lankan-cushion-blue-sapphire-b13647/
B13688,1718.0,1420.0,1.21,6.33,5.5,4.21,Greenish Blue,Intense,Eye Clean,Cushion,Mixed Brilliant Cut,Heat Treated,Montana,https://www.thenaturalsapphirecompany.com/blue-sapphires/1.21ct-montana-cushion-greenish-blue-sapphire-b13688/
S3730,192.0,400.0,0.48,4.58,4.37,2.88,Blue,Medium,Very Slightly Included,Cushion,Mixed Brilliant Cut,No Enhancement,Ceylon (Sri Lanka),https://www.thenaturalsapphirecompany.com/blue-sapphires/0.48ct-ceylon-sri-lankan-cushion-blue-sapphire-s3730/
B13905,177.0,300.0,0.59,5.58,4.76,2.67,Blue,Medium,Very Slightly Included,Cushion,Mixed Brilliant Cut,No Enhancement,Ceylon (Sri Lanka),https://www.thenaturalsapphirecompany.com/blue-sapphires/0.59ct-ceylon-sri-lankan-cushion-blue-sapphire-b13905/
S13017,212.0,400.0,0.53,5.18,4.35,2.48,Blue,Light,Very Slightly Included,Cushion,Mixed Brilliant Cut,No Enhancement,Ceylon (Sri Lanka),https://www.thenaturalsapphirecompany.com/blue-sapphires/0.53ct-ceylon-sri-lankan-cushion-blue-sapphire-s13017/
S13026,108.0,200.0,0.54,5.01,4.62,2.47,Blue,Medium,Very Slightly Included,Cushion,Mixed Brilliant Cut,No Enhancement,Ceylon (Sri Lanka),https://www.thenaturalsapphirecompany.com/blue-sapphires/0.54ct-ceylon-sri-lankan-cushion-blue-sapphire-s13026/
S13029,118.0,200.0,0.59,5.13,5.03,2.42,Blue,Light,Slightly Included,Cushion,Mixed Brilliant Cut,No Enhancement,Ceylon (Sri Lanka),https://www.thenaturalsapphirecompany.com/blue-sapphires/0.59ct-ceylon-sri-lankan-cushion-blue-sapphire-s13029/
S18364,328.0,400.0,0.82,5.83,5.83,3.28,Violet,Medium,Very Slightly Included,Round,Mixed Brilliant Cut,No Enhancement,Ceylon (Sri Lanka),https://www.thenaturalsapphirecompany.com/blue-sapphires/0.82ct-ceylon-sri-lankan-round-violet-sapphire-s18364/
S18405,296.0,400.0,0.74,5.39,5.46,3.34,Violet,Intense,Very Slightly Included,Round,Mixed Brilliant Cut,No Enhancement,Ceylon (Sri Lanka),https://www.thenaturalsapphirecompany.com/blue-sapphires/0.74ct-ceylon-sri-lankan-round-violet-sapphire-s18405/
S17589,570.0,500.0,1.14,6.98,5.99,3.54,Blue,Faint,Very Slightly Included,Fancy,Step Cut,Heat Treated,Ceylon (Sri Lanka),https://www.thenaturalsapphirecompany.com/blue-sapphires/1.14ct-ceylon-sri-lankan-fancy-blue-sapphire-s17589/
S13080,170.0,239.0,0.71,5.29,4.75,2.97,Blue,Medium,Very Slightly Included,Cushion,Mixed Brilliant Cut,No Enhancement,Ceylon (Sri Lanka),https://www.thenaturalsapphirecompany.com/blue-sapphires/0.71ct-ceylon-sri-lankan-cushion-blue-sapphire-s13080/
S4272,120.0,500.0,0.24,4.08,3.5,2.34,Blue,Light,Very Slightly Included,Fancy,Step Cut,No Enhancement,Ceylon (Sri Lanka),https://www.thenaturalsapphirecompany.com/blue-sapphires/0.24ct-ceylon-sri-lankan-fancy-blue-sapphire-s4272/
S18188,146.0,200.0,0.73,5.1,3.74,3.72,Blue,Light,Very Slightly Included,Emerald Cut,Emerald Cut,No Enhancement,Ceylon (Sri Lanka),https://www.thenaturalsapphirecompany.com/blue-sapphires/0.73ct-ceylon-sri-lankan-emerald-cut-blue-sapphire-s18188/
S12973,184.0,400.0,0.46,4.65,4.59,2.58,Blue,Medium,Very Slightly Included,Cushion,Mixed Brilliant Cut,No Enhancement,Ceylon (Sri Lanka),https://www.thenaturalsapphirecompany.com/blue-sapphires/0.46ct-ceylon-sri-lankan-cushion-blue-sapphire-s12973/
S13011,220.0,400.0,0.55,4.74,4.58,3.11,Blue,Dark,Very Slightly Included,Cushion,Mixed Brilliant Cut,No Enhancement,Ceylon (Sri Lanka),https://www.thenaturalsapphirecompany.com/blue-sapphires/0.55ct-ceylon-sri-lankan-cushion-blue-sapphire-s13011/
S4244,215.0,500.0,0.43,4.13,4.1,2.73,Blue,Vivid,Slightly Included,Asscher - Octagon,Asscher Cut,Heat Treated,Ceylon (Sri Lanka),https://www.thenaturalsapphirecompany.com/blue-sapphires/0.43ct-ceylon-sri-lankan-asscher-octagon-blue-sapphire-s4244/
S12810,3045.0,1500.0,2.03,7.81,7.74,4.38,Bluish Green,Intense,Eye Clean,Round,Mixed Brilliant Cut,Heat Treated,Ceylon (Sri Lanka),https://www.thenaturalsapphirecompany.com/blue-sapphires/2.03ct-ceylon-sri-lankan-round-bluish-green-sapphire-s12810/
S6722,1863.0,1350.0,1.38,6.7,6.72,3.83,Greenish Blue,Intense,Eye Clean,Round,Mixed Brilliant Cut,Heat Treated,Ceylon (Sri Lanka),https://www.thenaturalsapphirecompany.com/blue-sapphires/1.38ct-ceylon-sri-lankan-round-greenish-blue-sapphire-s6722/
U7580,2720.0,1700.0,1.6,6.9,6.27,4.44,Bluish Grey,Light,Very Slightly Included,Cushion,Mixed Brilliant Cut,No Enhancement,Montana,https://www.thenaturalsapphirecompany.com/blue-sapphires/1.60ct-montana-cushion-bluish-grey-sapphire-u7580/
S4013,283.0,280.0,1.01,5.92,5.48,4.33,Blue,Medium,Slightly Included,Heart,Mixed Brilliant Cut,No Enhancement,Ceylon (Sri Lanka),https://www.thenaturalsapphirecompany.com/blue-sapphires/1.01ct-ceylon-sri-lankan-heart-blue-sapphire-s4013/
S6497,864.0,800.0,1.08,5.87,7.21,3.5,Blue,Intense,Very Slightly Included,Heart,Mixed Brilliant Cut,Heat Treated,Ceylon (Sri Lanka),https://www.thenaturalsapphirecompany.com/blue-sapphires/1.08ct-ceylon-sri-lankan-heart-blue-sapphire-s6497/
S17422,343.0,440.0,0.78,5.57,5.92,2.84,Blue,Intense,Very Slightly Included,Heart,Mixed Brilliant Cut,No Enhancement,Ceylon (Sri Lanka),https://www.thenaturalsapphirecompany.com/blue-sapphires/0.78ct-ceylon-sri-lankan-heart-blue-sapphire-s17422/
S10432,756.0,600.0,1.26,8.48,5.25,3.96,Blue,Intense,Very Slightly Included,Heart,Mixed Brilliant Cut,Heat Treated,Ceylon (Sri Lanka),https://www.thenaturalsapphirecompany.com/blue-sapphires/1.26ct-ceylon-sri-lankan-heart-blue-sapphire-s10432/
S8801,198.0,300.0,0.66,6.54,4.4,2.45,Blue,Intense,Very Slightly Included,Cushion,Mixed Brilliant Cut,Heat Treated,Ceylon (Sri Lanka),https://www.thenaturalsapphirecompany.com/blue-sapphires/0.66ct-ceylon-sri-lankan-cushion-blue-sapphire-s8801/
S13830,280.0,400.0,0.7,5.45,5.88,3.11,Blue,Light,Very Slightly Included,Heart,Mixed Brilliant Cut,No Enhancement,Ceylon (Sri Lanka),https://www.thenaturalsapphirecompany.com/blue-sapphires/0.70ct-ceylon-sri-lankan-heart-blue-sapphire-s13830/
S18356,460.0,400.0,1.15,5.98,5.98,4.19,Violet,Intense,Very Slightly Included,Round,Mixed Brilliant Cut,No Enhancement,Ceylon (Sri Lanka),https://www.thenaturalsapphirecompany.com/blue-sapphires/1.15ct-ceylon-sri-lankan-round-violet-sapphire-s18356/
S12972,220.0,400.0,0.55,4.87,4.34,2.84,Blue,Medium,Very Slightly Included,Cushion,Mixed Brilliant Cut,No Enhancement,Ceylon (Sri Lanka),https://www.thenaturalsapphirecompany.com/blue-sapphires/0.55ct-ceylon-sri-lankan-cushion-blue-sapphire-s12972/
S18306,267.0,300.0,0.89,5.32,5.33,3.98,Violet,Intense,Very Slightly Included,Round,Mixed Brilliant Cut,No Enhancement,Ceylon (Sri Lanka),https://www.thenaturalsapphirecompany.com/blue-sapphires/0.89ct-ceylon-sri-lankan-round-violet-sapphire-s18306/
S14116,380.0,585.0,0.65,5.25,5.24,3.38,Violet,Medium,Very Slightly Included,Round,Mixed Brilliant Cut,Heat Treated,Ceylon (Sri Lanka),https://www.thenaturalsapphirecompany.com/blue-sapphires/0.65ct-ceylon-sri-lankan-round-violet-sapphire-s14116/
B14747,363.0,825.0,0.44,4.15,4.12,2.97,Blue,Medium,Eye Clean,Princess,Princess Cut,Heat Treated,Ceylon (Sri Lanka),https://www.thenaturalsapphirecompany.com/blue-sapphires/0.44ct-ceylon-sri-lankan-princess-blue-sapphire-b14747/
B14774,347.0,826.0,0.42,4.33,4.26,2.25,Blue,Vivid,Very Slightly Included,Princess,Princess Cut,Heat Treated,Thailand,https://www.thenaturalsapphirecompany.com/blue-sapphires/0.42ct-thai-princess-blue-sapphire-b14774/
B16897,450.0,900.0,0.5,4.11,4.07,2.75,Blue,Vivid,Eye Clean,Princess,Princess Cut,Heat Treated,Ceylon (Sri Lanka),https://www.thenaturalsapphirecompany.com/blue-sapphires/0.50ct-ceylon-sri-lankan-princess-blue-sapphire-b16897/
B8952,200.0,260.0,0.77,5.6,4.63,3.37,Blue,Intense,Slightly Included,Cushion,Mixed Brilliant Cut,No Enhancement,Ceylon (Sri Lanka),https://www.thenaturalsapphirecompany.com/blue-sapphires/0.77ct-ceylon-sri-lankan-cushion-blue-sapphire-b8952/
B17626,200.0,328.0,0.61,5.62,4.24,2.67,Blue,Medium,Slightly Included,Cushion,Mixed Brilliant Cut,No Enhancement,Burma (Myanmar),https://www.thenaturalsapphirecompany.com/blue-sapphires/0.61ct-burma-myanmar-cushion-blue-sapphire-b17626/
S4228,150.0,500.0,0.3,4.3,3.7,2.68,Blue,Light,Very Slightly Included,Fancy,Step Cut,Heat Treated,Ceylon (Sri Lanka),https://www.thenaturalsapphirecompany.com/blue-sapphires/0.30ct-ceylon-sri-lankan-fancy-blue-sapphire-s4228/
S14987,504.0,800.0,0.63,4.82,4.73,3.08,Blue,Vivid,Very Slightly Included,Princess,Princess Cut,Heat Treated,Ceylon (Sri Lanka),https://www.thenaturalsapphirecompany.com/blue-sapphires/0.63ct-ceylon-sri-lankan-princess-blue-sapphire-s14987/
U7650,930.0,1000.0,0.93,5.72,5.82,3.92,Bluish Grey,Medium,Very Slightly Included,Trillion,Trillion Cut,No Enhancement,Montana,https://www.thenaturalsapphirecompany.com/blue-sapphires/0.93ct-montana-trillion-bluish-grey-sapphire-u7650/
S4223,135.0,500.0,0.27,4.34,3.72,2.42,Blue,Light,Very Slightly Included,Fancy,Step Cut,Heat Treated,Ceylon (Sri Lanka),https://www.thenaturalsapphirecompany.com/blue-sapphires/0.27ct-ceylon-sri-lankan-fancy-blue-sapphire-s4223/
S4299,150.0,500.0,0.3,4.28,3.65,2.67,Greyish Blue,Light,Very Slightly Included,Fancy,Step Cut,No Enhancement,Ceylon (Sri Lanka),https://www.thenaturalsapphirecompany.com/blue-sapphires/0.30ct-ceylon-sri-lankan-fancy-greyish-blue-sapphire-s4299/
U9287,874.0,1150.0,0.76,5.41,5.36,3.69,Bluish Grey,Medium,Very Slightly Included,Round,Modified Brilliant Cut,No Enhancement,Ceylon (Sri Lanka),https://www.thenaturalsapphirecompany.com/blue-sapphires/0.76ct-ceylon-sri-lankan-round-bluish-grey-sapphire-u9287/
S4312,170.0,500.0,0.34,4.39,3.9,2.47,Blue,Light,Very Slightly Included,Fancy,Step Cut,No Enhancement,Ceylon (Sri Lanka),https://www.thenaturalsapphirecompany.com/blue-sapphires/0.34ct-ceylon-sri-lankan-fancy-blue-sapphire-s4312/
S4224,140.0,500.0,0.28,4.31,3.56,2.49,Blue,Light,Very Slightly Included,Fancy,Step Cut,Heat Treated,Ceylon (Sri Lanka),https://www.thenaturalsapphirecompany.com/blue-sapphires/0.28ct-ceylon-sri-lankan-fancy-blue-sapphire-s4224/
S21690,3000.0,1493.0,2.01,7.28,7.28,5.2,Violet,Medium,Eye Clean,Round,Mixed Brilliant Cut,No Enhancement,Ceylon (Sri Lanka),https://www.thenaturalsapphirecompany.com/blue-sapphires/2.01ct-ceylon-sri-lankan-round-violet-sapphire-s21690/
U12684,480.0,1000.0,0.48,5.13,4.38,2.78,Greyish Blue,Medium,Slightly Included,Oval,Mixed Brilliant Cut,Heat Treated,Montana,https://www.thenaturalsapphirecompany.com/blue-sapphires/0.48ct-montana-oval-greyish-blue-sapphire-u12684/
B16070,12146.0,2805.0,4.33,9.26,9.17,6.55,Purplish Blue,Intense,Eye Clean,Round,Mixed Brilliant Cut,Heat Treated,Ceylon (Sri Lanka),https://www.thenaturalsapphirecompany.com/blue-sapphires/4.33ct-ceylon-sri-lankan-round-purplish-blue-sapphire-b16070/
U5249,9450.0,2100.0,4.5,8.86,7.94,6.62,Bluish Green,Intense,Slightly Included,Cushion,Mixed Brilliant Cut,No Enhancement,Montana,https://www.thenaturalsapphirecompany.com/blue-sapphires/4.50ct-montana-cushion-bluish-green-sapphire-u5249/
S12703,2016.0,1600.0,1.26,8.04,5.08,3.54,Greenish Blue,Medium,Very Slightly Included,Fancy,Step Cut,No Enhancement,Montana,https://www.thenaturalsapphirecompany.com/blue-sapphires/1.26ct-montana-fancy-greenish-blue-sapphire-s12703/
S12712,2048.0,1600.0,1.28,6.8,5.54,3.99,Greyish Blue,Intense,Very Slightly Included,Cushion,Mixed Brilliant Cut,No Enhancement,Montana,https://www.thenaturalsapphirecompany.com/blue-sapphires/1.28ct-montana-cushion-greyish-blue-sapphire-s12712/
S20956,3264.0,2400.0,1.36,5.97,5.97,3.94,Purplish Blue,Vivid,Very Slightly Included,Asscher - Octagon,Asscher Cut,Heat Treated,Ceylon (Sri Lanka),https://www.thenaturalsapphirecompany.com/blue-sapphires/1.36ct-ceylon-sri-lankan-asscher-octagon-purplish-blue-sapphire-s20956/
S15251,5587.0,1850.0,3.02,8.27,7.67,4.99,Bluish Green,Vivid,Eye Clean,Radiant,Radiant Cut,No Enhancement,Madagascar,https://www.thenaturalsapphirecompany.com/blue-sapphires/3.02ct-madagascar-radiant-bluish-green-sapphire-s15251/
S12724,1904.0,1400.0,1.36,7.37,6.57,4.21,Bluish Green,Light,Very Slightly Included,Fancy,Step Cut,No Enhancement,Montana,https://www.thenaturalsapphirecompany.com/blue-sapphires/1.36ct-montana-fancy-bluish-green-sapphire-s12724/
S12699,1860.0,1500.0,1.24,5.52,7.33,3.98,Greyish Blue,Medium,Very Slightly Included,Fancy,Fancy Brilliant Cut,No Enhancement,Montana,https://www.thenaturalsapphirecompany.com/blue-sapphires/1.24ct-montana-fancy-greyish-blue-sapphire-s12699/
U5369,8132.0,1900.0,4.28,8.71,8.63,6.73,Greenish Blue,Light,Slightly Included,Round,Mixed Brilliant Cut,No Enhancement,Montana,https://www.thenaturalsapphirecompany.com/blue-sapphires/4.28ct-montana-round-greenish-blue-sapphire-u5369/
S6046,304.0,200.0,1.52,6.11,6.07,4.76,Violet,Light,Very Slightly Included,Round,Mixed Brilliant Cut,No Enhancement,Ceylon (Sri Lanka),https://www.thenaturalsapphirecompany.com/blue-sapphires/1.52ct-ceylon-sri-lankan-round-violet-sapphire-s6046/
S12005,245.0,350.0,0.7,6.37,4.44,2.28,Blue,Medium,Very Slightly Included,Cushion,Mixed Brilliant Cut,No Enhancement,Ceylon (Sri Lanka),https://www.thenaturalsapphirecompany.com/blue-sapphires/0.70ct-ceylon-sri-lankan-cushion-blue-sapphire-s12005/
S12129,144.0,400.0,0.36,4.39,3.81,2.6,Blue,Medium,Very Slightly Included,Cushion,Mixed Brilliant Cut,No Enhancement,Ceylon (Sri Lanka),https://www.thenaturalsapphirecompany.com/blue-sapphires/0.36ct-ceylon-sri-lankan-cushion-blue-sapphire-s12129/
U16901,2228.0,750.0,2.97,8.09,7.21,5.19,Color Change,Intense,Very Slightly Included,Radiant,Radiant Cut,No Enhancement,Ceylon (Sri Lanka),https://www.thenaturalsapphirecompany.com/blue-sapphires/2.97ct-ceylon-sri-lankan-radiant-color-change-sapphire-u16901/
U17280,4216.0,1961.0,2.15,8.63,6.88,5.3,Bluish Green,Intense,Slightly Included,Fancy,Fancy Brilliant Cut,Heat Treated,Montana,https://www.thenaturalsapphirecompany.com/blue-sapphires/2.15ct-montana-fancy-bluish-green-sapphire-u17280/
U17048,7251.0,1702.0,4.26,10.76,7.2,6.04,Greenish Blue,Vivid,Eye Clean,Oval,Mixed Brilliant Cut,Heat Treated,Ceylon (Sri Lanka),https://www.thenaturalsapphirecompany.com/blue-sapphires/4.26ct-ceylon-sri-lankan-oval-greenish-blue-sapphire-u17048/
U16697,2563.0,1250.0,2.05,7.87,7.74,4.6,Bluish Green,Intense,Very Slightly Included,Round,Mixed Brilliant Cut,No Enhancement,Ceylon (Sri Lanka),https://www.thenaturalsapphirecompany.com/blue-sapphires/2.05ct-ceylon-sri-lankan-round-bluish-green-sapphire-u16697/
S5086,2528.0,1600.0,1.58,7.35,7.01,4.28,Greenish Blue,Medium,Slightly Included,Trillion,Trillion Cut,No Enhancement,Montana,https://www.thenaturalsapphirecompany.com/blue-sapphires/1.58ct-montana-trillion-greenish-blue-sapphire-s5086/
S4173,5162.0,1665.0,3.1,8.15,9.2,5.49,Greenish Blue,Vivid,Eye Clean,Heart,Mixed Brilliant Cut,No Enhancement,Madagascar,https://www.thenaturalsapphirecompany.com/blue-sapphires/3.10ct-madagascar-heart-greenish-blue-sapphire-s4173/
U16664,1752.0,800.0,2.19,12.23,7.65,3.77,Greenish Blue,Light,Very Slightly Included,Fancy,Fancy Brilliant Cut,No Enhancement,Ceylon (Sri Lanka),https://www.thenaturalsapphirecompany.com/blue-sapphires/2.19ct-ceylon-sri-lankan-fancy-greenish-blue-sapphire-u16664/
U16514,10646.0,1275.0,8.35,10.61,10.29,7.67,Bluish Green,Vivid,Very Slightly Included,Cushion,Mixed Brilliant Cut,No Enhancement,Madagascar,https://www.thenaturalsapphirecompany.com/blue-sapphires/8.35ct-madagascar-cushion-bluish-green-sapphire-u16514/
U15456,996.0,1200.0,0.83,5.59,5.4,3.84,Greenish Blue,Intense,Very Slightly Included,Trillion,Trillion Cut,Heat Treated,Montana,https://www.thenaturalsapphirecompany.com/blue-sapphires/0.83ct-montana-trillion-greenish-blue-sapphire-u15456/
S5092,2445.0,1500.0,1.63,7.94,5.9,4.32,Bluish Green,Medium,Very Slightly Included,Oval,Mixed Brilliant Cut,No Enhancement,Montana,https://www.thenaturalsapphirecompany.com/blue-sapphires/1.63ct-montana-oval-bluish-green-sapphire-s5092/
S5094,2934.0,1800.0,1.63,8.0,6.18,4.49,Bluish Green,Medium,Very Slightly Included,Fancy,Mixed Brilliant Cut,No Enhancement,Montana,https://www.thenaturalsapphirecompany.com/blue-sapphires/1.63ct-montana-fancy-bluish-green-sapphire-s5094/
S5098,3192.0,1900.0,1.68,8.47,6.18,3.78,Greenish Blue,Light,Eye Clean,Fancy,Step Cut,No Enhancement,Montana,https://www.thenaturalsapphirecompany.com/blue-sapphires/1.68ct-montana-fancy-greenish-blue-sapphire-s5098/
U17258,3443.0,2250.0,1.53,7.28,7.23,4.74,Bluish Green,Intense,Very Slightly Included,Round,Mixed Brilliant Cut,Heat Treated,Ceylon (Sri Lanka),https://www.thenaturalsapphirecompany.com/blue-sapphires/1.53ct-ceylon-sri-lankan-round-bluish-green-sapphire-u17258/
S6604,3793.0,1850.0,2.05,6.77,6.48,4.71,Greenish Blue,Intense,Very Very Slightly Included,Asscher - Octagon,Asscher Cut,No Enhancement,Ceylon (Sri Lanka),https://www.thenaturalsapphirecompany.com/blue-sapphires/2.05ct-ceylon-sri-lankan-asscher-octagon-greenish-blue-sapphire-s6604/
S12725,2040.0,1500.0,1.36,7.51,5.3,4.16,Greenish Blue,Medium,Very Slightly Included,Fancy,Step Cut,No Enhancement,Montana,https://www.thenaturalsapphirecompany.com/blue-sapphires/1.36ct-montana-fancy-greenish-blue-sapphire-s12725/
S6531,2870.0,1400.0,2.05,7.0,6.89,5.27,Bluish Green,Vivid,Eye Clean,Round,Mixed Brilliant Cut,Heat Treated,Madagascar,https://www.thenaturalsapphirecompany.com/blue-sapphires/2.05ct-madagascar-round-bluish-green-sapphire-s6531/
S12731,2397.0,1700.0,1.41,7.02,5.1,4.34,Greenish Blue,Medium,Very Slightly Included,Cushion,Mixed Brilliant Cut,No Enhancement,Montana,https://www.thenaturalsapphirecompany.com/blue-sapphires/1.41ct-montana-cushion-greenish-blue-sapphire-s12731/
S6721,3277.0,2900.0,1.13,7.27,5.27,3.51,Greenish Blue,Vivid,Very Slightly Included,Cushion,Mixed Brilliant Cut,Heat Treated,Montana,https://www.thenaturalsapphirecompany.com/blue-sapphires/1.13ct-montana-cushion-greenish-blue-sapphire-s6721/
S6767,2106.0,1350.0,1.56,7.16,7.69,3.72,Greenish Blue,Dark,Eye Clean,Trillion,Mixed Brilliant Cut,Heat Treated,Ceylon (Sri Lanka),https://www.thenaturalsapphirecompany.com/blue-sapphires/1.56ct-ceylon-sri-lankan-trillion-greenish-blue-sapphire-s6767/
S6897,3536.0,1700.0,2.08,8.12,8.6,4.13,Greenish Blue,Intense,Eye Clean,Heart,Mixed Brilliant Cut,Heat Treated,Ceylon (Sri Lanka),https://www.thenaturalsapphirecompany.com/blue-sapphires/2.08ct-ceylon-sri-lankan-heart-greenish-blue-sapphire-s6897/
U14091,2220.0,1500.0,1.48,7.08,7.79,4.55,Bluish Green,Intense,Very Slightly Included,Fancy,Fancy Brilliant Cut,Heat Treated,Montana,https://www.thenaturalsapphirecompany.com/blue-sapphires/1.48ct-montana-fancy-bluish-green-sapphire-u14091/
U8817,1794.0,1300.0,1.38,6.83,5.28,4.09,Greenish Blue,Medium,Very Slightly Included,Cushion,Scissor Cut,No Enhancement,Montana,https://www.thenaturalsapphirecompany.com/blue-sapphires/1.38ct-montana-cushion-greenish-blue-sapphire-u8817/
S6421,6288.0,2035.0,3.09,10.07,7.1,4.37,Bluish Green,Vivid,Very Slightly Included,Emerald Cut,Emerald Cut,No Enhancement,Madagascar,https://www.thenaturalsapphirecompany.com/blue-sapphires/3.09ct-madagascar-emerald-cut-bluish-green-sapphire-s6421/
B16772,6771.0,1388.0,4.88,10.02,9.09,5.83,Greenish Blue,Dark,Eye Clean,Cushion,Mixed Brilliant Cut,Heat Treated,Ceylon (Sri Lanka),https://www.thenaturalsapphirecompany.com/blue-sapphires/4.88ct-ceylon-sri-lankan-cushion-greenish-blue-sapphire-b16772/
S6975,3616.0,1600.0,2.26,8.23,6.96,4.84,Bluish Green,Medium,Very Slightly Included,Fancy,Step Cut,Heat Treated,Ceylon (Sri Lanka),https://www.thenaturalsapphirecompany.com/blue-sapphires/2.26ct-ceylon-sri-lankan-fancy-bluish-green-sapphire-s6975/
S7231,10241.0,2040.0,5.02,10.26,10.14,6.72,Bluish Green,Vivid,Very Slightly Included,Round,Mixed Brilliant Cut,No Enhancement,Madagascar,https://www.thenaturalsapphirecompany.com/blue-sapphires/5.02ct-madagascar-round-bluish-green-sapphire-s7231/
U8846,4275.0,2500.0,1.71,6.51,6.34,5.02,Bluish Green,Intense,Very Slightly Included,Round,Modified Brilliant Cut,Heat Treated,Montana,https://www.thenaturalsapphirecompany.com/blue-sapphires/1.71ct-montana-round-bluish-green-sapphire-u8846/
U15289,6942.0,2600.0,2.67,9.62,9.62,4.76,Greenish Blue,Intense,Very Slightly Included,Fancy,Fancy Brilliant Cut,No Enhancement,Montana,https://www.thenaturalsapphirecompany.com/blue-sapphires/2.67ct-montana-fancy-greenish-blue-sapphire-u15289/
U15492,7241.0,1758.0,4.12,10.57,8.29,4.98,Bluish Green,Vivid,Very Slightly Included,Cushion,Mixed Brilliant Cut,Heat Treated,Ceylon (Sri Lanka),https://www.thenaturalsapphirecompany.com/blue-sapphires/4.12ct-ceylon-sri-lankan-cushion-bluish-green-sapphire-u15492/
U15723,5064.0,1387.0,3.65,10.0,8.37,4.79,Bluish Green,Intense,Eye Clean,Cushion,Mixed Brilliant Cut,No Enhancement,Ceylon (Sri Lanka),https://www.thenaturalsapphirecompany.com/blue-sapphires/3.65ct-ceylon-sri-lankan-cushion-bluish-green-sapphire-u15723/
U16110,984.0,800.0,1.23,8.77,5.62,3.63,Bluish Green,Intense,Very Slightly Included,Fancy,Step Cut,No Enhancement,Madagascar,https://www.thenaturalsapphirecompany.com/blue-sapphires/1.23ct-madagascar-fancy-bluish-green-sapphire-u16110/
S9375,3034.0,1908.0,1.59,6.95,6.92,4.62,Greenish Blue,Intense,Very Slightly Included,Round,Mixed Brilliant Cut,Heat Treated,Montana,https://www.thenaturalsapphirecompany.com/blue-sapphires/1.59ct-montana-round-greenish-blue-sapphire-s9375/
S10367,4726.0,1203.0,3.93,9.57,9.6,5.54,Bluish Green,Light,Slightly Included,Round,Mixed Brilliant Cut,No Enhancement,Montana,https://www.thenaturalsapphirecompany.com/blue-sapphires/3.93ct-montana-round-bluish-green-sapphire-s10367/
S10365,8649.0,2035.0,4.25,10.45,8.88,5.88,Greenish Blue,Intense,Very Slightly Included,Oval,Mixed Brilliant Cut,No Enhancement,Montana,https://www.thenaturalsapphirecompany.com/blue-sapphires/4.25ct-montana-oval-greenish-blue-sapphire-s10365/
S5076,1781.0,1300.0,1.37,7.86,6.49,4.25,Greenish Blue,Medium,Very Slightly Included,Fancy,Step Cut,No Enhancement,Montana,https://www.thenaturalsapphirecompany.com/blue-sapphires/1.37ct-montana-fancy-greenish-blue-sapphire-s5076/
S5058,1416.0,1200.0,1.18,8.02,5.75,3.97,Bluish Green,Medium,Very Slightly Included,Fancy,Step Cut,No Enhancement,Montana,https://www.thenaturalsapphirecompany.com/blue-sapphires/1.18ct-montana-fancy-bluish-green-sapphire-s5058/
S5067,1638.0,1300.0,1.26,7.45,6.89,3.79,Bluish Green,Light,Very Slightly Included,Fancy,Step Cut,No Enhancement,Montana,https://www.thenaturalsapphirecompany.com/blue-sapphires/1.26ct-montana-fancy-bluish-green-sapphire-s5067/
S4161,1790.0,1000.0,1.79,6.76,5.95,4.27,Bluish Green,Intense,Eye Clean,Asscher - Octagon,Asscher Cut,No Enhancement,Madagascar,https://www.thenaturalsapphirecompany.com/blue-sapphires/1.79ct-madagascar-asscher-octagon-bluish-green-sapphire-s4161/
U11903,12040.0,3500.0,3.44,9.04,8.42,6.97,Bluish Green,Vivid,Very Slightly Included,Fancy,Fancy Brilliant Cut,Heat Treated,Montana,https://www.thenaturalsapphirecompany.com/blue-sapphires/3.44ct-montana-fancy-bluish-green-sapphire-u11903/
U4601,2176.0,950.0,2.29,7.75,5.56,5.6,Bluish Green,Medium,Very Slightly Included,Cushion,Mixed Brilliant Cut,No Enhancement,Montana,https://www.thenaturalsapphirecompany.com/blue-sapphires/2.29ct-montana-cushion-bluish-green-sapphire-u4601/
U4686,10060.0,1550.0,6.49,14.08,8.15,6.94,Bluish Green,Vivid,Very Slightly Included,Pear,Mixed Brilliant Cut,No Enhancement,Montana,https://www.thenaturalsapphirecompany.com/blue-sapphires/6.49ct-montana-pear-bluish-green-sapphire-u4686/
U4823,2916.0,1200.0,2.43,7.49,6.49,5.4,Greenish Blue,Medium,Slightly Included,Cushion,Mixed Brilliant Cut,No Enhancement,Montana,https://www.thenaturalsapphirecompany.com/blue-sapphires/2.43ct-montana-cushion-greenish-blue-sapphire-u4823/
S12974,248.0,400.0,0.62,6.8,4.05,2.4,Blue,Medium,Very Slightly Included,Cushion,Mixed Brilliant Cut,No Enhancement,Ceylon (Sri Lanka),https://www.thenaturalsapphirecompany.com/blue-sapphires/0.62ct-ceylon-sri-lankan-cushion-blue-sapphire-s12974/
S12977,295.0,500.0,0.59,5.76,4.05,2.75,Blue,Light,Very Slightly Included,Cushion,Mixed Brilliant Cut,No Enhancement,Ceylon (Sri Lanka),https://www.thenaturalsapphirecompany.com/blue-sapphires/0.59ct-ceylon-sri-lankan-cushion-blue-sapphire-s12977/
S6725,2120.0,1350.0,1.57,6.77,5.59,3.85,Greenish Blue,Dark,Very Slightly Included,Emerald Cut,Emerald Cut,Heat Treated,Ceylon (Sri Lanka),https://www.thenaturalsapphirecompany.com/blue-sapphires/1.57ct-ceylon-sri-lankan-emerald-cut-greenish-blue-sapphire-s6725/
U17480,1130.0,1000.0,1.13,8.35,6.79,3.88,Greenish Blue,Dark,Very Slightly Included,Fancy,French Cut,Heat Treated,Montana,https://www.thenaturalsapphirecompany.com/blue-sapphires/1.13ct-montana-fancy-greenish-blue-sapphire-u17480/
U17570,4660.0,1434.0,3.25,8.91,9.74,4.94,Greenish Blue,Medium,Eye Clean,Heart,Mixed Brilliant Cut,Heat Treated,East Africa,https://www.thenaturalsapphirecompany.com/blue-sapphires/3.25ct-east-african-heart-greenish-blue-sapphire-u17570/
S13297,244.0,400.0,0.61,5.34,3.93,3.02,Color Change,Vivid,Very Slightly Included,Cushion,Mixed Brilliant Cut,No Enhancement,Ceylon (Sri Lanka),https://www.thenaturalsapphirecompany.com/blue-sapphires/0.61ct-ceylon-sri-lankan-cushion-color-change-sapphire-s13297/
U17664,8524.0,1969.0,4.33,10.83,8.76,5.76,Greenish Blue,Intense,Very Slightly Included,Oval,Mixed Brilliant Cut,No Enhancement,Madagascar,https://www.thenaturalsapphirecompany.com/blue-sapphires/4.33ct-madagascar-oval-greenish-blue-sapphire-u17664/
U7887,6240.0,3000.0,2.08,7.83,7.81,4.94,Greenish Blue,Medium,Slightly Included,Trillion,Trillion Cut,No Enhancement,Montana,https://www.thenaturalsapphirecompany.com/blue-sapphires/2.08ct-montana-trillion-greenish-blue-sapphire-u7887/
S7250,248.0,340.0,0.73,4.76,4.55,3.84,Blue,Light,Very Slightly Included,Cushion,Mixed Brilliant Cut,No Enhancement,Ceylon (Sri Lanka),https://www.thenaturalsapphirecompany.com/blue-sapphires/0.73ct-ceylon-sri-lankan-cushion-blue-sapphire-s7250/
S18403,340.0,400.0,0.85,5.85,5.89,3.29,Violet,Medium,Very Slightly Included,Round,Mixed Brilliant Cut,No Enhancement,Ceylon (Sri Lanka),https://www.thenaturalsapphirecompany.com/blue-sapphires/0.85ct-ceylon-sri-lankan-round-violet-sapphire-s18403/
S18428,524.0,400.0,1.31,6.29,6.28,4.43,Violet,Light,Very Slightly Included,Round,Mixed Brilliant Cut,No Enhancement,Ceylon (Sri Lanka),https://www.thenaturalsapphirecompany.com/blue-sapphires/1.31ct-ceylon-sri-lankan-round-violet-sapphire-s18428/
U16690,4248.0,740.0,5.74,10.86,8.6,6.85,Greenish Blue,Intense,Slightly Included,Radiant,Radiant Cut,Heat Treated,Madagascar,https://www.thenaturalsapphirecompany.com/blue-sapphires/5.74ct-madagascar-radiant-greenish-blue-sapphire-u16690/
U9426,1877.0,1350.0,1.39,6.3,6.28,4.71,Bluish Purple,Intense,Very Slightly Included,Cushion,Mixed Brilliant Cut,No Enhancement,Ceylon (Sri Lanka),https://www.thenaturalsapphirecompany.com/blue-sapphires/1.39ct-ceylon-sri-lankan-cushion-bluish-purple-sapphire-u9426/
S7473,9369.0,1870.0,5.01,10.98,8.68,5.04,Greenish Blue,Dark,Eye Clean,Emerald Cut,Emerald Cut,Heat Treated,Ceylon (Sri Lanka),https://www.thenaturalsapphirecompany.com/blue-sapphires/5.01ct-ceylon-sri-lankan-emerald-cut-greenish-blue-sapphire-s7473/
S7461,1705.0,1100.0,1.55,5.98,5.94,4.62,Bluish Green,Intense,Very Slightly Included,Asscher - Octagon,Asscher Cut,Heat Treated,Madagascar,https://www.thenaturalsapphirecompany.com/blue-sapphires/1.55ct-madagascar-asscher-octagon-bluish-green-sapphire-s7461/
B10531,4212.0,2700.0,1.56,6.98,6.9,4.55,Greenish Blue,Vivid,Slightly Included,Round,Brilliant Cut,Heat Treated,Montana,https://www.thenaturalsapphirecompany.com/blue-sapphires/1.56ct-montana-round-greenish-blue-sapphire-b10531/
U17421,4340.0,2000.0,2.17,8.75,8.45,4.85,Greenish Blue,Medium,Very Slightly Included,Fancy,Fancy Brilliant Cut,No Enhancement,Montana,https://www.thenaturalsapphirecompany.com/blue-sapphires/2.17ct-montana-fancy-greenish-blue-sapphire-u17421/
B11771,3949.0,2296.0,1.72,7.89,6.36,4.61,Greenish Blue,Intense,Very Slightly Included,Oval,Fancy Brilliant Cut,Heat Treated,Montana,https://www.thenaturalsapphirecompany.com/blue-sapphires/1.72ct-montana-oval-greenish-blue-sapphire-b11771/
U12975,60782.0,3360.0,18.09,16.38,13.75,8.68,Bluish Green,Vivid,Eye Clean,Cushion,Mixed Brilliant Cut,Heat Treated,Ceylon (Sri Lanka),https://www.thenaturalsapphirecompany.com/blue-sapphires/18.09ct-ceylon-sri-lankan-cushion-bluish-green-sapphire-u12975/
U13579,8193.0,1573.0,5.21,9.51,9.4,6.13,Bluish Green,Vivid,Eye Clean,Asscher - Octagon,Step Cut,Heat Treated,Ceylon (Sri Lanka),https://www.thenaturalsapphirecompany.com/blue-sapphires/5.21ct-ceylon-sri-lankan-asscher-octagon-bluish-green-sapphire-u13579/
U13079,1652.0,1400.0,1.18,6.34,6.3,4.22,Greyish Blue,Medium,Very Slightly Included,Round,Mixed Brilliant Cut,Heat Treated,Montana,https://www.thenaturalsapphirecompany.com/blue-sapphires/1.18ct-montana-round-greyish-blue-sapphire-u13079/
U13364,6827.0,1665.0,4.1,8.63,8.44,5.7,Bluish Green,Vivid,Eye Clean,Asscher - Octagon,Step Cut,Heat Treated,Ceylon (Sri Lanka),https://www.thenaturalsapphirecompany.com/blue-sapphires/4.10ct-ceylon-sri-lankan-asscher-octagon-bluish-green-sapphire-u13364/
U14227,7705.0,1619.0,4.76,10.75,8.26,5.24,Bluish Green,Intense,Very Slightly Included,Radiant,Radiant Cut,No Enhancement,Ceylon (Sri Lanka),https://www.thenaturalsapphirecompany.com/blue-sapphires/4.76ct-ceylon-sri-lankan-radiant-bluish-green-sapphire-u14227/
S7800,5180.0,1850.0,2.8,8.28,8.22,4.75,Greenish Blue,Intense,Eye Clean,Asscher - Octagon,Asscher Cut,Heat Treated,Madagascar,https://www.thenaturalsapphirecompany.com/blue-sapphires/2.80ct-madagascar-asscher-octagon-greenish-blue-sapphire-s7800/
U13653,5647.0,1387.0,4.07,8.92,8.85,4.83,Bluish Green,Medium,Eye Clean,Asscher - Octagon,Step Cut,No Enhancement,Thailand,https://www.thenaturalsapphirecompany.com/blue-sapphires/4.07ct-thai-asscher-octagon-bluish-green-sapphire-u13653/
S14913,876.0,600.0,1.46,6.98,6.99,4.11,Violet,Medium,Slightly Included,Round,Mixed Brilliant Cut,No Enhancement,Ceylon (Sri Lanka),https://www.thenaturalsapphirecompany.com/blue-sapphires/1.46ct-ceylon-sri-lankan-round-violet-sapphire-s14913/
B16102,308.0,350.0,0.88,6.04,4.75,3.97,Blue,Faint,Very Slightly Included,Cushion,Mixed Brilliant Cut,Heat Treated,Ceylon (Sri Lanka),https://www.thenaturalsapphirecompany.com/blue-sapphires/0.88ct-ceylon-sri-lankan-cushion-blue-sapphire-b16102/
S8197,2066.0,1260.0,1.64,6.81,6.73,4.49,Greenish Blue,Intense,Eye Clean,Round,Mixed Brilliant Cut,Heat Treated,Ceylon (Sri Lanka),https://www.thenaturalsapphirecompany.com/blue-sapphires/1.64ct-ceylon-sri-lankan-round-greenish-blue-sapphire-s8197/
U14578,7234.0,1573.0,4.6,10.6,8.38,5.94,Bluish Green,Vivid,Eye Clean,Oval,Mixed Brilliant Cut,Heat Treated,Ceylon (Sri Lanka),https://www.thenaturalsapphirecompany.com/blue-sapphires/4.60ct-ceylon-sri-lankan-oval-bluish-green-sapphire-u14578/
U14408,2152.0,800.0,2.69,7.97,7.54,5.88,Greenish Blue,Dark,Very Very Slightly Included,Trillion,Trillion Cut,No Enhancement,Madagascar,https://www.thenaturalsapphirecompany.com/blue-sapphires/2.69ct-madagascar-trillion-greenish-blue-sapphire-u14408/
U14495,1660.0,1000.0,1.66,6.86,5.88,4.31,Bluish Green,Vivid,Very Very Slightly Included,Asscher - Octagon,Asscher Cut,No Enhancement,Ceylon (Sri Lanka),https://www.thenaturalsapphirecompany.com/blue-sapphires/1.66ct-ceylon-sri-lankan-asscher-octagon-bluish-green-sapphire-u14495/
S15133,440.0,400.0,1.1,6.12,6.15,3.76,Violet,Medium,Very Slightly Included,Round,Mixed Brilliant Cut,No Enhancement,Ceylon (Sri Lanka),https://www.thenaturalsapphirecompany.com/blue-sapphires/1.10ct-ceylon-sri-lankan-round-violet-sapphire-s15133/
S4440,4274.0,1850.0,2.31,8.0,7.95,4.45,Bluish Green,Dark,Eye Clean,Asscher - Octagon,Asscher Cut,Heat Treated,Ceylon (Sri Lanka),https://www.thenaturalsapphirecompany.com/blue-sapphires/2.31ct-ceylon-sri-lankan-asscher-octagon-bluish-green-sapphire-s4440/
S14903,732.0,600.0,1.22,6.75,6.7,3.43,Violet,Medium,Very Slightly Included,Round,Mixed Brilliant Cut,No Enhancement,Ceylon (Sri Lanka),https://www.thenaturalsapphirecompany.com/blue-sapphires/1.22ct-ceylon-sri-lankan-round-violet-sapphire-s14903/
B15521,3900.0,2000.0,1.95,8.81,5.56,4.47,Greenish Blue,Intense,Very Slightly Included,Cushion,Mixed Brilliant Cut,Heat Treated,Montana,https://www.thenaturalsapphirecompany.com/blue-sapphires/1.95ct-montana-cushion-greenish-blue-sapphire-b15521/
S9386,3730.0,740.0,5.04,13.74,9.02,5.38,Bluish Green,Intense,Slightly Included,Pear,Mixed Brilliant Cut,No Enhancement,Madagascar,https://www.thenaturalsapphirecompany.com/blue-sapphires/5.04ct-madagascar-pear-bluish-green-sapphire-s9386/
B16832,300.0,313.0,0.96,8.17,5.26,2.49,Blue,Intense,Very Slightly Included,Cushion,Mixed Brilliant Cut,No Enhancement,Nigeria,https://www.thenaturalsapphirecompany.com/blue-sapphires/0.96ct-nigerian-cushion-blue-sapphire-b16832/
S6412,8303.0,2035.0,4.08,9.33,7.63,5.76,Greenish Blue,Vivid,Eye Clean,Cushion,Mixed Brilliant Cut,No Enhancement,Madagascar,https://www.thenaturalsapphirecompany.com/blue-sapphires/4.08ct-madagascar-cushion-greenish-blue-sapphire-s6412/
S6231,7910.0,1573.0,5.03,10.68,10.62,5.61,Greenish Blue,Dark,Eye Clean,Round,Mixed Brilliant Cut,Heat Treated,Ceylon (Sri Lanka),https://www.thenaturalsapphirecompany.com/blue-sapphires/5.03ct-ceylon-sri-lankan-round-greenish-blue-sapphire-s6231/
S5060,1680.0,1400.0,1.2,6.29,5.35,4.14,Violet,Light,Very Slightly Included,Cushion,Mixed Brilliant Cut,No Enhancement,Montana,https://www.thenaturalsapphirecompany.com/blue-sapphires/1.20ct-montana-cushion-violet-sapphire-s5060/
S5021,880.0,1000.0,0.88,6.04,5.42,3.59,Violet,Light,Very Slightly Included,Fancy,Mixed Brilliant Cut,No Enhancement,Montana,https://www.thenaturalsapphirecompany.com/blue-sapphires/0.88ct-montana-fancy-violet-sapphire-s5021/
S7797,9486.0,2040.0,4.65,10.36,7.93,5.69,Greenish Blue,Vivid,Eye Clean,Cushion,Mixed Brilliant Cut,No Enhancement,Madagascar,https://www.thenaturalsapphirecompany.com/blue-sapphires/4.65ct-madagascar-cushion-greenish-blue-sapphire-s7797/
S8334,11281.0,2040.0,5.53,12.18,9.3,5.85,Bluish Green,Vivid,Eye Clean,Oval,Mixed Brilliant Cut,Heat Treated,Madagascar,https://www.thenaturalsapphirecompany.com/blue-sapphires/5.53ct-madagascar-oval-bluish-green-sapphire-s8334/
S7234,3830.0,1388.0,2.76,8.26,8.16,5.23,Bluish Green,Intense,Eye Clean,Round,Mixed Brilliant Cut,No Enhancement,Madagascar,https://www.thenaturalsapphirecompany.com/blue-sapphires/2.76ct-madagascar-round-bluish-green-sapphire-s7234/
S6009,225.0,300.0,0.75,5.54,5.52,3.24,Violet,Intense,Very Slightly Included,Round,Mixed Brilliant Cut,No Enhancement,Ceylon (Sri Lanka),https://www.thenaturalsapphirecompany.com/blue-sapphires/0.75ct-ceylon-sri-lankan-round-violet-sapphire-s6009/
S7639,7505.0,1758.0,4.27,8.94,8.42,5.56,Bluish Green,Vivid,Eye Clean,Asscher - Octagon,Asscher Cut,No Enhancement,West Africa,https://www.thenaturalsapphirecompany.com/blue-sapphires/4.27ct-west-african-asscher-octagon-bluish-green-sapphire-s7639/
S6766,944.0,800.0,1.18,6.1,5.93,4.01,Bluish Green,Vivid,Very Slightly Included,Round,Mixed Brilliant Cut,Heat Treated,Ceylon (Sri Lanka),https://www.thenaturalsapphirecompany.com/blue-sapphires/1.18ct-ceylon-sri-lankan-round-bluish-green-sapphire-s6766/
B16407,5861.0,3330.0,1.76,7.16,5.32,5.2,Blue,Vivid,Very Slightly Included,Oval,Mixed Brilliant Cut,No Enhancement,Ceylon (Sri Lanka),https://www.thenaturalsapphirecompany.com/blue-sapphires/1.76ct-ceylon-sri-lankan-oval-blue-sapphire-b16407/
S8693,992.0,800.0,1.24,6.64,6.61,3.77,Violet,Light,Very Slightly Included,Round,Mixed Brilliant Cut,Heat Treated,Ceylon (Sri Lanka),https://www.thenaturalsapphirecompany.com/blue-sapphires/1.24ct-ceylon-sri-lankan-round-violet-sapphire-s8693/
B12430,76883.0,4590.0,16.75,15.69,13.33,8.8,Blue,Intense,Eye Clean,Oval,Mixed Brilliant Cut,Heat Treated,Ceylon (Sri Lanka),https://www.thenaturalsapphirecompany.com/blue-sapphires/16.75ct-ceylon-sri-lankan-oval-blue-sapphire-b12430/
S18440,1008.0,600.0,1.68,6.75,6.74,4.95,Violet,Medium,Very Slightly Included,Round,Mixed Brilliant Cut,No Enhancement,Ceylon (Sri Lanka),https://www.thenaturalsapphirecompany.com/blue-sapphires/1.68ct-ceylon-sri-lankan-round-violet-sapphire-s18440/
S6772,642.0,600.0,1.07,6.01,5.21,3.56,Bluish Green,Intense,Very Slightly Included,Emerald Cut,Emerald Cut,Heat Treated,Ceylon (Sri Lanka),https://www.thenaturalsapphirecompany.com/blue-sapphires/1.07ct-ceylon-sri-lankan-emerald-cut-bluish-green-sapphire-s6772/
S23894,2465.0,1700.0,1.45,6.9,6.83,4.32,Bluish Green,Medium,Slightly Included,Round,Mixed Brilliant Cut,No Enhancement,Montana,https://www.thenaturalsapphirecompany.com/blue-sapphires/1.45ct-montana-round-bluish-green-sapphire-s23894/
S18435,1278.0,600.0,2.13,8.14,8.12,4.33,Violet,Medium,Very Slightly Included,Round,Mixed Brilliant Cut,No Enhancement,Ceylon (Sri Lanka),https://www.thenaturalsapphirecompany.com/blue-sapphires/2.13ct-ceylon-sri-lankan-round-violet-sapphire-s18435/
S13946,1402.0,646.0,2.17,7.44,7.43,4.63,Violet,Light,Very Slightly Included,Round,Mixed Brilliant Cut,No Enhancement,Ceylon (Sri Lanka),https://www.thenaturalsapphirecompany.com/blue-sapphires/2.17ct-ceylon-sri-lankan-round-violet-sapphire-s13946/
S6765,1125.0,900.0,1.25,5.84,5.34,4.14,Bluish Green,Intense,Eye Clean,Cushion,Mixed Brilliant Cut,Heat Treated,Ceylon (Sri Lanka),https://www.thenaturalsapphirecompany.com/blue-sapphires/1.25ct-ceylon-sri-lankan-cushion-bluish-green-sapphire-s6765/
S15149,584.0,400.0,1.46,6.96,6.89,4.08,Violet,Light,Very Slightly Included,Round,Mixed Brilliant Cut,No Enhancement,Ceylon (Sri Lanka),https://www.thenaturalsapphirecompany.com/blue-sapphires/1.46ct-ceylon-sri-lankan-round-violet-sapphire-s15149/
B16409,2780.0,1536.0,1.81,7.89,5.52,4.92,Blue,Medium,Eye Clean,Pear,Mixed Brilliant Cut,No Enhancement,Ceylon (Sri Lanka),https://www.thenaturalsapphirecompany.com/blue-sapphires/1.81ct-ceylon-sri-lankan-pear-blue-sapphire-b16409/
B15280,29146.0,5280.0,5.52,11.28,9.5,6.07,Blue,Vivid,Eye Clean,Oval,Mixed Brilliant Cut,Heat Treated,Ceylon (Sri Lanka),https://www.thenaturalsapphirecompany.com/blue-sapphires/5.52ct-ceylon-sri-lankan-oval-blue-sapphire-b15280/
B14405,855.0,900.0,0.95,6.97,4.96,2.87,Blue,Medium,Very Slightly Included,Radiant,Radiant Cut,No Enhancement,Ceylon (Sri Lanka),https://www.thenaturalsapphirecompany.com/blue-sapphires/0.95ct-ceylon-sri-lankan-radiant-blue-sapphire-b14405/
B16657,1969.0,2188.0,0.9,5.59,5.49,3.59,Blue,Vivid,Very Slightly Included,Round,Mixed Brilliant Cut,Heat Treated,Ceylon (Sri Lanka),https://www.thenaturalsapphirecompany.com/blue-sapphires/0.90ct-ceylon-sri-lankan-round-blue-sapphire-b16657/
B16662,7712.0,3672.0,2.1,9.13,4.73,4.41,Blue,Vivid,Very Slightly Included,Cushion,Step Cut,Heat Treated,Ceylon (Sri Lanka),https://www.thenaturalsapphirecompany.com/blue-sapphires/2.10ct-ceylon-sri-lankan-cushion-blue-sapphire-b16662/
B16664,5661.0,1665.0,3.4,10.73,7.88,4.17,Blue,Intense,Eye Clean,Oval,Mixed Brilliant Cut,Heat Treated,Ceylon (Sri Lanka),https://www.thenaturalsapphirecompany.com/blue-sapphires/3.40ct-ceylon-sri-lankan-oval-blue-sapphire-b16664/
B16706,27388.0,5445.0,5.03,11.36,9.49,5.74,Blue,Vivid,Eye Clean,Oval,Mixed Brilliant Cut,Heat Treated,Ceylon (Sri Lanka),https://www.thenaturalsapphirecompany.com/blue-sapphires/5.03ct-ceylon-sri-lankan-oval-blue-sapphire-b16706/
B16707,19348.0,4290.0,4.51,9.57,9.14,5.69,Blue,Vivid,Eye Clean,Cushion,Mixed Brilliant Cut,Heat Treated,Ceylon (Sri Lanka),https://www.thenaturalsapphirecompany.com/blue-sapphires/4.51ct-ceylon-sri-lankan-cushion-blue-sapphire-b16707/
B16721,11696.0,3400.0,3.44,7.77,7.71,5.9,Blue,Vivid,Very Slightly Included,Cushion,Mixed Brilliant Cut,Heat Treated,Ceylon (Sri Lanka),https://www.thenaturalsapphirecompany.com/blue-sapphires/3.44ct-ceylon-sri-lankan-cushion-blue-sapphire-b16721/
S47565,576.0,533.0,1.08,5.8,5.42,4.21,Bluish Green,Intense,Very Slightly Included,Oval,Mixed Brilliant Cut,Heat Treated,Madagascar,https://www.thenaturalsapphirecompany.com/blue-sapphires/1.08ct-madagascar-oval-bluish-green-sapphire-s47565/
S15350,1598.0,1378.0,1.16,5.99,5.46,3.73,Blue,Light,Eye Clean,Radiant,Radiant Cut,Heat Treated,Tanzania,https://www.thenaturalsapphirecompany.com/blue-sapphires/1.16ct-tanzanian-radiant-blue-sapphire-s15350/
S15355,1720.0,500.0,3.44,9.25,10.39,5.58,Greyish Blue,Intense,Slightly Included,Fancy,Mixed Brilliant Cut,No Enhancement,East Africa,https://www.thenaturalsapphirecompany.com/blue-sapphires/3.44ct-east-african-fancy-greyish-blue-sapphire-s15355/
S15357,2205.0,1500.0,1.47,7.1,6.42,4.32,Bluish Green,Intense,Very Slightly Included,Fancy,Mixed Brilliant Cut,No Enhancement,Madagascar,https://www.thenaturalsapphirecompany.com/blue-sapphires/1.47ct-madagascar-fancy-bluish-green-sapphire-s15357/
S15360,3264.0,1600.0,2.04,7.69,7.05,4.04,Bluish Green,Intense,Very Slightly Included,Asscher - Octagon,Asscher Cut,No Enhancement,Madagascar,https://www.thenaturalsapphirecompany.com/blue-sapphires/2.04ct-madagascar-asscher-octagon-bluish-green-sapphire-s15360/
S15365,2998.0,1140.0,2.63,9.28,6.65,4.59,Blue,Light,Very Slightly Included,Oval,Mixed Brilliant Cut,No Enhancement,Tanzania,https://www.thenaturalsapphirecompany.com/blue-sapphires/2.63ct-tanzanian-oval-blue-sapphire-s15365/
B16760,3510.0,1800.0,1.95,8.48,7.36,3.75,Blue,Intense,Very Slightly Included,Oval,Mixed Brilliant Cut,Heat Treated,Thailand,https://www.thenaturalsapphirecompany.com/blue-sapphires/1.95ct-thai-oval-blue-sapphire-b16760/
B16666,6743.0,2497.0,2.7,10.01,7.54,3.89,Blue,Intense,Eye Clean,Oval,Mixed Brilliant Cut,Heat Treated,Ceylon (Sri Lanka),https://www.thenaturalsapphirecompany.com/blue-sapphires/2.70ct-ceylon-sri-lankan-oval-blue-sapphire-b16666/
B16670,2216.0,1050.0,2.11,7.9,5.87,4.1,Blue,Medium,Very Slightly Included,Emerald Cut,Emerald Cut,Heat Treated,Ceylon (Sri Lanka),https://www.thenaturalsapphirecompany.com/blue-sapphires/2.11ct-ceylon-sri-lankan-emerald-cut-blue-sapphire-b16670/
B16671,3863.0,1665.0,2.32,8.4,7.43,3.49,Blue,Dark,Very Slightly Included,Asscher - Octagon,Asscher Cut,Heat Treated,Ceylon (Sri Lanka),https://www.thenaturalsapphirecompany.com/blue-sapphires/2.32ct-ceylon-sri-lankan-asscher-octagon-blue-sapphire-b16671/
B16674,85686.0,5720.0,14.98,15.34,13.02,8.38,Blue,Vivid,Very Slightly Included,Cushion,Mixed Brilliant Cut,Heat Treated,Madagascar,https://www.thenaturalsapphirecompany.com/blue-sapphires/14.98ct-madagascar-cushion-blue-sapphire-b16674/
B16676,62154.0,6160.0,10.09,13.43,11.15,6.69,Blue,Vivid,Eye Clean,Cushion,Mixed Brilliant Cut,Heat Treated,Ceylon (Sri Lanka),https://www.thenaturalsapphirecompany.com/blue-sapphires/10.09ct-ceylon-sri-lankan-cushion-blue-sapphire-b16676/
S28914,1620.0,2000.0,0.81,5.67,5.64,3.23,Blue,Vivid,Very Slightly Included,Cushion,Mixed Brilliant Cut,Heat Treated,Ceylon (Sri Lanka),https://www.thenaturalsapphirecompany.com/blue-sapphires/0.81ct-ceylon-sri-lankan-cushion-blue-sapphire-s28914/
B16725,18562.0,4125.0,4.5,8.94,8.87,6.51,Blue,Vivid,Very Slightly Included,Cushion,Mixed Brilliant Cut,Heat Treated,Ceylon (Sri Lanka),https://www.thenaturalsapphirecompany.com/blue-sapphires/4.50ct-ceylon-sri-lankan-cushion-blue-sapphire-b16725/
B16732,813.0,1378.0,0.59,4.97,4.91,3.45,Blue,Intense,Very Slightly Included,Round,Mixed Brilliant Cut,Heat Treated,Ceylon (Sri Lanka),https://www.thenaturalsapphirecompany.com/blue-sapphires/0.59ct-ceylon-sri-lankan-round-blue-sapphire-b16732/
B16735,896.0,1378.0,0.65,4.97,4.84,3.49,Blue,Vivid,Very Slightly Included,Round,Mixed Brilliant Cut,Heat Treated,Ceylon (Sri Lanka),https://www.thenaturalsapphirecompany.com/blue-sapphires/0.65ct-ceylon-sri-lankan-round-blue-sapphire-b16735/
B16736,896.0,1378.0,0.65,5.45,5.37,3.41,Blue,Intense,Very Slightly Included,Round,Mixed Brilliant Cut,Heat Treated,Ceylon (Sri Lanka),https://www.thenaturalsapphirecompany.com/blue-sapphires/0.65ct-ceylon-sri-lankan-round-blue-sapphire-b16736/
B16737,909.0,1377.0,0.66,4.85,4.82,3.52,Blue,Vivid,Very Slightly Included,Round,Mixed Brilliant Cut,Heat Treated,Ceylon (Sri Lanka),https://www.thenaturalsapphirecompany.com/blue-sapphires/0.66ct-ceylon-sri-lankan-round-blue-sapphire-b16737/
B16740,1116.0,1378.0,0.81,5.27,5.22,3.76,Blue,Vivid,Very Slightly Included,Round,Mixed Brilliant Cut,Heat Treated,Ceylon (Sri Lanka),https://www.thenaturalsapphirecompany.com/blue-sapphires/0.81ct-ceylon-sri-lankan-round-blue-sapphire-b16740/
B16295,1037.0,640.0,1.62,8.58,6.5,4.28,Blue,Vivid,Very Slightly Included,Pear,Mixed Brilliant Cut,Heat Treated,Ceylon (Sri Lanka),https://www.thenaturalsapphirecompany.com/blue-sapphires/1.62ct-ceylon-sri-lankan-pear-blue-sapphire-b16295/
B16437,456.0,600.0,0.76,6.25,4.4,3.03,Blue,Intense,Eye Clean,Emerald Cut,Emerald Cut,Heat Treated,Ceylon (Sri Lanka),https://www.thenaturalsapphirecompany.com/blue-sapphires/0.76ct-ceylon-sri-lankan-emerald-cut-blue-sapphire-b16437/
B16335,1176.0,1200.0,0.98,6.09,4.51,3.6,Blue,Vivid,Very Slightly Included,Emerald Cut,Emerald Cut,No Enhancement,Ceylon (Sri Lanka),https://www.thenaturalsapphirecompany.com/blue-sapphires/0.98ct-ceylon-sri-lankan-emerald-cut-blue-sapphire-b16335/
B16345,808.0,800.0,1.01,6.08,6.03,3.86,Blue,Intense,Very Slightly Included,Round,Mixed Brilliant Cut,No Enhancement,Ceylon (Sri Lanka),https://www.thenaturalsapphirecompany.com/blue-sapphires/1.01ct-ceylon-sri-lankan-round-blue-sapphire-b16345/
B16348,1024.0,800.0,1.28,6.63,6.57,3.74,Blue,Intense,Very Slightly Included,Round,Mixed Brilliant Cut,No Enhancement,Ceylon (Sri Lanka),https://www.thenaturalsapphirecompany.com/blue-sapphires/1.28ct-ceylon-sri-lankan-round-blue-sapphire-b16348/
B16390,896.0,800.0,1.12,8.15,5.09,3.47,Blue,Intense,Very Slightly Included,Oval,Mixed Brilliant Cut,No Enhancement,Ceylon (Sri Lanka),https://www.thenaturalsapphirecompany.com/blue-sapphires/1.12ct-ceylon-sri-lankan-oval-blue-sapphire-b16390/
B16392,1008.0,800.0,1.26,7.4,5.69,3.76,Blue,Intense,Very Slightly Included,Oval,Mixed Brilliant Cut,No Enhancement,Ceylon (Sri Lanka),https://www.thenaturalsapphirecompany.com/blue-sapphires/1.26ct-ceylon-sri-lankan-oval-blue-sapphire-b16392/
B16312,3672.0,1800.0,2.04,8.39,5.85,4.83,Blue,Dark,Very Slightly Included,Oval,Mixed Brilliant Cut,Heat Treated,Ethiopia,https://www.thenaturalsapphirecompany.com/blue-sapphires/2.04ct-ethiopian-oval-blue-sapphire-b16312/
B16316,3228.0,1200.0,2.69,8.34,7.09,5.25,Color Change,Vivid,Very Slightly Included,Oval,Mixed Brilliant Cut,No Enhancement,Ceylon (Sri Lanka),https://www.thenaturalsapphirecompany.com/blue-sapphires/2.69ct-ceylon-sri-lankan-oval-color-change-sapphire-b16316/
B16317,3546.0,1800.0,1.97,7.93,6.06,4.42,Blue,Intense,Very Slightly Included,Cushion,Mixed Brilliant Cut,No Enhancement,Ceylon (Sri Lanka),https://www.thenaturalsapphirecompany.com/blue-sapphires/1.97ct-ceylon-sri-lankan-cushion-blue-sapphire-b16317/
B16214,266.0,359.0,0.74,5.55,4.27,3.69,Blue,Intense,Very Slightly Included,Oval,Mixed Brilliant Cut,Heat Treated,Ceylon (Sri Lanka),https://www.thenaturalsapphirecompany.com/blue-sapphires/0.74ct-ceylon-sri-lankan-oval-blue-sapphire-b16214/
B16217,281.0,360.0,0.78,5.57,4.24,4.4,Blue,Vivid,Very Slightly Included,Oval,Mixed Brilliant Cut,Heat Treated,Ceylon (Sri Lanka),https://www.thenaturalsapphirecompany.com/blue-sapphires/0.78ct-ceylon-sri-lankan-oval-blue-sapphire-b16217/
B16219,288.0,360.0,0.8,5.61,4.69,3.81,Blue,Intense,Very Slightly Included,Oval,Mixed Brilliant Cut,Heat Treated,Ceylon (Sri Lanka),https://www.thenaturalsapphirecompany.com/blue-sapphires/0.80ct-ceylon-sri-lankan-oval-blue-sapphire-b16219/
B16223,310.0,360.0,0.86,6.54,4.34,3.51,Blue,Intense,Slightly Included,Oval,Mixed Brilliant Cut,Heat Treated,Ceylon (Sri Lanka),https://www.thenaturalsapphirecompany.com/blue-sapphires/0.86ct-ceylon-sri-lankan-oval-blue-sapphire-b16223/
B16225,346.0,360.0,0.96,6.99,3.72,3.47,Blue,Intense,Very Slightly Included,Emerald Cut,Emerald Cut,Heat Treated,Ceylon (Sri Lanka),https://www.thenaturalsapphirecompany.com/blue-sapphires/0.96ct-ceylon-sri-lankan-emerald-cut-blue-sapphire-b16225/
B16239,241.0,360.0,0.67,4.89,4.82,3.45,Blue,Vivid,Very Slightly Included,Round,Mixed Brilliant Cut,Heat Treated,Ceylon (Sri Lanka),https://www.thenaturalsapphirecompany.com/blue-sapphires/0.67ct-ceylon-sri-lankan-round-blue-sapphire-b16239/
B16242,259.0,360.0,0.72,5.04,4.67,3.5,Blue,Medium,Very Slightly Included,Round,Mixed Brilliant Cut,Heat Treated,Ceylon (Sri Lanka),https://www.thenaturalsapphirecompany.com/blue-sapphires/0.72ct-ceylon-sri-lankan-round-blue-sapphire-b16242/
B16629,3978.0,2313.0,1.72,8.58,6.69,3.66,Blue,Medium,Eye Clean,Oval,Mixed Brilliant Cut,No Enhancement,Ceylon (Sri Lanka),https://www.thenaturalsapphirecompany.com/blue-sapphires/1.72ct-ceylon-sri-lankan-oval-blue-sapphire-b16629/
B16632,10020.0,2380.0,4.21,9.22,9.12,6.01,Blue,Light,Very Slightly Included,Cushion,Mixed Brilliant Cut,No Enhancement,Ceylon (Sri Lanka),https://www.thenaturalsapphirecompany.com/blue-sapphires/4.21ct-ceylon-sri-lankan-cushion-blue-sapphire-b16632/
B16635,2806.0,2300.0,1.22,6.04,5.94,3.9,Blue,Intense,Eye Clean,Cushion,Mixed Brilliant Cut,Heat Treated,Ceylon (Sri Lanka),https://www.thenaturalsapphirecompany.com/blue-sapphires/1.22ct-ceylon-sri-lankan-cushion-blue-sapphire-b16635/
B16617,18694.0,4537.0,4.12,9.63,7.21,5.53,Blue,Intense,Very Slightly Included,Cushion,Mixed Brilliant Cut,No Enhancement,Ceylon (Sri Lanka),https://www.thenaturalsapphirecompany.com/blue-sapphires/4.12ct-ceylon-sri-lankan-cushion-blue-sapphire-b16617/
B16620,3591.0,2700.0,1.33,7.42,5.62,3.8,Blue,Intense,Very Slightly Included,Oval,Mixed Brilliant Cut,No Enhancement,Ceylon (Sri Lanka),https://www.thenaturalsapphirecompany.com/blue-sapphires/1.33ct-ceylon-sri-lankan-oval-blue-sapphire-b16620/
B16624,13967.0,4420.0,3.16,8.41,8.11,5.21,Blue,Intense,Very Slightly Included,Cushion,Mixed Brilliant Cut,No Enhancement,Ceylon (Sri Lanka),https://www.thenaturalsapphirecompany.com/blue-sapphires/3.16ct-ceylon-sri-lankan-cushion-blue-sapphire-b16624/
B16482,704.0,800.0,0.88,6.0,5.89,3.49,Blue,Medium,Eye Clean,Round,Mixed Brilliant Cut,Heat Treated,Ceylon (Sri Lanka),https://www.thenaturalsapphirecompany.com/blue-sapphires/0.88ct-ceylon-sri-lankan-round-blue-sapphire-b16482/
B16486,3100.0,2000.0,1.55,7.66,5.63,3.7,Blue,Intense,Very Slightly Included,Cushion,Mixed Brilliant Cut,No Enhancement,Ceylon (Sri Lanka),https://www.thenaturalsapphirecompany.com/blue-sapphires/1.55ct-ceylon-sri-lankan-cushion-blue-sapphire-b16486/
B16493,282.0,600.0,0.47,4.89,4.83,2.96,Blue,Medium,Very Slightly Included,Round,Mixed Brilliant Cut,No Enhancement,Ceylon (Sri Lanka),https://www.thenaturalsapphirecompany.com/blue-sapphires/0.47ct-ceylon-sri-lankan-round-blue-sapphire-b16493/
B16499,7959.0,3330.0,2.39,8.11,6.81,5.04,Color Change,Vivid,Very Slightly Included,Oval,Mixed Brilliant Cut,No Enhancement,Ceylon (Sri Lanka),https://www.thenaturalsapphirecompany.com/blue-sapphires/2.39ct-ceylon-sri-lankan-oval-color-change-sapphire-b16499/
B16503,2304.0,2400.0,0.96,5.32,6.8,3.59,Blue,Intense,Very Slightly Included,Heart,Mixed Brilliant Cut,No Enhancement,Ceylon (Sri Lanka),https://www.thenaturalsapphirecompany.com/blue-sapphires/0.96ct-ceylon-sri-lankan-heart-blue-sapphire-b16503/
B16509,216.0,300.0,0.72,6.41,4.49,3.32,Blue,Intense,Very Slightly Included,Oval,Mixed Brilliant Cut,No Enhancement,Ceylon (Sri Lanka),https://www.thenaturalsapphirecompany.com/blue-sapphires/0.72ct-ceylon-sri-lankan-oval-blue-sapphire-b16509/
B16515,462.0,600.0,0.77,7.98,4.8,2.65,Blue,Vivid,Very Slightly Included,Pear,Mixed Brilliant Cut,No Enhancement,Ceylon (Sri Lanka),https://www.thenaturalsapphirecompany.com/blue-sapphires/0.77ct-ceylon-sri-lankan-pear-blue-sapphire-b16515/
B16536,372.0,400.0,0.93,6.53,5.16,3.37,Blue,Intense,Very Slightly Included,Oval,Mixed Brilliant Cut,No Enhancement,Ceylon (Sri Lanka),https://www.thenaturalsapphirecompany.com/blue-sapphires/0.93ct-ceylon-sri-lankan-oval-blue-sapphire-b16536/
B16549,696.0,600.0,1.16,6.58,6.52,3.73,Blue,Vivid,Very Slightly Included,Round,Mixed Brilliant Cut,Heat Treated,Ceylon (Sri Lanka),https://www.thenaturalsapphirecompany.com/blue-sapphires/1.16ct-ceylon-sri-lankan-round-blue-sapphire-b16549/
S48146,6453.0,3015.0,2.14,6.88,6.62,5.03,Blue,Vivid,Very Very Slightly Included,Cushion,Mixed Brilliant Cut,Heat Treated,Ceylon (Sri Lanka),https://www.thenaturalsapphirecompany.com/blue-sapphires/2.14ct-ceylon-sri-lankan-cushion-blue-sapphire-s48146/
B17067,13005.0,4250.0,3.06,8.88,7.75,4.67,Blue,Vivid,Very Slightly Included,Cushion,Mixed Brilliant Cut,Heat Treated,Ceylon (Sri Lanka),https://www.thenaturalsapphirecompany.com/blue-sapphires/3.06ct-ceylon-sri-lankan-cushion-blue-sapphire-b17067/
B17070,1190.0,1044.0,1.14,7.11,5.6,3.16,Blue,Vivid,Very Slightly Included,Oval,Mixed Brilliant Cut,Heat Treated,Ceylon (Sri Lanka),https://www.thenaturalsapphirecompany.com/blue-sapphires/1.14ct-ceylon-sri-lankan-oval-blue-sapphire-b17070/
S48903,4960.0,1526.0,3.25,9.65,7.28,5.66,Purplish Blue,Vivid,Slightly Included,Oval,Mixed Brilliant Cut,Heat Treated,Ceylon (Sri Lanka),https://www.thenaturalsapphirecompany.com/blue-sapphires/3.25ct-ceylon-sri-lankan-oval-purplish-blue-sapphire-s48903/
S20879,191.0,360.0,0.53,6.29,4.31,2.68,Blue,Medium,Slightly Included,Pear,Mixed Brilliant Cut,Heat Treated,Ceylon (Sri Lanka),https://www.thenaturalsapphirecompany.com/blue-sapphires/0.53ct-ceylon-sri-lankan-pear-blue-sapphire-s20879/
S20880,360.0,500.0,0.72,6.57,5.12,2.81,Blue,Vivid,Very Slightly Included,Pear,Mixed Brilliant Cut,Heat Treated,Ceylon (Sri Lanka),https://www.thenaturalsapphirecompany.com/blue-sapphires/0.72ct-ceylon-sri-lankan-pear-blue-sapphire-s20880/
S20882,173.0,360.0,0.48,5.18,3.97,2.94,Blue,Intense,Slightly Included,Oval,Mixed Brilliant Cut,Heat Treated,Ceylon (Sri Lanka),https://www.thenaturalsapphirecompany.com/blue-sapphires/0.48ct-ceylon-sri-lankan-oval-blue-sapphire-s20882/
S20883,227.0,360.0,0.63,6.22,4.73,2.63,Blue,Intense,Slightly Included,Oval,Mixed Brilliant Cut,Heat Treated,Ceylon (Sri Lanka),https://www.thenaturalsapphirecompany.com/blue-sapphires/0.63ct-ceylon-sri-lankan-oval-blue-sapphire-s20883/
S20884,173.0,360.0,0.48,5.12,3.52,2.62,Blue,Intense,Very Slightly Included,Emerald Cut,Emerald Cut,Heat Treated,Ceylon (Sri Lanka),https://www.thenaturalsapphirecompany.com/blue-sapphires/0.48ct-ceylon-sri-lankan-emerald-cut-blue-sapphire-s20884/
S30850,343.0,350.0,0.98,7.27,5.04,3.29,Blue,Medium,Very Very Slightly Included,Pear,Mixed Brilliant Cut,Heat Treated,Ceylon (Sri Lanka),https://www.thenaturalsapphirecompany.com/blue-sapphires/0.98ct-ceylon-sri-lankan-pear-blue-sapphire-s30850/
S20891,2083.0,1126.0,1.85,7.9,6.47,3.95,Blue,Intense,Very Very Slightly Included,Oval,Mixed Brilliant Cut,Heat Treated,Ceylon (Sri Lanka),https://www.thenaturalsapphirecompany.com/blue-sapphires/1.85ct-ceylon-sri-lankan-oval-blue-sapphire-s20891/
S28816,4307.0,2220.0,1.94,8.19,6.18,3.91,Greenish Blue,Intense,Very Very Slightly Included,Emerald Cut,Emerald Cut,No Enhancement,Ceylon (Sri Lanka),https://www.thenaturalsapphirecompany.com/blue-sapphires/1.94ct-ceylon-sri-lankan-emerald-cut-greenish-blue-sapphire-s28816/
S25929,180.0,300.0,0.6,7.53,3.95,2.68,Blue,Medium,Eye Clean,Pear,Mixed Brilliant Cut,No Enhancement,Ceylon (Sri Lanka),https://www.thenaturalsapphirecompany.com/blue-sapphires/0.60ct-ceylon-sri-lankan-pear-blue-sapphire-s25929/
S25930,274.0,301.0,0.91,8.07,4.46,3.5,Blue,Medium,Very Very Slightly Included,Pear,Mixed Brilliant Cut,No Enhancement,Ceylon (Sri Lanka),https://www.thenaturalsapphirecompany.com/blue-sapphires/0.91ct-ceylon-sri-lankan-pear-blue-sapphire-s25930/
S25931,454.0,301.0,1.51,9.53,5.19,4.28,Blue,Medium,Very Very Slightly Included,Pear,Mixed Brilliant Cut,No Enhancement,Ceylon (Sri Lanka),https://www.thenaturalsapphirecompany.com/blue-sapphires/1.51ct-ceylon-sri-lankan-pear-blue-sapphire-s25931/
S25932,426.0,300.0,1.42,9.71,5.11,3.74,Blue,Medium,Very Very Slightly Included,Pear,Mixed Brilliant Cut,No Enhancement,Ceylon (Sri Lanka),https://www.thenaturalsapphirecompany.com/blue-sapphires/1.42ct-ceylon-sri-lankan-pear-blue-sapphire-s25932/
S25934,304.0,301.0,1.01,8.69,4.55,3.46,Blue,Medium,Eye Clean,Pear,Mixed Brilliant Cut,No Enhancement,Ceylon (Sri Lanka),https://www.thenaturalsapphirecompany.com/blue-sapphires/1.01ct-ceylon-sri-lankan-pear-blue-sapphire-s25934/
S25935,328.0,301.0,1.09,8.61,4.82,3.73,Blue,Medium,Very Very Slightly Included,Pear,Mixed Brilliant Cut,No Enhancement,Ceylon (Sri Lanka),https://www.thenaturalsapphirecompany.com/blue-sapphires/1.09ct-ceylon-sri-lankan-pear-blue-sapphire-s25935/
S25936,238.0,301.0,0.79,8.0,4.67,2.96,Blue,Medium,Very Very Slightly Included,Pear,Mixed Brilliant Cut,No Enhancement,Ceylon (Sri Lanka),https://www.thenaturalsapphirecompany.com/blue-sapphires/0.79ct-ceylon-sri-lankan-pear-blue-sapphire-s25936/
S25938,214.0,301.0,0.71,7.11,4.21,3.41,Blue,Intense,Very Slightly Included,Pear,Mixed Brilliant Cut,No Enhancement,Ceylon (Sri Lanka),https://www.thenaturalsapphirecompany.com/blue-sapphires/0.71ct-ceylon-sri-lankan-pear-blue-sapphire-s25938/
S25939,282.0,300.0,0.94,8.05,4.72,3.44,Bluish Purple,Medium,Eye Clean,Pear,Mixed Brilliant Cut,No Enhancement,Ceylon (Sri Lanka),https://www.thenaturalsapphirecompany.com/blue-sapphires/0.94ct-ceylon-sri-lankan-pear-bluish-purple-sapphire-s25939/
S25940,294.0,300.0,0.98,8.96,4.67,3.27,Bluish Purple,Medium,Slightly Included,Pear,Mixed Brilliant Cut,No Enhancement,Ceylon (Sri Lanka),https://www.thenaturalsapphirecompany.com/blue-sapphires/0.98ct-ceylon-sri-lankan-pear-bluish-purple-sapphire-s25940/
S20289,4306.0,3238.0,1.33,6.53,6.47,4.29,Blue,Intense,Eye Clean,Round,Mixed Brilliant Cut,Heat Treated,Ceylon (Sri Lanka),https://www.thenaturalsapphirecompany.com/blue-sapphires/1.33ct-ceylon-sri-lankan-round-blue-sapphire-s20289/
S25947,258.0,300.0,0.86,6.26,4.64,3.15,Greyish Blue,Dark,Very Very Slightly Included,Emerald Cut,Emerald Cut,No Enhancement,Ceylon (Sri Lanka),https://www.thenaturalsapphirecompany.com/blue-sapphires/0.86ct-ceylon-sri-lankan-emerald-cut-greyish-blue-sapphire-s25947/
S25948,122.0,298.0,0.41,4.16,4.1,2.51,Blue,Medium,Eye Clean,Princess,Princess Cut,No Enhancement,Ceylon (Sri Lanka),https://www.thenaturalsapphirecompany.com/blue-sapphires/0.41ct-ceylon-sri-lankan-princess-blue-sapphire-s25948/
S25951,540.0,400.0,1.35,6.42,6.42,4.14,Blue,Intense,Slightly Included,Round,Mixed Brilliant Cut,No Enhancement,Ceylon (Sri Lanka),https://www.thenaturalsapphirecompany.com/blue-sapphires/1.35ct-ceylon-sri-lankan-round-blue-sapphire-s25951/
S25952,412.0,400.0,1.03,6.38,6.45,3.34,Blue,Light,Very Very Slightly Included,Round,Mixed Brilliant Cut,No Enhancement,Ceylon (Sri Lanka),https://www.thenaturalsapphirecompany.com/blue-sapphires/1.03ct-ceylon-sri-lankan-round-blue-sapphire-s25952/
S25953,372.0,400.0,0.93,5.6,5.67,3.85,Blue,Medium,Very Slightly Included,Round,Mixed Brilliant Cut,No Enhancement,Ceylon (Sri Lanka),https://www.thenaturalsapphirecompany.com/blue-sapphires/0.93ct-ceylon-sri-lankan-round-blue-sapphire-s25953/
S25954,404.0,400.0,1.01,6.18,6.17,3.4,Blue,Intense,Very Slightly Included,Round,Mixed Brilliant Cut,No Enhancement,Ceylon (Sri Lanka),https://www.thenaturalsapphirecompany.com/blue-sapphires/1.01ct-ceylon-sri-lankan-round-blue-sapphire-s25954/
S25955,392.0,400.0,0.98,5.94,6.03,3.43,Color Change,Intense,Slightly Included,Round,Mixed Brilliant Cut,No Enhancement,Ceylon (Sri Lanka),https://www.thenaturalsapphirecompany.com/blue-sapphires/0.98ct-ceylon-sri-lankan-round-color-change-sapphire-s25955/
S25956,336.0,400.0,0.84,5.68,5.66,3.67,Violet,Medium,Slightly Included,Round,Mixed Brilliant Cut,No Enhancement,Ceylon (Sri Lanka),https://www.thenaturalsapphirecompany.com/blue-sapphires/0.84ct-ceylon-sri-lankan-round-violet-sapphire-s25956/
S25957,328.0,400.0,0.82,5.52,5.46,3.31,Blue,Intense,Very Very Slightly Included,Round,Mixed Brilliant Cut,No Enhancement,Ceylon (Sri Lanka),https://www.thenaturalsapphirecompany.com/blue-sapphires/0.82ct-ceylon-sri-lankan-round-blue-sapphire-s25957/
S25958,312.0,400.0,0.78,5.52,5.52,3.59,Blue,Intense,Very Very Slightly Included,Round,Mixed Brilliant Cut,No Enhancement,Ceylon (Sri Lanka),https://www.thenaturalsapphirecompany.com/blue-sapphires/0.78ct-ceylon-sri-lankan-round-blue-sapphire-s25958/
S30434,1441.0,1100.0,1.31,7.73,5.49,4.19,Blue,Intense,Very Very Slightly Included,Pear,Mixed Brilliant Cut,Heat Treated,Ceylon (Sri Lanka),https://www.thenaturalsapphirecompany.com/blue-sapphires/1.31ct-ceylon-sri-lankan-pear-blue-sapphire-s30434/
S30436,4893.0,2127.0,2.3,6.98,6.95,4.84,Blue,Intense,Eye Clean,Cushion,Mixed Brilliant Cut,Heat Treated,Ceylon (Sri Lanka),https://www.thenaturalsapphirecompany.com/blue-sapphires/2.30ct-ceylon-sri-lankan-cushion-blue-sapphire-s30436/
S30437,1060.0,1000.0,1.06,5.99,5.43,4.1,Blue,Vivid,Very Very Slightly Included,Oval,Mixed Brilliant Cut,Heat Treated,Ceylon (Sri Lanka),https://www.thenaturalsapphirecompany.com/blue-sapphires/1.06ct-ceylon-sri-lankan-oval-blue-sapphire-s30437/
S30445,2356.0,1501.0,1.57,6.82,6.84,4.12,Blue,Vivid,Very Slightly Included,Round,Mixed Brilliant Cut,Heat Treated,Ceylon (Sri Lanka),https://www.thenaturalsapphirecompany.com/blue-sapphires/1.57ct-ceylon-sri-lankan-round-blue-sapphire-s30445/
S30448,1890.0,1800.0,1.05,6.82,5.53,3.19,Blue,Vivid,Very Very Slightly Included,Oval,Mixed Brilliant Cut,Heat Treated,Ceylon (Sri Lanka),https://www.thenaturalsapphirecompany.com/blue-sapphires/1.05ct-ceylon-sri-lankan-oval-blue-sapphire-s30448/
S30449,3348.0,1800.0,1.86,6.21,5.76,5.17,Blue,Vivid,Very Very Slightly Included,Cushion,Mixed Brilliant Cut,Heat Treated,Ceylon (Sri Lanka),https://www.thenaturalsapphirecompany.com/blue-sapphires/1.86ct-ceylon-sri-lankan-cushion-blue-sapphire-s30449/
S30450,4126.0,1850.0,2.23,9.3,7.28,3.8,Blue,Vivid,Very Very Slightly Included,Oval,Mixed Brilliant Cut,Heat Treated,Ceylon (Sri Lanka),https://www.thenaturalsapphirecompany.com/blue-sapphires/2.23ct-ceylon-sri-lankan-oval-blue-sapphire-s30450/
S30451,5217.0,2220.0,2.35,8.48,6.19,4.54,Blue,Vivid,Very Very Slightly Included,Cushion,Mixed Brilliant Cut,Heat Treated,Ceylon (Sri Lanka),https://www.thenaturalsapphirecompany.com/blue-sapphires/2.35ct-ceylon-sri-lankan-cushion-blue-sapphire-s30451/
S30452,4192.0,2128.0,1.97,6.85,6.5,4.61,Blue,Vivid,Very Slightly Included,Cushion,Mixed Brilliant Cut,Heat Treated,Ceylon (Sri Lanka),https://www.thenaturalsapphirecompany.com/blue-sapphires/1.97ct-ceylon-sri-lankan-cushion-blue-sapphire-s30452/
S30453,2100.0,2000.0,1.05,5.32,5.17,4.16,Blue,Vivid,Very Very Slightly Included,Cushion,Mixed Brilliant Cut,Heat Treated,Ceylon (Sri Lanka),https://www.thenaturalsapphirecompany.com/blue-sapphires/1.05ct-ceylon-sri-lankan-cushion-blue-sapphire-s30453/
S30454,4879.0,2312.0,2.11,7.77,6.38,4.57,Blue,Vivid,Very Very Slightly Included,Oval,Mixed Brilliant Cut,Heat Treated,Ceylon (Sri Lanka),https://www.thenaturalsapphirecompany.com/blue-sapphires/2.11ct-ceylon-sri-lankan-oval-blue-sapphire-s30454/
S30004,4292.0,1850.0,2.32,7.43,7.27,4.59,Greenish Blue,Intense,Very Very Slightly Included,Asscher - Octagon,Asscher Cut,Heat Treated,Ceylon (Sri Lanka),https://www.thenaturalsapphirecompany.com/blue-sapphires/2.32ct-ceylon-sri-lankan-asscher-octagon-greenish-blue-sapphire-s30004/
S34410,29898.0,4950.0,6.04,11.98,9.27,6.59,Blue,Vivid,Very Very Slightly Included,Oval,Mixed Brilliant Cut,Heat Treated,Madagascar,https://www.thenaturalsapphirecompany.com/blue-sapphires/6.04ct-madagascar-oval-blue-sapphire-s34410/
S34411,8991.0,3330.0,2.7,7.41,7.02,5.28,Blue,Vivid,Very Very Slightly Included,Cushion,Mixed Brilliant Cut,Heat Treated,Madagascar,https://www.thenaturalsapphirecompany.com/blue-sapphires/2.70ct-madagascar-cushion-blue-sapphire-s34411/
S37791,2001.0,1924.0,1.04,6.49,4.88,3.58,Blue,Vivid,Very Slightly Included,Oval,Mixed Brilliant Cut,Heat Treated,Ceylon (Sri Lanka),https://www.thenaturalsapphirecompany.com/blue-sapphires/1.04ct-ceylon-sri-lankan-oval-blue-sapphire-s37791/
S37792,1201.0,1238.0,0.97,5.93,5.1,3.63,Blue,Vivid,Very Very Slightly Included,Oval,Mixed Brilliant Cut,Heat Treated,Ceylon (Sri Lanka),https://www.thenaturalsapphirecompany.com/blue-sapphires/0.97ct-ceylon-sri-lankan-oval-blue-sapphire-s37792/
S37793,3700.0,1850.0,2.0,7.86,6.56,4.37,Blue,Intense,Very Slightly Included,Oval,Mixed Brilliant Cut,Heat Treated,Ceylon (Sri Lanka),https://www.thenaturalsapphirecompany.com/blue-sapphires/2.00ct-ceylon-sri-lankan-oval-blue-sapphire-s37793/
S37794,2999.0,1704.0,1.76,7.87,6.37,3.96,Blue,Intense,Very Slightly Included,Oval,Mixed Brilliant Cut,Heat Treated,Ceylon (Sri Lanka),https://www.thenaturalsapphirecompany.com/blue-sapphires/1.76ct-ceylon-sri-lankan-oval-blue-sapphire-s37794/
S37796,1601.0,1222.0,1.31,6.41,5.42,3.86,Blue,Medium,Very Slightly Included,Cushion,Mixed Brilliant Cut,No Enhancement,Ceylon (Sri Lanka),https://www.thenaturalsapphirecompany.com/blue-sapphires/1.31ct-ceylon-sri-lankan-cushion-blue-sapphire-s37796/
S37797,1599.0,2351.0,0.68,5.12,5.13,3.29,Blue,Vivid,Eye Clean,Round,Mixed Brilliant Cut,Heat Treated,Ceylon (Sri Lanka),https://www.thenaturalsapphirecompany.com/blue-sapphires/0.68ct-ceylon-sri-lankan-round-blue-sapphire-s37797/
S37798,1199.0,1518.0,0.79,5.73,4.17,3.73,Blue,Vivid,Very Very Slightly Included,Oval,Mixed Brilliant Cut,Heat Treated,Ceylon (Sri Lanka),https://www.thenaturalsapphirecompany.com/blue-sapphires/0.79ct-ceylon-sri-lankan-oval-blue-sapphire-s37798/
S37799,4624.0,1546.0,2.99,9.96,7.56,4.58,Blue,Vivid,Slightly Included,Oval,Mixed Brilliant Cut,Heat Treated,Ceylon (Sri Lanka),https://www.thenaturalsapphirecompany.com/blue-sapphires/2.99ct-ceylon-sri-lankan-oval-blue-sapphire-s37799/
S37831,2250.0,1000.0,2.25,7.95,6.73,4.44,Blue,Medium,Slightly Included,Emerald Cut,Emerald Cut,Heat Treated,Ceylon (Sri Lanka),https://www.thenaturalsapphirecompany.com/blue-sapphires/2.25ct-ceylon-sri-lankan-emerald-cut-blue-sapphire-s37831/
S37832,7548.0,2960.0,2.55,9.13,7.07,4.75,Blue,Vivid,Very Very Slightly Included,Oval,Mixed Brilliant Cut,Heat Treated,Ceylon (Sri Lanka),https://www.thenaturalsapphirecompany.com/blue-sapphires/2.55ct-ceylon-sri-lankan-oval-blue-sapphire-s37832/
S37835,2413.0,1201.0,2.01,7.65,6.52,3.94,Bluish Green,Intense,Eye Clean,Emerald Cut,Emerald Cut,Heat Treated,Madagascar,https://www.thenaturalsapphirecompany.com/blue-sapphires/2.01ct-madagascar-emerald-cut-bluish-green-sapphire-s37835/
S40911,2400.0,1420.0,1.69,6.98,5.08,4.87,Purplish Blue,Intense,Very Slightly Included,Cushion,Mixed Brilliant Cut,No Enhancement,Tanzania,https://www.thenaturalsapphirecompany.com/blue-sapphires/1.69ct-tanzanian-cushion-purplish-blue-sapphire-s40911/
S40912,1700.0,842.0,2.02,7.05,6.17,4.61,Blue,Medium,Very Slightly Included,Cushion,Mixed Brilliant Cut,No Enhancement,Tanzania,https://www.thenaturalsapphirecompany.com/blue-sapphires/2.02ct-tanzanian-cushion-blue-sapphire-s40912/
S40913,700.0,556.0,1.26,7.73,5.63,3.92,Color Change,Vivid,Slightly Included,Pear,Mixed Brilliant Cut,No Enhancement,Tanzania,https://www.thenaturalsapphirecompany.com/blue-sapphires/1.26ct-tanzanian-pear-color-change-sapphire-s40913/
S40914,1000.0,389.0,2.57,9.24,7.14,5.08,Color Change,Intense,Slightly Included,Pear,Mixed Brilliant Cut,No Enhancement,Tanzania,https://www.thenaturalsapphirecompany.com/blue-sapphires/2.57ct-tanzanian-pear-color-change-sapphire-s40914/
S40916,850.0,413.0,2.06,6.48,6.11,5.37,Bluish Green,Intense,Very Slightly Included,Cushion,Mixed Brilliant Cut,No Enhancement,Tanzania,https://www.thenaturalsapphirecompany.com/blue-sapphires/2.06ct-tanzanian-cushion-bluish-green-sapphire-s40916/
S40922,800.0,426.0,1.88,6.89,5.72,4.81,Purplish Blue,Intense,Very Slightly Included,Emerald Cut,Emerald Cut,Heat Treated,Tanzania,https://www.thenaturalsapphirecompany.com/blue-sapphires/1.88ct-tanzanian-emerald-cut-purplish-blue-sapphire-s40922/
S40923,1550.0,1020.0,1.52,7.71,6.01,4.1,Bluish Purple,Intense,Very Slightly Included,Pear,Mixed Brilliant Cut,No Enhancement,Tanzania,https://www.thenaturalsapphirecompany.com/blue-sapphires/1.52ct-tanzanian-pear-bluish-purple-sapphire-s40923/
S40924,1900.0,1250.0,1.52,6.48,5.6,4.48,Purplish Blue,Intense,Slightly Included,Cushion,Mixed Brilliant Cut,No Enhancement,Tanzania,https://www.thenaturalsapphirecompany.com/blue-sapphires/1.52ct-tanzanian-cushion-purplish-blue-sapphire-s40924/
S4094,1932.0,1200.0,1.61,7.87,6.22,3.97,Color Change,Intense,Very Slightly Included,Oval,Mixed Brilliant Cut,No Enhancement,Ceylon (Sri Lanka),https://www.thenaturalsapphirecompany.com/blue-sapphires/1.61ct-ceylon-sri-lankan-oval-color-change-sapphire-s4094/
S43594,480.0,800.0,0.6,5.2,5.26,2.96,Bluish Green,Intense,Very Slightly Included,Heart,Mixed Brilliant Cut,No Enhancement,Madagascar,https://www.thenaturalsapphirecompany.com/blue-sapphires/0.60ct-madagascar-heart-bluish-green-sapphire-s43594/
S43595,472.0,800.0,0.59,5.03,5.14,3.0,Blue,Light,Very Slightly Included,Heart,Mixed Brilliant Cut,No Enhancement,Madagascar,https://www.thenaturalsapphirecompany.com/blue-sapphires/0.59ct-madagascar-heart-blue-sapphire-s43595/
S43596,432.0,800.0,0.54,5.12,4.99,3.0,Greyish Blue,Medium,Very Slightly Included,Heart,Mixed Brilliant Cut,No Enhancement,Madagascar,https://www.thenaturalsapphirecompany.com/blue-sapphires/0.54ct-madagascar-heart-greyish-blue-sapphire-s43596/
S43598,8752.0,2805.0,3.12,8.99,8.92,5.91,Blue,Intense,Very Slightly Included,Heart,Mixed Brilliant Cut,Heat Treated,Ceylon (Sri Lanka),https://www.thenaturalsapphirecompany.com/blue-sapphires/3.12ct-ceylon-sri-lankan-heart-blue-sapphire-s43598/
S43599,7363.0,3700.0,1.99,7.38,7.14,4.98,Bluish Green,Medium,Very Slightly Included,Round,Mixed Brilliant Cut,No Enhancement,Montana,https://www.thenaturalsapphirecompany.com/blue-sapphires/1.99ct-montana-round-bluish-green-sapphire-s43599/
S43600,18355.0,4455.0,4.12,10.74,8.43,4.98,Bluish Green,Dark,Eye Clean,Oval,Mixed Brilliant Cut,Heat Treated,Montana,https://www.thenaturalsapphirecompany.com/blue-sapphires/4.12ct-montana-oval-bluish-green-sapphire-s43600/
S43602,7365.0,3006.0,2.45,8.06,8.01,5.58,Blue,Vivid,Very Very Slightly Included,Heart,Mixed Brilliant Cut,Heat Treated,Ceylon (Sri Lanka),https://www.thenaturalsapphirecompany.com/blue-sapphires/2.45ct-ceylon-sri-lankan-heart-blue-sapphire-s43602/
S43604,21962.0,3630.0,6.05,10.76,9.11,6.59,Blue,Intense,Eye Clean,Radiant,Radiant Cut,Heat Treated,Ceylon (Sri Lanka),https://www.thenaturalsapphirecompany.com/blue-sapphires/6.05ct-ceylon-sri-lankan-radiant-blue-sapphire-s43604/
S43605,31268.0,4125.0,7.58,12.92,9.89,6.94,Blue,Intense,Eye Clean,Oval,Mixed Brilliant Cut,Heat Treated,Ceylon (Sri Lanka),https://www.thenaturalsapphirecompany.com/blue-sapphires/7.58ct-ceylon-sri-lankan-oval-blue-sapphire-s43605/
S43606,26558.0,5280.0,5.03,9.58,9.2,5.96,Blue,Vivid,Very Very Slightly Included,Cushion,Mixed Brilliant Cut,Heat Treated,Ceylon (Sri Lanka),https://www.thenaturalsapphirecompany.com/blue-sapphires/5.03ct-ceylon-sri-lankan-cushion-blue-sapphire-s43606/
S43608,21194.0,5775.0,3.67,9.84,7.4,5.54,Blue,Vivid,Eye Clean,Cushion,Mixed Brilliant Cut,Heat Treated,Ceylon (Sri Lanka),https://www.thenaturalsapphirecompany.com/blue-sapphires/3.67ct-ceylon-sri-lankan-cushion-blue-sapphire-s43608/
S43610,10328.0,2550.0,4.05,9.73,6.86,5.9,Bluish Green,Medium,Eye Clean,Emerald Cut,Emerald Cut,Heat Treated,Madagascar,https://www.thenaturalsapphirecompany.com/blue-sapphires/4.05ct-madagascar-emerald-cut-bluish-green-sapphire-s43610/
S43611,17350.0,2475.0,7.01,11.94,9.19,6.41,Bluish Green,Intense,Very Very Slightly Included,Emerald Cut,Emerald Cut,Heat Treated,Madagascar,https://www.thenaturalsapphirecompany.com/blue-sapphires/7.01ct-madagascar-emerald-cut-bluish-green-sapphire-s43611/
S43613,2316.0,1200.0,1.93,10.46,5.57,4.31,Blue,Intense,Very Very Slightly Included,Marquise,Mixed Brilliant Cut,No Enhancement,Ceylon (Sri Lanka),https://www.thenaturalsapphirecompany.com/blue-sapphires/1.93ct-ceylon-sri-lankan-marquise-blue-sapphire-s43613/
S43614,3340.0,2000.0,1.67,8.28,6.13,4.36,Blue,Vivid,Slightly Included,Oval,Mixed Brilliant Cut,No Enhancement,Ceylon (Sri Lanka),https://www.thenaturalsapphirecompany.com/blue-sapphires/1.67ct-ceylon-sri-lankan-oval-blue-sapphire-s43614/
S43617,2170.0,1000.0,2.17,7.11,6.99,5.49,Blue,Vivid,Slightly Included,Round,Mixed Brilliant Cut,Heat Treated,Ceylon (Sri Lanka),https://www.thenaturalsapphirecompany.com/blue-sapphires/2.17ct-ceylon-sri-lankan-round-blue-sapphire-s43617/
S43618,2310.0,1500.0,1.54,6.29,6.19,4.88,Blue,Intense,Slightly Included,Round,Mixed Brilliant Cut,No Enhancement,Ceylon (Sri Lanka),https://www.thenaturalsapphirecompany.com/blue-sapphires/1.54ct-ceylon-sri-lankan-round-blue-sapphire-s43618/
S45606,636.0,600.0,1.06,6.07,6.14,3.55,Blue,Medium,Very Slightly Included,Round,Mixed Brilliant Cut,Heat Treated,Ceylon (Sri Lanka),https://www.thenaturalsapphirecompany.com/blue-sapphires/1.06ct-ceylon-sri-lankan-round-blue-sapphire-s45606/
S45607,720.0,600.0,1.2,6.28,6.26,4.05,Blue,Intense,Slightly Included,Round,Mixed Brilliant Cut,Heat Treated,Ceylon (Sri Lanka),https://www.thenaturalsapphirecompany.com/blue-sapphires/1.20ct-ceylon-sri-lankan-round-blue-sapphire-s45607/
S45608,594.0,600.0,0.99,5.74,5.78,3.77,Blue,Intense,Slightly Included,Round,Mixed Brilliant Cut,Heat Treated,Ceylon (Sri Lanka),https://www.thenaturalsapphirecompany.com/blue-sapphires/0.99ct-ceylon-sri-lankan-round-blue-sapphire-s45608/
S45609,492.0,600.0,0.82,5.61,5.65,3.26,Blue,Vivid,Slightly Included,Round,Mixed Brilliant Cut,Heat Treated,Ceylon (Sri Lanka),https://www.thenaturalsapphirecompany.com/blue-sapphires/0.82ct-ceylon-sri-lankan-round-blue-sapphire-s45609/
S45610,732.0,600.0,1.22,6.42,6.41,3.84,Blue,Medium,Slightly Included,Round,Mixed Brilliant Cut,Heat Treated,Ceylon (Sri Lanka),https://www.thenaturalsapphirecompany.com/blue-sapphires/1.22ct-ceylon-sri-lankan-round-blue-sapphire-s45610/
S47637,6385.0,1804.0,3.54,10.44,8.11,5.2,Bluish Green,Intense,Very Very Slightly Included,Oval,Mixed Brilliant Cut,Heat Treated,Madagascar,https://www.thenaturalsapphirecompany.com/blue-sapphires/3.54ct-madagascar-oval-bluish-green-sapphire-s47637/
S28917,1760.0,2000.0,0.88,6.51,5.0,2.97,Blue,Vivid,Very Very Slightly Included,Cushion,Mixed Brilliant Cut,Heat Treated,Ceylon (Sri Lanka),https://www.thenaturalsapphirecompany.com/blue-sapphires/0.88ct-ceylon-sri-lankan-cushion-blue-sapphire-s28917/
S28918,2380.0,2000.0,1.19,7.21,5.69,3.17,Blue,Vivid,Very Slightly Included,Cushion,Mixed Brilliant Cut,Heat Treated,Ceylon (Sri Lanka),https://www.thenaturalsapphirecompany.com/blue-sapphires/1.19ct-ceylon-sri-lankan-cushion-blue-sapphire-s28918/
S47622,1201.0,1072.0,1.12,6.18,6.16,3.14,Blue,Intense,Very Very Slightly Included,Asscher - Octagon,Asscher Cut,No Enhancement,Madagascar,https://www.thenaturalsapphirecompany.com/blue-sapphires/1.12ct-madagascar-asscher-octagon-blue-sapphire-s47622/
S47623,1200.0,811.0,1.48,6.48,5.44,4.23,Bluish Green,Intense,Slightly Included,Cushion,Mixed Brilliant Cut,No Enhancement,Tanzania,https://www.thenaturalsapphirecompany.com/blue-sapphires/1.48ct-tanzanian-cushion-bluish-green-sapphire-s47623/
S28919,2260.0,2000.0,1.13,6.68,5.78,3.27,Blue,Vivid,Eye Clean,Cushion,Mixed Brilliant Cut,Heat Treated,Ceylon (Sri Lanka),https://www.thenaturalsapphirecompany.com/blue-sapphires/1.13ct-ceylon-sri-lankan-cushion-blue-sapphire-s28919/
S28920,3192.0,1900.0,1.68,7.12,7.13,4.11,Blue,Intense,Eye Clean,Round,Mixed Brilliant Cut,Heat Treated,Ceylon (Sri Lanka),https://www.thenaturalsapphirecompany.com/blue-sapphires/1.68ct-ceylon-sri-lankan-round-blue-sapphire-s28920/
S28922,2622.0,1900.0,1.38,6.03,6.09,4.51,Blue,Intense,Very Very Slightly Included,Round,Mixed Brilliant Cut,Heat Treated,Ceylon (Sri Lanka),https://www.thenaturalsapphirecompany.com/blue-sapphires/1.38ct-ceylon-sri-lankan-round-blue-sapphire-s28922/
S28923,2052.0,1900.0,1.08,6.29,6.3,3.66,Blue,Vivid,Very Slightly Included,Round,Mixed Brilliant Cut,Heat Treated,Ceylon (Sri Lanka),https://www.thenaturalsapphirecompany.com/blue-sapphires/1.08ct-ceylon-sri-lankan-round-blue-sapphire-s28923/
S28924,2166.0,1900.0,1.14,6.03,6.01,3.99,Blue,Intense,Very Very Slightly Included,Round,Mixed Brilliant Cut,Heat Treated,Ceylon (Sri Lanka),https://www.thenaturalsapphirecompany.com/blue-sapphires/1.14ct-ceylon-sri-lankan-round-blue-sapphire-s28924/
S28926,2299.0,1900.0,1.21,6.45,6.47,3.71,Blue,Intense,Very Slightly Included,Round,Mixed Brilliant Cut,Heat Treated,Ceylon (Sri Lanka),https://www.thenaturalsapphirecompany.com/blue-sapphires/1.21ct-ceylon-sri-lankan-round-blue-sapphire-s28926/
S47627,650.0,580.0,1.12,5.89,5.36,3.62,Bluish Green,Intense,Slightly Included,Cushion,Mixed Brilliant Cut,No Enhancement,Tanzania,https://www.thenaturalsapphirecompany.com/blue-sapphires/1.12ct-tanzanian-cushion-bluish-green-sapphire-s47627/
S28929,2451.0,1900.0,1.29,6.69,6.7,3.55,Blue,Intense,Very Very Slightly Included,Round,Mixed Brilliant Cut,Heat Treated,Ceylon (Sri Lanka),https://www.thenaturalsapphirecompany.com/blue-sapphires/1.29ct-ceylon-sri-lankan-round-blue-sapphire-s28929/
S28930,2875.0,2500.0,1.15,6.11,6.06,4.18,Blue,Vivid,Very Slightly Included,Round,Mixed Brilliant Cut,Heat Treated,Ceylon (Sri Lanka),https://www.thenaturalsapphirecompany.com/blue-sapphires/1.15ct-ceylon-sri-lankan-round-blue-sapphire-s28930/
S28931,2900.0,2500.0,1.16,6.04,6.07,4.0,Blue,Intense,Very Very Slightly Included,Round,Mixed Brilliant Cut,Heat Treated,Ceylon (Sri Lanka),https://www.thenaturalsapphirecompany.com/blue-sapphires/1.16ct-ceylon-sri-lankan-round-blue-sapphire-s28931/
S28932,2700.0,2500.0,1.08,6.26,6.21,3.74,Blue,Intense,Very Slightly Included,Round,Mixed Brilliant Cut,Heat Treated,Ceylon (Sri Lanka),https://www.thenaturalsapphirecompany.com/blue-sapphires/1.08ct-ceylon-sri-lankan-round-blue-sapphire-s28932/
S28933,3325.0,2500.0,1.33,6.21,6.17,4.06,Blue,Vivid,Eye Clean,Round,Mixed Brilliant Cut,Heat Treated,Ceylon (Sri Lanka),https://www.thenaturalsapphirecompany.com/blue-sapphires/1.33ct-ceylon-sri-lankan-round-blue-sapphire-s28933/
S47629,700.0,593.0,1.18,6.23,5.03,3.8,Greenish Blue,Intense,Slightly Included,Emerald Cut,Emerald Cut,No Enhancement,Tanzania,https://www.thenaturalsapphirecompany.com/blue-sapphires/1.18ct-tanzanian-emerald-cut-greenish-blue-sapphire-s47629/
S47630,700.0,654.0,1.07,5.95,5.2,3.57,Bluish Green,Intense,Slightly Included,Asscher - Octagon,Asscher Cut,No Enhancement,Tanzania,https://www.thenaturalsapphirecompany.com/blue-sapphires/1.07ct-tanzanian-asscher-octagon-bluish-green-sapphire-s47630/
S47635,701.0,694.0,1.01,7.21,4.13,3.08,Blue,Intense,Very Slightly Included,Emerald Cut,Emerald Cut,No Enhancement,Madagascar,https://www.thenaturalsapphirecompany.com/blue-sapphires/1.01ct-madagascar-emerald-cut-blue-sapphire-s47635/
S28934,2975.0,2500.0,1.19,6.39,6.38,3.79,Blue,Intense,Very Slightly Included,Round,Mixed Brilliant Cut,Heat Treated,Ceylon (Sri Lanka),https://www.thenaturalsapphirecompany.com/blue-sapphires/1.19ct-ceylon-sri-lankan-round-blue-sapphire-s28934/
S28935,2925.0,2500.0,1.17,6.64,6.53,3.47,Blue,Vivid,Very Slightly Included,Round,Mixed Brilliant Cut,Heat Treated,Ceylon (Sri Lanka),https://www.thenaturalsapphirecompany.com/blue-sapphires/1.17ct-ceylon-sri-lankan-round-blue-sapphire-s28935/
S28936,2525.0,2500.0,1.01,5.92,5.89,3.45,Blue,Vivid,Eye Clean,Round,Mixed Brilliant Cut,Heat Treated,Ceylon (Sri Lanka),https://www.thenaturalsapphirecompany.com/blue-sapphires/1.01ct-ceylon-sri-lankan-round-blue-sapphire-s28936/
S28937,2800.0,2500.0,1.12,5.94,5.91,3.66,Blue,Vivid,Very Very Slightly Included,Round,Mixed Brilliant Cut,Heat Treated,Ceylon (Sri Lanka),https://www.thenaturalsapphirecompany.com/blue-sapphires/1.12ct-ceylon-sri-lankan-round-blue-sapphire-s28937/
S28938,2200.0,2500.0,0.88,6.06,6.0,3.2,Blue,Vivid,Very Very Slightly Included,Round,Mixed Brilliant Cut,Heat Treated,Ceylon (Sri Lanka),https://www.thenaturalsapphirecompany.com/blue-sapphires/0.88ct-ceylon-sri-lankan-round-blue-sapphire-s28938/
S8413,1815.0,1500.0,1.21,6.27,5.3,4.33,Greenish Blue,Intense,Very Very Slightly Included,Oval,Mixed Brilliant Cut,No Enhancement,Ceylon (Sri Lanka),https://www.thenaturalsapphirecompany.com/blue-sapphires/1.21ct-ceylon-sri-lankan-oval-greenish-blue-sapphire-s8413/
S8414,2295.0,1500.0,1.53,6.6,5.82,3.81,Blue,Medium,Very Slightly Included,Cushion,Mixed Brilliant Cut,No Enhancement,Ceylon (Sri Lanka),https://www.thenaturalsapphirecompany.com/blue-sapphires/1.53ct-ceylon-sri-lankan-cushion-blue-sapphire-s8414/
S8433,780.0,1500.0,0.52,6.3,4.57,2.34,Blue,Intense,Very Slightly Included,Pear,Mixed Brilliant Cut,No Enhancement,Ceylon (Sri Lanka),https://www.thenaturalsapphirecompany.com/blue-sapphires/0.52ct-ceylon-sri-lankan-pear-blue-sapphire-s8433/
S8434,1170.0,1500.0,0.78,6.66,4.44,3.31,Blue,Dark,Eye Clean,Pear,Mixed Brilliant Cut,Heat Treated,Ceylon (Sri Lanka),https://www.thenaturalsapphirecompany.com/blue-sapphires/0.78ct-ceylon-sri-lankan-pear-blue-sapphire-s8434/
S8443,780.0,1500.0,0.52,4.94,3.79,3.28,Blue,Vivid,Slightly Included,Oval,Mixed Brilliant Cut,No Enhancement,Ceylon (Sri Lanka),https://www.thenaturalsapphirecompany.com/blue-sapphires/0.52ct-ceylon-sri-lankan-oval-blue-sapphire-s8443/
S15326,2418.0,1300.0,1.86,7.45,6.86,4.37,Color Change,Intense,Very Slightly Included,Cushion,Mixed Brilliant Cut,No Enhancement,Ceylon (Sri Lanka),https://www.thenaturalsapphirecompany.com/blue-sapphires/1.86ct-ceylon-sri-lankan-cushion-color-change-sapphire-s15326/
S15329,7192.0,2313.0,3.11,7.91,7.49,5.38,Bluish Green,Intense,Very Slightly Included,Asscher - Octagon,Asscher Cut,No Enhancement,Ceylon (Sri Lanka),https://www.thenaturalsapphirecompany.com/blue-sapphires/3.11ct-ceylon-sri-lankan-asscher-octagon-bluish-green-sapphire-s15329/
S15332,742.0,700.0,1.06,5.51,5.24,3.76,Bluish Green,Intense,Very Slightly Included,Asscher - Octagon,Asscher Cut,No Enhancement,Madagascar,https://www.thenaturalsapphirecompany.com/blue-sapphires/1.06ct-madagascar-asscher-octagon-bluish-green-sapphire-s15332/
S15340,2115.0,450.0,4.7,11.34,9.1,5.58,Bluish Green,Light,Slightly Included,Oval,Mixed Brilliant Cut,No Enhancement,East Africa,https://www.thenaturalsapphirecompany.com/blue-sapphires/4.70ct-east-african-oval-bluish-green-sapphire-s15340/
S15341,916.0,576.0,1.59,6.48,5.42,4.79,Blue,Medium,Very Slightly Included,Cushion,Mixed Brilliant Cut,Heat Treated,Tanzania,https://www.thenaturalsapphirecompany.com/blue-sapphires/1.59ct-tanzanian-cushion-blue-sapphire-s15341/
S15342,998.0,960.0,1.04,7.44,5.42,3.13,Blue,Intense,Very Slightly Included,Oval,Mixed Brilliant Cut,No Enhancement,Tanzania,https://www.thenaturalsapphirecompany.com/blue-sapphires/1.04ct-tanzanian-oval-blue-sapphire-s15342/
S15343,1999.0,1298.0,1.54,6.96,5.33,4.79,Blue,Medium,Eye Clean,Oval,Mixed Brilliant Cut,No Enhancement,Tanzania,https://www.thenaturalsapphirecompany.com/blue-sapphires/1.54ct-tanzanian-oval-blue-sapphire-s15343/
S15347,997.0,560.0,1.78,8.51,6.37,3.9,Violet,Intense,Very Slightly Included,Oval,Mixed Brilliant Cut,Heat Treated,Tanzania,https://www.thenaturalsapphirecompany.com/blue-sapphires/1.78ct-tanzanian-oval-violet-sapphire-s15347/
S15348,1910.0,570.0,3.35,10.39,7.42,5.67,Greyish Blue,Intense,Slightly Included,Oval,Mixed Brilliant Cut,No Enhancement,East Africa,https://www.thenaturalsapphirecompany.com/blue-sapphires/3.35ct-east-african-oval-greyish-blue-sapphire-s15348/
S20798,855.0,900.0,0.95,6.13,4.96,3.63,Bluish Green,Medium,Slightly Included,Cushion,Mixed Brilliant Cut,Heat Treated,Montana,https://www.thenaturalsapphirecompany.com/blue-sapphires/0.95ct-montana-cushion-bluish-green-sapphire-s20798/
S20799,855.0,900.0,0.95,6.05,4.83,3.85,Bluish Green,Light,Very Slightly Included,Cushion,Mixed Brilliant Cut,Heat Treated,Montana,https://www.thenaturalsapphirecompany.com/blue-sapphires/0.95ct-montana-cushion-bluish-green-sapphire-s20799/
S39848,524.0,400.0,1.31,9.18,5.18,3.7,Greenish Blue,Intense,Very Very Slightly Included,Marquise,Mixed Brilliant Cut,Heat Treated,Madagascar,https://www.thenaturalsapphirecompany.com/blue-sapphires/1.31ct-madagascar-marquise-greenish-blue-sapphire-s39848/
S20802,960.0,1000.0,0.96,6.54,5.23,3.48,Greenish Blue,Medium,Very Slightly Included,Oval,Mixed Brilliant Cut,Heat Treated,Montana,https://www.thenaturalsapphirecompany.com/blue-sapphires/0.96ct-montana-oval-greenish-blue-sapphire-s20802/
S20804,970.0,1000.0,0.97,6.68,5.13,3.71,Bluish Green,Intense,Very Slightly Included,Oval,Mixed Brilliant Cut,Heat Treated,Montana,https://www.thenaturalsapphirecompany.com/blue-sapphires/0.97ct-montana-oval-bluish-green-sapphire-s20804/
S20808,980.0,1000.0,0.98,6.23,4.92,3.41,Greenish Blue,Intense,Very Slightly Included,Cushion,Mixed Brilliant Cut,Heat Treated,Montana,https://www.thenaturalsapphirecompany.com/blue-sapphires/0.98ct-montana-cushion-greenish-blue-sapphire-s20808/
S20809,980.0,1000.0,0.98,6.31,4.97,3.58,Blue,Medium,Very Slightly Included,Cushion,Mixed Brilliant Cut,Heat Treated,Montana,https://www.thenaturalsapphirecompany.com/blue-sapphires/0.98ct-montana-cushion-blue-sapphire-s20809/
S20810,980.0,1000.0,0.98,6.17,5.36,3.28,Greyish Blue,Intense,Slightly Included,Cushion,Mixed Brilliant Cut,Heat Treated,Montana,https://www.thenaturalsapphirecompany.com/blue-sapphires/0.98ct-montana-cushion-greyish-blue-sapphire-s20810/
S20811,1078.0,1100.0,0.98,6.88,5.22,3.66,Greyish Blue,Medium,Very Slightly Included,Oval,Mixed Brilliant Cut,Heat Treated,Montana,https://www.thenaturalsapphirecompany.com/blue-sapphires/0.98ct-montana-oval-greyish-blue-sapphire-s20811/
S20812,1176.0,1200.0,0.98,5.55,5.59,4.08,Greenish Blue,Medium,Very Slightly Included,Round,Mixed Brilliant Cut,Heat Treated,Montana,https://www.thenaturalsapphirecompany.com/blue-sapphires/0.98ct-montana-round-greenish-blue-sapphire-s20812/
S20813,990.0,1000.0,0.99,5.71,5.73,4.01,Purplish Blue,Medium,Very Slightly Included,Round,Mixed Brilliant Cut,Heat Treated,Montana,https://www.thenaturalsapphirecompany.com/blue-sapphires/0.99ct-montana-round-purplish-blue-sapphire-s20813/
S20821,2160.0,1600.0,1.35,7.03,5.58,3.94,Bluish Green,Light,Very Slightly Included,Cushion,Mixed Brilliant Cut,Heat Treated,Montana,https://www.thenaturalsapphirecompany.com/blue-sapphires/1.35ct-montana-cushion-bluish-green-sapphire-s20821/
S20823,2300.0,2000.0,1.15,5.93,6.03,4.58,Purplish Blue,Intense,Very Slightly Included,Round,Mixed Brilliant Cut,Heat Treated,Montana,https://www.thenaturalsapphirecompany.com/blue-sapphires/1.15ct-montana-round-purplish-blue-sapphire-s20823/
S20838,212.0,400.0,0.53,5.74,3.83,3.37,Blue,Medium,Very Slightly Included,Pear,Mixed Brilliant Cut,Heat Treated,Ceylon (Sri Lanka),https://www.thenaturalsapphirecompany.com/blue-sapphires/0.53ct-ceylon-sri-lankan-pear-blue-sapphire-s20838/
S20839,155.0,360.0,0.43,5.47,4.19,2.66,Blue,Medium,Slightly Included,Pear,Mixed Brilliant Cut,Heat Treated,Ceylon (Sri Lanka),https://www.thenaturalsapphirecompany.com/blue-sapphires/0.43ct-ceylon-sri-lankan-pear-blue-sapphire-s20839/
S20840,137.0,361.0,0.38,5.56,3.73,2.38,Blue,Medium,Very Slightly Included,Pear,Mixed Brilliant Cut,Heat Treated,Ceylon (Sri Lanka),https://www.thenaturalsapphirecompany.com/blue-sapphires/0.38ct-ceylon-sri-lankan-pear-blue-sapphire-s20840/
S20842,144.0,360.0,0.4,6.07,4.13,2.03,Blue,Medium,Very Slightly Included,Pear,Mixed Brilliant Cut,Heat Treated,Ceylon (Sri Lanka),https://www.thenaturalsapphirecompany.com/blue-sapphires/0.40ct-ceylon-sri-lankan-pear-blue-sapphire-s20842/
S20844,156.0,400.0,0.39,5.78,3.96,2.32,Blue,Medium,Very Slightly Included,Pear,Mixed Brilliant Cut,Heat Treated,Ceylon (Sri Lanka),https://www.thenaturalsapphirecompany.com/blue-sapphires/0.39ct-ceylon-sri-lankan-pear-blue-sapphire-s20844/
S20846,172.0,400.0,0.43,5.9,4.0,2.52,Blue,Intense,Very Slightly Included,Pear,Mixed Brilliant Cut,Heat Treated,Ceylon (Sri Lanka),https://www.thenaturalsapphirecompany.com/blue-sapphires/0.43ct-ceylon-sri-lankan-pear-blue-sapphire-s20846/
S20847,137.0,361.0,0.38,5.4,4.18,2.29,Blue,Medium,Very Slightly Included,Pear,Mixed Brilliant Cut,Heat Treated,Ceylon (Sri Lanka),https://www.thenaturalsapphirecompany.com/blue-sapphires/0.38ct-ceylon-sri-lankan-pear-blue-sapphire-s20847/
S20848,140.0,400.0,0.35,4.24,4.17,2.51,Blue,Vivid,Slightly Included,Cushion,Mixed Brilliant Cut,Heat Treated,Ceylon (Sri Lanka),https://www.thenaturalsapphirecompany.com/blue-sapphires/0.35ct-ceylon-sri-lankan-cushion-blue-sapphire-s20848/
S20849,176.0,359.0,0.49,5.48,4.29,2.29,Blue,Medium,Very Slightly Included,Cushion,Mixed Brilliant Cut,Heat Treated,Ceylon (Sri Lanka),https://www.thenaturalsapphirecompany.com/blue-sapphires/0.49ct-ceylon-sri-lankan-cushion-blue-sapphire-s20849/
S20850,184.0,361.0,0.51,5.31,4.22,2.85,Blue,Intense,Very Slightly Included,Oval,Mixed Brilliant Cut,Heat Treated,Ceylon (Sri Lanka),https://www.thenaturalsapphirecompany.com/blue-sapphires/0.51ct-ceylon-sri-lankan-oval-blue-sapphire-s20850/
S20851,133.0,359.0,0.37,4.84,3.95,2.41,Blue,Intense,Very Slightly Included,Oval,Mixed Brilliant Cut,Heat Treated,Ceylon (Sri Lanka),https://www.thenaturalsapphirecompany.com/blue-sapphires/0.37ct-ceylon-sri-lankan-oval-blue-sapphire-s20851/
S20856,312.0,400.0,0.78,4.89,4.98,4.17,Blue,Vivid,Very Slightly Included,Round,Mixed Brilliant Cut,Heat Treated,Ceylon (Sri Lanka),https://www.thenaturalsapphirecompany.com/blue-sapphires/0.78ct-ceylon-sri-lankan-round-blue-sapphire-s20856/
S20857,160.0,400.0,0.4,4.54,4.55,2.75,Blue,Intense,Very Slightly Included,Round,Mixed Brilliant Cut,Heat Treated,Ceylon (Sri Lanka),https://www.thenaturalsapphirecompany.com/blue-sapphires/0.40ct-ceylon-sri-lankan-round-blue-sapphire-s20857/
S25815,182.0,200.0,0.91,9.16,4.26,3.34,Bluish Purple,Medium,Eye Clean,Pear,Mixed Brilliant Cut,No Enhancement,Ceylon (Sri Lanka),https://www.thenaturalsapphirecompany.com/blue-sapphires/0.91ct-ceylon-sri-lankan-pear-bluish-purple-sapphire-s25815/
S25822,164.0,200.0,0.82,8.4,6.43,1.3,Blue,Light,Eye Clean,Fancy,Step Cut,No Enhancement,Ceylon (Sri Lanka),https://www.thenaturalsapphirecompany.com/blue-sapphires/0.82ct-ceylon-sri-lankan-fancy-blue-sapphire-s25822/
S25823,432.0,300.0,1.44,6.39,6.38,4.44,Blue,Medium,Very Slightly Included,Round,Mixed Brilliant Cut,No Enhancement,Ceylon (Sri Lanka),https://www.thenaturalsapphirecompany.com/blue-sapphires/1.44ct-ceylon-sri-lankan-round-blue-sapphire-s25823/
S25824,276.0,300.0,0.92,5.88,5.88,3.57,Blue,Medium,Very Slightly Included,Round,Mixed Brilliant Cut,No Enhancement,Ceylon (Sri Lanka),https://www.thenaturalsapphirecompany.com/blue-sapphires/0.92ct-ceylon-sri-lankan-round-blue-sapphire-s25824/
S25825,232.0,301.0,0.77,5.86,5.83,3.07,Blue,Light,Eye Clean,Round,Mixed Brilliant Cut,No Enhancement,Ceylon (Sri Lanka),https://www.thenaturalsapphirecompany.com/blue-sapphires/0.77ct-ceylon-sri-lankan-round-blue-sapphire-s25825/
S25826,216.0,300.0,0.72,5.44,5.44,3.17,Blue,Medium,Very Slightly Included,Round,Mixed Brilliant Cut,No Enhancement,Ceylon (Sri Lanka),https://www.thenaturalsapphirecompany.com/blue-sapphires/0.72ct-ceylon-sri-lankan-round-blue-sapphire-s25826/
S25827,226.0,301.0,0.75,5.29,5.36,3.48,Blue,Medium,Very Very Slightly Included,Round,Mixed Brilliant Cut,No Enhancement,Ceylon (Sri Lanka),https://www.thenaturalsapphirecompany.com/blue-sapphires/0.75ct-ceylon-sri-lankan-round-blue-sapphire-s25827/
S25828,322.0,301.0,1.07,5.95,5.93,4.01,Blue,Medium,Very Very Slightly Included,Round,Mixed Brilliant Cut,No Enhancement,Ceylon (Sri Lanka),https://www.thenaturalsapphirecompany.com/blue-sapphires/1.07ct-ceylon-sri-lankan-round-blue-sapphire-s25828/
S25829,250.0,301.0,0.83,5.51,5.59,3.51,Blue,Medium,Very Very Slightly Included,Round,Mixed Brilliant Cut,No Enhancement,Ceylon (Sri Lanka),https://www.thenaturalsapphirecompany.com/blue-sapphires/0.83ct-ceylon-sri-lankan-round-blue-sapphire-s25829/
S25830,216.0,300.0,0.72,5.5,5.45,3.14,Blue,Medium,Very Very Slightly Included,Round,Mixed Brilliant Cut,No Enhancement,Ceylon (Sri Lanka),https://www.thenaturalsapphirecompany.com/blue-sapphires/0.72ct-ceylon-sri-lankan-round-blue-sapphire-s25830/
S25833,228.0,300.0,0.76,5.44,5.45,3.29,Blue,Medium,Very Very Slightly Included,Round,Mixed Brilliant Cut,No Enhancement,Ceylon (Sri Lanka),https://www.thenaturalsapphirecompany.com/blue-sapphires/0.76ct-ceylon-sri-lankan-round-blue-sapphire-s25833/
S25834,214.0,301.0,0.71,5.42,5.44,3.24,Blue,Light,Very Slightly Included,Round,Mixed Brilliant Cut,No Enhancement,Ceylon (Sri Lanka),https://www.thenaturalsapphirecompany.com/blue-sapphires/0.71ct-ceylon-sri-lankan-round-blue-sapphire-s25834/
S25836,192.0,300.0,0.64,5.25,5.31,3.13,Blue,Medium,Eye Clean,Round,Mixed Brilliant Cut,No Enhancement,Ceylon (Sri Lanka),https://www.thenaturalsapphirecompany.com/blue-sapphires/0.64ct-ceylon-sri-lankan-round-blue-sapphire-s25836/
S25837,226.0,301.0,0.75,5.33,5.32,3.58,Blue,Medium,Eye Clean,Round,Mixed Brilliant Cut,No Enhancement,Ceylon (Sri Lanka),https://www.thenaturalsapphirecompany.com/blue-sapphires/0.75ct-ceylon-sri-lankan-round-blue-sapphire-s25837/
S25838,204.0,300.0,0.68,5.31,5.31,3.28,Blue,Medium,Very Very Slightly Included,Round,Mixed Brilliant Cut,No Enhancement,Ceylon (Sri Lanka),https://www.thenaturalsapphirecompany.com/blue-sapphires/0.68ct-ceylon-sri-lankan-round-blue-sapphire-s25838/
S25839,178.0,302.0,0.59,4.92,4.94,3.35,Blue,Medium,Very Very Slightly Included,Round,Mixed Brilliant Cut,No Enhancement,Ceylon (Sri Lanka),https://www.thenaturalsapphirecompany.com/blue-sapphires/0.59ct-ceylon-sri-lankan-round-blue-sapphire-s25839/
S25841,138.0,300.0,0.46,4.79,4.79,2.65,Blue,Intense,Eye Clean,Round,Mixed Brilliant Cut,No Enhancement,Ceylon (Sri Lanka),https://www.thenaturalsapphirecompany.com/blue-sapphires/0.46ct-ceylon-sri-lankan-round-blue-sapphire-s25841/
S25843,170.0,298.0,0.57,4.66,4.69,3.4,Bluish Purple,Intense,Slightly Included,Round,Mixed Brilliant Cut,No Enhancement,Ceylon (Sri Lanka),https://www.thenaturalsapphirecompany.com/blue-sapphires/0.57ct-ceylon-sri-lankan-round-bluish-purple-sapphire-s25843/
S25847,232.0,301.0,0.77,6.0,5.98,2.82,Purplish Blue,Medium,Very Very Slightly Included,Round,Mixed Brilliant Cut,No Enhancement,Ceylon (Sri Lanka),https://www.thenaturalsapphirecompany.com/blue-sapphires/0.77ct-ceylon-sri-lankan-round-purplish-blue-sapphire-s25847/
S25858,358.0,301.0,1.19,7.36,5.94,3.43,Blue,Light,Eye Clean,Oval,Mixed Brilliant Cut,No Enhancement,Ceylon (Sri Lanka),https://www.thenaturalsapphirecompany.com/blue-sapphires/1.19ct-ceylon-sri-lankan-oval-blue-sapphire-s25858/
S25859,388.0,301.0,1.29,7.84,5.68,3.55,Blue,Medium,Very Very Slightly Included,Oval,Mixed Brilliant Cut,No Enhancement,Ceylon (Sri Lanka),https://www.thenaturalsapphirecompany.com/blue-sapphires/1.29ct-ceylon-sri-lankan-oval-blue-sapphire-s25859/
S25860,400.0,301.0,1.33,7.73,5.63,3.72,Blue,Medium,Very Very Slightly Included,Oval,Mixed Brilliant Cut,No Enhancement,Ceylon (Sri Lanka),https://www.thenaturalsapphirecompany.com/blue-sapphires/1.33ct-ceylon-sri-lankan-oval-blue-sapphire-s25860/
S25861,364.0,301.0,1.21,7.44,5.34,3.74,Blue,Medium,Eye Clean,Oval,Mixed Brilliant Cut,No Enhancement,Ceylon (Sri Lanka),https://www.thenaturalsapphirecompany.com/blue-sapphires/1.21ct-ceylon-sri-lankan-oval-blue-sapphire-s25861/
S25862,280.0,301.0,0.93,7.11,5.32,3.11,Blue,Medium,Eye Clean,Oval,Mixed Brilliant Cut,No Enhancement,Ceylon (Sri Lanka),https://www.thenaturalsapphirecompany.com/blue-sapphires/0.93ct-ceylon-sri-lankan-oval-blue-sapphire-s25862/
S25863,256.0,301.0,0.85,6.73,4.87,3.19,Blue,Intense,Eye Clean,Oval,Mixed Brilliant Cut,No Enhancement,Ceylon (Sri Lanka),https://www.thenaturalsapphirecompany.com/blue-sapphires/0.85ct-ceylon-sri-lankan-oval-blue-sapphire-s25863/
S25864,256.0,301.0,0.85,6.62,5.05,3.21,Blue,Intense,Eye Clean,Oval,Mixed Brilliant Cut,No Enhancement,Ceylon (Sri Lanka),https://www.thenaturalsapphirecompany.com/blue-sapphires/0.85ct-ceylon-sri-lankan-oval-blue-sapphire-s25864/
S25865,250.0,301.0,0.83,6.65,4.88,3.22,Blue,Intense,Very Very Slightly Included,Oval,Mixed Brilliant Cut,No Enhancement,Ceylon (Sri Lanka),https://www.thenaturalsapphirecompany.com/blue-sapphires/0.83ct-ceylon-sri-lankan-oval-blue-sapphire-s25865/
S25867,256.0,301.0,0.85,6.9,4.48,3.3,Blue,Medium,Eye Clean,Oval,Mixed Brilliant Cut,No Enhancement,Ceylon (Sri Lanka),https://www.thenaturalsapphirecompany.com/blue-sapphires/0.85ct-ceylon-sri-lankan-oval-blue-sapphire-s25867/
S25868,210.0,300.0,0.7,6.52,4.56,2.92,Blue,Medium,Very Very Slightly Included,Oval,Mixed Brilliant Cut,No Enhancement,Ceylon (Sri Lanka),https://www.thenaturalsapphirecompany.com/blue-sapphires/0.70ct-ceylon-sri-lankan-oval-blue-sapphire-s25868/
S25918,10180.0,2040.0,4.99,10.69,7.89,6.99,Blue,Medium,Very Slightly Included,Oval,Mixed Brilliant Cut,Heat Treated,Madagascar,https://www.thenaturalsapphirecompany.com/blue-sapphires/4.99ct-madagascar-oval-blue-sapphire-s25918/
S25921,28459.0,5280.0,5.39,10.39,10.28,6.69,Color Change,Intense,Very Slightly Included,Round,Mixed Brilliant Cut,No Enhancement,Ceylon (Sri Lanka),https://www.thenaturalsapphirecompany.com/blue-sapphires/5.39ct-ceylon-sri-lankan-round-color-change-sapphire-s25921/
S25923,168.0,300.0,0.56,5.76,3.84,3.24,Blue,Intense,Very Slightly Included,Oval,Mixed Brilliant Cut,No Enhancement,Ceylon (Sri Lanka),https://www.thenaturalsapphirecompany.com/blue-sapphires/0.56ct-ceylon-sri-lankan-oval-blue-sapphire-s25923/
S25924,216.0,300.0,0.72,6.63,4.47,3.14,Blue,Medium,Very Very Slightly Included,Oval,Mixed Brilliant Cut,No Enhancement,Ceylon (Sri Lanka),https://www.thenaturalsapphirecompany.com/blue-sapphires/0.72ct-ceylon-sri-lankan-oval-blue-sapphire-s25924/
S25925,232.0,301.0,0.77,6.58,4.14,3.39,Blue,Medium,Very Very Slightly Included,Oval,Mixed Brilliant Cut,No Enhancement,Ceylon (Sri Lanka),https://www.thenaturalsapphirecompany.com/blue-sapphires/0.77ct-ceylon-sri-lankan-oval-blue-sapphire-s25925/
S25928,198.0,300.0,0.66,6.06,4.33,3.12,Color Change,Medium,Eye Clean,Oval,Mixed Brilliant Cut,No Enhancement,Ceylon (Sri Lanka),https://www.thenaturalsapphirecompany.com/blue-sapphires/0.66ct-ceylon-sri-lankan-oval-color-change-sapphire-s25928/
S30369,234.0,308.0,0.76,5.4,4.84,2.59,Blue,Light,Very Very Slightly Included,Princess,Princess Cut,No Enhancement,Ceylon (Sri Lanka),https://www.thenaturalsapphirecompany.com/blue-sapphires/0.76ct-ceylon-sri-lankan-princess-blue-sapphire-s30369/
S30376,300.0,345.0,0.87,5.66,5.58,3.28,Color Change,Intense,Slightly Included,Cushion,Mixed Brilliant Cut,No Enhancement,Ceylon (Sri Lanka),https://www.thenaturalsapphirecompany.com/blue-sapphires/0.87ct-ceylon-sri-lankan-cushion-color-change-sapphire-s30376/
S30379,200.0,190.0,1.05,6.5,5.7,3.71,Blue,Faint,Eye Clean,Pear,Mixed Brilliant Cut,Heat Treated,Ceylon (Sri Lanka),https://www.thenaturalsapphirecompany.com/blue-sapphires/1.05ct-ceylon-sri-lankan-pear-blue-sapphire-s30379/
S30382,200.0,253.0,0.79,5.21,5.13,3.11,Violet,Medium,Very Slightly Included,Asscher - Octagon,Asscher Cut,No Enhancement,Ceylon (Sri Lanka),https://www.thenaturalsapphirecompany.com/blue-sapphires/0.79ct-ceylon-sri-lankan-asscher-octagon-violet-sapphire-s30382/
S30383,200.0,230.0,0.87,6.69,5.22,2.94,Violet,Medium,Slightly Included,Oval,Mixed Brilliant Cut,No Enhancement,Ceylon (Sri Lanka),https://www.thenaturalsapphirecompany.com/blue-sapphires/0.87ct-ceylon-sri-lankan-oval-violet-sapphire-s30383/
S30386,200.0,323.0,0.62,5.58,4.84,2.84,Blue,Light,Very Very Slightly Included,Oval,Mixed Brilliant Cut,Heat Treated,Ceylon (Sri Lanka),https://www.thenaturalsapphirecompany.com/blue-sapphires/0.62ct-ceylon-sri-lankan-oval-blue-sapphire-s30386/
S30391,1297.0,1190.0,1.09,5.83,5.8,3.94,Bluish Green,Intense,Eye Clean,Fancy,Mixed Brilliant Cut,No Enhancement,Madagascar,https://www.thenaturalsapphirecompany.com/blue-sapphires/1.09ct-madagascar-fancy-bluish-green-sapphire-s30391/
S30400,601.0,362.0,1.66,8.67,6.06,4.41,Blue,Intense,Very Slightly Included,Pear,Mixed Brilliant Cut,Heat Treated,Ceylon (Sri Lanka),https://www.thenaturalsapphirecompany.com/blue-sapphires/1.66ct-ceylon-sri-lankan-pear-blue-sapphire-s30400/
S34296,380.0,469.0,0.81,5.43,5.05,3.6,Greenish Blue,Intense,Very Very Slightly Included,Cushion,Mixed Brilliant Cut,No Enhancement,Madagascar,https://www.thenaturalsapphirecompany.com/blue-sapphires/0.81ct-madagascar-cushion-greenish-blue-sapphire-s34296/
S34298,370.0,487.0,0.76,5.2,5.14,3.52,Bluish Green,Intense,Very Very Slightly Included,Cushion,Mixed Brilliant Cut,No Enhancement,Madagascar,https://www.thenaturalsapphirecompany.com/blue-sapphires/0.76ct-madagascar-cushion-bluish-green-sapphire-s34298/
S34299,270.0,397.0,0.68,5.31,4.49,3.32,Bluish Green,Intense,Very Very Slightly Included,Cushion,Mixed Brilliant Cut,No Enhancement,Madagascar,https://www.thenaturalsapphirecompany.com/blue-sapphires/0.68ct-madagascar-cushion-bluish-green-sapphire-s34299/
S3430,162.0,300.0,0.54,6.15,4.21,2.82,Blue,Medium,Very Slightly Included,Oval,Mixed Brilliant Cut,Heat Treated,Ceylon (Sri Lanka),https://www.thenaturalsapphirecompany.com/blue-sapphires/0.54ct-ceylon-sri-lankan-oval-blue-sapphire-s3430/
S34300,380.0,469.0,0.81,5.25,5.0,3.53,Greenish Blue,Dark,Very Slightly Included,Cushion,Mixed Brilliant Cut,No Enhancement,Madagascar,https://www.thenaturalsapphirecompany.com/blue-sapphires/0.81ct-madagascar-cushion-greenish-blue-sapphire-s34300/
S34301,290.0,403.0,0.72,5.44,4.69,3.34,Bluish Green,Dark,Very Very Slightly Included,Cushion,Mixed Brilliant Cut,No Enhancement,Madagascar,https://www.thenaturalsapphirecompany.com/blue-sapphires/0.72ct-madagascar-cushion-bluish-green-sapphire-s34301/
S34302,320.0,421.0,0.76,5.37,4.52,3.47,Bluish Green,Medium,Very Very Slightly Included,Cushion,Mixed Brilliant Cut,No Enhancement,Madagascar,https://www.thenaturalsapphirecompany.com/blue-sapphires/0.76ct-madagascar-cushion-bluish-green-sapphire-s34302/
S34303,300.0,417.0,0.72,5.29,4.56,3.41,Bluish Green,Medium,Very Very Slightly Included,Cushion,Mixed Brilliant Cut,No Enhancement,Madagascar,https://www.thenaturalsapphirecompany.com/blue-sapphires/0.72ct-madagascar-cushion-bluish-green-sapphire-s34303/
S34304,220.0,324.0,0.68,5.02,4.63,3.42,Bluish Green,Medium,Very Very Slightly Included,Cushion,Mixed Brilliant Cut,No Enhancement,Madagascar,https://www.thenaturalsapphirecompany.com/blue-sapphires/0.68ct-madagascar-cushion-bluish-green-sapphire-s34304/
S3431,165.0,300.0,0.55,6.15,4.15,2.94,Blue,Medium,Very Slightly Included,Oval,Mixed Brilliant Cut,Heat Treated,Ceylon (Sri Lanka),https://www.thenaturalsapphirecompany.com/blue-sapphires/0.55ct-ceylon-sri-lankan-oval-blue-sapphire-s3431/
S34310,200.0,345.0,0.58,4.92,4.48,3.17,Bluish Green,Medium,Eye Clean,Cushion,Mixed Brilliant Cut,No Enhancement,Madagascar,https://www.thenaturalsapphirecompany.com/blue-sapphires/0.58ct-madagascar-cushion-bluish-green-sapphire-s34310/
S34314,400.0,471.0,0.85,6.23,5.03,3.32,Bluish Green,Medium,Slightly Included,Cushion,Mixed Brilliant Cut,No Enhancement,Madagascar,https://www.thenaturalsapphirecompany.com/blue-sapphires/0.85ct-madagascar-cushion-bluish-green-sapphire-s34314/
S34319,400.0,476.0,0.84,5.49,4.82,3.55,Greenish Blue,Medium,Very Very Slightly Included,Cushion,Mixed Brilliant Cut,No Enhancement,Madagascar,https://www.thenaturalsapphirecompany.com/blue-sapphires/0.84ct-madagascar-cushion-greenish-blue-sapphire-s34319/
S34322,274.0,351.0,0.78,6.14,3.79,2.98,Bluish Green,Intense,Very Slightly Included,Emerald Cut,Emerald Cut,Heat Treated,Madagascar,https://www.thenaturalsapphirecompany.com/blue-sapphires/0.78ct-madagascar-emerald-cut-bluish-green-sapphire-s34322/
S34324,272.0,344.0,0.79,6.87,4.55,3.39,Greenish Blue,Intense,Very Very Slightly Included,Pear,Mixed Brilliant Cut,Heat Treated,Madagascar,https://www.thenaturalsapphirecompany.com/blue-sapphires/0.79ct-madagascar-pear-greenish-blue-sapphire-s34324/
S48471,206.0,349.0,0.59,4.79,4.37,2.92,Blue,Intense,Slightly Included,Asscher - Octagon,Asscher Cut,No Enhancement,Madagascar,https://www.thenaturalsapphirecompany.com/blue-sapphires/0.59ct-madagascar-asscher-octagon-blue-sapphire-s48471/
S48472,196.0,350.0,0.56,4.83,4.27,2.88,Greenish Blue,Intense,Very Slightly Included,Radiant,Radiant Cut,No Enhancement,Madagascar,https://www.thenaturalsapphirecompany.com/blue-sapphires/0.56ct-madagascar-radiant-greenish-blue-sapphire-s48472/
S3433,121.0,220.0,0.55,6.13,4.1,2.99,Blue,Light,Very Slightly Included,Oval,Mixed Brilliant Cut,Heat Treated,Ceylon (Sri Lanka),https://www.thenaturalsapphirecompany.com/blue-sapphires/0.55ct-ceylon-sri-lankan-oval-blue-sapphire-s3433/
S3434,193.0,351.0,0.55,5.1,5.08,3.27,Blue,Medium,Very Slightly Included,Trillion,Trillion Cut,No Enhancement,Ceylon (Sri Lanka),https://www.thenaturalsapphirecompany.com/blue-sapphires/0.55ct-ceylon-sri-lankan-trillion-blue-sapphire-s3434/
S3435,162.0,300.0,0.54,6.14,4.19,2.87,Blue,Intense,Very Slightly Included,Oval,Mixed Brilliant Cut,Heat Treated,Ceylon (Sri Lanka),https://www.thenaturalsapphirecompany.com/blue-sapphires/0.54ct-ceylon-sri-lankan-oval-blue-sapphire-s3435/
S34367,440.0,518.0,0.85,7.16,5.3,2.71,Blue,Vivid,Slightly Included,Pear,Mixed Brilliant Cut,Heat Treated,Ceylon (Sri Lanka),https://www.thenaturalsapphirecompany.com/blue-sapphires/0.85ct-ceylon-sri-lankan-pear-blue-sapphire-s34367/
S34403,91.0,239.0,0.38,4.9,3.85,2.27,Bluish Green,Intense,Very Slightly Included,Oval,Mixed Brilliant Cut,No Enhancement,Thailand,https://www.thenaturalsapphirecompany.com/blue-sapphires/0.38ct-thai-oval-bluish-green-sapphire-s34403/
S28910,2780.0,2000.0,1.39,7.39,5.39,3.89,Blue,Vivid,Very Very Slightly Included,Oval,Mixed Brilliant Cut,Heat Treated,Ceylon (Sri Lanka),https://www.thenaturalsapphirecompany.com/blue-sapphires/1.39ct-ceylon-sri-lankan-oval-blue-sapphire-s28910/
S28911,2660.0,2000.0,1.33,7.61,5.47,3.55,Blue,Vivid,Eye Clean,Oval,Mixed Brilliant Cut,Heat Treated,Ceylon (Sri Lanka),https://www.thenaturalsapphirecompany.com/blue-sapphires/1.33ct-ceylon-sri-lankan-oval-blue-sapphire-s28911/
S37738,1335.0,890.0,1.5,7.75,5.28,3.45,Blue,Dark,Eye Clean,Emerald Cut,Emerald Cut,Heat Treated,Ceylon (Sri Lanka),https://www.thenaturalsapphirecompany.com/blue-sapphires/1.50ct-ceylon-sri-lankan-emerald-cut-blue-sapphire-s37738/
S3774,182.0,260.0,0.7,4.86,3.96,3.27,Bluish Green,Intense,Very Slightly Included,Emerald Cut,Emerald Cut,No Enhancement,Ceylon (Sri Lanka),https://www.thenaturalsapphirecompany.com/blue-sapphires/0.70ct-ceylon-sri-lankan-emerald-cut-bluish-green-sapphire-s3774/
S37750,400.0,769.0,0.52,6.73,3.63,3.0,Purplish Blue,Intense,Very Slightly Included,Pear,Mixed Brilliant Cut,Heat Treated,Tanzania,https://www.thenaturalsapphirecompany.com/blue-sapphires/0.52ct-tanzanian-pear-purplish-blue-sapphire-s37750/
S37751,500.0,602.0,0.83,4.64,4.58,4.16,Color Change,Vivid,Very Slightly Included,Cushion,Mixed Brilliant Cut,No Enhancement,Tanzania,https://www.thenaturalsapphirecompany.com/blue-sapphires/0.83ct-tanzanian-cushion-color-change-sapphire-s37751/
S37752,32566.0,3410.0,9.55,11.84,11.74,7.39,Greenish Blue,Vivid,Eye Clean,Asscher - Octagon,Asscher Cut,Heat Treated,Madagascar,https://www.thenaturalsapphirecompany.com/blue-sapphires/9.55ct-madagascar-asscher-octagon-greenish-blue-sapphire-s37752/
S37753,26789.0,2722.0,9.84,12.64,10.71,6.86,Bluish Green,Intense,Eye Clean,Emerald Cut,Emerald Cut,Heat Treated,Madagascar,https://www.thenaturalsapphirecompany.com/blue-sapphires/9.84ct-madagascar-emerald-cut-bluish-green-sapphire-s37753/
S37754,8262.0,2682.0,3.08,7.96,7.82,5.22,Bluish Green,Intense,Eye Clean,Asscher - Octagon,Asscher Cut,Heat Treated,Madagascar,https://www.thenaturalsapphirecompany.com/blue-sapphires/3.08ct-madagascar-asscher-octagon-bluish-green-sapphire-s37754/
S37757,7122.0,2312.0,3.08,7.9,7.16,5.42,Greenish Blue,Vivid,Eye Clean,Asscher - Octagon,Asscher Cut,Heat Treated,Madagascar,https://www.thenaturalsapphirecompany.com/blue-sapphires/3.08ct-madagascar-asscher-octagon-greenish-blue-sapphire-s37757/
S37758,5851.0,2313.0,2.53,7.27,6.69,5.3,Bluish Green,Intense,Eye Clean,Asscher - Octagon,Asscher Cut,Heat Treated,Madagascar,https://www.thenaturalsapphirecompany.com/blue-sapphires/2.53ct-madagascar-asscher-octagon-bluish-green-sapphire-s37758/
S37783,3915.0,2700.0,1.45,6.58,6.53,4.3,Blue,Intense,Eye Clean,Round,Mixed Brilliant Cut,Heat Treated,Ceylon (Sri Lanka),https://www.thenaturalsapphirecompany.com/blue-sapphires/1.45ct-ceylon-sri-lankan-round-blue-sapphire-s37783/
S37772,40622.0,4030.0,10.08,13.13,10.21,7.38,Blue,Intense,Eye Clean,Emerald Cut,Emerald Cut,Heat Treated,Ceylon (Sri Lanka),https://www.thenaturalsapphirecompany.com/blue-sapphires/10.08ct-ceylon-sri-lankan-emerald-cut-blue-sapphire-s37772/
S37773,45646.0,7595.0,6.01,11.86,8.98,5.47,Blue,Vivid,Eye Clean,Emerald Cut,Emerald Cut,Heat Treated,Ceylon (Sri Lanka),https://www.thenaturalsapphirecompany.com/blue-sapphires/6.01ct-ceylon-sri-lankan-emerald-cut-blue-sapphire-s37773/
S37774,37908.0,5735.0,6.61,10.93,10.64,6.42,Blue,Vivid,Very Very Slightly Included,Asscher - Octagon,Asscher Cut,Heat Treated,Ceylon (Sri Lanka),https://www.thenaturalsapphirecompany.com/blue-sapphires/6.61ct-ceylon-sri-lankan-asscher-octagon-blue-sapphire-s37774/
S37775,16589.0,3630.0,4.57,9.78,7.53,5.96,Blue,Medium,Eye Clean,Emerald Cut,Emerald Cut,Heat Treated,Ceylon (Sri Lanka),https://www.thenaturalsapphirecompany.com/blue-sapphires/4.57ct-ceylon-sri-lankan-emerald-cut-blue-sapphire-s37775/
S37776,18686.0,4125.0,4.53,10.03,7.48,5.73,Blue,Intense,Very Very Slightly Included,Emerald Cut,Emerald Cut,Heat Treated,Ceylon (Sri Lanka),https://www.thenaturalsapphirecompany.com/blue-sapphires/4.53ct-ceylon-sri-lankan-emerald-cut-blue-sapphire-s37776/
S37777,8796.0,4420.0,1.99,8.2,6.18,3.81,Blue,Vivid,Eye Clean,Emerald Cut,Emerald Cut,Heat Treated,Ceylon (Sri Lanka),https://www.thenaturalsapphirecompany.com/blue-sapphires/1.99ct-ceylon-sri-lankan-emerald-cut-blue-sapphire-s37777/
S37778,6471.0,4070.0,1.59,6.83,6.19,3.98,Blue,Vivid,Very Very Slightly Included,Asscher - Octagon,Asscher Cut,Heat Treated,Ceylon (Sri Lanka),https://www.thenaturalsapphirecompany.com/blue-sapphires/1.59ct-ceylon-sri-lankan-asscher-octagon-blue-sapphire-s37778/
S37779,9663.0,4760.0,2.03,7.01,6.96,4.32,Blue,Vivid,Very Very Slightly Included,Asscher - Octagon,Asscher Cut,Heat Treated,Ceylon (Sri Lanka),https://www.thenaturalsapphirecompany.com/blue-sapphires/2.03ct-ceylon-sri-lankan-asscher-octagon-blue-sapphire-s37779/
S37780,20328.0,5775.0,3.52,9.67,7.74,5.53,Blue,Vivid,Eye Clean,Oval,Mixed Brilliant Cut,Heat Treated,Madagascar,https://www.thenaturalsapphirecompany.com/blue-sapphires/3.52ct-madagascar-oval-blue-sapphire-s37780/
S37782,14627.0,6120.0,2.39,7.96,6.42,4.62,Blue,Vivid,Very Very Slightly Included,Emerald Cut,Emerald Cut,Heat Treated,Ceylon (Sri Lanka),https://www.thenaturalsapphirecompany.com/blue-sapphires/2.39ct-ceylon-sri-lankan-emerald-cut-blue-sapphire-s37782/
S37786,13818.0,5440.0,2.54,7.79,6.85,4.86,Blue,Vivid,Very Very Slightly Included,Asscher - Octagon,Asscher Cut,Heat Treated,Ceylon (Sri Lanka),https://www.thenaturalsapphirecompany.com/blue-sapphires/2.54ct-ceylon-sri-lankan-asscher-octagon-blue-sapphire-s37786/
S37788,3599.0,2706.0,1.33,6.78,5.22,3.98,Blue,Vivid,Eye Clean,Cushion,Mixed Brilliant Cut,Heat Treated,Ceylon (Sri Lanka),https://www.thenaturalsapphirecompany.com/blue-sapphires/1.33ct-ceylon-sri-lankan-cushion-blue-sapphire-s37788/
S37789,1200.0,2143.0,0.56,5.78,3.88,2.77,Blue,Vivid,Very Very Slightly Included,Oval,Mixed Brilliant Cut,Heat Treated,Ceylon (Sri Lanka),https://www.thenaturalsapphirecompany.com/blue-sapphires/0.56ct-ceylon-sri-lankan-oval-blue-sapphire-s37789/
S37790,3599.0,2022.0,1.78,6.99,5.91,4.58,Blue,Vivid,Very Slightly Included,Oval,Mixed Brilliant Cut,Heat Treated,Ceylon (Sri Lanka),https://www.thenaturalsapphirecompany.com/blue-sapphires/1.78ct-ceylon-sri-lankan-oval-blue-sapphire-s37790/
S28912,2180.0,2000.0,1.09,7.58,5.41,3.02,Blue,Vivid,Eye Clean,Oval,Mixed Brilliant Cut,Heat Treated,Ceylon (Sri Lanka),https://www.thenaturalsapphirecompany.com/blue-sapphires/1.09ct-ceylon-sri-lankan-oval-blue-sapphire-s28912/
S28913,2280.0,2000.0,1.14,7.09,5.5,3.72,Blue,Vivid,Very Slightly Included,Oval,Mixed Brilliant Cut,Heat Treated,Ceylon (Sri Lanka),https://www.thenaturalsapphirecompany.com/blue-sapphires/1.14ct-ceylon-sri-lankan-oval-blue-sapphire-s28913/
S40844,3792.0,2400.0,1.58,7.75,6.77,4.09,Blue,Intense,Very Slightly Included,Pear,Mixed Brilliant Cut,Heat Treated,Montana,https://www.thenaturalsapphirecompany.com/blue-sapphires/1.58ct-montana-pear-blue-sapphire-s40844/
S4629,6370.0,2035.0,3.13,9.01,8.2,4.53,Blue,Medium,Very Slightly Included,Cushion,Mixed Brilliant Cut,Heat Treated,Ceylon (Sri Lanka),https://www.thenaturalsapphirecompany.com/blue-sapphires/3.13ct-ceylon-sri-lankan-cushion-blue-sapphire-s4629/
S40845,3696.0,2400.0,1.54,7.58,6.81,4.05,Greenish Blue,Dark,Very Very Slightly Included,Pear,Mixed Brilliant Cut,Heat Treated,Montana,https://www.thenaturalsapphirecompany.com/blue-sapphires/1.54ct-montana-pear-greenish-blue-sapphire-s40845/
S40846,2961.0,2100.0,1.41,6.36,6.24,4.19,Greenish Blue,Intense,Very Slightly Included,Round,Mixed Brilliant Cut,Heat Treated,Montana,https://www.thenaturalsapphirecompany.com/blue-sapphires/1.41ct-montana-round-greenish-blue-sapphire-s40846/
S40848,3011.0,1994.0,1.51,6.9,6.84,4.21,Bluish Green,Intense,Very Very Slightly Included,Round,Mixed Brilliant Cut,Heat Treated,Montana,https://www.thenaturalsapphirecompany.com/blue-sapphires/1.51ct-montana-round-bluish-green-sapphire-s40848/
S40850,3210.0,1994.0,1.61,7.75,5.58,4.55,Bluish Green,Intense,Eye Clean,Oval,Mixed Brilliant Cut,Heat Treated,Montana,https://www.thenaturalsapphirecompany.com/blue-sapphires/1.61ct-montana-oval-bluish-green-sapphire-s40850/
S40854,2835.0,2100.0,1.35,6.44,6.36,4.51,Bluish Green,Intense,Very Very Slightly Included,Round,Mixed Brilliant Cut,Heat Treated,Montana,https://www.thenaturalsapphirecompany.com/blue-sapphires/1.35ct-montana-round-bluish-green-sapphire-s40854/
S40856,2082.0,1750.0,1.19,6.54,5.74,4.64,Bluish Green,Intense,Very Very Slightly Included,Fancy,Step Cut,Heat Treated,Montana,https://www.thenaturalsapphirecompany.com/blue-sapphires/1.19ct-montana-fancy-bluish-green-sapphire-s40856/
S40857,3466.0,1500.0,2.31,8.35,6.36,4.4,Blue,Light,Very Slightly Included,Radiant,Radiant Cut,No Enhancement,Tanzania,https://www.thenaturalsapphirecompany.com/blue-sapphires/2.31ct-tanzanian-radiant-blue-sapphire-s40857/
S40859,216.0,1137.0,0.19,3.48,3.22,1.43,Blue,Intense,Very Slightly Included,Cushion,Mixed Brilliant Cut,No Enhancement,Tanzania,https://www.thenaturalsapphirecompany.com/blue-sapphires/0.19ct-tanzanian-cushion-blue-sapphire-s40859/
S4086,6538.0,3515.0,1.86,8.29,5.71,4.43,Blue,Vivid,Very Slightly Included,Cushion,Mixed Brilliant Cut,No Enhancement,Ceylon (Sri Lanka),https://www.thenaturalsapphirecompany.com/blue-sapphires/1.86ct-ceylon-sri-lankan-cushion-blue-sapphire-s4086/
S40863,6138.0,2590.0,2.37,8.88,6.9,4.63,Blue,Medium,Very Slightly Included,Oval,Mixed Brilliant Cut,No Enhancement,Ceylon (Sri Lanka),https://www.thenaturalsapphirecompany.com/blue-sapphires/2.37ct-ceylon-sri-lankan-oval-blue-sapphire-s40863/
S40868,16973.0,4420.0,3.84,11.37,8.1,5.73,Blue,Vivid,Very Slightly Included,Pear,Mixed Brilliant Cut,No Enhancement,Ceylon (Sri Lanka),https://www.thenaturalsapphirecompany.com/blue-sapphires/3.84ct-ceylon-sri-lankan-pear-blue-sapphire-s40868/
S40872,11052.0,1870.0,5.91,10.28,11.21,7.22,Greenish Blue,Medium,Very Very Slightly Included,Heart,Mixed Brilliant Cut,No Enhancement,Tanzania,https://www.thenaturalsapphirecompany.com/blue-sapphires/5.91ct-tanzanian-heart-greenish-blue-sapphire-s40872/
S40873,8531.0,2127.0,4.01,9.29,9.25,5.78,Bluish Green,Intense,Very Very Slightly Included,Round,Mixed Brilliant Cut,No Enhancement,Madagascar,https://www.thenaturalsapphirecompany.com/blue-sapphires/4.01ct-madagascar-round-bluish-green-sapphire-s40873/
S40874,2496.0,2400.0,1.04,5.8,5.73,3.46,Blue,Vivid,Slightly Included,Cushion,Mixed Brilliant Cut,No Enhancement,Thailand,https://www.thenaturalsapphirecompany.com/blue-sapphires/1.04ct-thai-cushion-blue-sapphire-s40874/
S40875,2780.0,2550.0,1.09,7.42,5.22,3.35,Blue,Vivid,Very Very Slightly Included,Oval,Mixed Brilliant Cut,No Enhancement,Thailand,https://www.thenaturalsapphirecompany.com/blue-sapphires/1.09ct-thai-oval-blue-sapphire-s40875/
S40876,2805.0,2550.0,1.1,6.4,5.3,3.19,Greenish Blue,Intense,Very Slightly Included,Emerald Cut,Emerald Cut,No Enhancement,Ceylon (Sri Lanka),https://www.thenaturalsapphirecompany.com/blue-sapphires/1.10ct-ceylon-sri-lankan-emerald-cut-greenish-blue-sapphire-s40876/
S40877,2622.0,1900.0,1.38,7.92,5.84,4.11,Blue,Intense,Very Slightly Included,Pear,Mixed Brilliant Cut,No Enhancement,Ceylon (Sri Lanka),https://www.thenaturalsapphirecompany.com/blue-sapphires/1.38ct-ceylon-sri-lankan-pear-blue-sapphire-s40877/
S40878,3768.0,2400.0,1.57,7.11,7.05,3.94,Blue,Intense,Eye Clean,Round,Mixed Brilliant Cut,No Enhancement,Ceylon (Sri Lanka),https://www.thenaturalsapphirecompany.com/blue-sapphires/1.57ct-ceylon-sri-lankan-round-blue-sapphire-s40878/
S40879,6860.0,3330.0,2.06,7.41,7.32,4.36,Blue,Vivid,Very Very Slightly Included,Cushion,Mixed Brilliant Cut,No Enhancement,Thailand,https://www.thenaturalsapphirecompany.com/blue-sapphires/2.06ct-thai-cushion-blue-sapphire-s40879/
S4088,1660.0,1000.0,1.66,7.57,5.49,4.19,Bluish Purple,Vivid,Very Slightly Included,Cushion,Mixed Brilliant Cut,No Enhancement,Ceylon (Sri Lanka),https://www.thenaturalsapphirecompany.com/blue-sapphires/1.66ct-ceylon-sri-lankan-cushion-bluish-purple-sapphire-s4088/
S40881,9163.0,2975.0,3.08,8.52,7.39,4.99,Blue,Intense,Very Slightly Included,Emerald Cut,Emerald Cut,Heat Treated,Ceylon (Sri Lanka),https://www.thenaturalsapphirecompany.com/blue-sapphires/3.08ct-ceylon-sri-lankan-emerald-cut-blue-sapphire-s40881/
S40883,67716.0,8100.0,8.36,11.71,10.76,7.45,Blue,Vivid,Very Slightly Included,Cushion,Mixed Brilliant Cut,No Enhancement,Ceylon (Sri Lanka),https://www.thenaturalsapphirecompany.com/blue-sapphires/8.36ct-ceylon-sri-lankan-cushion-blue-sapphire-s40883/
S40891,1000.0,625.0,1.6,7.05,6.17,3.96,Blue,Medium,Very Slightly Included,Cushion,Mixed Brilliant Cut,No Enhancement,Madagascar,https://www.thenaturalsapphirecompany.com/blue-sapphires/1.60ct-madagascar-cushion-blue-sapphire-s40891/
S40894,1800.0,1132.0,1.59,6.24,4.92,4.98,Blue,Intense,Very Slightly Included,Cushion,Mixed Brilliant Cut,Heat Treated,Madagascar,https://www.thenaturalsapphirecompany.com/blue-sapphires/1.59ct-madagascar-cushion-blue-sapphire-s40894/
S40896,999.0,492.0,2.03,10.05,6.14,4.29,Blue,Light,Very Slightly Included,Pear,Mixed Brilliant Cut,Heat Treated,Madagascar,https://www.thenaturalsapphirecompany.com/blue-sapphires/2.03ct-madagascar-pear-blue-sapphire-s40896/
S40910,2000.0,971.0,2.06,8.51,6.63,4.04,Blue,Medium,Very Slightly Included,Oval,Mixed Brilliant Cut,No Enhancement,Tanzania,https://www.thenaturalsapphirecompany.com/blue-sapphires/2.06ct-tanzanian-oval-blue-sapphire-s40910/
S43544,668.0,928.0,0.72,6.38,4.82,2.73,Blue,Vivid,Very Very Slightly Included,Oval,Mixed Brilliant Cut,Heat Treated,Ceylon (Sri Lanka),https://www.thenaturalsapphirecompany.com/blue-sapphires/0.72ct-ceylon-sri-lankan-oval-blue-sapphire-s43544/
S43545,332.0,755.0,0.44,5.05,5.04,2.78,Blue,Intense,Very Slightly Included,Round,Mixed Brilliant Cut,Heat Treated,Ceylon (Sri Lanka),https://www.thenaturalsapphirecompany.com/blue-sapphires/0.44ct-ceylon-sri-lankan-round-blue-sapphire-s43545/
S43546,332.0,810.0,0.41,4.46,4.46,2.84,Blue,Intense,Very Very Slightly Included,Round,Mixed Brilliant Cut,Heat Treated,Ceylon (Sri Lanka),https://www.thenaturalsapphirecompany.com/blue-sapphires/0.41ct-ceylon-sri-lankan-round-blue-sapphire-s43546/
S43549,200.0,351.0,0.57,4.66,4.66,3.35,Blue,Medium,Slightly Included,Round,Mixed Brilliant Cut,Heat Treated,Ceylon (Sri Lanka),https://www.thenaturalsapphirecompany.com/blue-sapphires/0.57ct-ceylon-sri-lankan-round-blue-sapphire-s43549/
S4355,255.0,500.0,0.51,6.03,3.91,2.71,Greenish Blue,Intense,Very Slightly Included,Oval,Mixed Brilliant Cut,No Enhancement,Ceylon (Sri Lanka),https://www.thenaturalsapphirecompany.com/blue-sapphires/0.51ct-ceylon-sri-lankan-oval-greenish-blue-sapphire-s4355/
S43550,200.0,377.0,0.53,4.56,4.57,3.23,Blue,Medium,Very Very Slightly Included,Round,Mixed Brilliant Cut,Heat Treated,Ceylon (Sri Lanka),https://www.thenaturalsapphirecompany.com/blue-sapphires/0.53ct-ceylon-sri-lankan-round-blue-sapphire-s43550/
S43551,400.0,755.0,0.53,4.47,4.46,3.26,Blue,Intense,Very Very Slightly Included,Round,Mixed Brilliant Cut,Heat Treated,Ceylon (Sri Lanka),https://www.thenaturalsapphirecompany.com/blue-sapphires/0.53ct-ceylon-sri-lankan-round-blue-sapphire-s43551/
S43553,200.0,645.0,0.31,3.8,3.79,2.64,Blue,Intense,Very Very Slightly Included,Round,Mixed Brilliant Cut,Heat Treated,Ceylon (Sri Lanka),https://www.thenaturalsapphirecompany.com/blue-sapphires/0.31ct-ceylon-sri-lankan-round-blue-sapphire-s43553/
S43556,332.0,626.0,0.53,5.18,4.06,2.99,Blue,Intense,Slightly Included,Oval,Mixed Brilliant Cut,Heat Treated,Ceylon (Sri Lanka),https://www.thenaturalsapphirecompany.com/blue-sapphires/0.53ct-ceylon-sri-lankan-oval-blue-sapphire-s43556/
S43557,500.0,1429.0,0.35,4.53,3.82,2.37,Blue,Vivid,Very Slightly Included,Oval,Mixed Brilliant Cut,Heat Treated,Ceylon (Sri Lanka),https://www.thenaturalsapphirecompany.com/blue-sapphires/0.35ct-ceylon-sri-lankan-oval-blue-sapphire-s43557/
S43560,1152.0,360.0,3.2,10.46,7.19,4.37,Blue,Vivid,Very Slightly Included,Cushion,Mixed Brilliant Cut,Heat Treated,Thailand,https://www.thenaturalsapphirecompany.com/blue-sapphires/3.20ct-thai-cushion-blue-sapphire-s43560/
S43561,2599.0,360.0,7.22,13.69,9.04,6.72,Blue,Dark,Very Very Slightly Included,Oval,Mixed Brilliant Cut,Heat Treated,Thailand,https://www.thenaturalsapphirecompany.com/blue-sapphires/7.22ct-thai-oval-blue-sapphire-s43561/
S43562,1037.0,360.0,2.88,9.82,7.74,4.09,Blue,Vivid,Very Slightly Included,Oval,Mixed Brilliant Cut,Heat Treated,Thailand,https://www.thenaturalsapphirecompany.com/blue-sapphires/2.88ct-thai-oval-blue-sapphire-s43562/
S43565,1472.0,360.0,4.09,10.0,8.39,5.4,Blue,Vivid,Slightly Included,Oval,Mixed Brilliant Cut,Heat Treated,Thailand,https://www.thenaturalsapphirecompany.com/blue-sapphires/4.09ct-thai-oval-blue-sapphire-s43565/
S43566,1073.0,360.0,2.98,10.67,8.4,3.41,Blue,Intense,Slightly Included,Oval,Mixed Brilliant Cut,Heat Treated,Thailand,https://www.thenaturalsapphirecompany.com/blue-sapphires/2.98ct-thai-oval-blue-sapphire-s43566/
S43567,1296.0,360.0,3.6,10.9,8.69,4.31,Blue,Vivid,Slightly Included,Oval,Mixed Brilliant Cut,Heat Treated,Thailand,https://www.thenaturalsapphirecompany.com/blue-sapphires/3.60ct-thai-oval-blue-sapphire-s43567/
S43569,1001.0,360.0,2.78,11.12,8.16,3.56,Blue,Dark,Very Very Slightly Included,Oval,Mixed Brilliant Cut,Heat Treated,Thailand,https://www.thenaturalsapphirecompany.com/blue-sapphires/2.78ct-thai-oval-blue-sapphire-s43569/
S43570,1264.0,360.0,3.51,10.97,7.78,4.84,Blue,Dark,Very Slightly Included,Oval,Mixed Brilliant Cut,Heat Treated,Thailand,https://www.thenaturalsapphirecompany.com/blue-sapphires/3.51ct-thai-oval-blue-sapphire-s43570/
S43571,1523.0,360.0,4.23,10.63,8.27,5.46,Blue,Vivid,Slightly Included,Oval,Mixed Brilliant Cut,Heat Treated,Thailand,https://www.thenaturalsapphirecompany.com/blue-sapphires/4.23ct-thai-oval-blue-sapphire-s43571/
S43572,1015.0,360.0,2.82,9.01,8.22,4.44,Blue,Dark,Slightly Included,Cushion,Mixed Brilliant Cut,Heat Treated,Thailand,https://www.thenaturalsapphirecompany.com/blue-sapphires/2.82ct-thai-cushion-blue-sapphire-s43572/
S43573,1116.0,360.0,3.1,10.94,8.51,3.75,Blue,Vivid,Slightly Included,Oval,Mixed Brilliant Cut,Heat Treated,Thailand,https://www.thenaturalsapphirecompany.com/blue-sapphires/3.10ct-thai-oval-blue-sapphire-s43573/
S43574,1163.0,360.0,3.23,10.78,8.41,3.82,Blue,Vivid,Very Slightly Included,Oval,Mixed Brilliant Cut,Heat Treated,Thailand,https://www.thenaturalsapphirecompany.com/blue-sapphires/3.23ct-thai-oval-blue-sapphire-s43574/
S43576,1490.0,360.0,4.14,10.79,8.34,4.71,Blue,Dark,Very Slightly Included,Cushion,Mixed Brilliant Cut,Heat Treated,Thailand,https://www.thenaturalsapphirecompany.com/blue-sapphires/4.14ct-thai-cushion-blue-sapphire-s43576/
S43577,1026.0,360.0,2.85,10.51,7.65,4.03,Blue,Vivid,Slightly Included,Oval,Mixed Brilliant Cut,Heat Treated,Thailand,https://www.thenaturalsapphirecompany.com/blue-sapphires/2.85ct-thai-oval-blue-sapphire-s43577/
S43579,990.0,360.0,2.75,10.75,7.53,3.68,Blue,Dark,Very Very Slightly Included,Oval,Mixed Brilliant Cut,Heat Treated,Thailand,https://www.thenaturalsapphirecompany.com/blue-sapphires/2.75ct-thai-oval-blue-sapphire-s43579/
S4358,310.0,500.0,0.62,6.11,4.07,2.92,Greenish Blue,Medium,Very Slightly Included,Oval,Mixed Brilliant Cut,No Enhancement,Ceylon (Sri Lanka),https://www.thenaturalsapphirecompany.com/blue-sapphires/0.62ct-ceylon-sri-lankan-oval-greenish-blue-sapphire-s4358/
S43580,1562.0,360.0,4.34,10.54,8.4,5.25,Blue,Vivid,Slightly Included,Oval,Mixed Brilliant Cut,Heat Treated,Thailand,https://www.thenaturalsapphirecompany.com/blue-sapphires/4.34ct-thai-oval-blue-sapphire-s43580/
S43581,864.0,360.0,2.4,8.86,8.0,3.69,Blue,Dark,Slightly Included,Oval,Mixed Brilliant Cut,Heat Treated,Thailand,https://www.thenaturalsapphirecompany.com/blue-sapphires/2.40ct-thai-oval-blue-sapphire-s43581/
S12944,780.0,1200.0,0.65,5.11,5.12,3.08,Bluish Purple,Vivid,Slightly Included,Round,Mixed Brilliant Cut,Heat Treated,Ceylon (Sri Lanka),https://www.thenaturalsapphirecompany.com/blue-sapphires/0.65ct-ceylon-sri-lankan-round-bluish-purple-sapphire-s12944/
B16841,348.0,400.0,0.87,5.36,5.21,4.06,Blue,Intense,Very Slightly Included,Round,Mixed Brilliant Cut,Heat Treated,Ceylon (Sri Lanka),https://www.thenaturalsapphirecompany.com/blue-sapphires/0.87ct-ceylon-sri-lankan-round-blue-sapphire-b16841/
S28915,2160.0,2000.0,1.08,6.53,5.63,3.28,Blue,Vivid,Very Slightly Included,Cushion,Mixed Brilliant Cut,Heat Treated,Ceylon (Sri Lanka),https://www.thenaturalsapphirecompany.com/blue-sapphires/1.08ct-ceylon-sri-lankan-cushion-blue-sapphire-s28915/
S28916,1940.0,2000.0,0.97,5.56,5.52,3.63,Blue,Vivid,Very Very Slightly Included,Cushion,Mixed Brilliant Cut,Heat Treated,Ceylon (Sri Lanka),https://www.thenaturalsapphirecompany.com/blue-sapphires/0.97ct-ceylon-sri-lankan-cushion-blue-sapphire-s28916/
B16842,302.0,360.0,0.84,7.34,5.22,2.81,Blue,Vivid,Very Slightly Included,Oval,Mixed Brilliant Cut,Heat Treated,Ceylon (Sri Lanka),https://www.thenaturalsapphirecompany.com/blue-sapphires/0.84ct-ceylon-sri-lankan-oval-blue-sapphire-b16842/
B16844,407.0,360.0,1.13,6.96,5.67,3.59,Color Change,Intense,Very Slightly Included,Oval,Mixed Brilliant Cut,Heat Treated,Ceylon (Sri Lanka),https://www.thenaturalsapphirecompany.com/blue-sapphires/1.13ct-ceylon-sri-lankan-oval-color-change-sapphire-b16844/
B16847,443.0,360.0,1.23,7.7,6.33,3.32,Blue,Intense,Very Slightly Included,Cushion,Mixed Brilliant Cut,Heat Treated,Ceylon (Sri Lanka),https://www.thenaturalsapphirecompany.com/blue-sapphires/1.23ct-ceylon-sri-lankan-cushion-blue-sapphire-b16847/
B16880,2889.0,2700.0,1.07,5.97,5.93,3.86,Blue,Vivid,Very Very Slightly Included,Round,Mixed Brilliant Cut,Heat Treated,Ceylon (Sri Lanka),https://www.thenaturalsapphirecompany.com/blue-sapphires/1.07ct-ceylon-sri-lankan-round-blue-sapphire-b16880/
B16890,2369.0,2300.0,1.03,6.19,5.09,3.6,Blue,Vivid,Very Very Slightly Included,Cushion,Mixed Brilliant Cut,Heat Treated,Ceylon (Sri Lanka),https://www.thenaturalsapphirecompany.com/blue-sapphires/1.03ct-ceylon-sri-lankan-cushion-blue-sapphire-b16890/
B16891,4090.0,3052.0,1.34,6.37,5.45,4.21,Blue,Vivid,Very Slightly Included,Cushion,Mixed Brilliant Cut,Heat Treated,Ceylon (Sri Lanka),https://www.thenaturalsapphirecompany.com/blue-sapphires/1.34ct-ceylon-sri-lankan-cushion-blue-sapphire-b16891/
B16892,2725.0,2500.0,1.09,5.74,5.24,3.85,Blue,Intense,Eye Clean,Asscher - Octagon,Asscher Cut,Heat Treated,Ceylon (Sri Lanka),https://www.thenaturalsapphirecompany.com/blue-sapphires/1.09ct-ceylon-sri-lankan-asscher-octagon-blue-sapphire-b16892/
B16893,3877.0,3053.0,1.27,6.25,5.31,4.02,Blue,Vivid,Eye Clean,Emerald Cut,Emerald Cut,Heat Treated,Ceylon (Sri Lanka),https://www.thenaturalsapphirecompany.com/blue-sapphires/1.27ct-ceylon-sri-lankan-emerald-cut-blue-sapphire-b16893/
B16906,1419.0,1100.0,1.29,5.98,5.87,4.07,Greenish Blue,Vivid,Eye Clean,Cushion,Mixed Brilliant Cut,Heat Treated,Ceylon (Sri Lanka),https://www.thenaturalsapphirecompany.com/blue-sapphires/1.29ct-ceylon-sri-lankan-cushion-greenish-blue-sapphire-b16906/
B16936,20226.0,4455.0,4.54,10.14,7.87,5.99,Blue,Vivid,Very Slightly Included,Cushion,Mixed Brilliant Cut,Heat Treated,Ceylon (Sri Lanka),https://www.thenaturalsapphirecompany.com/blue-sapphires/4.54ct-ceylon-sri-lankan-cushion-blue-sapphire-b16936/
B16943,216.0,400.0,0.54,4.6,4.17,2.59,Blue,Intense,Very Slightly Included,Radiant,Radiant Cut,No Enhancement,Ceylon (Sri Lanka),https://www.thenaturalsapphirecompany.com/blue-sapphires/0.54ct-ceylon-sri-lankan-radiant-blue-sapphire-b16943/
B16956,17577.0,4372.0,4.02,9.36,8.05,5.77,Blue,Vivid,Very Slightly Included,Cushion,Mixed Brilliant Cut,Heat Treated,Ceylon (Sri Lanka),https://www.thenaturalsapphirecompany.com/blue-sapphires/4.02ct-ceylon-sri-lankan-cushion-blue-sapphire-b16956/
B16773,3630.0,1650.0,2.2,8.38,7.64,3.84,Blue,Intense,Very Slightly Included,Oval,Mixed Brilliant Cut,Heat Treated,Ceylon (Sri Lanka),https://www.thenaturalsapphirecompany.com/blue-sapphires/2.20ct-ceylon-sri-lankan-oval-blue-sapphire-b16773/
B16774,4562.0,1665.0,2.74,8.86,7.41,4.95,Blue,Dark,Eye Clean,Oval,Mixed Brilliant Cut,Heat Treated,Ceylon (Sri Lanka),https://www.thenaturalsapphirecompany.com/blue-sapphires/2.74ct-ceylon-sri-lankan-oval-blue-sapphire-b16774/
B16775,4269.0,1872.0,2.28,8.42,6.49,4.74,Blue,Intense,Very Slightly Included,Oval,Mixed Brilliant Cut,Heat Treated,Ceylon (Sri Lanka),https://www.thenaturalsapphirecompany.com/blue-sapphires/2.28ct-ceylon-sri-lankan-oval-blue-sapphire-b16775/
B16776,3929.0,1665.0,2.36,8.46,7.46,4.58,Blue,Intense,Very Slightly Included,Oval,Mixed Brilliant Cut,Heat Treated,Ceylon (Sri Lanka),https://www.thenaturalsapphirecompany.com/blue-sapphires/2.36ct-ceylon-sri-lankan-oval-blue-sapphire-b16776/
B16777,2472.0,1274.0,1.94,8.84,7.52,3.77,Blue,Intense,Very Slightly Included,Pear,Mixed Brilliant Cut,Heat Treated,Ceylon (Sri Lanka),https://www.thenaturalsapphirecompany.com/blue-sapphires/1.94ct-ceylon-sri-lankan-pear-blue-sapphire-b16777/
B16778,7559.0,3330.0,2.27,8.42,7.3,4.51,Blue,Intense,Very Slightly Included,Oval,Mixed Brilliant Cut,Heat Treated,Ceylon (Sri Lanka),https://www.thenaturalsapphirecompany.com/blue-sapphires/2.27ct-ceylon-sri-lankan-oval-blue-sapphire-b16778/
S33840,310.0,500.0,0.62,5.3,5.3,3.02,Violet,Vivid,Very Very Slightly Included,Round,Mixed Brilliant Cut,No Enhancement,Ceylon (Sri Lanka),https://www.thenaturalsapphirecompany.com/blue-sapphires/0.62ct-ceylon-sri-lankan-round-violet-sapphire-s33840/
B16771,8670.0,2168.0,4.0,10.16,7.32,5.37,Blue,Intense,Very Slightly Included,Oval,Mixed Brilliant Cut,Heat Treated,Ceylon (Sri Lanka),https://www.thenaturalsapphirecompany.com/blue-sapphires/4.00ct-ceylon-sri-lankan-oval-blue-sapphire-b16771/
B16782,1000.0,1124.0,0.89,7.27,5.13,3.35,Blue,Intense,Very Slightly Included,Pear,Mixed Brilliant Cut,No Enhancement,Nigeria,https://www.thenaturalsapphirecompany.com/blue-sapphires/0.89ct-nigerian-pear-blue-sapphire-b16782/
B16820,20790.0,5940.0,3.5,9.11,7.78,5.48,Blue,Vivid,Eye Clean,Cushion,Mixed Brilliant Cut,Heat Treated,Ceylon (Sri Lanka),https://www.thenaturalsapphirecompany.com/blue-sapphires/3.50ct-ceylon-sri-lankan-cushion-blue-sapphire-b16820/
B16823,500.0,926.0,0.54,6.05,4.66,2.44,Blue,Vivid,Eye Clean,Oval,Mixed Brilliant Cut,No Enhancement,Nigeria,https://www.thenaturalsapphirecompany.com/blue-sapphires/0.54ct-nigerian-oval-blue-sapphire-b16823/
B16825,400.0,588.0,0.68,5.84,4.59,2.84,Blue,Vivid,Very Slightly Included,Cushion,Mixed Brilliant Cut,No Enhancement,Nigeria,https://www.thenaturalsapphirecompany.com/blue-sapphires/0.68ct-nigerian-cushion-blue-sapphire-b16825/
S8453,63420.0,7000.0,9.06,12.58,13.35,7.85,Blue,Vivid,Very Slightly Included,Heart,Mixed Brilliant Cut,Heat Treated,Ceylon (Sri Lanka),https://www.thenaturalsapphirecompany.com/blue-sapphires/9.06ct-ceylon-sri-lankan-heart-blue-sapphire-s8453/
S8462,1408.0,800.0,1.76,7.98,6.07,4.44,Blue,Vivid,Very Slightly Included,Oval,Mixed Brilliant Cut,Heat Treated,Ceylon (Sri Lanka),https://www.thenaturalsapphirecompany.com/blue-sapphires/1.76ct-ceylon-sri-lankan-oval-blue-sapphire-s8462/
S8469,8014.0,3515.0,2.28,7.03,6.88,4.81,Blue,Vivid,Very Slightly Included,Radiant,Radiant Cut,Heat Treated,Ceylon (Sri Lanka),https://www.thenaturalsapphirecompany.com/blue-sapphires/2.28ct-ceylon-sri-lankan-radiant-blue-sapphire-s8469/
S8472,1152.0,800.0,1.44,6.03,6.03,4.32,Greenish Blue,Medium,Very Slightly Included,Radiant,Radiant Cut,Heat Treated,Ceylon (Sri Lanka),https://www.thenaturalsapphirecompany.com/blue-sapphires/1.44ct-ceylon-sri-lankan-radiant-greenish-blue-sapphire-s8472/
S8475,16361.0,4080.0,4.01,8.76,8.08,5.89,Blue,Light,Eye Clean,Cushion,Mixed Brilliant Cut,No Enhancement,Ceylon (Sri Lanka),https://www.thenaturalsapphirecompany.com/blue-sapphires/4.01ct-ceylon-sri-lankan-cushion-blue-sapphire-s8475/
S8476,15836.0,3910.0,4.05,8.98,7.45,6.16,Blue,Light,Eye Clean,Cushion,Mixed Brilliant Cut,No Enhancement,Ceylon (Sri Lanka),https://www.thenaturalsapphirecompany.com/blue-sapphires/4.05ct-ceylon-sri-lankan-cushion-blue-sapphire-s8476/
S8477,16713.0,4930.0,3.39,8.17,7.2,6.04,Blue,Medium,Eye Clean,Cushion,Mixed Brilliant Cut,No Enhancement,Ceylon (Sri Lanka),https://www.thenaturalsapphirecompany.com/blue-sapphires/3.39ct-ceylon-sri-lankan-cushion-blue-sapphire-s8477/
S8480,16608.0,3315.0,5.01,10.83,8.21,5.54,Blue,Medium,Eye Clean,Cushion,Mixed Brilliant Cut,Heat Treated,Ceylon (Sri Lanka),https://www.thenaturalsapphirecompany.com/blue-sapphires/5.01ct-ceylon-sri-lankan-cushion-blue-sapphire-s8480/
S15373,1600.0,1000.0,1.6,7.31,6.39,4.24,Bluish Purple,Vivid,Very Slightly Included,Oval,Mixed Brilliant Cut,No Enhancement,Tanzania,https://www.thenaturalsapphirecompany.com/blue-sapphires/1.60ct-tanzanian-oval-bluish-purple-sapphire-s15373/
S15376,3001.0,968.0,3.1,8.76,6.82,5.47,Color Change,Vivid,Very Slightly Included,Cushion,Mixed Brilliant Cut,Heat Treated,Tanzania,https://www.thenaturalsapphirecompany.com/blue-sapphires/3.10ct-tanzanian-cushion-color-change-sapphire-s15376/
S15378,2000.0,1852.0,1.08,7.32,5.8,3.33,Blue,Vivid,Very Slightly Included,Oval,Mixed Brilliant Cut,No Enhancement,Tanzania,https://www.thenaturalsapphirecompany.com/blue-sapphires/1.08ct-tanzanian-oval-blue-sapphire-s15378/
S15380,798.0,676.0,1.18,7.23,5.89,3.15,Blue,Intense,Eye Clean,Oval,Mixed Brilliant Cut,No Enhancement,Tanzania,https://www.thenaturalsapphirecompany.com/blue-sapphires/1.18ct-tanzanian-oval-blue-sapphire-s15380/
S15381,5549.0,2581.0,2.15,8.45,7.29,4.04,Blue,Intense,Very Slightly Included,Oval,Mixed Brilliant Cut,No Enhancement,Tanzania,https://www.thenaturalsapphirecompany.com/blue-sapphires/2.15ct-tanzanian-oval-blue-sapphire-s15381/
S15382,598.0,854.0,0.7,6.2,4.97,2.93,Blue,Intense,Very Slightly Included,Pear,Mixed Brilliant Cut,No Enhancement,Tanzania,https://www.thenaturalsapphirecompany.com/blue-sapphires/0.70ct-tanzanian-pear-blue-sapphire-s15382/
S15386,824.0,800.0,1.03,6.55,6.06,3.31,Bluish Green,Intense,Very Slightly Included,Fancy,Step Cut,Heat Treated,Madagascar,https://www.thenaturalsapphirecompany.com/blue-sapphires/1.03ct-madagascar-fancy-bluish-green-sapphire-s15386/
S15391,4408.0,1249.0,3.53,8.87,9.7,5.38,Greenish Blue,Intense,Very Slightly Included,Heart,Mixed Brilliant Cut,Heat Treated,Ceylon (Sri Lanka),https://www.thenaturalsapphirecompany.com/blue-sapphires/3.53ct-ceylon-sri-lankan-heart-greenish-blue-sapphire-s15391/
S26461,31853.0,6435.0,4.95,11.53,7.45,6.12,Blue,Vivid,Eye Clean,Cushion,Mixed Brilliant Cut,Heat Treated,Ceylon (Sri Lanka),https://www.thenaturalsapphirecompany.com/blue-sapphires/4.95ct-ceylon-sri-lankan-cushion-blue-sapphire-s26461/
B17000,736.0,800.0,0.92,7.39,5.35,3.35,Blue,Intense,Very Slightly Included,Pear,Mixed Brilliant Cut,Heat Treated,Ceylon (Sri Lanka),https://www.thenaturalsapphirecompany.com/blue-sapphires/0.92ct-ceylon-sri-lankan-pear-blue-sapphire-b17000/
B17008,1164.0,1200.0,0.97,5.71,5.64,3.9,Blue,Vivid,Very Slightly Included,Round,Mixed Brilliant Cut,Heat Treated,Ceylon (Sri Lanka),https://www.thenaturalsapphirecompany.com/blue-sapphires/0.97ct-ceylon-sri-lankan-round-blue-sapphire-b17008/
B17012,960.0,1000.0,0.96,5.98,5.93,3.64,Blue,Intense,Very Slightly Included,Round,Mixed Brilliant Cut,Heat Treated,Ceylon (Sri Lanka),https://www.thenaturalsapphirecompany.com/blue-sapphires/0.96ct-ceylon-sri-lankan-round-blue-sapphire-b17012/
B17032,302.0,451.0,0.67,6.79,4.66,2.64,Blue,Light,Very Slightly Included,Oval,Mixed Brilliant Cut,Heat Treated,Ceylon (Sri Lanka),https://www.thenaturalsapphirecompany.com/blue-sapphires/0.67ct-ceylon-sri-lankan-oval-blue-sapphire-b17032/
B17034,332.0,400.0,0.83,7.01,4.95,3.12,Bluish Grey,Light,Very Slightly Included,Oval,Mixed Brilliant Cut,Heat Treated,Ceylon (Sri Lanka),https://www.thenaturalsapphirecompany.com/blue-sapphires/0.83ct-ceylon-sri-lankan-oval-bluish-grey-sapphire-b17034/
B17035,396.0,450.0,0.88,6.19,4.99,3.15,Blue,Light,Very Slightly Included,Oval,Mixed Brilliant Cut,Heat Treated,Ceylon (Sri Lanka),https://www.thenaturalsapphirecompany.com/blue-sapphires/0.88ct-ceylon-sri-lankan-oval-blue-sapphire-b17035/
B17036,419.0,451.0,0.93,7.09,5.13,3.19,Blue,Faint,Very Slightly Included,Oval,Mixed Brilliant Cut,Heat Treated,Ceylon (Sri Lanka),https://www.thenaturalsapphirecompany.com/blue-sapphires/0.93ct-ceylon-sri-lankan-oval-blue-sapphire-b17036/
S45183,264.0,600.0,0.44,6.39,3.96,2.32,Blue,Light,Very Very Slightly Included,Pear,Mixed Brilliant Cut,No Enhancement,Ceylon (Sri Lanka),https://www.thenaturalsapphirecompany.com/blue-sapphires/0.44ct-ceylon-sri-lankan-pear-blue-sapphire-s45183/
B17040,312.0,400.0,0.78,6.26,4.78,3.29,Blue,Medium,Very Slightly Included,Oval,Mixed Brilliant Cut,Heat Treated,Ceylon (Sri Lanka),https://www.thenaturalsapphirecompany.com/blue-sapphires/0.78ct-ceylon-sri-lankan-oval-blue-sapphire-b17040/
B17041,672.0,700.0,0.96,6.47,4.89,3.17,Blue,Intense,Very Slightly Included,Cushion,Mixed Brilliant Cut,Heat Treated,Ceylon (Sri Lanka),https://www.thenaturalsapphirecompany.com/blue-sapphires/0.96ct-ceylon-sri-lankan-cushion-blue-sapphire-b17041/
B17043,630.0,600.0,1.05,6.85,5.44,3.74,Blue,Intense,Very Slightly Included,Oval,Mixed Brilliant Cut,Heat Treated,Ceylon (Sri Lanka),https://www.thenaturalsapphirecompany.com/blue-sapphires/1.05ct-ceylon-sri-lankan-oval-blue-sapphire-b17043/
B17050,774.0,600.0,1.29,6.12,5.48,4.3,Blue,Light,Very Slightly Included,Cushion,Mixed Brilliant Cut,Heat Treated,Ceylon (Sri Lanka),https://www.thenaturalsapphirecompany.com/blue-sapphires/1.29ct-ceylon-sri-lankan-cushion-blue-sapphire-b17050/
B17051,714.0,600.0,1.19,5.82,5.71,3.99,Greenish Blue,Light,Very Slightly Included,Cushion,Mixed Brilliant Cut,Heat Treated,Ceylon (Sri Lanka),https://www.thenaturalsapphirecompany.com/blue-sapphires/1.19ct-ceylon-sri-lankan-cushion-greenish-blue-sapphire-b17051/
B17052,1032.0,800.0,1.29,6.62,5.34,4.23,Greenish Blue,Medium,Included,Cushion,Mixed Brilliant Cut,Heat Treated,Ceylon (Sri Lanka),https://www.thenaturalsapphirecompany.com/blue-sapphires/1.29ct-ceylon-sri-lankan-cushion-greenish-blue-sapphire-b17052/
B17053,440.0,500.0,0.88,6.24,4.91,3.79,Blue,Medium,Very Slightly Included,Oval,Mixed Brilliant Cut,Heat Treated,Ceylon (Sri Lanka),https://www.thenaturalsapphirecompany.com/blue-sapphires/0.88ct-ceylon-sri-lankan-oval-blue-sapphire-b17053/
B17055,460.0,500.0,0.92,6.79,4.9,3.43,Blue,Light,Very Slightly Included,Oval,Mixed Brilliant Cut,Heat Treated,Ceylon (Sri Lanka),https://www.thenaturalsapphirecompany.com/blue-sapphires/0.92ct-ceylon-sri-lankan-oval-blue-sapphire-b17055/
B17056,485.0,500.0,0.97,7.1,4.82,3.28,Blue,Light,Very Slightly Included,Oval,Mixed Brilliant Cut,Heat Treated,Ceylon (Sri Lanka),https://www.thenaturalsapphirecompany.com/blue-sapphires/0.97ct-ceylon-sri-lankan-oval-blue-sapphire-b17056/
B17057,684.0,600.0,1.14,7.04,5.03,3.88,Blue,Light,Very Slightly Included,Oval,Mixed Brilliant Cut,Heat Treated,Ceylon (Sri Lanka),https://www.thenaturalsapphirecompany.com/blue-sapphires/1.14ct-ceylon-sri-lankan-oval-blue-sapphire-b17057/
B17059,672.0,600.0,1.12,6.89,4.94,3.91,Blue,Light,Very Slightly Included,Oval,Mixed Brilliant Cut,Heat Treated,Ceylon (Sri Lanka),https://www.thenaturalsapphirecompany.com/blue-sapphires/1.12ct-ceylon-sri-lankan-oval-blue-sapphire-b17059/
B17060,540.0,600.0,0.9,6.09,5.26,3.9,Blue,Medium,Very Slightly Included,Oval,Mixed Brilliant Cut,Heat Treated,Ceylon (Sri Lanka),https://www.thenaturalsapphirecompany.com/blue-sapphires/0.90ct-ceylon-sri-lankan-oval-blue-sapphire-b17060/
B17064,820.0,1000.0,0.82,5.5,5.33,3.92,Blue,Vivid,Very Slightly Included,Round,Mixed Brilliant Cut,No Enhancement,Ceylon (Sri Lanka),https://www.thenaturalsapphirecompany.com/blue-sapphires/0.82ct-ceylon-sri-lankan-round-blue-sapphire-b17064/
S20957,3861.0,2700.0,1.43,7.87,5.37,3.16,Blue,Vivid,Very Slightly Included,Emerald Cut,Emerald Cut,Heat Treated,Ceylon (Sri Lanka),https://www.thenaturalsapphirecompany.com/blue-sapphires/1.43ct-ceylon-sri-lankan-emerald-cut-blue-sapphire-s20957/
S20958,1281.0,1050.0,1.22,6.91,5.93,3.23,Blue,Vivid,Very Slightly Included,Oval,Mixed Brilliant Cut,Heat Treated,Ceylon (Sri Lanka),https://www.thenaturalsapphirecompany.com/blue-sapphires/1.22ct-ceylon-sri-lankan-oval-blue-sapphire-s20958/
S20959,1638.0,1300.0,1.26,7.93,5.71,3.35,Blue,Dark,Very Slightly Included,Oval,Mixed Brilliant Cut,Heat Treated,Ceylon (Sri Lanka),https://www.thenaturalsapphirecompany.com/blue-sapphires/1.26ct-ceylon-sri-lankan-oval-blue-sapphire-s20959/
S20960,3973.0,2900.0,1.37,8.06,6.03,3.34,Blue,Vivid,Very Slightly Included,Oval,Mixed Brilliant Cut,Heat Treated,Ceylon (Sri Lanka),https://www.thenaturalsapphirecompany.com/blue-sapphires/1.37ct-ceylon-sri-lankan-oval-blue-sapphire-s20960/
S20961,13015.0,3740.0,3.48,10.04,7.78,5.27,Blue,Vivid,Very Slightly Included,Oval,Mixed Brilliant Cut,Heat Treated,Ceylon (Sri Lanka),https://www.thenaturalsapphirecompany.com/blue-sapphires/3.48ct-ceylon-sri-lankan-oval-blue-sapphire-s20961/
S25959,364.0,400.0,0.91,5.84,5.83,3.59,Blue,Medium,Very Very Slightly Included,Round,Mixed Brilliant Cut,No Enhancement,Ceylon (Sri Lanka),https://www.thenaturalsapphirecompany.com/blue-sapphires/0.91ct-ceylon-sri-lankan-round-blue-sapphire-s25959/
S25960,224.0,400.0,0.56,5.15,5.17,2.75,Blue,Medium,Slightly Included,Round,Mixed Brilliant Cut,No Enhancement,Ceylon (Sri Lanka),https://www.thenaturalsapphirecompany.com/blue-sapphires/0.56ct-ceylon-sri-lankan-round-blue-sapphire-s25960/
S25961,212.0,400.0,0.53,5.15,5.19,2.55,Blue,Medium,Eye Clean,Round,Mixed Brilliant Cut,No Enhancement,Ceylon (Sri Lanka),https://www.thenaturalsapphirecompany.com/blue-sapphires/0.53ct-ceylon-sri-lankan-round-blue-sapphire-s25961/
S25962,280.0,400.0,0.7,4.63,4.61,3.96,Blue,Vivid,Very Very Slightly Included,Round,Mixed Brilliant Cut,No Enhancement,Ceylon (Sri Lanka),https://www.thenaturalsapphirecompany.com/blue-sapphires/0.70ct-ceylon-sri-lankan-round-blue-sapphire-s25962/
S25963,216.0,400.0,0.54,4.53,4.56,3.24,Blue,Vivid,Slightly Included,Round,Mixed Brilliant Cut,No Enhancement,Ceylon (Sri Lanka),https://www.thenaturalsapphirecompany.com/blue-sapphires/0.54ct-ceylon-sri-lankan-round-blue-sapphire-s25963/
S25967,428.0,400.0,1.07,5.84,5.87,3.96,Violet,Light,Very Slightly Included,Round,Mixed Brilliant Cut,No Enhancement,Ceylon (Sri Lanka),https://www.thenaturalsapphirecompany.com/blue-sapphires/1.07ct-ceylon-sri-lankan-round-violet-sapphire-s25967/
S25973,676.0,400.0,1.69,8.94,6.63,3.71,Blue,Light,Very Very Slightly Included,Oval,Mixed Brilliant Cut,No Enhancement,Ceylon (Sri Lanka),https://www.thenaturalsapphirecompany.com/blue-sapphires/1.69ct-ceylon-sri-lankan-oval-blue-sapphire-s25973/
S25974,500.0,400.0,1.25,7.36,5.73,3.6,Blue,Medium,Eye Clean,Oval,Mixed Brilliant Cut,No Enhancement,Ceylon (Sri Lanka),https://www.thenaturalsapphirecompany.com/blue-sapphires/1.25ct-ceylon-sri-lankan-oval-blue-sapphire-s25974/
S25975,532.0,400.0,1.33,6.83,5.81,4.26,Blue,Medium,Slightly Included,Oval,Mixed Brilliant Cut,No Enhancement,Ceylon (Sri Lanka),https://www.thenaturalsapphirecompany.com/blue-sapphires/1.33ct-ceylon-sri-lankan-oval-blue-sapphire-s25975/
S25976,524.0,400.0,1.31,7.27,5.14,4.34,Blue,Medium,Very Very Slightly Included,Oval,Mixed Brilliant Cut,No Enhancement,Ceylon (Sri Lanka),https://www.thenaturalsapphirecompany.com/blue-sapphires/1.31ct-ceylon-sri-lankan-oval-blue-sapphire-s25976/
S25977,424.0,400.0,1.06,7.55,5.57,3.2,Blue,Medium,Eye Clean,Oval,Mixed Brilliant Cut,No Enhancement,Ceylon (Sri Lanka),https://www.thenaturalsapphirecompany.com/blue-sapphires/1.06ct-ceylon-sri-lankan-oval-blue-sapphire-s25977/
S25978,452.0,400.0,1.13,6.57,4.69,4.41,Blue,Vivid,Very Very Slightly Included,Oval,Mixed Brilliant Cut,No Enhancement,Ceylon (Sri Lanka),https://www.thenaturalsapphirecompany.com/blue-sapphires/1.13ct-ceylon-sri-lankan-oval-blue-sapphire-s25978/
S25979,436.0,400.0,1.09,7.21,5.42,3.49,Violet,Medium,Slightly Included,Oval,Mixed Brilliant Cut,No Enhancement,Ceylon (Sri Lanka),https://www.thenaturalsapphirecompany.com/blue-sapphires/1.09ct-ceylon-sri-lankan-oval-violet-sapphire-s25979/
S30455,2660.0,2000.0,1.33,7.62,5.42,3.79,Blue,Vivid,Very Slightly Included,Oval,Mixed Brilliant Cut,Heat Treated,Ceylon (Sri Lanka),https://www.thenaturalsapphirecompany.com/blue-sapphires/1.33ct-ceylon-sri-lankan-oval-blue-sapphire-s30455/
S30456,2300.0,2000.0,1.15,6.65,6.62,3.36,Blue,Vivid,Very Slightly Included,Round,Mixed Brilliant Cut,Heat Treated,Ceylon (Sri Lanka),https://www.thenaturalsapphirecompany.com/blue-sapphires/1.15ct-ceylon-sri-lankan-round-blue-sapphire-s30456/
S30457,2360.0,2000.0,1.18,6.28,6.23,3.18,Blue,Vivid,Very Very Slightly Included,Cushion,Mixed Brilliant Cut,Heat Treated,Ceylon (Sri Lanka),https://www.thenaturalsapphirecompany.com/blue-sapphires/1.18ct-ceylon-sri-lankan-cushion-blue-sapphire-s30457/
S30458,3718.0,1850.0,2.01,7.97,6.51,4.32,Blue,Vivid,Very Slightly Included,Oval,Mixed Brilliant Cut,Heat Treated,Ceylon (Sri Lanka),https://www.thenaturalsapphirecompany.com/blue-sapphires/2.01ct-ceylon-sri-lankan-oval-blue-sapphire-s30458/
S30459,4070.0,1850.0,2.2,8.73,6.22,4.18,Blue,Vivid,Very Very Slightly Included,Cushion,Mixed Brilliant Cut,Heat Treated,Ceylon (Sri Lanka),https://www.thenaturalsapphirecompany.com/blue-sapphires/2.20ct-ceylon-sri-lankan-cushion-blue-sapphire-s30459/
S30460,4518.0,3053.0,1.48,6.65,6.63,3.54,Blue,Intense,Very Very Slightly Included,Cushion,Mixed Brilliant Cut,Heat Treated,Ceylon (Sri Lanka),https://www.thenaturalsapphirecompany.com/blue-sapphires/1.48ct-ceylon-sri-lankan-cushion-blue-sapphire-s30460/
S30461,3885.0,2220.0,1.75,9.03,6.01,4.2,Blue,Medium,Very Very Slightly Included,Pear,Mixed Brilliant Cut,No Enhancement,Ceylon (Sri Lanka),https://www.thenaturalsapphirecompany.com/blue-sapphires/1.75ct-ceylon-sri-lankan-pear-blue-sapphire-s30461/
S30462,2440.0,2000.0,1.22,7.2,4.44,3.77,Blue,Intense,Slightly Included,Emerald Cut,Emerald Cut,No Enhancement,Ceylon (Sri Lanka),https://www.thenaturalsapphirecompany.com/blue-sapphires/1.22ct-ceylon-sri-lankan-emerald-cut-blue-sapphire-s30462/
S30464,2484.0,1200.0,2.07,7.78,7.06,3.94,Blue,Light,Very Very Slightly Included,Cushion,Mixed Brilliant Cut,No Enhancement,Ceylon (Sri Lanka),https://www.thenaturalsapphirecompany.com/blue-sapphires/2.07ct-ceylon-sri-lankan-cushion-blue-sapphire-s30464/
S30465,5744.0,2127.0,2.7,9.08,7.37,4.98,Blue,Vivid,Very Very Slightly Included,Fancy,Step Cut,Heat Treated,Ceylon (Sri Lanka),https://www.thenaturalsapphirecompany.com/blue-sapphires/2.70ct-ceylon-sri-lankan-fancy-blue-sapphire-s30465/
S30466,7642.0,2497.0,3.06,7.36,7.15,5.93,Blue,Vivid,Very Very Slightly Included,Asscher - Octagon,Asscher Cut,Heat Treated,Ceylon (Sri Lanka),https://www.thenaturalsapphirecompany.com/blue-sapphires/3.06ct-ceylon-sri-lankan-asscher-octagon-blue-sapphire-s30466/
S30467,6993.0,2498.0,2.8,9.27,5.94,4.44,Blue,Vivid,Eye Clean,Emerald Cut,Emerald Cut,Heat Treated,Ceylon (Sri Lanka),https://www.thenaturalsapphirecompany.com/blue-sapphires/2.80ct-ceylon-sri-lankan-emerald-cut-blue-sapphire-s30467/
S30468,3322.0,2200.0,1.51,7.72,5.03,3.7,Blue,Vivid,Eye Clean,Emerald Cut,Emerald Cut,Heat Treated,Ceylon (Sri Lanka),https://www.thenaturalsapphirecompany.com/blue-sapphires/1.51ct-ceylon-sri-lankan-emerald-cut-blue-sapphire-s30468/
S28941,3150.0,2500.0,1.26,6.54,6.56,3.6,Blue,Vivid,Very Slightly Included,Round,Mixed Brilliant Cut,Heat Treated,Ceylon (Sri Lanka),https://www.thenaturalsapphirecompany.com/blue-sapphires/1.26ct-ceylon-sri-lankan-round-blue-sapphire-s28941/
B17096,301.0,354.0,0.85,5.42,6.55,3.19,Blue,Medium,Slightly Included,Heart,Mixed Brilliant Cut,No Enhancement,Burma (Myanmar),https://www.thenaturalsapphirecompany.com/blue-sapphires/0.85ct-burma-myanmar-heart-blue-sapphire-b17096/
B17118,264.0,550.0,0.48,5.72,4.49,2.9,Blue,Medium,Eye Clean,Pear,Mixed Brilliant Cut,Heat Treated,Ceylon (Sri Lanka),https://www.thenaturalsapphirecompany.com/blue-sapphires/0.48ct-ceylon-sri-lankan-pear-blue-sapphire-b17118/
B17162,3700.0,2000.0,1.85,8.29,6.94,4.75,Blue,Vivid,Eye Clean,Pear,Mixed Brilliant Cut,Heat Treated,Ceylon (Sri Lanka),https://www.thenaturalsapphirecompany.com/blue-sapphires/1.85ct-ceylon-sri-lankan-pear-blue-sapphire-b17162/
S28939,3575.0,2500.0,1.43,6.45,6.4,4.12,Blue,Intense,Very Very Slightly Included,Round,Mixed Brilliant Cut,Heat Treated,Ceylon (Sri Lanka),https://www.thenaturalsapphirecompany.com/blue-sapphires/1.43ct-ceylon-sri-lankan-round-blue-sapphire-s28939/
B17074,981.0,900.0,1.09,6.33,6.29,3.51,Blue,Intense,Very Slightly Included,Round,Mixed Brilliant Cut,Heat Treated,Ceylon (Sri Lanka),https://www.thenaturalsapphirecompany.com/blue-sapphires/1.09ct-ceylon-sri-lankan-round-blue-sapphire-b17074/
B17076,1091.0,880.0,1.24,6.77,4.81,4.06,Blue,Intense,Very Slightly Included,Cushion,Mixed Brilliant Cut,Heat Treated,Ceylon (Sri Lanka),https://www.thenaturalsapphirecompany.com/blue-sapphires/1.24ct-ceylon-sri-lankan-cushion-blue-sapphire-b17076/
S28940,2850.0,2500.0,1.14,6.42,6.38,3.57,Blue,Vivid,Very Slightly Included,Round,Mixed Brilliant Cut,Heat Treated,Ceylon (Sri Lanka),https://www.thenaturalsapphirecompany.com/blue-sapphires/1.14ct-ceylon-sri-lankan-round-blue-sapphire-s28940/
B17081,1267.0,880.0,1.44,8.24,5.16,4.33,Blue,Intense,Very Slightly Included,Pear,Mixed Brilliant Cut,No Enhancement,Ceylon (Sri Lanka),https://www.thenaturalsapphirecompany.com/blue-sapphires/1.44ct-ceylon-sri-lankan-pear-blue-sapphire-b17081/
B17089,1100.0,1341.0,0.82,5.59,5.45,3.25,Blue,Intense,Very Slightly Included,Cushion,Mixed Brilliant Cut,Heat Treated,Ceylon (Sri Lanka),https://www.thenaturalsapphirecompany.com/blue-sapphires/0.82ct-ceylon-sri-lankan-cushion-blue-sapphire-b17089/
B17091,879.0,1188.0,0.74,6.09,5.02,3.23,Blue,Intense,Very Slightly Included,Oval,Mixed Brilliant Cut,Heat Treated,Ceylon (Sri Lanka),https://www.thenaturalsapphirecompany.com/blue-sapphires/0.74ct-ceylon-sri-lankan-oval-blue-sapphire-b17091/
B17094,5232.0,2590.0,2.02,8.84,5.32,3.75,Blue,Vivid,Very Slightly Included,Emerald Cut,Emerald Cut,Heat Treated,Ceylon (Sri Lanka),https://www.thenaturalsapphirecompany.com/blue-sapphires/2.02ct-ceylon-sri-lankan-emerald-cut-blue-sapphire-b17094/
B17188,7576.0,2775.0,2.73,10.4,7.52,4.22,Blue,Intense,Eye Clean,Oval,Mixed Brilliant Cut,Heat Treated,Ceylon (Sri Lanka),https://www.thenaturalsapphirecompany.com/blue-sapphires/2.73ct-ceylon-sri-lankan-oval-blue-sapphire-b17188/
B17190,558.0,900.0,0.62,5.3,4.43,3.41,Blue,Vivid,Very Slightly Included,Oval,Mixed Brilliant Cut,No Enhancement,Ceylon (Sri Lanka),https://www.thenaturalsapphirecompany.com/blue-sapphires/0.62ct-ceylon-sri-lankan-oval-blue-sapphire-b17190/
S15416,18295.0,3630.0,5.04,11.33,8.81,6.07,Color Change,Medium,Eye Clean,Oval,Mixed Brilliant Cut,No Enhancement,Madagascar,https://www.thenaturalsapphirecompany.com/blue-sapphires/5.04ct-madagascar-oval-color-change-sapphire-s15416/
S15419,17939.0,3960.0,4.53,8.9,8.57,6.15,Blue,Medium,Eye Clean,Radiant,Radiant Cut,Heat Treated,Ceylon (Sri Lanka),https://www.thenaturalsapphirecompany.com/blue-sapphires/4.53ct-ceylon-sri-lankan-radiant-blue-sapphire-s15419/
S15423,3128.0,2300.0,1.36,6.82,6.75,4.01,Blue,Medium,Eye Clean,Round,Mixed Brilliant Cut,Heat Treated,Ceylon (Sri Lanka),https://www.thenaturalsapphirecompany.com/blue-sapphires/1.36ct-ceylon-sri-lankan-round-blue-sapphire-s15423/
S15425,3427.0,2300.0,1.49,6.78,6.71,4.37,Blue,Medium,Very Very Slightly Included,Round,Mixed Brilliant Cut,Heat Treated,Ceylon (Sri Lanka),https://www.thenaturalsapphirecompany.com/blue-sapphires/1.49ct-ceylon-sri-lankan-round-blue-sapphire-s15425/
S15427,3496.0,2300.0,1.52,6.77,6.57,4.59,Blue,Medium,Slightly Included,Round,Mixed Brilliant Cut,Heat Treated,Ceylon (Sri Lanka),https://www.thenaturalsapphirecompany.com/blue-sapphires/1.52ct-ceylon-sri-lankan-round-blue-sapphire-s15427/
S15428,3680.0,2300.0,1.6,6.95,6.83,4.5,Blue,Intense,Very Slightly Included,Round,Mixed Brilliant Cut,Heat Treated,Ceylon (Sri Lanka),https://www.thenaturalsapphirecompany.com/blue-sapphires/1.60ct-ceylon-sri-lankan-round-blue-sapphire-s15428/
S15429,3703.0,2300.0,1.61,7.01,6.97,4.57,Blue,Intense,Very Slightly Included,Round,Mixed Brilliant Cut,Heat Treated,Ceylon (Sri Lanka),https://www.thenaturalsapphirecompany.com/blue-sapphires/1.61ct-ceylon-sri-lankan-round-blue-sapphire-s15429/
S15433,3564.0,3300.0,1.08,6.06,5.98,4.05,Blue,Vivid,Eye Clean,Round,Mixed Brilliant Cut,Heat Treated,Ceylon (Sri Lanka),https://www.thenaturalsapphirecompany.com/blue-sapphires/1.08ct-ceylon-sri-lankan-round-blue-sapphire-s15433/
S15434,3680.0,2300.0,1.6,8.04,6.06,4.21,Blue,Intense,Eye Clean,Oval,Mixed Brilliant Cut,Heat Treated,Ceylon (Sri Lanka),https://www.thenaturalsapphirecompany.com/blue-sapphires/1.60ct-ceylon-sri-lankan-oval-blue-sapphire-s15434/
S15437,2842.0,2900.0,0.98,5.91,5.86,3.87,Blue,Vivid,Eye Clean,Round,Mixed Brilliant Cut,Heat Treated,Ceylon (Sri Lanka),https://www.thenaturalsapphirecompany.com/blue-sapphires/0.98ct-ceylon-sri-lankan-round-blue-sapphire-s15437/
S15441,18975.0,4125.0,4.6,9.96,8.37,6.34,Blue,Intense,Very Slightly Included,Oval,Mixed Brilliant Cut,Heat Treated,Ceylon (Sri Lanka),https://www.thenaturalsapphirecompany.com/blue-sapphires/4.60ct-ceylon-sri-lankan-oval-blue-sapphire-s15441/
S15442,25864.0,4125.0,6.27,12.05,10.8,6.39,Blue,Intense,Eye Clean,Oval,Mixed Brilliant Cut,Heat Treated,Ceylon (Sri Lanka),https://www.thenaturalsapphirecompany.com/blue-sapphires/6.27ct-ceylon-sri-lankan-oval-blue-sapphire-s15442/
S15444,8477.0,2683.0,3.16,7.79,7.8,5.96,Blue,Intense,Very Slightly Included,Round,Mixed Brilliant Cut,Heat Treated,Madagascar,https://www.thenaturalsapphirecompany.com/blue-sapphires/3.16ct-madagascar-round-blue-sapphire-s15444/
S15447,3604.0,1700.0,2.12,7.77,7.75,4.6,Blue,Intense,Very Slightly Included,Round,Mixed Brilliant Cut,Heat Treated,Ceylon (Sri Lanka),https://www.thenaturalsapphirecompany.com/blue-sapphires/2.12ct-ceylon-sri-lankan-round-blue-sapphire-s15447/
S15448,3324.0,1200.0,2.77,7.64,7.68,5.84,Blue,Intense,Very Slightly Included,Round,Mixed Brilliant Cut,Heat Treated,Ceylon (Sri Lanka),https://www.thenaturalsapphirecompany.com/blue-sapphires/2.77ct-ceylon-sri-lankan-round-blue-sapphire-s15448/
S15449,4895.0,2497.0,1.96,7.82,7.79,4.19,Blue,Vivid,Very Slightly Included,Round,Mixed Brilliant Cut,Heat Treated,Madagascar,https://www.thenaturalsapphirecompany.com/blue-sapphires/1.96ct-madagascar-round-blue-sapphire-s15449/
S15450,9087.0,2960.0,3.07,10.01,7.86,4.81,Blue,Vivid,Eye Clean,Pear,Mixed Brilliant Cut,Heat Treated,Ceylon (Sri Lanka),https://www.thenaturalsapphirecompany.com/blue-sapphires/3.07ct-ceylon-sri-lankan-pear-blue-sapphire-s15450/
S48080,400.0,400.0,1.0,5.4,5.29,3.85,Greenish Blue,Dark,Very Slightly Included,Cushion,Mixed Brilliant Cut,No Enhancement,Ceylon (Sri Lanka),https://www.thenaturalsapphirecompany.com/blue-sapphires/1.00ct-ceylon-sri-lankan-cushion-greenish-blue-sapphire-s48080/
S28942,2650.0,2500.0,1.06,6.47,6.5,3.53,Blue,Intense,Very Slightly Included,Round,Mixed Brilliant Cut,Heat Treated,Ceylon (Sri Lanka),https://www.thenaturalsapphirecompany.com/blue-sapphires/1.06ct-ceylon-sri-lankan-round-blue-sapphire-s28942/
S28943,3225.0,2500.0,1.29,6.28,6.26,4.34,Blue,Vivid,Very Slightly Included,Round,Mixed Brilliant Cut,Heat Treated,Ceylon (Sri Lanka),https://www.thenaturalsapphirecompany.com/blue-sapphires/1.29ct-ceylon-sri-lankan-round-blue-sapphire-s28943/
S28944,2600.0,2500.0,1.04,6.28,6.21,3.17,Blue,Vivid,Very Slightly Included,Round,Mixed Brilliant Cut,Heat Treated,Ceylon (Sri Lanka),https://www.thenaturalsapphirecompany.com/blue-sapphires/1.04ct-ceylon-sri-lankan-round-blue-sapphire-s28944/
S28945,2900.0,2500.0,1.16,5.97,5.98,4.04,Blue,Vivid,Very Slightly Included,Round,Mixed Brilliant Cut,Heat Treated,Ceylon (Sri Lanka),https://www.thenaturalsapphirecompany.com/blue-sapphires/1.16ct-ceylon-sri-lankan-round-blue-sapphire-s28945/
S28946,2075.0,2500.0,0.83,6.0,5.98,3.12,Blue,Intense,Very Slightly Included,Round,Mixed Brilliant Cut,Heat Treated,Ceylon (Sri Lanka),https://www.thenaturalsapphirecompany.com/blue-sapphires/0.83ct-ceylon-sri-lankan-round-blue-sapphire-s28946/
S28948,1116.0,1200.0,0.93,7.05,5.06,3.34,Blue,Dark,Very Very Slightly Included,Pear,Mixed Brilliant Cut,Heat Treated,Ceylon (Sri Lanka),https://www.thenaturalsapphirecompany.com/blue-sapphires/0.93ct-ceylon-sri-lankan-pear-blue-sapphire-s28948/
S28949,1260.0,1200.0,1.05,6.97,5.89,3.53,Blue,Dark,Very Very Slightly Included,Pear,Mixed Brilliant Cut,Heat Treated,Ceylon (Sri Lanka),https://www.thenaturalsapphirecompany.com/blue-sapphires/1.05ct-ceylon-sri-lankan-pear-blue-sapphire-s28949/
S28950,1357.0,1201.0,1.13,7.88,5.89,3.27,Blue,Dark,Very Very Slightly Included,Pear,Mixed Brilliant Cut,Heat Treated,Ceylon (Sri Lanka),https://www.thenaturalsapphirecompany.com/blue-sapphires/1.13ct-ceylon-sri-lankan-pear-blue-sapphire-s28950/
S28951,1548.0,1200.0,1.29,8.01,6.1,3.83,Blue,Vivid,Very Very Slightly Included,Pear,Mixed Brilliant Cut,Heat Treated,Ceylon (Sri Lanka),https://www.thenaturalsapphirecompany.com/blue-sapphires/1.29ct-ceylon-sri-lankan-pear-blue-sapphire-s28951/
S28952,1164.0,1200.0,0.97,8.18,5.8,2.81,Blue,Intense,Very Slightly Included,Pear,Mixed Brilliant Cut,Heat Treated,Ceylon (Sri Lanka),https://www.thenaturalsapphirecompany.com/blue-sapphires/0.97ct-ceylon-sri-lankan-pear-blue-sapphire-s28952/
S28959,1100.0,1000.0,1.1,6.2,5.4,3.23,Greenish Blue,Medium,Very Very Slightly Included,Emerald Cut,Emerald Cut,No Enhancement,Ceylon (Sri Lanka),https://www.thenaturalsapphirecompany.com/blue-sapphires/1.10ct-ceylon-sri-lankan-emerald-cut-greenish-blue-sapphire-s28959/
S28961,1540.0,1000.0,1.54,7.48,6.39,3.67,Bluish Green,Intense,Very Very Slightly Included,Emerald Cut,Emerald Cut,Heat Treated,Ceylon (Sri Lanka),https://www.thenaturalsapphirecompany.com/blue-sapphires/1.54ct-ceylon-sri-lankan-emerald-cut-bluish-green-sapphire-s28961/
S28967,1848.0,1200.0,1.54,7.86,5.56,3.74,Greenish Blue,Intense,Eye Clean,Cushion,Mixed Brilliant Cut,Heat Treated,Ceylon (Sri Lanka),https://www.thenaturalsapphirecompany.com/blue-sapphires/1.54ct-ceylon-sri-lankan-cushion-greenish-blue-sapphire-s28967/
S31674,8568.0,2720.0,3.15,8.98,8.08,4.86,Blue,Vivid,Very Very Slightly Included,Cushion,Mixed Brilliant Cut,Heat Treated,Ceylon (Sri Lanka),https://www.thenaturalsapphirecompany.com/blue-sapphires/3.15ct-ceylon-sri-lankan-cushion-blue-sapphire-s31674/
S31675,8874.0,3400.0,2.61,7.63,6.76,5.22,Blue,Intense,Very Slightly Included,Cushion,Mixed Brilliant Cut,No Enhancement,Ceylon (Sri Lanka),https://www.thenaturalsapphirecompany.com/blue-sapphires/2.61ct-ceylon-sri-lankan-cushion-blue-sapphire-s31675/
S31676,12049.0,2975.0,4.05,10.87,8.83,4.84,Blue,Vivid,Eye Clean,Oval,Mixed Brilliant Cut,Heat Treated,Ceylon (Sri Lanka),https://www.thenaturalsapphirecompany.com/blue-sapphires/4.05ct-ceylon-sri-lankan-oval-blue-sapphire-s31676/
S31677,11164.0,3145.0,3.55,9.46,7.8,5.58,Blue,Vivid,Very Slightly Included,Oval,Mixed Brilliant Cut,Heat Treated,Ceylon (Sri Lanka),https://www.thenaturalsapphirecompany.com/blue-sapphires/3.55ct-ceylon-sri-lankan-oval-blue-sapphire-s31677/
S48037,2730.0,1300.0,2.1,7.51,5.64,4.54,Color Change,Intense,Slightly Included,Cushion,Mixed Brilliant Cut,No Enhancement,Ceylon (Sri Lanka),https://www.thenaturalsapphirecompany.com/blue-sapphires/2.10ct-ceylon-sri-lankan-cushion-color-change-sapphire-s48037/
B17548,332.0,400.0,0.83,7.07,5.13,3.06,Color Change,Vivid,Very Slightly Included,Oval,Mixed Brilliant Cut,Heat Treated,Ceylon (Sri Lanka),https://www.thenaturalsapphirecompany.com/blue-sapphires/0.83ct-ceylon-sri-lankan-oval-color-change-sapphire-b17548/
B17549,437.0,451.0,0.97,7.14,5.15,3.53,Bluish Purple,Intense,Very Slightly Included,Oval,Mixed Brilliant Cut,Heat Treated,Ceylon (Sri Lanka),https://www.thenaturalsapphirecompany.com/blue-sapphires/0.97ct-ceylon-sri-lankan-oval-bluish-purple-sapphire-b17549/
B17551,189.0,350.0,0.54,6.23,4.17,2.76,Color Change,Dark,Eye Clean,Oval,Mixed Brilliant Cut,Heat Treated,Ceylon (Sri Lanka),https://www.thenaturalsapphirecompany.com/blue-sapphires/0.54ct-ceylon-sri-lankan-oval-color-change-sapphire-b17551/
S45269,11098.0,2890.0,3.84,9.48,6.78,6.34,Blue,Intense,Very Slightly Included,Cushion,Mixed Brilliant Cut,No Enhancement,Ceylon (Sri Lanka),https://www.thenaturalsapphirecompany.com/blue-sapphires/3.84ct-ceylon-sri-lankan-cushion-blue-sapphire-s45269/
B17565,6785.0,2081.0,3.26,9.9,8.34,4.22,Blue,Dark,Very Slightly Included,Oval,Mixed Brilliant Cut,Heat Treated,Ceylon (Sri Lanka),https://www.thenaturalsapphirecompany.com/blue-sapphires/3.26ct-ceylon-sri-lankan-oval-blue-sapphire-b17565/
B17566,4568.0,1872.0,2.44,8.71,7.45,4.57,Blue,Intense,Slightly Included,Pear,Mixed Brilliant Cut,Heat Treated,Ceylon (Sri Lanka),https://www.thenaturalsapphirecompany.com/blue-sapphires/2.44ct-ceylon-sri-lankan-pear-blue-sapphire-b17566/
S8539,1965.0,1500.0,1.31,6.99,6.95,3.83,Blue,Vivid,Very Slightly Included,Round,Mixed Brilliant Cut,Heat Treated,Ceylon (Sri Lanka),https://www.thenaturalsapphirecompany.com/blue-sapphires/1.31ct-ceylon-sri-lankan-round-blue-sapphire-s8539/
S9419,9697.0,3910.0,2.48,7.21,7.21,5.05,Blue,Vivid,Very Slightly Included,Cushion,Mixed Brilliant Cut,Heat Treated,Ceylon (Sri Lanka),https://www.thenaturalsapphirecompany.com/blue-sapphires/2.48ct-ceylon-sri-lankan-cushion-blue-sapphire-s9419/
S9430,6566.0,3608.0,1.82,6.56,6.55,4.65,Blue,Intense,Very Slightly Included,Cushion,Mixed Brilliant Cut,Heat Treated,Ceylon (Sri Lanka),https://www.thenaturalsapphirecompany.com/blue-sapphires/1.82ct-ceylon-sri-lankan-cushion-blue-sapphire-s9430/
S8558,26087.0,4950.0,5.27,12.29,9.71,5.02,Blue,Vivid,Eye Clean,Oval,Mixed Brilliant Cut,Heat Treated,Ceylon (Sri Lanka),https://www.thenaturalsapphirecompany.com/blue-sapphires/5.27ct-ceylon-sri-lankan-oval-blue-sapphire-s8558/
S8561,18444.0,8910.0,2.07,8.21,6.29,4.13,Blue,Vivid,Very Slightly Included,Cushion,Mixed Brilliant Cut,No Enhancement,Ceylon (Sri Lanka),https://www.thenaturalsapphirecompany.com/blue-sapphires/2.07ct-ceylon-sri-lankan-cushion-blue-sapphire-s8561/
S8565,9520.0,5950.0,1.6,8.13,5.92,3.41,Blue,Intense,Eye Clean,Cushion,Mixed Brilliant Cut,No Enhancement,Ceylon (Sri Lanka),https://www.thenaturalsapphirecompany.com/blue-sapphires/1.60ct-ceylon-sri-lankan-cushion-blue-sapphire-s8565/
S8590,9198.0,2035.0,4.52,9.45,7.88,5.92,Bluish Green,Vivid,Eye Clean,Emerald Cut,Emerald Cut,Heat Treated,Ceylon (Sri Lanka),https://www.thenaturalsapphirecompany.com/blue-sapphires/4.52ct-ceylon-sri-lankan-emerald-cut-bluish-green-sapphire-s8590/
U14701,11353.0,1615.0,7.03,10.99,10.95,6.81,Bluish Green,Vivid,Eye Clean,Round,Mixed Brilliant Cut,Heat Treated,Ceylon (Sri Lanka),https://www.thenaturalsapphirecompany.com/blue-sapphires/7.03ct-ceylon-sri-lankan-round-bluish-green-sapphire-u14701/
U14704,312.0,439.0,0.71,6.04,4.52,3.02,Color Change,Dark,Very Slightly Included,Oval,Mixed Brilliant Cut,Heat Treated,Ceylon (Sri Lanka),https://www.thenaturalsapphirecompany.com/blue-sapphires/0.71ct-ceylon-sri-lankan-oval-color-change-sapphire-u14704/
U14708,120.0,200.0,0.6,5.17,3.7,3.08,Bluish Green,Intense,Very Slightly Included,Emerald Cut,Emerald Cut,Heat Treated,Ceylon (Sri Lanka),https://www.thenaturalsapphirecompany.com/blue-sapphires/0.60ct-ceylon-sri-lankan-emerald-cut-bluish-green-sapphire-u14708/
S47564,690.0,570.0,1.21,7.31,5.38,3.42,Bluish Green,Intense,Very Slightly Included,Oval,Mixed Brilliant Cut,Heat Treated,Madagascar,https://www.thenaturalsapphirecompany.com/blue-sapphires/1.21ct-madagascar-oval-bluish-green-sapphire-s47564/
S47747,1500.0,1339.0,1.12,6.17,4.67,3.9,Blue,Intense,Slightly Included,Radiant,Radiant Cut,Heat Treated,Ceylon (Sri Lanka),https://www.thenaturalsapphirecompany.com/blue-sapphires/1.12ct-ceylon-sri-lankan-radiant-blue-sapphire-s47747/
B5745,16779.0,5100.0,3.29,9.58,6.83,5.88,Blue,Vivid,Very Slightly Included,Oval,Mixed Brilliant Cut,No Enhancement,Madagascar,https://www.thenaturalsapphirecompany.com/blue-sapphires/3.29ct-madagascar-oval-blue-sapphire-b5745/
S14270,22869.0,3713.0,6.16,10.57,10.31,6.43,Blue,Intense,Eye Clean,Cushion,Mixed Brilliant Cut,Heat Treated,Ceylon (Sri Lanka),https://www.thenaturalsapphirecompany.com/blue-sapphires/6.16ct-ceylon-sri-lankan-cushion-blue-sapphire-s14270/
B17532,228.0,351.0,0.65,6.68,4.58,2.97,Color Change,Dark,Very Slightly Included,Oval,Mixed Brilliant Cut,Heat Treated,Ceylon (Sri Lanka),https://www.thenaturalsapphirecompany.com/blue-sapphires/0.65ct-ceylon-sri-lankan-oval-color-change-sapphire-b17532/
B17533,228.0,351.0,0.65,6.02,4.07,3.43,Color Change,Vivid,Eye Clean,Oval,Mixed Brilliant Cut,Heat Treated,Ceylon (Sri Lanka),https://www.thenaturalsapphirecompany.com/blue-sapphires/0.65ct-ceylon-sri-lankan-oval-color-change-sapphire-b17533/
B17535,152.0,220.0,0.69,6.58,4.65,3.15,Blue,Intense,Very Slightly Included,Oval,Mixed Brilliant Cut,Heat Treated,Ceylon (Sri Lanka),https://www.thenaturalsapphirecompany.com/blue-sapphires/0.69ct-ceylon-sri-lankan-oval-blue-sapphire-b17535/
B17536,304.0,400.0,0.76,6.69,4.52,3.19,Blue,Vivid,Eye Clean,Oval,Mixed Brilliant Cut,Heat Treated,Ceylon (Sri Lanka),https://www.thenaturalsapphirecompany.com/blue-sapphires/0.76ct-ceylon-sri-lankan-oval-blue-sapphire-b17536/
B17546,385.0,550.0,0.7,6.67,4.65,3.03,Purplish Blue,Intense,Slightly Included,Oval,Mixed Brilliant Cut,No Enhancement,Ceylon (Sri Lanka),https://www.thenaturalsapphirecompany.com/blue-sapphires/0.70ct-ceylon-sri-lankan-oval-purplish-blue-sapphire-b17546/
B17547,277.0,351.0,0.79,7.05,4.99,2.83,Purplish Blue,Intense,Eye Clean,Oval,Mixed Brilliant Cut,Heat Treated,Ceylon (Sri Lanka),https://www.thenaturalsapphirecompany.com/blue-sapphires/0.79ct-ceylon-sri-lankan-oval-purplish-blue-sapphire-b17547/
S47651,3520.0,1000.0,3.52,9.46,6.99,5.17,Color Change,Medium,Very Slightly Included,Emerald Cut,Emerald Cut,Heat Treated,East Africa,https://www.thenaturalsapphirecompany.com/blue-sapphires/3.52ct-east-african-emerald-cut-color-change-sapphire-s47651/
S47654,3470.0,1350.0,2.57,10.27,7.5,3.83,Bluish Green,Intense,Eye Clean,Oval,Mixed Brilliant Cut,Heat Treated,Madagascar,https://www.thenaturalsapphirecompany.com/blue-sapphires/2.57ct-madagascar-oval-bluish-green-sapphire-s47654/
S47655,699.0,518.0,1.35,7.15,6.11,4.16,Bluish Green,Intense,Slightly Included,Pear,Mixed Brilliant Cut,No Enhancement,Africa,https://www.thenaturalsapphirecompany.com/blue-sapphires/1.35ct-african-pear-bluish-green-sapphire-s47655/
S47656,700.0,534.0,1.31,6.84,5.57,3.8,Greenish Blue,Intense,Slightly Included,Cushion,Mixed Brilliant Cut,No Enhancement,Africa,https://www.thenaturalsapphirecompany.com/blue-sapphires/1.31ct-african-cushion-greenish-blue-sapphire-s47656/
S47657,600.0,541.0,1.11,6.59,5.14,3.36,Bluish Green,Intense,Very Slightly Included,Radiant,Radiant Cut,No Enhancement,Africa,https://www.thenaturalsapphirecompany.com/blue-sapphires/1.11ct-african-radiant-bluish-green-sapphire-s47657/
S47658,599.0,576.0,1.04,6.94,5.14,3.64,Bluish Green,Intense,Slightly Included,Oval,Mixed Brilliant Cut,No Enhancement,Africa,https://www.thenaturalsapphirecompany.com/blue-sapphires/1.04ct-african-oval-bluish-green-sapphire-s47658/
S47659,600.0,600.0,1.0,5.66,5.71,3.75,Greenish Blue,Intense,Slightly Included,Round,Mixed Brilliant Cut,No Enhancement,Africa,https://www.thenaturalsapphirecompany.com/blue-sapphires/1.00ct-african-round-greenish-blue-sapphire-s47659/
S47661,601.0,546.0,1.1,5.84,5.39,3.68,Bluish Green,Intense,Eye Clean,Fancy,Step Cut,No Enhancement,Africa,https://www.thenaturalsapphirecompany.com/blue-sapphires/1.10ct-african-fancy-bluish-green-sapphire-s47661/
S47663,651.0,556.0,1.17,6.66,4.96,3.49,Greenish Blue,Intense,Eye Clean,Emerald Cut,Emerald Cut,No Enhancement,Africa,https://www.thenaturalsapphirecompany.com/blue-sapphires/1.17ct-african-emerald-cut-greenish-blue-sapphire-s47663/
S47666,995.0,930.0,1.07,6.52,4.56,3.47,Greenish Blue,Intense,Eye Clean,Cushion,Mixed Brilliant Cut,No Enhancement,Madagascar,https://www.thenaturalsapphirecompany.com/blue-sapphires/1.07ct-madagascar-cushion-greenish-blue-sapphire-s47666/
S47667,11886.0,3910.0,3.04,1.0,1.0,1.0,Blue,Vivid,Eye Clean,Oval,Mixed Brilliant Cut,Heat Treated,Ceylon (Sri Lanka),https://www.thenaturalsapphirecompany.com/blue-sapphires/3.04ct-ceylon-sri-lankan-oval-blue-sapphire-s47667/
S47668,1199.0,1090.0,1.1,5.74,4.59,4.33,Blue,Medium,Very Very Slightly Included,Emerald Cut,Emerald Cut,Heat Treated,Tanzania,https://www.thenaturalsapphirecompany.com/blue-sapphires/1.10ct-tanzanian-emerald-cut-blue-sapphire-s47668/
S47670,1700.0,1405.0,1.21,7.44,5.05,3.94,Purplish Blue,Intense,Very Slightly Included,Oval,Mixed Brilliant Cut,No Enhancement,Tanzania,https://www.thenaturalsapphirecompany.com/blue-sapphires/1.21ct-tanzanian-oval-purplish-blue-sapphire-s47670/
S47671,2000.0,1770.0,1.13,5.94,6.78,3.97,Blue,Medium,Very Very Slightly Included,Heart,Mixed Brilliant Cut,No Enhancement,Tanzania,https://www.thenaturalsapphirecompany.com/blue-sapphires/1.13ct-tanzanian-heart-blue-sapphire-s47671/
S47672,1000.0,610.0,1.64,7.76,6.28,4.12,Blue,Light,Slightly Included,Oval,Mixed Brilliant Cut,No Enhancement,Madagascar,https://www.thenaturalsapphirecompany.com/blue-sapphires/1.64ct-madagascar-oval-blue-sapphire-s47672/
S47674,500.0,490.0,1.02,5.77,4.97,3.7,Bluish Green,Intense,Very Slightly Included,Asscher - Octagon,Asscher Cut,Heat Treated,Madagascar,https://www.thenaturalsapphirecompany.com/blue-sapphires/1.02ct-madagascar-asscher-octagon-bluish-green-sapphire-s47674/
S10159,9163.0,3607.0,2.54,7.92,7.06,5.02,Blue,Intense,Eye Clean,Cushion,Mixed Brilliant Cut,Heat Treated,Ceylon (Sri Lanka),https://www.thenaturalsapphirecompany.com/blue-sapphires/2.54ct-ceylon-sri-lankan-cushion-blue-sapphire-s10159/
S8487,17718.0,4290.0,4.13,9.85,7.73,6.39,Color Change,Medium,Eye Clean,Oval,Mixed Brilliant Cut,No Enhancement,Ceylon (Sri Lanka),https://www.thenaturalsapphirecompany.com/blue-sapphires/4.13ct-ceylon-sri-lankan-oval-color-change-sapphire-s8487/
S8503,8714.0,2775.0,3.14,10.55,7.11,5.72,Blue,Vivid,Very Slightly Included,Pear,Mixed Brilliant Cut,Heat Treated,Ceylon (Sri Lanka),https://www.thenaturalsapphirecompany.com/blue-sapphires/3.14ct-ceylon-sri-lankan-pear-blue-sapphire-s8503/
S8504,5108.0,2035.0,2.51,10.63,6.58,4.63,Blue,Intense,Very Slightly Included,Pear,Mixed Brilliant Cut,Heat Treated,Ceylon (Sri Lanka),https://www.thenaturalsapphirecompany.com/blue-sapphires/2.51ct-ceylon-sri-lankan-pear-blue-sapphire-s8504/
S8509,2166.0,1900.0,1.14,6.86,5.21,3.46,Blue,Intense,Very Slightly Included,Cushion,Mixed Brilliant Cut,Heat Treated,Ceylon (Sri Lanka),https://www.thenaturalsapphirecompany.com/blue-sapphires/1.14ct-ceylon-sri-lankan-cushion-blue-sapphire-s8509/
S8520,7048.0,2775.0,2.54,8.94,7.54,4.12,Blue,Intense,Very Slightly Included,Oval,Mixed Brilliant Cut,Heat Treated,Ceylon (Sri Lanka),https://www.thenaturalsapphirecompany.com/blue-sapphires/2.54ct-ceylon-sri-lankan-oval-blue-sapphire-s8520/
S8524,6638.0,2220.0,2.99,8.94,8.02,5.01,Blue,Vivid,Slightly Included,Oval,Mixed Brilliant Cut,Heat Treated,Ceylon (Sri Lanka),https://www.thenaturalsapphirecompany.com/blue-sapphires/2.99ct-ceylon-sri-lankan-oval-blue-sapphire-s8524/
S8529,2928.0,1600.0,1.83,7.89,6.23,4.58,Blue,Intense,Very Slightly Included,Oval,Mixed Brilliant Cut,Heat Treated,Ceylon (Sri Lanka),https://www.thenaturalsapphirecompany.com/blue-sapphires/1.83ct-ceylon-sri-lankan-oval-blue-sapphire-s8529/
B17485,9901.0,4420.0,2.24,8.96,6.67,4.15,Blue,Intense,Very Slightly Included,Cushion,Mixed Brilliant Cut,No Enhancement,Ceylon (Sri Lanka),https://www.thenaturalsapphirecompany.com/blue-sapphires/2.24ct-ceylon-sri-lankan-cushion-blue-sapphire-b17485/
B17492,311.0,451.0,0.69,6.98,4.89,3.19,Blue,Intense,Very Slightly Included,Pear,Mixed Brilliant Cut,Heat Treated,Ceylon (Sri Lanka),https://www.thenaturalsapphirecompany.com/blue-sapphires/0.69ct-ceylon-sri-lankan-pear-blue-sapphire-b17492/
B17493,320.0,400.0,0.8,6.66,4.64,3.46,Blue,Intense,Eye Clean,Oval,Mixed Brilliant Cut,Heat Treated,Ceylon (Sri Lanka),https://www.thenaturalsapphirecompany.com/blue-sapphires/0.80ct-ceylon-sri-lankan-oval-blue-sapphire-b17493/
B17496,245.0,350.0,0.7,7.0,4.98,3.14,Blue,Medium,Very Slightly Included,Pear,Mixed Brilliant Cut,Heat Treated,Ceylon (Sri Lanka),https://www.thenaturalsapphirecompany.com/blue-sapphires/0.70ct-ceylon-sri-lankan-pear-blue-sapphire-b17496/
B17498,329.0,451.0,0.73,6.98,5.14,3.28,Blue,Intense,Very Slightly Included,Pear,Mixed Brilliant Cut,Heat Treated,Ceylon (Sri Lanka),https://www.thenaturalsapphirecompany.com/blue-sapphires/0.73ct-ceylon-sri-lankan-pear-blue-sapphire-b17498/
B17499,333.0,450.0,0.74,7.13,5.19,3.22,Blue,Intense,Very Slightly Included,Pear,Mixed Brilliant Cut,Heat Treated,Ceylon (Sri Lanka),https://www.thenaturalsapphirecompany.com/blue-sapphires/0.74ct-ceylon-sri-lankan-pear-blue-sapphire-b17499/
B17500,338.0,451.0,0.75,7.0,5.07,3.26,Blue,Intense,Very Slightly Included,Pear,Mixed Brilliant Cut,Heat Treated,Ceylon (Sri Lanka),https://www.thenaturalsapphirecompany.com/blue-sapphires/0.75ct-ceylon-sri-lankan-pear-blue-sapphire-b17500/
B17501,338.0,451.0,0.75,6.91,5.05,3.45,Blue,Intense,Very Slightly Included,Pear,Mixed Brilliant Cut,Heat Treated,Ceylon (Sri Lanka),https://www.thenaturalsapphirecompany.com/blue-sapphires/0.75ct-ceylon-sri-lankan-pear-blue-sapphire-b17501/
B17514,410.0,651.0,0.63,5.53,5.78,3.26,Blue,Vivid,Very Slightly Included,Trillion,Trillion Cut,Heat Treated,Ceylon (Sri Lanka),https://www.thenaturalsapphirecompany.com/blue-sapphires/0.63ct-ceylon-sri-lankan-trillion-blue-sapphire-b17514/
B17515,256.0,351.0,0.73,5.52,5.38,3.53,Blue,Light,Slightly Included,Trillion,Trillion Cut,Heat Treated,Ceylon (Sri Lanka),https://www.thenaturalsapphirecompany.com/blue-sapphires/0.73ct-ceylon-sri-lankan-trillion-blue-sapphire-b17515/
B17517,664.0,800.0,0.83,6.06,5.96,3.32,Blue,Vivid,Slightly Included,Trillion,Trillion Cut,Heat Treated,Ceylon (Sri Lanka),https://www.thenaturalsapphirecompany.com/blue-sapphires/0.83ct-ceylon-sri-lankan-trillion-blue-sapphire-b17517/
B17521,540.0,600.0,0.9,6.02,6.1,3.69,Blue,Intense,Very Slightly Included,Trillion,Trillion Cut,Heat Treated,Ceylon (Sri Lanka),https://www.thenaturalsapphirecompany.com/blue-sapphires/0.90ct-ceylon-sri-lankan-trillion-blue-sapphire-b17521/
B17527,7187.0,3237.0,2.22,7.85,7.64,4.19,Blue,Vivid,Eye Clean,Cushion,Mixed Brilliant Cut,Heat Treated,Ceylon (Sri Lanka),https://www.thenaturalsapphirecompany.com/blue-sapphires/2.22ct-ceylon-sri-lankan-cushion-blue-sapphire-b17527/
B17465,4870.0,3607.0,1.35,6.66,5.27,4.03,Blue,Intense,Very Slightly Included,Emerald Cut,Emerald Cut,Heat Treated,Ceylon (Sri Lanka),https://www.thenaturalsapphirecompany.com/blue-sapphires/1.35ct-ceylon-sri-lankan-emerald-cut-blue-sapphire-b17465/
B17466,2970.0,2700.0,1.1,6.79,5.4,3.75,Blue,Vivid,Very Slightly Included,Oval,Mixed Brilliant Cut,Heat Treated,Ceylon (Sri Lanka),https://www.thenaturalsapphirecompany.com/blue-sapphires/1.10ct-ceylon-sri-lankan-oval-blue-sapphire-b17466/
S34456,551.0,592.0,0.93,6.84,4.71,4.09,Bluish Green,Intense,Very Slightly Included,Pear,Mixed Brilliant Cut,Heat Treated,Madagascar,https://www.thenaturalsapphirecompany.com/blue-sapphires/0.93ct-madagascar-pear-bluish-green-sapphire-s34456/
S34457,799.0,754.0,1.06,7.87,5.17,3.49,Bluish Green,Medium,Very Slightly Included,Pear,Mixed Brilliant Cut,Heat Treated,Madagascar,https://www.thenaturalsapphirecompany.com/blue-sapphires/1.06ct-madagascar-pear-bluish-green-sapphire-s34457/
S34458,701.0,708.0,0.99,6.63,5.42,3.27,Bluish Green,Intense,Very Slightly Included,Oval,Mixed Brilliant Cut,Heat Treated,Madagascar,https://www.thenaturalsapphirecompany.com/blue-sapphires/0.99ct-madagascar-oval-bluish-green-sapphire-s34458/
S34459,1100.0,982.0,1.12,6.94,5.12,3.75,Bluish Green,Vivid,Very Slightly Included,Oval,Mixed Brilliant Cut,Heat Treated,Madagascar,https://www.thenaturalsapphirecompany.com/blue-sapphires/1.12ct-madagascar-oval-bluish-green-sapphire-s34459/
S3446,174.0,300.0,0.58,6.11,4.18,2.98,Blue,Medium,Very Slightly Included,Oval,Mixed Brilliant Cut,Heat Treated,Ceylon (Sri Lanka),https://www.thenaturalsapphirecompany.com/blue-sapphires/0.58ct-ceylon-sri-lankan-oval-blue-sapphire-s3446/
S37840,3088.0,1600.0,1.93,6.87,6.5,4.68,Blue,Light,Eye Clean,Asscher - Octagon,Asscher Cut,No Enhancement,Ceylon (Sri Lanka),https://www.thenaturalsapphirecompany.com/blue-sapphires/1.93ct-ceylon-sri-lankan-asscher-octagon-blue-sapphire-s37840/
S37844,3328.0,1600.0,2.08,7.67,7.83,4.28,Blue,Intense,Very Slightly Included,Heart,Mixed Brilliant Cut,No Enhancement,Ceylon (Sri Lanka),https://www.thenaturalsapphirecompany.com/blue-sapphires/2.08ct-ceylon-sri-lankan-heart-blue-sapphire-s37844/
S37845,2392.0,1450.0,1.65,7.02,6.38,4.15,Blue,Medium,Very Very Slightly Included,Cushion,Mixed Brilliant Cut,No Enhancement,Ceylon (Sri Lanka),https://www.thenaturalsapphirecompany.com/blue-sapphires/1.65ct-ceylon-sri-lankan-cushion-blue-sapphire-s37845/
S37846,2170.0,1400.0,1.55,6.23,6.01,4.0,Blue,Light,Very Very Slightly Included,Princess,Princess Cut,No Enhancement,Ceylon (Sri Lanka),https://www.thenaturalsapphirecompany.com/blue-sapphires/1.55ct-ceylon-sri-lankan-princess-blue-sapphire-s37846/
S37856,3500.0,1400.0,2.5,8.51,6.3,4.79,Bluish Green,Intense,Very Slightly Included,Emerald Cut,Emerald Cut,Heat Treated,Madagascar,https://www.thenaturalsapphirecompany.com/blue-sapphires/2.50ct-madagascar-emerald-cut-bluish-green-sapphire-s37856/
S40962,494.0,350.0,1.41,6.24,5.36,4.27,Bluish Green,Intense,Very Very Slightly Included,Cushion,Mixed Brilliant Cut,Heat Treated,Africa,https://www.thenaturalsapphirecompany.com/blue-sapphires/1.41ct-african-cushion-bluish-green-sapphire-s40962/
S40969,698.0,450.0,1.55,7.86,5.54,4.18,Bluish Green,Intense,Very Very Slightly Included,Oval,Mixed Brilliant Cut,No Enhancement,Africa,https://www.thenaturalsapphirecompany.com/blue-sapphires/1.55ct-african-oval-bluish-green-sapphire-s40969/
S40972,300.0,357.0,0.84,6.54,4.89,3.67,Blue,Medium,Very Slightly Included,Pear,Mixed Brilliant Cut,No Enhancement,Ceylon (Sri Lanka),https://www.thenaturalsapphirecompany.com/blue-sapphires/0.84ct-ceylon-sri-lankan-pear-blue-sapphire-s40972/
S40973,220.0,489.0,0.45,4.94,5.83,2.66,Blue,Intense,Very Very Slightly Included,Fancy,Step Cut,No Enhancement,Ceylon (Sri Lanka),https://www.thenaturalsapphirecompany.com/blue-sapphires/0.45ct-ceylon-sri-lankan-fancy-blue-sapphire-s40973/
S40974,800.0,516.0,1.55,7.08,5.31,3.53,Blue,Dark,Very Very Slightly Included,Emerald Cut,Emerald Cut,No Enhancement,Ceylon (Sri Lanka),https://www.thenaturalsapphirecompany.com/blue-sapphires/1.55ct-ceylon-sri-lankan-emerald-cut-blue-sapphire-s40974/
S40975,360.0,387.0,0.93,6.73,4.05,4.11,Blue,Medium,Slightly Included,Pear,Mixed Brilliant Cut,No Enhancement,Ceylon (Sri Lanka),https://www.thenaturalsapphirecompany.com/blue-sapphires/0.93ct-ceylon-sri-lankan-pear-blue-sapphire-s40975/
S40978,103932.0,7345.0,14.15,16.6,12.58,8.01,Blue,Vivid,Eye Clean,Oval,Mixed Brilliant Cut,Heat Treated,Ceylon (Sri Lanka),https://www.thenaturalsapphirecompany.com/blue-sapphires/14.15ct-ceylon-sri-lankan-oval-blue-sapphire-s40978/
S40980,5672.0,2590.0,2.19,8.24,6.57,4.99,Blue,Vivid,Very Very Slightly Included,Oval,Mixed Brilliant Cut,Heat Treated,Ceylon (Sri Lanka),https://www.thenaturalsapphirecompany.com/blue-sapphires/2.19ct-ceylon-sri-lankan-oval-blue-sapphire-s40980/
S43623,2110.0,1000.0,2.11,11.75,6.03,3.84,Greenish Blue,Intense,Slightly Included,Marquise,Mixed Brilliant Cut,No Enhancement,Madagascar,https://www.thenaturalsapphirecompany.com/blue-sapphires/2.11ct-madagascar-marquise-greenish-blue-sapphire-s43623/
S43627,392.0,400.0,0.98,6.86,5.11,3.49,Blue,Intense,Slightly Included,Oval,Mixed Brilliant Cut,No Enhancement,Ceylon (Sri Lanka),https://www.thenaturalsapphirecompany.com/blue-sapphires/0.98ct-ceylon-sri-lankan-oval-blue-sapphire-s43627/
S43634,1674.0,1080.0,1.55,7.36,5.38,3.73,Blue,Light,Eye Clean,Emerald Cut,Emerald Cut,Heat Treated,Ceylon (Sri Lanka),https://www.thenaturalsapphirecompany.com/blue-sapphires/1.55ct-ceylon-sri-lankan-emerald-cut-blue-sapphire-s43634/
S43635,196.0,200.0,0.98,5.72,5.73,3.83,Bluish Green,Intense,Slightly Included,Round,Mixed Brilliant Cut,Heat Treated,Madagascar,https://www.thenaturalsapphirecompany.com/blue-sapphires/0.98ct-madagascar-round-bluish-green-sapphire-s43635/
S43636,372.0,300.0,1.24,6.83,4.84,3.27,Bluish Green,Intense,Very Slightly Included,Emerald Cut,Emerald Cut,No Enhancement,Madagascar,https://www.thenaturalsapphirecompany.com/blue-sapphires/1.24ct-madagascar-emerald-cut-bluish-green-sapphire-s43636/
S43638,660.0,500.0,1.32,7.33,4.65,3.7,Greenish Blue,Intense,Slightly Included,Emerald Cut,Emerald Cut,No Enhancement,Madagascar,https://www.thenaturalsapphirecompany.com/blue-sapphires/1.32ct-madagascar-emerald-cut-greenish-blue-sapphire-s43638/
S45630,210.0,158.0,1.33,7.55,4.65,3.6,Blue,Intense,Slightly Included,Emerald Cut,Checkerboard Cut,No Enhancement,Ceylon (Sri Lanka),https://www.thenaturalsapphirecompany.com/blue-sapphires/1.33ct-ceylon-sri-lankan-emerald-cut-blue-sapphire-s45630/
S45632,140.0,341.0,0.41,4.69,3.64,2.56,Blue,Intense,Very Slightly Included,Emerald Cut,Emerald Cut,No Enhancement,Ceylon (Sri Lanka),https://www.thenaturalsapphirecompany.com/blue-sapphires/0.41ct-ceylon-sri-lankan-emerald-cut-blue-sapphire-s45632/
S45633,100.0,164.0,0.61,5.07,3.59,3.19,Violet,Intense,Slightly Included,Emerald Cut,Emerald Cut,No Enhancement,Ceylon (Sri Lanka),https://www.thenaturalsapphirecompany.com/blue-sapphires/0.61ct-ceylon-sri-lankan-emerald-cut-violet-sapphire-s45633/
S45634,80.0,113.0,0.71,6.05,4.82,3.24,Violet,Intense,Very Very Slightly Included,Pear,Mixed Brilliant Cut,No Enhancement,Ceylon (Sri Lanka),https://www.thenaturalsapphirecompany.com/blue-sapphires/0.71ct-ceylon-sri-lankan-pear-violet-sapphire-s45634/
S45635,120.0,240.0,0.5,4.86,4.37,3.17,Blue,Medium,Very Very Slightly Included,Oval,Mixed Brilliant Cut,No Enhancement,Ceylon (Sri Lanka),https://www.thenaturalsapphirecompany.com/blue-sapphires/0.50ct-ceylon-sri-lankan-oval-blue-sapphire-s45635/
B17467,3570.0,3500.0,1.02,6.45,4.95,3.2,Blue,Vivid,Very Slightly Included,Emerald Cut,Emerald Cut,Heat Treated,Ceylon (Sri Lanka),https://www.thenaturalsapphirecompany.com/blue-sapphires/1.02ct-ceylon-sri-lankan-emerald-cut-blue-sapphire-b17467/
B17472,2646.0,2700.0,0.98,6.02,5.96,3.65,Blue,Vivid,Very Slightly Included,Round,Mixed Brilliant Cut,Heat Treated,Ceylon (Sri Lanka),https://www.thenaturalsapphirecompany.com/blue-sapphires/0.98ct-ceylon-sri-lankan-round-blue-sapphire-b17472/
B17473,2295.0,2700.0,0.85,5.99,5.96,3.13,Blue,Intense,Eye Clean,Round,Mixed Brilliant Cut,Heat Treated,Ceylon (Sri Lanka),https://www.thenaturalsapphirecompany.com/blue-sapphires/0.85ct-ceylon-sri-lankan-round-blue-sapphire-b17473/
B17395,13359.0,3315.0,4.03,8.56,7.8,6.41,Blue,Vivid,Very Slightly Included,Cushion,Mixed Brilliant Cut,Heat Treated,Madagascar,https://www.thenaturalsapphirecompany.com/blue-sapphires/4.03ct-madagascar-cushion-blue-sapphire-b17395/
B17322,340.0,500.0,0.68,5.19,4.24,3.5,Blue,Intense,Eye Clean,Radiant,Radiant Cut,Heat Treated,Ceylon (Sri Lanka),https://www.thenaturalsapphirecompany.com/blue-sapphires/0.68ct-ceylon-sri-lankan-radiant-blue-sapphire-b17322/
S20954,3434.0,1126.0,3.05,15.0,7.4,3.58,Bluish Green,Dark,Very Slightly Included,Marquise,Mixed Brilliant Cut,Heat Treated,Ceylon (Sri Lanka),https://www.thenaturalsapphirecompany.com/blue-sapphires/3.05ct-ceylon-sri-lankan-marquise-bluish-green-sapphire-s20954/
S20955,2346.0,2300.0,1.02,6.88,4.95,3.32,Blue,Vivid,Eye Clean,Emerald Cut,Emerald Cut,Heat Treated,Ceylon (Sri Lanka),https://www.thenaturalsapphirecompany.com/blue-sapphires/1.02ct-ceylon-sri-lankan-emerald-cut-blue-sapphire-s20955/
B17356,864.0,800.0,1.08,8.32,5.0,3.32,Blue,Intense,Very Slightly Included,Pear,Mixed Brilliant Cut,No Enhancement,Ceylon (Sri Lanka),https://www.thenaturalsapphirecompany.com/blue-sapphires/1.08ct-ceylon-sri-lankan-pear-blue-sapphire-b17356/
B17425,6083.0,2692.0,2.26,7.54,7.31,4.76,Blue,Vivid,Very Slightly Included,Cushion,Mixed Brilliant Cut,Heat Treated,Ceylon (Sri Lanka),https://www.thenaturalsapphirecompany.com/blue-sapphires/2.26ct-ceylon-sri-lankan-cushion-blue-sapphire-b17425/
B17461,4579.0,3053.0,1.5,6.59,5.98,4.49,Blue,Vivid,Very Slightly Included,Cushion,Mixed Brilliant Cut,Heat Treated,Ceylon (Sri Lanka),https://www.thenaturalsapphirecompany.com/blue-sapphires/1.50ct-ceylon-sri-lankan-cushion-blue-sapphire-b17461/
B17436,9529.0,3145.0,3.03,9.74,8.12,4.03,Blue,Vivid,Very Slightly Included,Cushion,Mixed Brilliant Cut,Heat Treated,Ceylon (Sri Lanka),https://www.thenaturalsapphirecompany.com/blue-sapphires/3.03ct-ceylon-sri-lankan-cushion-blue-sapphire-b17436/
S30470,4348.0,1850.0,2.35,7.42,6.63,5.42,Blue,Medium,Very Very Slightly Included,Cushion,Mixed Brilliant Cut,Heat Treated,Ceylon (Sri Lanka),https://www.thenaturalsapphirecompany.com/blue-sapphires/2.35ct-ceylon-sri-lankan-cushion-blue-sapphire-s30470/
S30471,3810.0,1500.0,2.54,7.63,7.41,4.61,Blue,Vivid,Very Very Slightly Included,Cushion,Mixed Brilliant Cut,Heat Treated,Ceylon (Sri Lanka),https://www.thenaturalsapphirecompany.com/blue-sapphires/2.54ct-ceylon-sri-lankan-cushion-blue-sapphire-s30471/
S30472,3811.0,1850.0,2.06,6.96,6.13,5.04,Blue,Vivid,Very Very Slightly Included,Cushion,Mixed Brilliant Cut,Heat Treated,Ceylon (Sri Lanka),https://www.thenaturalsapphirecompany.com/blue-sapphires/2.06ct-ceylon-sri-lankan-cushion-blue-sapphire-s30472/
S30475,1424.0,800.0,1.78,6.96,6.79,4.1,Blue,Light,Very Very Slightly Included,Cushion,Mixed Brilliant Cut,No Enhancement,Ceylon (Sri Lanka),https://www.thenaturalsapphirecompany.com/blue-sapphires/1.78ct-ceylon-sri-lankan-cushion-blue-sapphire-s30475/
S30476,1000.0,800.0,1.25,5.72,4.87,4.34,Blue,Vivid,Very Very Slightly Included,Emerald Cut,Emerald Cut,No Enhancement,Ceylon (Sri Lanka),https://www.thenaturalsapphirecompany.com/blue-sapphires/1.25ct-ceylon-sri-lankan-emerald-cut-blue-sapphire-s30476/
S30477,2320.0,1600.0,1.45,7.69,5.25,3.15,Blue,Medium,Very Very Slightly Included,Emerald Cut,Emerald Cut,No Enhancement,Ceylon (Sri Lanka),https://www.thenaturalsapphirecompany.com/blue-sapphires/1.45ct-ceylon-sri-lankan-emerald-cut-blue-sapphire-s30477/
B17197,2508.0,2200.0,1.14,6.7,5.94,3.68,Blue,Intense,Very Slightly Included,Oval,Mixed Brilliant Cut,No Enhancement,Ceylon (Sri Lanka),https://www.thenaturalsapphirecompany.com/blue-sapphires/1.14ct-ceylon-sri-lankan-oval-blue-sapphire-b17197/
B17201,1547.0,1300.0,1.19,7.21,4.97,3.7,Blue,Vivid,Very Slightly Included,Oval,Mixed Brilliant Cut,Heat Treated,Ceylon (Sri Lanka),https://www.thenaturalsapphirecompany.com/blue-sapphires/1.19ct-ceylon-sri-lankan-oval-blue-sapphire-b17201/
B17208,1340.0,1000.0,1.34,7.58,5.92,3.19,Blue,Intense,Slightly Included,Oval,Mixed Brilliant Cut,Heat Treated,Ceylon (Sri Lanka),https://www.thenaturalsapphirecompany.com/blue-sapphires/1.34ct-ceylon-sri-lankan-oval-blue-sapphire-b17208/
B17217,4090.0,2035.0,2.01,7.63,6.44,5.01,Blue,Intense,Very Slightly Included,Oval,Mixed Brilliant Cut,No Enhancement,Ceylon (Sri Lanka),https://www.thenaturalsapphirecompany.com/blue-sapphires/2.01ct-ceylon-sri-lankan-oval-blue-sapphire-b17217/
B17256,4468.0,1943.0,2.3,6.88,6.31,5.62,Blue,Intense,Very Slightly Included,Cushion,Mixed Brilliant Cut,No Enhancement,Ceylon (Sri Lanka),https://www.thenaturalsapphirecompany.com/blue-sapphires/2.30ct-ceylon-sri-lankan-cushion-blue-sapphire-b17256/
B17262,640.0,800.0,0.8,5.32,5.25,3.88,Blue,Vivid,Very Slightly Included,Round,Mixed Brilliant Cut,Heat Treated,Ceylon (Sri Lanka),https://www.thenaturalsapphirecompany.com/blue-sapphires/0.80ct-ceylon-sri-lankan-round-blue-sapphire-b17262/
B17267,1356.0,1200.0,1.13,6.62,6.29,3.53,Blue,Intense,Very Slightly Included,Round,Mixed Brilliant Cut,No Enhancement,Ceylon (Sri Lanka),https://www.thenaturalsapphirecompany.com/blue-sapphires/1.13ct-ceylon-sri-lankan-round-blue-sapphire-b17267/
B17290,6327.0,2775.0,2.28,8.89,6.54,4.74,Blue,Intense,Slightly Included,Oval,Mixed Brilliant Cut,No Enhancement,Ceylon (Sri Lanka),https://www.thenaturalsapphirecompany.com/blue-sapphires/2.28ct-ceylon-sri-lankan-oval-blue-sapphire-b17290/
B17291,3960.0,2000.0,1.98,8.55,6.5,4.62,Blue,Intense,Very Slightly Included,Oval,Mixed Brilliant Cut,No Enhancement,Ceylon (Sri Lanka),https://www.thenaturalsapphirecompany.com/blue-sapphires/1.98ct-ceylon-sri-lankan-oval-blue-sapphire-b17291/
B17306,6172.0,2220.0,2.78,8.31,6.87,5.43,Blue,Intense,Very Slightly Included,Cushion,Mixed Brilliant Cut,Heat Treated,Ceylon (Sri Lanka),https://www.thenaturalsapphirecompany.com/blue-sapphires/2.78ct-ceylon-sri-lankan-cushion-blue-sapphire-b17306/
S25212,4293.0,3608.0,1.19,6.26,5.21,3.84,Blue,Vivid,Very Very Slightly Included,Emerald Cut,Emerald Cut,Heat Treated,Ceylon (Sri Lanka),https://www.thenaturalsapphirecompany.com/blue-sapphires/1.19ct-ceylon-sri-lankan-emerald-cut-blue-sapphire-s25212/
S26206,4296.0,1665.0,2.58,7.6,6.68,4.96,Blue,Medium,Very Very Slightly Included,Cushion,Mixed Brilliant Cut,Heat Treated,Ceylon (Sri Lanka),https://www.thenaturalsapphirecompany.com/blue-sapphires/2.58ct-ceylon-sri-lankan-cushion-blue-sapphire-s26206/
S25388,3780.0,3500.0,1.08,7.16,5.15,3.62,Blue,Intense,Very Very Slightly Included,Oval,Mixed Brilliant Cut,Heat Treated,Ceylon (Sri Lanka),https://www.thenaturalsapphirecompany.com/blue-sapphires/1.08ct-ceylon-sri-lankan-oval-blue-sapphire-s25388/
S37602,3968.0,3052.0,1.3,7.71,5.41,3.69,Blue,Vivid,Eye Clean,Oval,Mixed Brilliant Cut,Heat Treated,Ceylon (Sri Lanka),https://www.thenaturalsapphirecompany.com/blue-sapphires/1.30ct-ceylon-sri-lankan-oval-blue-sapphire-s37602/
S48681,2197.0,1300.0,1.69,6.6,6.35,4.16,Blue,Dark,Eye Clean,Asscher - Octagon,Asscher Cut,Heat Treated,Tanzania,https://www.thenaturalsapphirecompany.com/blue-sapphires/1.69ct-tanzanian-asscher-octagon-blue-sapphire-s48681/
B17586,2455.0,1846.0,1.33,7.34,5.25,4.28,Blue,Medium,Very Slightly Included,Cushion,Mixed Brilliant Cut,No Enhancement,Madagascar,https://www.thenaturalsapphirecompany.com/blue-sapphires/1.33ct-madagascar-cushion-blue-sapphire-b17586/
S34927,6965.0,2775.0,2.51,8.67,6.82,4.98,Blue,Vivid,Very Slightly Included,Oval,Mixed Brilliant Cut,Heat Treated,Ceylon (Sri Lanka),https://www.thenaturalsapphirecompany.com/blue-sapphires/2.51ct-ceylon-sri-lankan-oval-blue-sapphire-s34927/
B17587,2093.0,1610.0,1.3,7.23,5.28,4.24,Blue,Medium,Slightly Included,Cushion,Mixed Brilliant Cut,No Enhancement,Madagascar,https://www.thenaturalsapphirecompany.com/blue-sapphires/1.30ct-madagascar-cushion-blue-sapphire-b17587/
B17591,468682.0,22425.0,20.9,17.56,14.45,9.23,Blue,Vivid,Very Slightly Included,Cushion,Mixed Brilliant Cut,No Enhancement,Ceylon (Sri Lanka),https://www.thenaturalsapphirecompany.com/blue-sapphires/20.90ct-ceylon-sri-lankan-cushion-blue-sapphire-b17591/
B17570,4641.0,2081.0,2.23,8.45,7.11,4.29,Blue,Vivid,Eye Clean,Cushion,Mixed Brilliant Cut,Heat Treated,Ceylon (Sri Lanka),https://www.thenaturalsapphirecompany.com/blue-sapphires/2.23ct-ceylon-sri-lankan-cushion-blue-sapphire-b17570/
B17571,4197.0,3469.0,1.21,7.0,5.24,3.76,Blue,Intense,Slightly Included,Oval,Mixed Brilliant Cut,No Enhancement,Burma (Myanmar),https://www.thenaturalsapphirecompany.com/blue-sapphires/1.21ct-burma-myanmar-oval-blue-sapphire-b17571/
S47228,13600.0,3342.0,4.07,9.44,6.14,6.35,Color Change,Intense,Eye Clean,Radiant,Radiant Cut,No Enhancement,Ceylon (Sri Lanka),https://www.thenaturalsapphirecompany.com/blue-sapphires/4.07ct-ceylon-sri-lankan-radiant-color-change-sapphire-s47228/
S34649,9074.0,2975.0,3.05,8.21,8.08,5.77,Blue,Vivid,Very Very Slightly Included,Round,Mixed Brilliant Cut,Heat Treated,Ceylon (Sri Lanka),https://www.thenaturalsapphirecompany.com/blue-sapphires/3.05ct-ceylon-sri-lankan-round-blue-sapphire-s34649/
S34837,27634.0,4372.0,6.32,10.22,8.67,6.5,Blue,Vivid,Eye Clean,Emerald Cut,Emerald Cut,Heat Treated,West Africa,https://www.thenaturalsapphirecompany.com/blue-sapphires/6.32ct-west-african-emerald-cut-blue-sapphire-s34837/
S34838,22053.0,4538.0,4.86,11.12,7.69,5.47,Blue,Vivid,Very Slightly Included,Emerald Cut,Emerald Cut,Heat Treated,Ceylon (Sri Lanka),https://www.thenaturalsapphirecompany.com/blue-sapphires/4.86ct-ceylon-sri-lankan-emerald-cut-blue-sapphire-s34838/
S34839,31149.0,4960.0,6.28,11.54,8.37,6.47,Blue,Vivid,Very Very Slightly Included,Emerald Cut,Emerald Cut,Heat Treated,Ceylon (Sri Lanka),https://www.thenaturalsapphirecompany.com/blue-sapphires/6.28ct-ceylon-sri-lankan-emerald-cut-blue-sapphire-s34839/
B17573,2628.0,1800.0,1.46,7.21,4.66,3.95,Blue,Intense,Eye Clean,Emerald Cut,Emerald Cut,Heat Treated,Ceylon (Sri Lanka),https://www.thenaturalsapphirecompany.com/blue-sapphires/1.46ct-ceylon-sri-lankan-emerald-cut-blue-sapphire-b17573/
S34841,6538.0,2544.0,2.57,8.35,6.14,4.75,Blue,Vivid,Very Very Slightly Included,Emerald Cut,Emerald Cut,No Enhancement,Ceylon (Sri Lanka),https://www.thenaturalsapphirecompany.com/blue-sapphires/2.57ct-ceylon-sri-lankan-emerald-cut-blue-sapphire-s34841/
B17636,2967.0,2300.0,1.29,6.64,5.58,4.03,Blue,Medium,Very Slightly Included,Cushion,Mixed Brilliant Cut,No Enhancement,Ceylon (Sri Lanka),https://www.thenaturalsapphirecompany.com/blue-sapphires/1.29ct-ceylon-sri-lankan-cushion-blue-sapphire-b17636/
B17640,3565.0,2300.0,1.55,6.37,6.34,4.26,Blue,Intense,Eye Clean,Cushion,Mixed Brilliant Cut,Heat Treated,Ceylon (Sri Lanka),https://www.thenaturalsapphirecompany.com/blue-sapphires/1.55ct-ceylon-sri-lankan-cushion-blue-sapphire-b17640/
B17650,3923.0,2531.0,1.55,7.13,7.1,3.25,Color Change,Intense,Eye Clean,Cushion,Mixed Brilliant Cut,No Enhancement,Ceylon (Sri Lanka),https://www.thenaturalsapphirecompany.com/blue-sapphires/1.55ct-ceylon-sri-lankan-cushion-color-change-sapphire-b17650/
B17651,1885.0,1830.0,1.03,5.63,5.04,3.94,Blue,Intense,Slightly Included,Radiant,Radiant Cut,No Enhancement,Ceylon (Sri Lanka),https://www.thenaturalsapphirecompany.com/blue-sapphires/1.03ct-ceylon-sri-lankan-radiant-blue-sapphire-b17651/
B17653,3291.0,2096.0,1.57,7.17,6.95,3.45,Blue,Vivid,Slightly Included,Cushion,Mixed Brilliant Cut,Heat Treated,Ceylon (Sri Lanka),https://www.thenaturalsapphirecompany.com/blue-sapphires/1.57ct-ceylon-sri-lankan-cushion-blue-sapphire-b17653/
B17654,317.0,360.0,0.88,5.93,4.73,3.22,Blue,Light,Slightly Included,Emerald Cut,Emerald Cut,Heat Treated,Ceylon (Sri Lanka),https://www.thenaturalsapphirecompany.com/blue-sapphires/0.88ct-ceylon-sri-lankan-emerald-cut-blue-sapphire-b17654/
B17655,1427.0,562.0,2.54,7.02,6.87,6.7,Color Change,Vivid,Slightly Included,Round,Mixed Brilliant Cut,Heat Treated,Ceylon (Sri Lanka),https://www.thenaturalsapphirecompany.com/blue-sapphires/2.54ct-ceylon-sri-lankan-round-color-change-sapphire-b17655/
B17609,1265.0,1100.0,1.15,7.33,5.44,3.22,Blue,Medium,Eye Clean,Cushion,Mixed Brilliant Cut,Heat Treated,Ceylon (Sri Lanka),https://www.thenaturalsapphirecompany.com/blue-sapphires/1.15ct-ceylon-sri-lankan-cushion-blue-sapphire-b17609/
S10729,25519.0,3630.0,7.03,12.03,9.85,7.0,Blue,Intense,Eye Clean,Oval,Mixed Brilliant Cut,Heat Treated,Ceylon (Sri Lanka),https://www.thenaturalsapphirecompany.com/blue-sapphires/7.03ct-ceylon-sri-lankan-oval-blue-sapphire-s10729/
S38759,32868.0,4950.0,6.64,10.92,10.71,6.49,Blue,Vivid,Very Slightly Included,Cushion,Mixed Brilliant Cut,Heat Treated,Ceylon (Sri Lanka),https://www.thenaturalsapphirecompany.com/blue-sapphires/6.64ct-ceylon-sri-lankan-cushion-blue-sapphire-s38759/
B17624,3634.0,2300.0,1.58,7.36,6.1,4.34,Blue,Medium,Very Slightly Included,Oval,Mixed Brilliant Cut,No Enhancement,Ceylon (Sri Lanka),https://www.thenaturalsapphirecompany.com/blue-sapphires/1.58ct-ceylon-sri-lankan-oval-blue-sapphire-b17624/
S34930,3815.0,1711.0,2.23,8.19,6.12,4.32,Blue,Vivid,Slightly Included,Emerald Cut,Emerald Cut,Heat Treated,Ceylon (Sri Lanka),https://www.thenaturalsapphirecompany.com/blue-sapphires/2.23ct-ceylon-sri-lankan-emerald-cut-blue-sapphire-s34930/
S34932,6445.0,2405.0,2.68,11.3,7.62,4.19,Blue,Vivid,Very Slightly Included,Pear,Mixed Brilliant Cut,Heat Treated,Ceylon (Sri Lanka),https://www.thenaturalsapphirecompany.com/blue-sapphires/2.68ct-ceylon-sri-lankan-pear-blue-sapphire-s34932/
S34935,8552.0,3315.0,2.58,7.34,7.3,5.18,Blue,Vivid,Very Very Slightly Included,Cushion,Mixed Brilliant Cut,Heat Treated,Ceylon (Sri Lanka),https://www.thenaturalsapphirecompany.com/blue-sapphires/2.58ct-ceylon-sri-lankan-cushion-blue-sapphire-s34935/
S34937,7011.0,1850.0,3.79,11.36,7.3,5.94,Blue,Vivid,Very Very Slightly Included,Pear,Mixed Brilliant Cut,Heat Treated,Ceylon (Sri Lanka),https://www.thenaturalsapphirecompany.com/blue-sapphires/3.79ct-ceylon-sri-lankan-pear-blue-sapphire-s34937/
S34938,11322.0,3400.0,3.33,11.93,7.53,5.15,Blue,Vivid,Very Very Slightly Included,Pear,Mixed Brilliant Cut,Heat Treated,Ceylon (Sri Lanka),https://www.thenaturalsapphirecompany.com/blue-sapphires/3.33ct-ceylon-sri-lankan-pear-blue-sapphire-s34938/
S34939,13024.0,3995.0,3.26,9.63,7.59,5.16,Blue,Vivid,Very Slightly Included,Oval,Mixed Brilliant Cut,Heat Treated,Ceylon (Sri Lanka),https://www.thenaturalsapphirecompany.com/blue-sapphires/3.26ct-ceylon-sri-lankan-oval-blue-sapphire-s34939/
S34941,6746.0,2359.0,2.86,8.62,6.79,5.4,Blue,Intense,Very Slightly Included,Radiant,Radiant Cut,Heat Treated,Ceylon (Sri Lanka),https://www.thenaturalsapphirecompany.com/blue-sapphires/2.86ct-ceylon-sri-lankan-radiant-blue-sapphire-s34941/
S34943,2060.0,2000.0,1.03,5.59,5.56,3.86,Blue,Vivid,Eye Clean,Asscher - Octagon,Asscher Cut,Heat Treated,Ceylon (Sri Lanka),https://www.thenaturalsapphirecompany.com/blue-sapphires/1.03ct-ceylon-sri-lankan-asscher-octagon-blue-sapphire-s34943/
S35638,31457.0,3487.0,9.02,10.56,10.56,8.46,Blue,Medium,Very Very Slightly Included,Asscher - Octagon,Asscher Cut,Heat Treated,Ceylon (Sri Lanka),https://www.thenaturalsapphirecompany.com/blue-sapphires/9.02ct-ceylon-sri-lankan-asscher-octagon-blue-sapphire-s35638/
S35640,2400.0,1500.0,1.6,7.73,5.14,3.68,Blue,Intense,Very Very Slightly Included,Emerald Cut,Emerald Cut,Heat Treated,Ceylon (Sri Lanka),https://www.thenaturalsapphirecompany.com/blue-sapphires/1.60ct-ceylon-sri-lankan-emerald-cut-blue-sapphire-s35640/
S45207,13816.0,2295.0,6.02,10.6,8.99,6.62,Blue,Intense,Very Slightly Included,Cushion,Mixed Brilliant Cut,Heat Treated,Ceylon (Sri Lanka),https://www.thenaturalsapphirecompany.com/blue-sapphires/6.02ct-ceylon-sri-lankan-cushion-blue-sapphire-s45207/
S48904,16493.0,3060.0,5.39,14.43,10.27,4.32,Blue,Medium,Very Very Slightly Included,Pear,Mixed Brilliant Cut,Heat Treated,Ceylon (Sri Lanka),https://www.thenaturalsapphirecompany.com/blue-sapphires/5.39ct-ceylon-sri-lankan-pear-blue-sapphire-s48904/
S35641,6573.0,3145.0,2.09,8.76,6.63,4.45,Blue,Vivid,Very Very Slightly Included,Oval,Mixed Brilliant Cut,Heat Treated,Ceylon (Sri Lanka),https://www.thenaturalsapphirecompany.com/blue-sapphires/2.09ct-ceylon-sri-lankan-oval-blue-sapphire-s35641/
S35642,4662.0,2220.0,2.1,7.56,7.47,4.56,Blue,Intense,Very Very Slightly Included,Round,Mixed Brilliant Cut,Heat Treated,Ceylon (Sri Lanka),https://www.thenaturalsapphirecompany.com/blue-sapphires/2.10ct-ceylon-sri-lankan-round-blue-sapphire-s35642/
S35643,13961.0,3825.0,3.65,9.24,7.94,5.22,Blue,Vivid,Eye Clean,Cushion,Mixed Brilliant Cut,Heat Treated,Ceylon (Sri Lanka),https://www.thenaturalsapphirecompany.com/blue-sapphires/3.65ct-ceylon-sri-lankan-cushion-blue-sapphire-s35643/
S35645,31962.0,4573.0,6.99,12.49,9.69,6.96,Blue,Vivid,Eye Clean,Oval,Mixed Brilliant Cut,Heat Treated,Ceylon (Sri Lanka),https://www.thenaturalsapphirecompany.com/blue-sapphires/6.99ct-ceylon-sri-lankan-oval-blue-sapphire-s35645/
S35647,32178.0,2325.0,13.84,16.67,12.38,7.94,Blue,Medium,Very Very Slightly Included,Oval,Mixed Brilliant Cut,Heat Treated,Ceylon (Sri Lanka),https://www.thenaturalsapphirecompany.com/blue-sapphires/13.84ct-ceylon-sri-lankan-oval-blue-sapphire-s35647/
S9296,5952.0,3607.0,1.65,6.28,6.27,4.43,Blue,Vivid,Eye Clean,Cushion,Mixed Brilliant Cut,Heat Treated,Ceylon (Sri Lanka),https://www.thenaturalsapphirecompany.com/blue-sapphires/1.65ct-ceylon-sri-lankan-cushion-blue-sapphire-s9296/
S35898,4107.0,1850.0,2.22,7.95,6.41,4.59,Blue,Vivid,Very Slightly Included,Emerald Cut,Emerald Cut,Heat Treated,Ceylon (Sri Lanka),https://www.thenaturalsapphirecompany.com/blue-sapphires/2.22ct-ceylon-sri-lankan-emerald-cut-blue-sapphire-s35898/
S35899,2703.0,1300.0,2.08,7.4,6.02,4.82,Bluish Green,Vivid,Very Very Slightly Included,Cushion,Mixed Brilliant Cut,No Enhancement,Madagascar,https://www.thenaturalsapphirecompany.com/blue-sapphires/2.08ct-madagascar-cushion-bluish-green-sapphire-s35899/
S35900,6370.0,3284.0,1.94,8.26,5.88,4.19,Blue,Vivid,Very Very Slightly Included,Emerald Cut,Emerald Cut,Heat Treated,Ceylon (Sri Lanka),https://www.thenaturalsapphirecompany.com/blue-sapphires/1.94ct-ceylon-sri-lankan-emerald-cut-blue-sapphire-s35900/
S35901,6549.0,2775.0,2.36,7.06,7.05,5.29,Blue,Vivid,Very Very Slightly Included,Cushion,Mixed Brilliant Cut,Heat Treated,Ceylon (Sri Lanka),https://www.thenaturalsapphirecompany.com/blue-sapphires/2.36ct-ceylon-sri-lankan-cushion-blue-sapphire-s35901/
S35902,6771.0,2775.0,2.44,7.74,6.43,5.26,Blue,Vivid,Very Very Slightly Included,Cushion,Mixed Brilliant Cut,Heat Treated,Ceylon (Sri Lanka),https://www.thenaturalsapphirecompany.com/blue-sapphires/2.44ct-ceylon-sri-lankan-cushion-blue-sapphire-s35902/
S35903,5678.0,2868.0,1.98,8.38,6.1,4.66,Blue,Vivid,Very Very Slightly Included,Oval,Mixed Brilliant Cut,Heat Treated,Ceylon (Sri Lanka),https://www.thenaturalsapphirecompany.com/blue-sapphires/1.98ct-ceylon-sri-lankan-oval-blue-sapphire-s35903/
S36388,27324.0,4950.0,5.52,11.68,8.76,6.49,Blue,Vivid,Very Very Slightly Included,Oval,Mixed Brilliant Cut,Heat Treated,Ceylon (Sri Lanka),https://www.thenaturalsapphirecompany.com/blue-sapphires/5.52ct-ceylon-sri-lankan-oval-blue-sapphire-s36388/
S36389,50334.0,4133.0,12.18,14.6,11.25,7.37,Blue,Intense,Very Very Slightly Included,Emerald Cut,Emerald Cut,Heat Treated,Ceylon (Sri Lanka),https://www.thenaturalsapphirecompany.com/blue-sapphires/12.18ct-ceylon-sri-lankan-emerald-cut-blue-sapphire-s36389/
S36390,10312.0,3060.0,3.37,9.49,7.81,4.4,Blue,Vivid,Very Very Slightly Included,Emerald Cut,Emerald Cut,Heat Treated,Ceylon (Sri Lanka),https://www.thenaturalsapphirecompany.com/blue-sapphires/3.37ct-ceylon-sri-lankan-emerald-cut-blue-sapphire-s36390/
S39400,7543.0,2498.0,3.02,9.4,7.66,4.97,Blue,Intense,Very Slightly Included,Oval,Mixed Brilliant Cut,Heat Treated,Ceylon (Sri Lanka),https://www.thenaturalsapphirecompany.com/blue-sapphires/3.02ct-ceylon-sri-lankan-oval-blue-sapphire-s39400/
S39401,8628.0,2465.0,3.5,10.9,8.2,5.02,Blue,Intense,Very Slightly Included,Oval,Mixed Brilliant Cut,Heat Treated,Ceylon (Sri Lanka),https://www.thenaturalsapphirecompany.com/blue-sapphires/3.50ct-ceylon-sri-lankan-oval-blue-sapphire-s39401/
S47394,84.0,200.0,0.42,4.51,4.53,2.63,Blue,Intense,Very Very Slightly Included,Round,Mixed Brilliant Cut,Heat Treated,Ceylon (Sri Lanka),https://www.thenaturalsapphirecompany.com/blue-sapphires/0.42ct-ceylon-sri-lankan-round-blue-sapphire-s47394/
B17656,311.0,432.0,0.72,5.91,5.32,3.1,Blue,Medium,Very Slightly Included,Oval,Mixed Brilliant Cut,Heat Treated,Ceylon (Sri Lanka),https://www.thenaturalsapphirecompany.com/blue-sapphires/0.72ct-ceylon-sri-lankan-oval-blue-sapphire-b17656/
B17658,3143.0,1422.0,2.21,8.85,7.37,4.28,Blue,Medium,Slightly Included,Oval,Mixed Brilliant Cut,Heat Treated,Ceylon (Sri Lanka),https://www.thenaturalsapphirecompany.com/blue-sapphires/2.21ct-ceylon-sri-lankan-oval-blue-sapphire-b17658/
B17659,314.0,436.0,0.72,6.53,4.84,2.67,Blue,Intense,Very Slightly Included,Oval,Mixed Brilliant Cut,Heat Treated,Ceylon (Sri Lanka),https://www.thenaturalsapphirecompany.com/blue-sapphires/0.72ct-ceylon-sri-lankan-oval-blue-sapphire-b17659/
B2080,2912700.0,42000.0,69.35,24.19,20.87,15.74,Blue,Intense,Eye Clean,Oval,Modified Brilliant Cut,No Enhancement,Ceylon (Sri Lanka),https://www.thenaturalsapphirecompany.com/blue-sapphires/69.35ct-ceylon-sri-lankan-oval-blue-sapphire-b2080/
B5988,3672.0,2700.0,1.36,7.46,5.19,3.79,Blue,Intense,Very Slightly Included,Cushion,Mixed Brilliant Cut,No Enhancement,Ceylon (Sri Lanka),https://www.thenaturalsapphirecompany.com/blue-sapphires/1.36ct-ceylon-sri-lankan-cushion-blue-sapphire-b5988/
B6403,4425.0,2500.0,1.77,8.45,5.98,4.12,Blue,Dark,Slightly Included,Cushion,Mixed Brilliant Cut,No Enhancement,Burma (Myanmar),https://www.thenaturalsapphirecompany.com/blue-sapphires/1.77ct-burma-myanmar-cushion-blue-sapphire-b6403/
S20992,2527.0,1805.0,1.4,6.96,5.73,4.27,Greenish Blue,Intense,Very Slightly Included,Cushion,Mixed Brilliant Cut,Heat Treated,Montana,https://www.thenaturalsapphirecompany.com/blue-sapphires/1.40ct-montana-cushion-greenish-blue-sapphire-s20992/
S20995,968.0,1088.0,0.89,5.7,5.7,3.77,Bluish Green,Intense,Very Slightly Included,Round,Mixed Brilliant Cut,Heat Treated,Montana,https://www.thenaturalsapphirecompany.com/blue-sapphires/0.89ct-montana-round-bluish-green-sapphire-s20995/
S20998,3663.0,2220.0,1.65,7.42,7.73,4.39,Greenish Blue,Vivid,Eye Clean,Trillion,Trillion Cut,Heat Treated,Montana,https://www.thenaturalsapphirecompany.com/blue-sapphires/1.65ct-montana-trillion-greenish-blue-sapphire-s20998/
S21000,3087.0,1795.0,1.72,7.48,6.21,4.82,Greenish Blue,Intense,Very Slightly Included,Oval,Mixed Brilliant Cut,Heat Treated,Montana,https://www.thenaturalsapphirecompany.com/blue-sapphires/1.72ct-montana-oval-greenish-blue-sapphire-s21000/
S21005,407.0,617.0,0.66,8.75,4.63,2.41,Violet,Light,Very Slightly Included,Pear,Mixed Brilliant Cut,No Enhancement,Ceylon (Sri Lanka),https://www.thenaturalsapphirecompany.com/blue-sapphires/0.66ct-ceylon-sri-lankan-pear-violet-sapphire-s21005/
S21006,236.0,513.0,0.46,5.75,3.6,2.61,Blue,Medium,Very Very Slightly Included,Oval,Mixed Brilliant Cut,No Enhancement,Ceylon (Sri Lanka),https://www.thenaturalsapphirecompany.com/blue-sapphires/0.46ct-ceylon-sri-lankan-oval-blue-sapphire-s21006/
S21007,337.0,591.0,0.57,5.87,4.43,2.65,Blue,Light,Eye Clean,Oval,Mixed Brilliant Cut,No Enhancement,Ceylon (Sri Lanka),https://www.thenaturalsapphirecompany.com/blue-sapphires/0.57ct-ceylon-sri-lankan-oval-blue-sapphire-s21007/
S25997,556.0,400.0,1.39,6.29,6.32,3.96,Bluish Green,Intense,Very Slightly Included,Round,Mixed Brilliant Cut,Lattice Diffused,Ceylon (Sri Lanka),https://www.thenaturalsapphirecompany.com/blue-sapphires/1.39ct-ceylon-sri-lankan-round-bluish-green-sapphire-s25997/
S26000,468.0,400.0,1.17,5.91,5.88,3.76,Bluish Green,Intense,Very Very Slightly Included,Round,Mixed Brilliant Cut,Lattice Diffused,Ceylon (Sri Lanka),https://www.thenaturalsapphirecompany.com/blue-sapphires/1.17ct-ceylon-sri-lankan-round-bluish-green-sapphire-s26000/
S26004,1336.0,1349.0,0.99,5.5,5.56,4.05,Blue,Vivid,Very Slightly Included,Trillion,Trillion Cut,Heat Treated,Ceylon (Sri Lanka),https://www.thenaturalsapphirecompany.com/blue-sapphires/0.99ct-ceylon-sri-lankan-trillion-blue-sapphire-s26004/
S26006,750.0,1250.0,0.6,5.05,5.05,3.08,Blue,Medium,Eye Clean,Round,Mixed Brilliant Cut,Heat Treated,Ceylon (Sri Lanka),https://www.thenaturalsapphirecompany.com/blue-sapphires/0.60ct-ceylon-sri-lankan-round-blue-sapphire-s26006/
S26007,748.0,1151.0,0.65,5.19,5.19,3.08,Blue,Vivid,Eye Clean,Round,Mixed Brilliant Cut,Heat Treated,Ceylon (Sri Lanka),https://www.thenaturalsapphirecompany.com/blue-sapphires/0.65ct-ceylon-sri-lankan-round-blue-sapphire-s26007/
S26008,1260.0,1500.0,0.84,5.8,5.72,3.46,Blue,Intense,Eye Clean,Round,Mixed Brilliant Cut,Heat Treated,Ceylon (Sri Lanka),https://www.thenaturalsapphirecompany.com/blue-sapphires/0.84ct-ceylon-sri-lankan-round-blue-sapphire-s26008/
S26009,994.0,1169.0,0.85,5.68,5.65,3.37,Blue,Intense,Very Very Slightly Included,Round,Mixed Brilliant Cut,Heat Treated,Ceylon (Sri Lanka),https://www.thenaturalsapphirecompany.com/blue-sapphires/0.85ct-ceylon-sri-lankan-round-blue-sapphire-s26009/
S26010,8177.0,3145.0,2.6,9.49,7.6,4.53,Color Change,Dark,Eye Clean,Oval,Mixed Brilliant Cut,Heat Treated,Ceylon (Sri Lanka),https://www.thenaturalsapphirecompany.com/blue-sapphires/2.60ct-ceylon-sri-lankan-oval-color-change-sapphire-s26010/
S30496,170.0,266.0,0.64,5.87,4.19,2.48,Blue,Intense,Slightly Included,Oval,Mixed Brilliant Cut,Heat Treated,Ceylon (Sri Lanka),https://www.thenaturalsapphirecompany.com/blue-sapphires/0.64ct-ceylon-sri-lankan-oval-blue-sapphire-s30496/
S30498,170.0,202.0,0.84,7.69,5.55,2.47,Blue,Intense,Slightly Included,Pear,Mixed Brilliant Cut,Heat Treated,Ceylon (Sri Lanka),https://www.thenaturalsapphirecompany.com/blue-sapphires/0.84ct-ceylon-sri-lankan-pear-blue-sapphire-s30498/
S30499,170.0,243.0,0.7,5.61,4.35,3.06,Blue,Intense,Very Slightly Included,Oval,Mixed Brilliant Cut,Heat Treated,Ceylon (Sri Lanka),https://www.thenaturalsapphirecompany.com/blue-sapphires/0.70ct-ceylon-sri-lankan-oval-blue-sapphire-s30499/
S30501,170.0,279.0,0.61,6.27,4.84,2.02,Blue,Intense,Slightly Included,Oval,Mixed Brilliant Cut,Heat Treated,Ceylon (Sri Lanka),https://www.thenaturalsapphirecompany.com/blue-sapphires/0.61ct-ceylon-sri-lankan-oval-blue-sapphire-s30501/
S30502,170.0,262.0,0.65,5.96,5.17,2.2,Blue,Medium,Very Slightly Included,Oval,Mixed Brilliant Cut,Heat Treated,Ceylon (Sri Lanka),https://www.thenaturalsapphirecompany.com/blue-sapphires/0.65ct-ceylon-sri-lankan-oval-blue-sapphire-s30502/
S30503,170.0,243.0,0.7,5.73,4.13,2.89,Blue,Medium,Slightly Included,Cushion,Mixed Brilliant Cut,Heat Treated,Ceylon (Sri Lanka),https://www.thenaturalsapphirecompany.com/blue-sapphires/0.70ct-ceylon-sri-lankan-cushion-blue-sapphire-s30503/
S30509,6385.0,2660.0,2.4,7.84,6.74,4.87,Blue,Intense,Very Slightly Included,Oval,Mixed Brilliant Cut,Heat Treated,Ceylon (Sri Lanka),https://www.thenaturalsapphirecompany.com/blue-sapphires/2.40ct-ceylon-sri-lankan-oval-blue-sapphire-s30509/
S30510,2601.0,2204.0,1.18,6.39,5.79,3.42,Blue,Dark,Very Slightly Included,Oval,Mixed Brilliant Cut,No Enhancement,Madagascar,https://www.thenaturalsapphirecompany.com/blue-sapphires/1.18ct-madagascar-oval-blue-sapphire-s30510/
S30511,3299.0,1864.0,1.77,7.09,7.16,4.32,Blue,Dark,Very Slightly Included,Round,Mixed Brilliant Cut,Heat Treated,Madagascar,https://www.thenaturalsapphirecompany.com/blue-sapphires/1.77ct-madagascar-round-blue-sapphire-s30511/
S30512,1965.0,1500.0,1.31,5.91,5.8,4.35,Blue,Dark,Very Slightly Included,Cushion,Mixed Brilliant Cut,No Enhancement,Madagascar,https://www.thenaturalsapphirecompany.com/blue-sapphires/1.31ct-madagascar-cushion-blue-sapphire-s30512/
S30514,3201.0,1712.0,1.87,7.86,6.07,4.09,Blue,Dark,Slightly Included,Oval,Mixed Brilliant Cut,Heat Treated,Thailand,https://www.thenaturalsapphirecompany.com/blue-sapphires/1.87ct-thai-oval-blue-sapphire-s30514/
S30515,2999.0,2040.0,1.47,8.39,5.92,3.34,Blue,Dark,Very Very Slightly Included,Oval,Mixed Brilliant Cut,No Enhancement,Madagascar,https://www.thenaturalsapphirecompany.com/blue-sapphires/1.47ct-madagascar-oval-blue-sapphire-s30515/
S30516,2599.0,1780.0,1.46,7.74,6.09,3.33,Blue,Dark,Very Very Slightly Included,Oval,Mixed Brilliant Cut,Heat Treated,Madagascar,https://www.thenaturalsapphirecompany.com/blue-sapphires/1.46ct-madagascar-oval-blue-sapphire-s30516/
S34460,550.0,632.0,0.87,6.38,4.77,3.22,Bluish Green,Vivid,Very Slightly Included,Oval,Mixed Brilliant Cut,Heat Treated,Madagascar,https://www.thenaturalsapphirecompany.com/blue-sapphires/0.87ct-madagascar-oval-bluish-green-sapphire-s34460/
S34462,2002.0,1016.0,1.97,8.74,6.04,4.12,Blue,Medium,Very Slightly Included,Oval,Mixed Brilliant Cut,No Enhancement,Tanzania,https://www.thenaturalsapphirecompany.com/blue-sapphires/1.97ct-tanzanian-oval-blue-sapphire-s34462/
S34463,3301.0,2186.0,1.51,6.82,6.02,3.76,Blue,Vivid,Very Slightly Included,Cushion,Mixed Brilliant Cut,No Enhancement,Tanzania,https://www.thenaturalsapphirecompany.com/blue-sapphires/1.51ct-tanzanian-cushion-blue-sapphire-s34463/
S34464,3299.0,2156.0,1.53,7.71,6.41,4.17,Color Change,Vivid,Slightly Included,Pear,Mixed Brilliant Cut,No Enhancement,Tanzania,https://www.thenaturalsapphirecompany.com/blue-sapphires/1.53ct-tanzanian-pear-color-change-sapphire-s34464/
S3447,145.0,250.0,0.58,6.11,4.14,3.02,Blue,Medium,Eye Clean,Oval,Mixed Brilliant Cut,Heat Treated,Ceylon (Sri Lanka),https://www.thenaturalsapphirecompany.com/blue-sapphires/0.58ct-ceylon-sri-lankan-oval-blue-sapphire-s3447/
S34471,292.0,400.0,0.73,5.51,5.17,3.2,Greenish Blue,Light,Very Slightly Included,Fancy,Mixed Brilliant Cut,No Enhancement,Madagascar,https://www.thenaturalsapphirecompany.com/blue-sapphires/0.73ct-madagascar-fancy-greenish-blue-sapphire-s34471/
S34473,4624.0,1820.0,2.54,10.61,7.02,3.87,Blue,Medium,Very Slightly Included,Pear,Mixed Brilliant Cut,No Enhancement,Tanzania,https://www.thenaturalsapphirecompany.com/blue-sapphires/2.54ct-tanzanian-pear-blue-sapphire-s34473/
S34474,1600.0,788.0,2.03,8.65,6.14,4.3,Blue,Intense,Slightly Included,Oval,Mixed Brilliant Cut,No Enhancement,Tanzania,https://www.thenaturalsapphirecompany.com/blue-sapphires/2.03ct-tanzanian-oval-blue-sapphire-s34474/
S3448,232.0,400.0,0.58,5.47,5.54,3.08,Blue,Medium,Very Slightly Included,Trillion,Trillion Cut,Heat Treated,Ceylon (Sri Lanka),https://www.thenaturalsapphirecompany.com/blue-sapphires/0.58ct-ceylon-sri-lankan-trillion-blue-sapphire-s3448/
S34482,600.0,833.0,0.72,5.56,5.74,3.08,Blue,Vivid,Very Slightly Included,Pear,Mixed Brilliant Cut,No Enhancement,Tanzania,https://www.thenaturalsapphirecompany.com/blue-sapphires/0.72ct-tanzanian-pear-blue-sapphire-s34482/
S34484,830.0,976.0,0.85,5.76,5.02,3.48,Blue,Vivid,Very Slightly Included,Oval,Mixed Brilliant Cut,No Enhancement,Tanzania,https://www.thenaturalsapphirecompany.com/blue-sapphires/0.85ct-tanzanian-oval-blue-sapphire-s34484/
S34486,1100.0,1467.0,0.75,6.77,4.33,3.28,Blue,Vivid,Eye Clean,Pear,Mixed Brilliant Cut,No Enhancement,Tanzania,https://www.thenaturalsapphirecompany.com/blue-sapphires/0.75ct-tanzanian-pear-blue-sapphire-s34486/
S34487,264.0,400.0,0.66,5.04,4.04,3.36,Bluish Green,Intense,Very Very Slightly Included,Radiant,Radiant Cut,No Enhancement,Madagascar,https://www.thenaturalsapphirecompany.com/blue-sapphires/0.66ct-madagascar-radiant-bluish-green-sapphire-s34487/
S34488,264.0,400.0,0.66,5.69,4.45,3.09,Bluish Green,Light,Slightly Included,Fancy,Mixed Brilliant Cut,No Enhancement,Madagascar,https://www.thenaturalsapphirecompany.com/blue-sapphires/0.66ct-madagascar-fancy-bluish-green-sapphire-s34488/
S37892,1040.0,1000.0,1.04,6.33,5.26,3.35,Bluish Purple,Intense,Slightly Included,Cushion,Mixed Brilliant Cut,No Enhancement,Madagascar,https://www.thenaturalsapphirecompany.com/blue-sapphires/1.04ct-madagascar-cushion-bluish-purple-sapphire-s37892/
S37894,1000.0,1000.0,1.0,6.48,5.58,2.82,Color Change,Medium,Slightly Included,Cushion,Mixed Brilliant Cut,No Enhancement,Madagascar,https://www.thenaturalsapphirecompany.com/blue-sapphires/1.00ct-madagascar-cushion-color-change-sapphire-s37894/
S37900,700.0,443.0,1.58,6.09,6.17,5.28,Color Change,Intense,Very Slightly Included,Round,Mixed Brilliant Cut,Heat Treated,Ceylon (Sri Lanka),https://www.thenaturalsapphirecompany.com/blue-sapphires/1.58ct-ceylon-sri-lankan-round-color-change-sapphire-s37900/
S37901,549.0,482.0,1.14,7.33,5.19,3.72,Greenish Blue,Medium,Very Slightly Included,Pear,Mixed Brilliant Cut,Heat Treated,Ceylon (Sri Lanka),https://www.thenaturalsapphirecompany.com/blue-sapphires/1.14ct-ceylon-sri-lankan-pear-greenish-blue-sapphire-s37901/
S37902,1199.0,718.0,1.67,8.47,6.59,3.44,Blue,Light,Very Slightly Included,Oval,Mixed Brilliant Cut,No Enhancement,Ceylon (Sri Lanka),https://www.thenaturalsapphirecompany.com/blue-sapphires/1.67ct-ceylon-sri-lankan-oval-blue-sapphire-s37902/
S37903,1001.0,646.0,1.55,7.32,5.68,4.24,Blue,Intense,Slightly Included,Oval,Mixed Brilliant Cut,No Enhancement,Ceylon (Sri Lanka),https://www.thenaturalsapphirecompany.com/blue-sapphires/1.55ct-ceylon-sri-lankan-oval-blue-sapphire-s37903/
S37905,999.0,574.0,1.74,8.83,6.88,3.75,Color Change,Intense,Slightly Included,Pear,Mixed Brilliant Cut,Heat Treated,Tanzania,https://www.thenaturalsapphirecompany.com/blue-sapphires/1.74ct-tanzanian-pear-color-change-sapphire-s37905/
S40986,7637.0,2960.0,2.58,7.63,7.55,5.69,Blue,Vivid,Very Very Slightly Included,Round,Mixed Brilliant Cut,Heat Treated,Ceylon (Sri Lanka),https://www.thenaturalsapphirecompany.com/blue-sapphires/2.58ct-ceylon-sri-lankan-round-blue-sapphire-s40986/
S47480,112.0,200.0,0.56,4.76,4.75,3.18,Blue,Vivid,Eye Clean,Round,Mixed Brilliant Cut,Heat Treated,Ceylon (Sri Lanka),https://www.thenaturalsapphirecompany.com/blue-sapphires/0.56ct-ceylon-sri-lankan-round-blue-sapphire-s47480/
S40993,29304.0,5280.0,5.55,12.31,9.16,5.86,Blue,Vivid,Very Slightly Included,Oval,Mixed Brilliant Cut,Heat Treated,Madagascar,https://www.thenaturalsapphirecompany.com/blue-sapphires/5.55ct-madagascar-oval-blue-sapphire-s40993/
S40998,2592.0,1200.0,2.16,9.14,7.75,4.65,Purplish Blue,Medium,Very Slightly Included,Oval,Mixed Brilliant Cut,No Enhancement,Tanzania,https://www.thenaturalsapphirecompany.com/blue-sapphires/2.16ct-tanzanian-oval-purplish-blue-sapphire-s40998/
S41002,2601.0,1646.0,1.58,7.72,6.62,3.35,Blue,Intense,Very Very Slightly Included,Oval,Mixed Brilliant Cut,No Enhancement,Ceylon (Sri Lanka),https://www.thenaturalsapphirecompany.com/blue-sapphires/1.58ct-ceylon-sri-lankan-oval-blue-sapphire-s41002/
S41004,200.0,220.0,0.91,7.19,5.39,3.02,Blue,Light,Slightly Included,Fancy,Step Cut,No Enhancement,Ceylon (Sri Lanka),https://www.thenaturalsapphirecompany.com/blue-sapphires/0.91ct-ceylon-sri-lankan-fancy-blue-sapphire-s41004/
S41005,1100.0,866.0,1.27,7.83,5.14,3.74,Blue,Intense,Very Slightly Included,Oval,Mixed Brilliant Cut,No Enhancement,Ceylon (Sri Lanka),https://www.thenaturalsapphirecompany.com/blue-sapphires/1.27ct-ceylon-sri-lankan-oval-blue-sapphire-s41005/
S41006,800.0,769.0,1.04,6.6,6.6,2.67,Blue,Vivid,Very Very Slightly Included,Round,Mixed Brilliant Cut,Heat Treated,Ceylon (Sri Lanka),https://www.thenaturalsapphirecompany.com/blue-sapphires/1.04ct-ceylon-sri-lankan-round-blue-sapphire-s41006/
S41007,200.0,294.0,0.68,6.18,4.28,2.66,Blue,Intense,Very Slightly Included,Fancy,Step Cut,Heat Treated,Ceylon (Sri Lanka),https://www.thenaturalsapphirecompany.com/blue-sapphires/0.68ct-ceylon-sri-lankan-fancy-blue-sapphire-s41007/
S41009,266.0,240.0,1.11,7.95,4.18,3.1,Blue,Intense,Slightly Included,Emerald Cut,Emerald Cut,No Enhancement,Ceylon (Sri Lanka),https://www.thenaturalsapphirecompany.com/blue-sapphires/1.11ct-ceylon-sri-lankan-emerald-cut-blue-sapphire-s41009/
S41010,200.0,211.0,0.95,5.11,5.05,3.95,Blue,Vivid,Slightly Included,Asscher - Octagon,Asscher Cut,Heat Treated,Ceylon (Sri Lanka),https://www.thenaturalsapphirecompany.com/blue-sapphires/0.95ct-ceylon-sri-lankan-asscher-octagon-blue-sapphire-s41010/
S43640,770.0,500.0,1.54,7.16,5.13,3.93,Greenish Blue,Vivid,Very Slightly Included,Emerald Cut,Emerald Cut,No Enhancement,Madagascar,https://www.thenaturalsapphirecompany.com/blue-sapphires/1.54ct-madagascar-emerald-cut-greenish-blue-sapphire-s43640/
S43641,660.0,508.0,1.3,7.41,5.31,3.3,Greenish Blue,Intense,Very Slightly Included,Emerald Cut,Emerald Cut,No Enhancement,Madagascar,https://www.thenaturalsapphirecompany.com/blue-sapphires/1.30ct-madagascar-emerald-cut-greenish-blue-sapphire-s43641/
S43642,1329.0,880.0,1.51,7.53,4.68,3.85,Greenish Blue,Intense,Very Very Slightly Included,Cushion,Mixed Brilliant Cut,No Enhancement,Madagascar,https://www.thenaturalsapphirecompany.com/blue-sapphires/1.51ct-madagascar-cushion-greenish-blue-sapphire-s43642/
S43643,906.0,600.0,1.51,10.92,7.94,2.97,Bluish Green,Intense,Very Very Slightly Included,Fancy,Step Cut,No Enhancement,Madagascar,https://www.thenaturalsapphirecompany.com/blue-sapphires/1.51ct-madagascar-fancy-bluish-green-sapphire-s43643/
S43645,294.0,350.0,0.84,6.03,5.17,2.65,Bluish Purple,Intense,Slightly Included,Cushion,Mixed Brilliant Cut,No Enhancement,Ceylon (Sri Lanka),https://www.thenaturalsapphirecompany.com/blue-sapphires/0.84ct-ceylon-sri-lankan-cushion-bluish-purple-sapphire-s43645/
S48949,19562.0,6435.0,3.04,7.89,7.83,5.81,Color Change,Intense,Eye Clean,Cushion,Mixed Brilliant Cut,No Enhancement,Madagascar,https://www.thenaturalsapphirecompany.com/blue-sapphires/3.04ct-madagascar-cushion-color-change-sapphire-s48949/
S43648,1320.0,1000.0,1.32,7.95,6.0,3.53,Greenish Blue,Intense,Very Very Slightly Included,Pear,Mixed Brilliant Cut,No Enhancement,Madagascar,https://www.thenaturalsapphirecompany.com/blue-sapphires/1.32ct-madagascar-pear-greenish-blue-sapphire-s43648/
S43649,2455.0,1240.0,1.98,6.52,6.34,5.11,Bluish Green,Vivid,Very Very Slightly Included,Asscher - Octagon,Asscher Cut,No Enhancement,Madagascar,https://www.thenaturalsapphirecompany.com/blue-sapphires/1.98ct-madagascar-asscher-octagon-bluish-green-sapphire-s43649/
S43652,1654.0,520.0,3.18,9.23,6.15,5.26,Blue,Vivid,Slightly Included,Emerald Cut,Emerald Cut,Heat Treated,Ceylon (Sri Lanka),https://www.thenaturalsapphirecompany.com/blue-sapphires/3.18ct-ceylon-sri-lankan-emerald-cut-blue-sapphire-s43652/
S43656,351.0,322.0,1.09,6.67,4.88,3.66,Blue,Intense,Very Very Slightly Included,Oval,Mixed Brilliant Cut,Heat Treated,Ceylon (Sri Lanka),https://www.thenaturalsapphirecompany.com/blue-sapphires/1.09ct-ceylon-sri-lankan-oval-blue-sapphire-s43656/
S43659,854.0,700.0,1.22,5.76,5.52,4.15,Blue,Intense,Very Very Slightly Included,Cushion,Mixed Brilliant Cut,Heat Treated,Ceylon (Sri Lanka),https://www.thenaturalsapphirecompany.com/blue-sapphires/1.22ct-ceylon-sri-lankan-cushion-blue-sapphire-s43659/
B7323,2546.0,1900.0,1.34,7.39,5.92,3.94,Blue,Intense,Very Slightly Included,Oval,Mixed Brilliant Cut,Heat Treated,Thailand,https://www.thenaturalsapphirecompany.com/blue-sapphires/1.34ct-thai-oval-blue-sapphire-b7323/
B7324,1568.0,1600.0,0.98,7.53,5.19,3.41,Blue,Intense,Very Slightly Included,Oval,Mixed Brilliant Cut,Heat Treated,Thailand,https://www.thenaturalsapphirecompany.com/blue-sapphires/0.98ct-thai-oval-blue-sapphire-b7324/
B7325,2565.0,1900.0,1.35,8.93,5.28,3.88,Blue,Intense,Very Slightly Included,Oval,Mixed Brilliant Cut,Heat Treated,Thailand,https://www.thenaturalsapphirecompany.com/blue-sapphires/1.35ct-thai-oval-blue-sapphire-b7325/
B7331,9724.0,4400.0,2.21,7.63,6.87,4.9,Blue,Vivid,Very Slightly Included,Cushion,Mixed Brilliant Cut,No Enhancement,Ceylon (Sri Lanka),https://www.thenaturalsapphirecompany.com/blue-sapphires/2.21ct-ceylon-sri-lankan-cushion-blue-sapphire-b7331/
B7333,9744.0,4200.0,2.32,7.59,6.1,5.49,Blue,Intense,Very Slightly Included,Cushion,Mixed Brilliant Cut,No Enhancement,Ceylon (Sri Lanka),https://www.thenaturalsapphirecompany.com/blue-sapphires/2.32ct-ceylon-sri-lankan-cushion-blue-sapphire-b7333/
B7376,386124.0,9200.0,41.97,24.83,18.16,10.9,Blue,Vivid,Very Slightly Included,Oval,Modified Brilliant Cut,No Enhancement,Ceylon (Sri Lanka),https://www.thenaturalsapphirecompany.com/blue-sapphires/41.97ct-ceylon-sri-lankan-oval-blue-sapphire-b7376/
B7377,773663.0,17250.0,44.85,22.4,17.58,12.62,Blue,Vivid,Very Slightly Included,Cushion,Modified Brilliant Cut,Heat Treated,Ceylon (Sri Lanka),https://www.thenaturalsapphirecompany.com/blue-sapphires/44.85ct-ceylon-sri-lankan-cushion-blue-sapphire-b7377/
B7402,18023.0,4050.0,4.45,10.1,8.23,6.15,Blue,Vivid,Very Slightly Included,Oval,Mixed Brilliant Cut,Heat Treated,Ceylon (Sri Lanka),https://www.thenaturalsapphirecompany.com/blue-sapphires/4.45ct-ceylon-sri-lankan-oval-blue-sapphire-b7402/
B7513,1008.0,1440.0,0.7,5.89,4.89,3.22,Greenish Blue,Intense,Slightly Included,Oval,Fancy Brilliant Cut,Heat Treated,Montana,https://www.thenaturalsapphirecompany.com/blue-sapphires/0.70ct-montana-oval-greenish-blue-sapphire-b7513/
B8986,1196.0,1040.0,1.15,6.11,5.66,3.96,Blue,Medium,Very Slightly Included,Cushion,Mixed Brilliant Cut,No Enhancement,Ceylon (Sri Lanka),https://www.thenaturalsapphirecompany.com/blue-sapphires/1.15ct-ceylon-sri-lankan-cushion-blue-sapphire-b8986/
B9004,237.0,300.0,0.79,6.88,4.82,3.19,Blue,Medium,Very Slightly Included,Oval,Mixed Brilliant Cut,Heat Treated,Ceylon (Sri Lanka),https://www.thenaturalsapphirecompany.com/blue-sapphires/0.79ct-ceylon-sri-lankan-oval-blue-sapphire-b9004/
B9040,69629.0,6860.0,10.15,17.43,11.26,6.58,Blue,Vivid,Eye Clean,Pear,Mixed Brilliant Cut,Heat Treated,Ceylon (Sri Lanka),https://www.thenaturalsapphirecompany.com/blue-sapphires/10.15ct-ceylon-sri-lankan-pear-blue-sapphire-b9040/
B9047,522.0,600.0,0.87,6.28,4.99,3.41,Blue,Intense,Very Slightly Included,Oval,Mixed Brilliant Cut,Heat Treated,Ceylon (Sri Lanka),https://www.thenaturalsapphirecompany.com/blue-sapphires/0.87ct-ceylon-sri-lankan-oval-blue-sapphire-b9047/
B9049,1627.0,1440.0,1.13,5.86,4.97,4.39,Blue,Intense,Slightly Included,Cushion,Mixed Brilliant Cut,No Enhancement,Ceylon (Sri Lanka),https://www.thenaturalsapphirecompany.com/blue-sapphires/1.13ct-ceylon-sri-lankan-cushion-blue-sapphire-b9049/
B8288,29279.0,5775.0,5.07,11.22,7.5,6.19,Blue,Vivid,Very Slightly Included,Emerald Cut,Emerald Cut,Heat Treated,Ceylon (Sri Lanka),https://www.thenaturalsapphirecompany.com/blue-sapphires/5.07ct-ceylon-sri-lankan-emerald-cut-blue-sapphire-b8288/
B9105,81536.0,7280.0,11.2,12.19,11.95,7.86,Blue,Vivid,Very Slightly Included,Cushion,Mixed Brilliant Cut,Heat Treated,Ceylon (Sri Lanka),https://www.thenaturalsapphirecompany.com/blue-sapphires/11.20ct-ceylon-sri-lankan-cushion-blue-sapphire-b9105/
B9144,11669.0,4420.0,2.64,8.3,7.0,4.6,Blue,Vivid,Eye Clean,Emerald Cut,Emerald Cut,Heat Treated,Ceylon (Sri Lanka),https://www.thenaturalsapphirecompany.com/blue-sapphires/2.64ct-ceylon-sri-lankan-emerald-cut-blue-sapphire-b9144/
B6804,343.0,470.0,0.73,5.08,5.04,3.51,Blue,Vivid,Very Slightly Included,Cushion,Mixed Brilliant Cut,Heat Treated,Ceylon (Sri Lanka),https://www.thenaturalsapphirecompany.com/blue-sapphires/0.73ct-ceylon-sri-lankan-cushion-blue-sapphire-b6804/
B8081,1027.0,1300.0,0.79,7.0,5.08,3.17,Blue,Intense,Slightly Included,Oval,Mixed Brilliant Cut,Heat Treated,Montana,https://www.thenaturalsapphirecompany.com/blue-sapphires/0.79ct-montana-oval-blue-sapphire-b8081/
B8241,297620.0,23000.0,12.94,12.93,11.44,8.77,Blue,Vivid,Very Slightly Included,Cushion,Mixed Brilliant Cut,No Enhancement,Ceylon (Sri Lanka),https://www.thenaturalsapphirecompany.com/blue-sapphires/12.94ct-ceylon-sri-lankan-cushion-blue-sapphire-b8241/
B8110,18810.0,4500.0,4.18,9.96,8.4,6.15,Blue,Vivid,Very Slightly Included,Oval,Mixed Brilliant Cut,Heat Treated,Madagascar,https://www.thenaturalsapphirecompany.com/blue-sapphires/4.18ct-madagascar-oval-blue-sapphire-b8110/
B8116,4255.0,2128.0,2.0,7.38,6.45,4.39,Blue,Vivid,Very Slightly Included,Cushion,Mixed Brilliant Cut,Heat Treated,Madagascar,https://www.thenaturalsapphirecompany.com/blue-sapphires/2.00ct-madagascar-cushion-blue-sapphire-b8116/
B7580,514.0,651.0,0.79,5.08,5.06,3.78,Blue,Medium,Very Slightly Included,Cushion,Mixed Brilliant Cut,Heat Treated,Ceylon (Sri Lanka),https://www.thenaturalsapphirecompany.com/blue-sapphires/0.79ct-ceylon-sri-lankan-cushion-blue-sapphire-b7580/
B7585,513.0,766.0,0.67,4.98,4.72,3.58,Blue,Medium,Eye Clean,Cushion,Mixed Brilliant Cut,Heat Treated,Ceylon (Sri Lanka),https://www.thenaturalsapphirecompany.com/blue-sapphires/0.67ct-ceylon-sri-lankan-cushion-blue-sapphire-b7585/
B7587,410.0,651.0,0.63,4.78,4.76,3.42,Blue,Medium,Very Slightly Included,Cushion,Mixed Brilliant Cut,Heat Treated,Ceylon (Sri Lanka),https://www.thenaturalsapphirecompany.com/blue-sapphires/0.63ct-ceylon-sri-lankan-cushion-blue-sapphire-b7587/
B7614,1570.0,1308.0,1.2,7.22,5.34,3.74,Blue,Intense,Very Slightly Included,Cushion,Mixed Brilliant Cut,Heat Treated,Ceylon (Sri Lanka),https://www.thenaturalsapphirecompany.com/blue-sapphires/1.20ct-ceylon-sri-lankan-cushion-blue-sapphire-b7614/
B7708,4266.0,1800.0,2.37,7.85,6.3,5.11,Blue,Medium,Very Slightly Included,Cushion,Mixed Brilliant Cut,No Enhancement,Ceylon (Sri Lanka),https://www.thenaturalsapphirecompany.com/blue-sapphires/2.37ct-ceylon-sri-lankan-cushion-blue-sapphire-b7708/
B7794,2214.0,1800.0,1.23,7.33,4.86,3.51,Blue,Intense,Very Slightly Included,Cushion,Mixed Brilliant Cut,No Enhancement,Ceylon (Sri Lanka),https://www.thenaturalsapphirecompany.com/blue-sapphires/1.23ct-ceylon-sri-lankan-cushion-blue-sapphire-b7794/
B7810,3552.0,1850.0,1.92,7.44,6.08,4.58,Color Change,Intense,Very Slightly Included,Oval,Mixed Brilliant Cut,No Enhancement,Ceylon (Sri Lanka),https://www.thenaturalsapphirecompany.com/blue-sapphires/1.92ct-ceylon-sri-lankan-oval-color-change-sapphire-b7810/
B7812,1711.0,1450.0,1.18,6.21,5.11,4.55,Blue,Intense,Very Slightly Included,Cushion,Mixed Brilliant Cut,No Enhancement,Ceylon (Sri Lanka),https://www.thenaturalsapphirecompany.com/blue-sapphires/1.18ct-ceylon-sri-lankan-cushion-blue-sapphire-b7812/
B8028,159936.0,9600.0,16.66,14.57,14.55,8.17,Blue,Intense,Very Slightly Included,Cushion,Modified Brilliant Cut,No Enhancement,Burma (Myanmar),https://www.thenaturalsapphirecompany.com/blue-sapphires/16.66ct-burma-myanmar-cushion-blue-sapphire-b8028/
B8029,241903.0,5750.0,42.07,27.84,17.02,10.18,Blue,Dark,Very Slightly Included,Oval,Mixed Brilliant Cut,No Enhancement,Burma (Myanmar),https://www.thenaturalsapphirecompany.com/blue-sapphires/42.07ct-burma-myanmar-oval-blue-sapphire-b8029/
S15464,8519.0,2775.0,3.07,8.44,7.51,5.85,Blue,Dark,Very Slightly Included,Oval,Mixed Brilliant Cut,Heat Treated,Madagascar,https://www.thenaturalsapphirecompany.com/blue-sapphires/3.07ct-madagascar-oval-blue-sapphire-s15464/
S20973,1777.0,1457.0,1.22,6.65,5.64,4.26,Bluish Green,Intense,Very Slightly Included,Oval,Mixed Brilliant Cut,Heat Treated,Montana,https://www.thenaturalsapphirecompany.com/blue-sapphires/1.22ct-montana-oval-bluish-green-sapphire-s20973/
S20974,2260.0,1712.0,1.32,6.89,5.92,4.22,Greenish Blue,Intense,Very Slightly Included,Oval,Mixed Brilliant Cut,Heat Treated,Montana,https://www.thenaturalsapphirecompany.com/blue-sapphires/1.32ct-montana-oval-greenish-blue-sapphire-s20974/
S20975,1541.0,1364.0,1.13,6.21,6.24,4.08,Greenish Blue,Intense,Slightly Included,Round,Mixed Brilliant Cut,Heat Treated,Montana,https://www.thenaturalsapphirecompany.com/blue-sapphires/1.13ct-montana-round-greenish-blue-sapphire-s20975/
S20978,787.0,996.0,0.79,5.57,5.6,3.6,Blue,Intense,Very Slightly Included,Round,Mixed Brilliant Cut,Heat Treated,Montana,https://www.thenaturalsapphirecompany.com/blue-sapphires/0.79ct-montana-round-blue-sapphire-s20978/
S20983,1351.0,1437.0,0.94,5.84,5.85,3.85,Greenish Blue,Intense,Very Slightly Included,Round,Mixed Brilliant Cut,Heat Treated,Montana,https://www.thenaturalsapphirecompany.com/blue-sapphires/0.94ct-montana-round-greenish-blue-sapphire-s20983/
S20984,958.0,1041.0,0.92,6.27,5.3,3.7,Blue,Light,Very Slightly Included,Cushion,Mixed Brilliant Cut,Heat Treated,Montana,https://www.thenaturalsapphirecompany.com/blue-sapphires/0.92ct-montana-cushion-blue-sapphire-s20984/
S20986,1538.0,1523.0,1.01,6.53,5.0,3.92,Blue,Medium,Very Slightly Included,Radiant,Radiant Cut,Heat Treated,Montana,https://www.thenaturalsapphirecompany.com/blue-sapphires/1.01ct-montana-radiant-blue-sapphire-s20986/
S20987,2096.0,1704.0,1.23,6.83,5.85,4.17,Greenish Blue,Intense,Very Slightly Included,Cushion,Mixed Brilliant Cut,Heat Treated,Montana,https://www.thenaturalsapphirecompany.com/blue-sapphires/1.23ct-montana-cushion-greenish-blue-sapphire-s20987/
S20988,2852.0,2082.0,1.37,6.06,6.02,4.48,Greenish Blue,Intense,Very Slightly Included,Cushion,Mixed Brilliant Cut,Heat Treated,Montana,https://www.thenaturalsapphirecompany.com/blue-sapphires/1.37ct-montana-cushion-greenish-blue-sapphire-s20988/
S35020,1815.0,1500.0,1.21,6.47,5.39,3.74,Color Change,Vivid,Eye Clean,Cushion,Mixed Brilliant Cut,No Enhancement,Tanzania,https://www.thenaturalsapphirecompany.com/blue-sapphires/1.21ct-tanzanian-cushion-color-change-sapphire-s35020/
S44177,1470.0,700.0,2.1,8.09,5.85,4.35,Bluish Green,Intense,Very Slightly Included,Cushion,Mixed Brilliant Cut,No Enhancement,Madagascar,https://www.thenaturalsapphirecompany.com/blue-sapphires/2.10ct-madagascar-cushion-bluish-green-sapphire-s44177/
S19276,4212.0,2127.0,1.98,7.07,6.97,4.75,Blue,Medium,Very Very Slightly Included,Cushion,Mixed Brilliant Cut,Heat Treated,Ceylon (Sri Lanka),https://www.thenaturalsapphirecompany.com/blue-sapphires/1.98ct-ceylon-sri-lankan-cushion-blue-sapphire-s19276/
S32400,1368.0,600.0,2.28,7.52,7.44,4.28,Greenish Blue,Medium,Very Slightly Included,Princess,Princess Cut,No Enhancement,Africa,https://www.thenaturalsapphirecompany.com/blue-sapphires/2.28ct-african-princess-greenish-blue-sapphire-s32400/
S41310,2296.0,700.0,3.28,10.84,8.58,4.63,Bluish Green,Dark,Very Slightly Included,Oval,Mixed Brilliant Cut,Heat Treated,Madagascar,https://www.thenaturalsapphirecompany.com/blue-sapphires/3.28ct-madagascar-oval-bluish-green-sapphire-s41310/
S41319,3420.0,1000.0,3.42,10.93,8.07,4.12,Bluish Green,Dark,Eye Clean,Oval,Mixed Brilliant Cut,Heat Treated,Madagascar,https://www.thenaturalsapphirecompany.com/blue-sapphires/3.42ct-madagascar-oval-bluish-green-sapphire-s41319/
S44224,31581.0,3875.0,8.15,15.51,10.23,6.9,Blue,Intense,Very Very Slightly Included,Pear,Mixed Brilliant Cut,Heat Treated,Ceylon (Sri Lanka),https://www.thenaturalsapphirecompany.com/blue-sapphires/8.15ct-ceylon-sri-lankan-pear-blue-sapphire-s44224/
S44225,16672.0,3960.0,4.21,14.67,7.45,5.37,Blue,Dark,Eye Clean,Pear,Mixed Brilliant Cut,Heat Treated,Ceylon (Sri Lanka),https://www.thenaturalsapphirecompany.com/blue-sapphires/4.21ct-ceylon-sri-lankan-pear-blue-sapphire-s44225/
S44226,5920.0,1850.0,3.2,8.65,6.65,4.97,Blue,Intense,Very Slightly Included,Emerald Cut,Emerald Cut,Heat Treated,Ceylon (Sri Lanka),https://www.thenaturalsapphirecompany.com/blue-sapphires/3.20ct-ceylon-sri-lankan-emerald-cut-blue-sapphire-s44226/
S44227,8749.0,3995.0,2.19,7.62,7.54,4.0,Blue,Vivid,Very Very Slightly Included,Asscher - Octagon,Asscher Cut,Heat Treated,Ceylon (Sri Lanka),https://www.thenaturalsapphirecompany.com/blue-sapphires/2.19ct-ceylon-sri-lankan-asscher-octagon-blue-sapphire-s44227/
S44228,6993.0,3330.0,2.1,7.67,7.61,4.49,Blue,Vivid,Eye Clean,Round,Mixed Brilliant Cut,Heat Treated,Ceylon (Sri Lanka),https://www.thenaturalsapphirecompany.com/blue-sapphires/2.10ct-ceylon-sri-lankan-round-blue-sapphire-s44228/
S40720,2366.0,1300.0,1.82,7.8,5.97,4.37,Bluish Green,Intense,Very Slightly Included,Oval,Mixed Brilliant Cut,No Enhancement,Madagascar,https://www.thenaturalsapphirecompany.com/blue-sapphires/1.82ct-madagascar-oval-bluish-green-sapphire-s40720/
S44703,240.0,500.0,0.48,5.05,3.48,3.05,Blue,Intense,Very Slightly Included,Cushion,Mixed Brilliant Cut,Heat Treated,Madagascar,https://www.thenaturalsapphirecompany.com/blue-sapphires/0.48ct-madagascar-cushion-blue-sapphire-s44703/
S40107,82524.0,7800.0,10.58,13.97,9.88,7.39,Blue,Vivid,Eye Clean,Emerald Cut,Emerald Cut,Heat Treated,Ceylon (Sri Lanka),https://www.thenaturalsapphirecompany.com/blue-sapphires/10.58ct-ceylon-sri-lankan-emerald-cut-blue-sapphire-s40107/
S28679,560.0,800.0,0.7,5.56,5.52,3.24,Greenish Blue,Medium,Eye Clean,Round,Mixed Brilliant Cut,Heat Treated,Madagascar,https://www.thenaturalsapphirecompany.com/blue-sapphires/0.70ct-madagascar-round-greenish-blue-sapphire-s28679/
S44229,6743.0,2775.0,2.43,7.89,7.84,5.22,Blue,Intense,Very Slightly Included,Round,Mixed Brilliant Cut,Heat Treated,Ceylon (Sri Lanka),https://www.thenaturalsapphirecompany.com/blue-sapphires/2.43ct-ceylon-sri-lankan-round-blue-sapphire-s44229/
S44230,7076.0,2775.0,2.55,8.32,8.25,4.69,Blue,Intense,Eye Clean,Round,Mixed Brilliant Cut,Heat Treated,Ceylon (Sri Lanka),https://www.thenaturalsapphirecompany.com/blue-sapphires/2.55ct-ceylon-sri-lankan-round-blue-sapphire-s44230/
S44231,16553.0,3630.0,4.56,10.05,7.78,5.75,Blue,Intense,Eye Clean,Emerald Cut,Emerald Cut,Heat Treated,Ceylon (Sri Lanka),https://www.thenaturalsapphirecompany.com/blue-sapphires/4.56ct-ceylon-sri-lankan-emerald-cut-blue-sapphire-s44231/
S44237,2142.0,1400.0,1.53,7.48,5.15,3.98,Violet,Vivid,Eye Clean,Emerald Cut,Emerald Cut,No Enhancement,Ceylon (Sri Lanka),https://www.thenaturalsapphirecompany.com/blue-sapphires/1.53ct-ceylon-sri-lankan-emerald-cut-violet-sapphire-s44237/
S45195,18810.0,4703.0,4.0,10.26,7.57,5.02,Blue,Vivid,Very Very Slightly Included,Cushion,Mixed Brilliant Cut,Heat Treated,Ceylon (Sri Lanka),https://www.thenaturalsapphirecompany.com/blue-sapphires/4.00ct-ceylon-sri-lankan-cushion-blue-sapphire-s45195/
S48166,1520.0,981.0,1.55,7.39,5.2,4.07,Greenish Blue,Intense,Slightly Included,Emerald Cut,Emerald Cut,No Enhancement,Madagascar,https://www.thenaturalsapphirecompany.com/blue-sapphires/1.55ct-madagascar-emerald-cut-greenish-blue-sapphire-s48166/
S25759,134.0,200.0,0.67,5.42,5.44,3.03,Bluish Green,Medium,Eye Clean,Round,Mixed Brilliant Cut,No Enhancement,Ceylon (Sri Lanka),https://www.thenaturalsapphirecompany.com/blue-sapphires/0.67ct-ceylon-sri-lankan-round-bluish-green-sapphire-s25759/
S48382,1500.0,1145.0,1.31,6.64,5.13,4.36,Blue,Vivid,Slightly Included,Cushion,Mixed Brilliant Cut,No Enhancement,Ceylon (Sri Lanka),https://www.thenaturalsapphirecompany.com/blue-sapphires/1.31ct-ceylon-sri-lankan-cushion-blue-sapphire-s48382/
S48260,3408.0,2400.0,1.42,7.55,5.95,3.78,Bluish Green,Intense,Very Very Slightly Included,Oval,Mixed Brilliant Cut,Heat Treated,Montana,https://www.thenaturalsapphirecompany.com/blue-sapphires/1.42ct-montana-oval-bluish-green-sapphire-s48260/
S15211,2080.0,1300.0,1.6,6.67,6.3,4.71,Blue,Dark,Very Slightly Included,Round,Mixed Brilliant Cut,Heat Treated,Ceylon (Sri Lanka),https://www.thenaturalsapphirecompany.com/blue-sapphires/1.60ct-ceylon-sri-lankan-round-blue-sapphire-s15211/
S15216,2700.0,1500.0,1.8,7.47,6.08,4.26,Blue,Intense,Very Slightly Included,Cushion,Mixed Brilliant Cut,Heat Treated,Ceylon (Sri Lanka),https://www.thenaturalsapphirecompany.com/blue-sapphires/1.80ct-ceylon-sri-lankan-cushion-blue-sapphire-s15216/
S15218,4662.0,1388.0,3.36,8.12,7.33,5.77,Purplish Blue,Intense,Very Slightly Included,Radiant,Radiant Cut,Heat Treated,Ceylon (Sri Lanka),https://www.thenaturalsapphirecompany.com/blue-sapphires/3.36ct-ceylon-sri-lankan-radiant-purplish-blue-sapphire-s15218/
S15772,424.0,420.0,1.01,6.04,4.59,3.6,Blue,Intense,Very Slightly Included,Cushion,Mixed Brilliant Cut,Heat Treated,Ceylon (Sri Lanka),https://www.thenaturalsapphirecompany.com/blue-sapphires/1.01ct-ceylon-sri-lankan-cushion-blue-sapphire-s15772/
S15775,707.0,520.0,1.36,7.16,5.55,4.18,Purplish Blue,Intense,Very Slightly Included,Oval,Mixed Brilliant Cut,Heat Treated,Ceylon (Sri Lanka),https://www.thenaturalsapphirecompany.com/blue-sapphires/1.36ct-ceylon-sri-lankan-oval-purplish-blue-sapphire-s15775/
S17403,14457.0,3177.0,4.55,8.94,10.89,6.07,Blue,Intense,Very Slightly Included,Heart,Mixed Brilliant Cut,No Enhancement,Ceylon (Sri Lanka),https://www.thenaturalsapphirecompany.com/blue-sapphires/4.55ct-ceylon-sri-lankan-heart-blue-sapphire-s17403/
S12059,5159.0,1804.0,2.86,9.58,6.29,4.03,Bluish Green,Intense,Eye Clean,Fancy,Fancy Cut,Heat Treated,Ceylon (Sri Lanka),https://www.thenaturalsapphirecompany.com/blue-sapphires/2.86ct-ceylon-sri-lankan-fancy-bluish-green-sapphire-s12059/
S32061,3500.0,1378.0,2.54,8.18,6.06,5.39,Blue,Vivid,Slightly Included,Cushion,Mixed Brilliant Cut,Heat Treated,Ceylon (Sri Lanka),https://www.thenaturalsapphirecompany.com/blue-sapphires/2.54ct-ceylon-sri-lankan-cushion-blue-sapphire-s32061/
S47007,2000.0,769.0,2.6,8.32,6.82,4.72,Blue,Intense,Slightly Included,Radiant,Radiant Cut,Heat Treated,Ceylon (Sri Lanka),https://www.thenaturalsapphirecompany.com/blue-sapphires/2.60ct-ceylon-sri-lankan-radiant-blue-sapphire-s47007/
S44838,3500.0,1389.0,2.52,9.28,7.34,5.45,Blue,Intense,Slightly Included,Oval,Mixed Brilliant Cut,No Enhancement,Ceylon (Sri Lanka),https://www.thenaturalsapphirecompany.com/blue-sapphires/2.52ct-ceylon-sri-lankan-oval-blue-sapphire-s44838/
S36581,2071.0,950.0,2.18,6.94,6.91,4.91,Blue,Medium,Very Slightly Included,Radiant,Radiant Cut,No Enhancement,Ceylon (Sri Lanka),https://www.thenaturalsapphirecompany.com/blue-sapphires/2.18ct-ceylon-sri-lankan-radiant-blue-sapphire-s36581/
S23690,1440.0,1200.0,1.2,8.07,5.72,3.63,Blue,Intense,Very Very Slightly Included,Pear,Mixed Brilliant Cut,Heat Treated,Ceylon (Sri Lanka),https://www.thenaturalsapphirecompany.com/blue-sapphires/1.20ct-ceylon-sri-lankan-pear-blue-sapphire-s23690/
S7849,6734.0,1850.0,3.64,11.29,7.16,4.52,Blue,Medium,Slightly Included,Cushion,Mixed Brilliant Cut,No Enhancement,Ceylon (Sri Lanka),https://www.thenaturalsapphirecompany.com/blue-sapphires/3.64ct-ceylon-sri-lankan-cushion-blue-sapphire-s7849/
S7858,14926.0,3400.0,4.39,9.34,8.45,6.04,Blue,Vivid,Very Slightly Included,Cushion,Mixed Brilliant Cut,Heat Treated,Ceylon (Sri Lanka),https://www.thenaturalsapphirecompany.com/blue-sapphires/4.39ct-ceylon-sri-lankan-cushion-blue-sapphire-s7858/
B8482,553.0,651.0,0.85,5.9,5.16,3.34,Blue,Dark,Very Slightly Included,Cushion,Mixed Brilliant Cut,Heat Treated,Ceylon (Sri Lanka),https://www.thenaturalsapphirecompany.com/blue-sapphires/0.85ct-ceylon-sri-lankan-cushion-blue-sapphire-b8482/
B8484,268.0,400.0,0.67,5.27,4.5,3.5,Blue,Vivid,Very Slightly Included,Cushion,Mixed Brilliant Cut,Heat Treated,Ceylon (Sri Lanka),https://www.thenaturalsapphirecompany.com/blue-sapphires/0.67ct-ceylon-sri-lankan-cushion-blue-sapphire-b8484/
B8488,653.0,751.0,0.87,10.15,3.67,2.97,Blue,Dark,Very Slightly Included,Marquise,Mixed Brilliant Cut,Heat Treated,Ceylon (Sri Lanka),https://www.thenaturalsapphirecompany.com/blue-sapphires/0.87ct-ceylon-sri-lankan-marquise-blue-sapphire-b8488/
S47680,1200.0,1165.0,1.03,7.15,5.53,3.2,Blue,Intense,Eye Clean,Oval,Mixed Brilliant Cut,No Enhancement,Tanzania,https://www.thenaturalsapphirecompany.com/blue-sapphires/1.03ct-tanzanian-oval-blue-sapphire-s47680/
S47682,2500.0,2404.0,1.04,6.29,4.74,3.74,Blue,Intense,Slightly Included,Cushion,Mixed Brilliant Cut,No Enhancement,Tanzania,https://www.thenaturalsapphirecompany.com/blue-sapphires/1.04ct-tanzanian-cushion-blue-sapphire-s47682/
S47683,1300.0,1300.0,1.0,5.03,4.82,3.87,Blue,Dark,Very Very Slightly Included,Cushion,Mixed Brilliant Cut,Heat Treated,Tanzania,https://www.thenaturalsapphirecompany.com/blue-sapphires/1.00ct-tanzanian-cushion-blue-sapphire-s47683/
S47684,3000.0,2941.0,1.02,5.74,5.72,3.06,Blue,Intense,Very Slightly Included,Cushion,Mixed Brilliant Cut,No Enhancement,Tanzania,https://www.thenaturalsapphirecompany.com/blue-sapphires/1.02ct-tanzanian-cushion-blue-sapphire-s47684/
S47686,2000.0,1961.0,1.02,6.87,5.28,2.87,Blue,Intense,Included,Cushion,Mixed Brilliant Cut,No Enhancement,Tanzania,https://www.thenaturalsapphirecompany.com/blue-sapphires/1.02ct-tanzanian-cushion-blue-sapphire-s47686/
S47688,2700.0,1646.0,1.64,7.73,6.82,3.28,Blue,Intense,Slightly Included,Cushion,Mixed Brilliant Cut,No Enhancement,Tanzania,https://www.thenaturalsapphirecompany.com/blue-sapphires/1.64ct-tanzanian-cushion-blue-sapphire-s47688/
S47691,800.0,1481.0,0.54,4.67,4.06,3.14,Blue,Intense,Very Slightly Included,Oval,Mixed Brilliant Cut,No Enhancement,Tanzania,https://www.thenaturalsapphirecompany.com/blue-sapphires/0.54ct-tanzanian-oval-blue-sapphire-s47691/
S47692,700.0,667.0,1.05,6.25,5.19,3.84,Purplish Blue,Intense,Included,Oval,Mixed Brilliant Cut,No Enhancement,Tanzania,https://www.thenaturalsapphirecompany.com/blue-sapphires/1.05ct-tanzanian-oval-purplish-blue-sapphire-s47692/
S47694,600.0,566.0,1.06,5.47,5.33,3.86,Blue,Intense,Eye Clean,Cushion,Mixed Brilliant Cut,Heat Treated,Madagascar,https://www.thenaturalsapphirecompany.com/blue-sapphires/1.06ct-madagascar-cushion-blue-sapphire-s47694/
S47695,1000.0,1282.0,0.78,5.57,5.65,3.46,Blue,Intense,Slightly Included,Round,Mixed Brilliant Cut,No Enhancement,Madagascar,https://www.thenaturalsapphirecompany.com/blue-sapphires/0.78ct-madagascar-round-blue-sapphire-s47695/
S47696,500.0,472.0,1.06,6.64,4.93,3.6,Greenish Blue,Intense,Slightly Included,Radiant,Radiant Cut,No Enhancement,Madagascar,https://www.thenaturalsapphirecompany.com/blue-sapphires/1.06ct-madagascar-radiant-greenish-blue-sapphire-s47696/
S47697,1300.0,640.0,2.03,6.76,6.49,5.54,Color Change,Intense,Slightly Included,Cushion,Mixed Brilliant Cut,No Enhancement,Madagascar,https://www.thenaturalsapphirecompany.com/blue-sapphires/2.03ct-madagascar-cushion-color-change-sapphire-s47697/
S47701,3600.0,3025.0,1.19,8.49,5.86,3.51,Blue,Intense,Very Slightly Included,Pear,Mixed Brilliant Cut,No Enhancement,Tanzania,https://www.thenaturalsapphirecompany.com/blue-sapphires/1.19ct-tanzanian-pear-blue-sapphire-s47701/
S8599,888.0,800.0,1.11,6.99,5.05,3.06,Blue,Intense,Very Slightly Included,Emerald Cut,Emerald Cut,Heat Treated,Ceylon (Sri Lanka),https://www.thenaturalsapphirecompany.com/blue-sapphires/1.11ct-ceylon-sri-lankan-emerald-cut-blue-sapphire-s8599/
S8600,880.0,800.0,1.1,7.06,5.02,3.06,Blue,Intense,Very Slightly Included,Emerald Cut,Emerald Cut,Heat Treated,Ceylon (Sri Lanka),https://www.thenaturalsapphirecompany.com/blue-sapphires/1.10ct-ceylon-sri-lankan-emerald-cut-blue-sapphire-s8600/
S8601,1287.0,1100.0,1.17,6.67,4.97,3.66,Blue,Vivid,Very Slightly Included,Emerald Cut,Emerald Cut,Heat Treated,Ceylon (Sri Lanka),https://www.thenaturalsapphirecompany.com/blue-sapphires/1.17ct-ceylon-sri-lankan-emerald-cut-blue-sapphire-s8601/
S8602,888.0,800.0,1.11,6.92,4.83,3.42,Blue,Intense,Very Slightly Included,Emerald Cut,Emerald Cut,Heat Treated,Ceylon (Sri Lanka),https://www.thenaturalsapphirecompany.com/blue-sapphires/1.11ct-ceylon-sri-lankan-emerald-cut-blue-sapphire-s8602/
S8607,1008.0,800.0,1.26,7.37,4.51,3.57,Blue,Intense,Slightly Included,Emerald Cut,Emerald Cut,Heat Treated,Ceylon (Sri Lanka),https://www.thenaturalsapphirecompany.com/blue-sapphires/1.26ct-ceylon-sri-lankan-emerald-cut-blue-sapphire-s8607/
S8616,8517.0,1700.0,5.01,10.55,7.88,5.89,Bluish Green,Vivid,Eye Clean,Cushion,Mixed Brilliant Cut,No Enhancement,Ceylon (Sri Lanka),https://www.thenaturalsapphirecompany.com/blue-sapphires/5.01ct-ceylon-sri-lankan-cushion-bluish-green-sapphire-s8616/
S8617,7468.0,2128.0,3.51,8.95,7.91,4.99,Greenish Blue,Vivid,Eye Clean,Emerald Cut,Emerald Cut,No Enhancement,Ceylon (Sri Lanka),https://www.thenaturalsapphirecompany.com/blue-sapphires/3.51ct-ceylon-sri-lankan-emerald-cut-greenish-blue-sapphire-s8617/
S8620,760.0,800.0,0.95,6.8,4.81,2.93,Blue,Intense,Very Slightly Included,Emerald Cut,Emerald Cut,Heat Treated,Ceylon (Sri Lanka),https://www.thenaturalsapphirecompany.com/blue-sapphires/0.95ct-ceylon-sri-lankan-emerald-cut-blue-sapphire-s8620/
S8623,736.0,800.0,0.92,7.03,4.77,2.73,Blue,Intense,Very Slightly Included,Emerald Cut,Emerald Cut,Heat Treated,Ceylon (Sri Lanka),https://www.thenaturalsapphirecompany.com/blue-sapphires/0.92ct-ceylon-sri-lankan-emerald-cut-blue-sapphire-s8623/
S8624,550.0,500.0,1.1,6.05,6.02,3.84,Blue,Intense,Very Slightly Included,Round,Mixed Brilliant Cut,Heat Treated,Ceylon (Sri Lanka),https://www.thenaturalsapphirecompany.com/blue-sapphires/1.10ct-ceylon-sri-lankan-round-blue-sapphire-s8624/
S8628,530.0,500.0,1.06,6.16,6.08,3.53,Blue,Intense,Very Slightly Included,Round,Mixed Brilliant Cut,Heat Treated,Ceylon (Sri Lanka),https://www.thenaturalsapphirecompany.com/blue-sapphires/1.06ct-ceylon-sri-lankan-round-blue-sapphire-s8628/
S8631,420.0,500.0,0.84,5.38,5.35,3.68,Blue,Vivid,Very Slightly Included,Round,Mixed Brilliant Cut,Heat Treated,Ceylon (Sri Lanka),https://www.thenaturalsapphirecompany.com/blue-sapphires/0.84ct-ceylon-sri-lankan-round-blue-sapphire-s8631/
S8632,485.0,500.0,0.97,5.76,5.71,3.94,Blue,Medium,Very Slightly Included,Round,Mixed Brilliant Cut,Heat Treated,Ceylon (Sri Lanka),https://www.thenaturalsapphirecompany.com/blue-sapphires/0.97ct-ceylon-sri-lankan-round-blue-sapphire-s8632/
S8633,410.0,500.0,0.82,5.76,5.73,3.35,Blue,Intense,Very Slightly Included,Round,Mixed Brilliant Cut,Heat Treated,Ceylon (Sri Lanka),https://www.thenaturalsapphirecompany.com/blue-sapphires/0.82ct-ceylon-sri-lankan-round-blue-sapphire-s8633/
S8634,365.0,500.0,0.73,5.27,5.24,3.09,Blue,Intense,Slightly Included,Round,Mixed Brilliant Cut,Heat Treated,Ceylon (Sri Lanka),https://www.thenaturalsapphirecompany.com/blue-sapphires/0.73ct-ceylon-sri-lankan-round-blue-sapphire-s8634/
S8635,365.0,500.0,0.73,5.32,5.28,3.08,Blue,Intense,Very Slightly Included,Round,Mixed Brilliant Cut,Heat Treated,Ceylon (Sri Lanka),https://www.thenaturalsapphirecompany.com/blue-sapphires/0.73ct-ceylon-sri-lankan-round-blue-sapphire-s8635/
S8636,425.0,500.0,0.85,5.39,5.35,3.39,Blue,Intense,Very Slightly Included,Round,Mixed Brilliant Cut,Heat Treated,Ceylon (Sri Lanka),https://www.thenaturalsapphirecompany.com/blue-sapphires/0.85ct-ceylon-sri-lankan-round-blue-sapphire-s8636/
S8637,405.0,500.0,0.81,5.56,5.47,3.47,Blue,Intense,Very Slightly Included,Round,Mixed Brilliant Cut,Heat Treated,Ceylon (Sri Lanka),https://www.thenaturalsapphirecompany.com/blue-sapphires/0.81ct-ceylon-sri-lankan-round-blue-sapphire-s8637/
S8638,280.0,500.0,0.56,4.9,4.87,3.15,Blue,Intense,Very Slightly Included,Round,Mixed Brilliant Cut,Heat Treated,Ceylon (Sri Lanka),https://www.thenaturalsapphirecompany.com/blue-sapphires/0.56ct-ceylon-sri-lankan-round-blue-sapphire-s8638/
S8640,405.0,500.0,0.81,5.27,5.25,3.55,Blue,Vivid,Very Slightly Included,Round,Mixed Brilliant Cut,Heat Treated,Ceylon (Sri Lanka),https://www.thenaturalsapphirecompany.com/blue-sapphires/0.81ct-ceylon-sri-lankan-round-blue-sapphire-s8640/
S8641,440.0,500.0,0.88,5.76,5.69,3.43,Blue,Intense,Slightly Included,Round,Mixed Brilliant Cut,Heat Treated,Ceylon (Sri Lanka),https://www.thenaturalsapphirecompany.com/blue-sapphires/0.88ct-ceylon-sri-lankan-round-blue-sapphire-s8641/
S8642,340.0,500.0,0.68,5.11,5.06,3.25,Blue,Intense,Very Slightly Included,Round,Mixed Brilliant Cut,Heat Treated,Ceylon (Sri Lanka),https://www.thenaturalsapphirecompany.com/blue-sapphires/0.68ct-ceylon-sri-lankan-round-blue-sapphire-s8642/
S8643,425.0,500.0,0.85,5.17,5.1,3.82,Blue,Intense,Very Slightly Included,Round,Mixed Brilliant Cut,Heat Treated,Ceylon (Sri Lanka),https://www.thenaturalsapphirecompany.com/blue-sapphires/0.85ct-ceylon-sri-lankan-round-blue-sapphire-s8643/
U14739,410308.0,12075.0,33.98,19.38,17.02,11.46,Color Change,Vivid,Eye Clean,Cushion,Mixed Brilliant Cut,Heat Treated,Ceylon (Sri Lanka),https://www.thenaturalsapphirecompany.com/blue-sapphires/33.98ct-ceylon-sri-lankan-cushion-color-change-sapphire-u14739/
B8492,319.0,550.0,0.58,5.65,4.37,2.58,Blue,Dark,Very Slightly Included,Oval,Mixed Brilliant Cut,Heat Treated,Ceylon (Sri Lanka),https://www.thenaturalsapphirecompany.com/blue-sapphires/0.58ct-ceylon-sri-lankan-oval-blue-sapphire-b8492/
B8495,490.0,500.0,0.98,6.24,4.87,3.54,Blue,Vivid,Very Slightly Included,Cushion,Mixed Brilliant Cut,Heat Treated,Ceylon (Sri Lanka),https://www.thenaturalsapphirecompany.com/blue-sapphires/0.98ct-ceylon-sri-lankan-cushion-blue-sapphire-b8495/
B8496,144.0,300.0,0.48,4.98,3.31,3.2,Blue,Vivid,Very Slightly Included,Cushion,Mixed Brilliant Cut,Heat Treated,Ceylon (Sri Lanka),https://www.thenaturalsapphirecompany.com/blue-sapphires/0.48ct-ceylon-sri-lankan-cushion-blue-sapphire-b8496/
B8527,245.0,500.0,0.49,5.53,3.5,2.7,Blue,Vivid,Very Slightly Included,Cushion,Mixed Brilliant Cut,Heat Treated,Ceylon (Sri Lanka),https://www.thenaturalsapphirecompany.com/blue-sapphires/0.49ct-ceylon-sri-lankan-cushion-blue-sapphire-b8527/
B8541,475.0,500.0,0.95,6.49,5.47,3.07,Blue,Dark,Very Slightly Included,Cushion,Mixed Brilliant Cut,Heat Treated,Ceylon (Sri Lanka),https://www.thenaturalsapphirecompany.com/blue-sapphires/0.95ct-ceylon-sri-lankan-cushion-blue-sapphire-b8541/
B8572,384.0,400.0,0.96,6.25,4.95,3.58,Blue,Dark,Very Slightly Included,Oval,Mixed Brilliant Cut,Heat Treated,Ceylon (Sri Lanka),https://www.thenaturalsapphirecompany.com/blue-sapphires/0.96ct-ceylon-sri-lankan-oval-blue-sapphire-b8572/
B8573,239.0,451.0,0.53,5.33,4.36,2.77,Blue,Vivid,Very Slightly Included,Oval,Mixed Brilliant Cut,Heat Treated,Ceylon (Sri Lanka),https://www.thenaturalsapphirecompany.com/blue-sapphires/0.53ct-ceylon-sri-lankan-oval-blue-sapphire-b8573/
B6924,585.0,750.0,0.78,6.16,4.8,3.17,Blue,Medium,Very Slightly Included,Cushion,Mixed Brilliant Cut,Heat Treated,Ceylon (Sri Lanka),https://www.thenaturalsapphirecompany.com/blue-sapphires/0.78ct-ceylon-sri-lankan-cushion-blue-sapphire-b6924/
B6945,517.0,680.0,0.76,6.28,4.52,3.31,Blue,Vivid,Very Slightly Included,Cushion,Mixed Brilliant Cut,Heat Treated,Ceylon (Sri Lanka),https://www.thenaturalsapphirecompany.com/blue-sapphires/0.76ct-ceylon-sri-lankan-cushion-blue-sapphire-b6945/
B6996,476.0,700.0,0.68,4.99,4.94,3.43,Blue,Vivid,Very Slightly Included,Cushion,Mixed Brilliant Cut,Heat Treated,Ceylon (Sri Lanka),https://www.thenaturalsapphirecompany.com/blue-sapphires/0.68ct-ceylon-sri-lankan-cushion-blue-sapphire-b6996/
B7010,403.0,650.0,0.62,5.07,5.01,3.32,Blue,Medium,Very Slightly Included,Cushion,Mixed Brilliant Cut,Heat Treated,Ceylon (Sri Lanka),https://www.thenaturalsapphirecompany.com/blue-sapphires/0.62ct-ceylon-sri-lankan-cushion-blue-sapphire-b7010/
B7011,423.0,651.0,0.65,5.01,4.96,3.26,Blue,Vivid,Very Slightly Included,Cushion,Mixed Brilliant Cut,Heat Treated,Ceylon (Sri Lanka),https://www.thenaturalsapphirecompany.com/blue-sapphires/0.65ct-ceylon-sri-lankan-cushion-blue-sapphire-b7011/
B7019,384.0,651.0,0.59,5.11,5.06,3.04,Blue,Vivid,Very Slightly Included,Cushion,Mixed Brilliant Cut,Heat Treated,Ceylon (Sri Lanka),https://www.thenaturalsapphirecompany.com/blue-sapphires/0.59ct-ceylon-sri-lankan-cushion-blue-sapphire-b7019/
B7025,276.0,400.0,0.69,5.03,4.9,3.43,Blue,Vivid,Very Slightly Included,Cushion,Mixed Brilliant Cut,Heat Treated,Ceylon (Sri Lanka),https://www.thenaturalsapphirecompany.com/blue-sapphires/0.69ct-ceylon-sri-lankan-cushion-blue-sapphire-b7025/
B7027,436.0,651.0,0.67,5.09,5.04,3.35,Blue,Intense,Very Slightly Included,Cushion,Mixed Brilliant Cut,Heat Treated,Ceylon (Sri Lanka),https://www.thenaturalsapphirecompany.com/blue-sapphires/0.67ct-ceylon-sri-lankan-cushion-blue-sapphire-b7027/
B7085,2595.0,1500.0,1.73,6.62,6.61,3.98,Blue,Medium,Very Slightly Included,Cushion,Mixed Brilliant Cut,Heat Treated,Ceylon (Sri Lanka),https://www.thenaturalsapphirecompany.com/blue-sapphires/1.73ct-ceylon-sri-lankan-cushion-blue-sapphire-b7085/
B7094,91650.0,7800.0,11.75,14.42,11.44,7.35,Blue,Vivid,Very Slightly Included,Cushion,Modified Brilliant Cut,Heat Treated,Ceylon (Sri Lanka),https://www.thenaturalsapphirecompany.com/blue-sapphires/11.75ct-ceylon-sri-lankan-cushion-blue-sapphire-b7094/
B7174,61631.0,8120.0,7.59,12.13,9.67,6.86,Blue,Vivid,Eye Clean,Cushion,Modified Brilliant Cut,No Enhancement,Nigeria,https://www.thenaturalsapphirecompany.com/blue-sapphires/7.59ct-nigerian-cushion-blue-sapphire-b7174/
B7222,352.0,525.0,0.67,6.13,5.1,2.94,Blue,Vivid,Very Slightly Included,Oval,Mixed Brilliant Cut,Heat Treated,Ceylon (Sri Lanka),https://www.thenaturalsapphirecompany.com/blue-sapphires/0.67ct-ceylon-sri-lankan-oval-blue-sapphire-b7222/
B7233,383.0,451.0,0.85,6.11,5.14,3.59,Blue,Intense,Very Slightly Included,Oval,Mixed Brilliant Cut,Heat Treated,Ceylon (Sri Lanka),https://www.thenaturalsapphirecompany.com/blue-sapphires/0.85ct-ceylon-sri-lankan-oval-blue-sapphire-b7233/
B7234,304.0,400.0,0.76,6.03,4.96,3.37,Blue,Medium,Very Slightly Included,Oval,Mixed Brilliant Cut,Heat Treated,Ceylon (Sri Lanka),https://www.thenaturalsapphirecompany.com/blue-sapphires/0.76ct-ceylon-sri-lankan-oval-blue-sapphire-b7234/
B7240,301.0,350.0,0.86,7.01,4.97,3.37,Blue,Medium,Slightly Included,Oval,Mixed Brilliant Cut,Heat Treated,Ceylon (Sri Lanka),https://www.thenaturalsapphirecompany.com/blue-sapphires/0.86ct-ceylon-sri-lankan-oval-blue-sapphire-b7240/
B7262,504.0,525.0,0.96,6.98,4.97,3.82,Blue,Intense,Slightly Included,Oval,Mixed Brilliant Cut,Heat Treated,Ceylon (Sri Lanka),https://www.thenaturalsapphirecompany.com/blue-sapphires/0.96ct-ceylon-sri-lankan-oval-blue-sapphire-b7262/
B7265,420.0,500.0,0.84,7.12,5.09,2.97,Blue,Medium,Very Slightly Included,Oval,Mixed Brilliant Cut,Heat Treated,Ceylon (Sri Lanka),https://www.thenaturalsapphirecompany.com/blue-sapphires/0.84ct-ceylon-sri-lankan-oval-blue-sapphire-b7265/
B7268,428.0,451.0,0.95,7.04,5.08,3.55,Blue,Medium,Very Slightly Included,Oval,Mixed Brilliant Cut,Heat Treated,Ceylon (Sri Lanka),https://www.thenaturalsapphirecompany.com/blue-sapphires/0.95ct-ceylon-sri-lankan-oval-blue-sapphire-b7268/
B7269,429.0,550.0,0.78,6.08,5.09,3.34,Blue,Medium,Very Slightly Included,Oval,Mixed Brilliant Cut,Heat Treated,Ceylon (Sri Lanka),https://www.thenaturalsapphirecompany.com/blue-sapphires/0.78ct-ceylon-sri-lankan-oval-blue-sapphire-b7269/
B7279,490.0,551.0,0.89,7.04,5.1,3.26,Blue,Intense,Very Slightly Included,Oval,Mixed Brilliant Cut,Heat Treated,Ceylon (Sri Lanka),https://www.thenaturalsapphirecompany.com/blue-sapphires/0.89ct-ceylon-sri-lankan-oval-blue-sapphire-b7279/
B7284,308.0,376.0,0.82,7.03,5.07,3.19,Blue,Medium,Eye Clean,Oval,Mixed Brilliant Cut,Heat Treated,Ceylon (Sri Lanka),https://www.thenaturalsapphirecompany.com/blue-sapphires/0.82ct-ceylon-sri-lankan-oval-blue-sapphire-b7284/
B7292,684.0,900.0,0.76,5.53,5.01,3.5,Blue,Vivid,Eye Clean,Cushion,Mixed Brilliant Cut,Heat Treated,Ceylon (Sri Lanka),https://www.thenaturalsapphirecompany.com/blue-sapphires/0.76ct-ceylon-sri-lankan-cushion-blue-sapphire-b7292/
B7299,693.0,900.0,0.77,5.61,5.49,3.01,Blue,Intense,Very Slightly Included,Cushion,Mixed Brilliant Cut,Heat Treated,Ceylon (Sri Lanka),https://www.thenaturalsapphirecompany.com/blue-sapphires/0.77ct-ceylon-sri-lankan-cushion-blue-sapphire-b7299/
B7309,468.0,450.0,1.04,6.62,4.68,3.68,Blue,Medium,Very Slightly Included,Emerald Cut,Emerald Cut,Heat Treated,Ceylon (Sri Lanka),https://www.thenaturalsapphirecompany.com/blue-sapphires/1.04ct-ceylon-sri-lankan-emerald-cut-blue-sapphire-b7309/
B7310,396.0,600.0,0.66,5.88,4.0,3.02,Blue,Intense,Very Slightly Included,Emerald Cut,Emerald Cut,Heat Treated,Ceylon (Sri Lanka),https://www.thenaturalsapphirecompany.com/blue-sapphires/0.66ct-ceylon-sri-lankan-emerald-cut-blue-sapphire-b7310/
S15452,30710.0,5940.0,5.17,8.72,8.51,7.46,Blue,Vivid,Very Slightly Included,Cushion,Mixed Brilliant Cut,Heat Treated,Ceylon (Sri Lanka),https://www.thenaturalsapphirecompany.com/blue-sapphires/5.17ct-ceylon-sri-lankan-cushion-blue-sapphire-s15452/
S15453,21226.0,5280.0,4.02,9.78,8.22,5.54,Blue,Vivid,Eye Clean,Oval,Mixed Brilliant Cut,Heat Treated,Ceylon (Sri Lanka),https://www.thenaturalsapphirecompany.com/blue-sapphires/4.02ct-ceylon-sri-lankan-oval-blue-sapphire-s15453/
S15455,29251.0,5280.0,5.54,10.64,8.18,7.14,Blue,Vivid,Very Slightly Included,Oval,Mixed Brilliant Cut,Heat Treated,Madagascar,https://www.thenaturalsapphirecompany.com/blue-sapphires/5.54ct-madagascar-oval-blue-sapphire-s15455/
S15456,31838.0,5280.0,6.03,11.39,8.51,7.05,Blue,Vivid,Very Slightly Included,Oval,Mixed Brilliant Cut,Heat Treated,Madagascar,https://www.thenaturalsapphirecompany.com/blue-sapphires/6.03ct-madagascar-oval-blue-sapphire-s15456/
S15457,14698.0,3740.0,3.93,9.38,9.49,6.11,Blue,Vivid,Very Slightly Included,Pear,Mixed Brilliant Cut,Heat Treated,Ceylon (Sri Lanka),https://www.thenaturalsapphirecompany.com/blue-sapphires/3.93ct-ceylon-sri-lankan-pear-blue-sapphire-s15457/
S15458,8469.0,3885.0,2.18,8.36,8.4,4.35,Blue,Vivid,Very Slightly Included,Round,Mixed Brilliant Cut,Heat Treated,Madagascar,https://www.thenaturalsapphirecompany.com/blue-sapphires/2.18ct-madagascar-round-blue-sapphire-s15458/
S15459,13600.0,4250.0,3.2,8.82,8.69,5.16,Blue,Vivid,Very Slightly Included,Round,Mixed Brilliant Cut,Heat Treated,Madagascar,https://www.thenaturalsapphirecompany.com/blue-sapphires/3.20ct-madagascar-round-blue-sapphire-s15459/
S15460,18186.0,3630.0,5.01,9.85,8.57,5.51,Blue,Vivid,Very Slightly Included,Emerald Cut,Emerald Cut,Heat Treated,Madagascar,https://www.thenaturalsapphirecompany.com/blue-sapphires/5.01ct-madagascar-emerald-cut-blue-sapphire-s15460/
S21058,1510.0,1466.0,1.03,5.98,5.98,3.96,Blue,Medium,Very Slightly Included,Round,Mixed Brilliant Cut,Heat Treated,Montana,https://www.thenaturalsapphirecompany.com/blue-sapphires/1.03ct-montana-round-blue-sapphire-s21058/
S21060,1582.0,1451.0,1.09,6.37,5.75,3.98,Greenish Blue,Intense,Slightly Included,Fancy,Mixed Brilliant Cut,Heat Treated,Montana,https://www.thenaturalsapphirecompany.com/blue-sapphires/1.09ct-montana-fancy-greenish-blue-sapphire-s21060/
S21061,2067.0,1590.0,1.3,6.79,5.78,4.38,Greenish Blue,Intense,Very Slightly Included,Oval,Mixed Brilliant Cut,Heat Treated,Montana,https://www.thenaturalsapphirecompany.com/blue-sapphires/1.30ct-montana-oval-greenish-blue-sapphire-s21061/
S21063,390.0,600.0,0.65,6.2,4.45,3.04,Blue,Medium,Slightly Included,Pear,Mixed Brilliant Cut,No Enhancement,Ceylon (Sri Lanka),https://www.thenaturalsapphirecompany.com/blue-sapphires/0.65ct-ceylon-sri-lankan-pear-blue-sapphire-s21063/
S21073,400.0,690.0,0.58,6.56,4.14,2.93,Blue,Light,Very Very Slightly Included,Pear,Mixed Brilliant Cut,No Enhancement,Ceylon (Sri Lanka),https://www.thenaturalsapphirecompany.com/blue-sapphires/0.58ct-ceylon-sri-lankan-pear-blue-sapphire-s21073/
S21074,1110.0,822.0,1.35,7.92,6.01,3.93,Blue,Intense,Included,Oval,Mixed Brilliant Cut,Heat Treated,Montana,https://www.thenaturalsapphirecompany.com/blue-sapphires/1.35ct-montana-oval-blue-sapphire-s21074/
S21075,430.0,662.0,0.65,5.7,4.38,3.25,Purplish Blue,Light,Very Very Slightly Included,Oval,Mixed Brilliant Cut,No Enhancement,Ceylon (Sri Lanka),https://www.thenaturalsapphirecompany.com/blue-sapphires/0.65ct-ceylon-sri-lankan-oval-purplish-blue-sapphire-s21075/
S26048,3863.0,2683.0,1.44,8.1,5.5,3.22,Blue,Vivid,Very Very Slightly Included,Emerald Cut,Emerald Cut,Heat Treated,Ceylon (Sri Lanka),https://www.thenaturalsapphirecompany.com/blue-sapphires/1.44ct-ceylon-sri-lankan-emerald-cut-blue-sapphire-s26048/
S26049,3528.0,2400.0,1.47,7.88,6.0,2.93,Blue,Vivid,Eye Clean,Emerald Cut,Emerald Cut,Heat Treated,Ceylon (Sri Lanka),https://www.thenaturalsapphirecompany.com/blue-sapphires/1.47ct-ceylon-sri-lankan-emerald-cut-blue-sapphire-s26049/
S26051,260.0,500.0,0.52,4.45,4.55,3.12,Bluish Green,Light,Eye Clean,Round,Mixed Brilliant Cut,Heat Treated,Ceylon (Sri Lanka),https://www.thenaturalsapphirecompany.com/blue-sapphires/0.52ct-ceylon-sri-lankan-round-bluish-green-sapphire-s26051/
S26055,235.0,500.0,0.47,4.59,4.56,2.88,Bluish Green,Medium,Very Very Slightly Included,Round,Mixed Brilliant Cut,Heat Treated,Madagascar,https://www.thenaturalsapphirecompany.com/blue-sapphires/0.47ct-madagascar-round-bluish-green-sapphire-s26055/
S26066,225.0,500.0,0.45,4.5,4.54,2.71,Bluish Green,Medium,Very Very Slightly Included,Round,Mixed Brilliant Cut,Heat Treated,Madagascar,https://www.thenaturalsapphirecompany.com/blue-sapphires/0.45ct-madagascar-round-bluish-green-sapphire-s26066/
S26088,1020.0,1500.0,0.68,5.32,5.32,2.98,Blue,Vivid,Very Very Slightly Included,Round,Mixed Brilliant Cut,Heat Treated,Ceylon (Sri Lanka),https://www.thenaturalsapphirecompany.com/blue-sapphires/0.68ct-ceylon-sri-lankan-round-blue-sapphire-s26088/
S26094,796.0,1349.0,0.59,5.22,5.29,2.97,Blue,Intense,Very Very Slightly Included,Round,Mixed Brilliant Cut,Heat Treated,Ceylon (Sri Lanka),https://www.thenaturalsapphirecompany.com/blue-sapphires/0.59ct-ceylon-sri-lankan-round-blue-sapphire-s26094/
S26103,1265.0,1100.0,1.15,5.96,5.98,3.77,Blue,Intense,Very Slightly Included,Round,Mixed Brilliant Cut,Heat Treated,Ceylon (Sri Lanka),https://www.thenaturalsapphirecompany.com/blue-sapphires/1.15ct-ceylon-sri-lankan-round-blue-sapphire-s26103/
S26105,1053.0,1170.0,0.9,5.48,5.52,3.7,Blue,Vivid,Very Slightly Included,Round,Mixed Brilliant Cut,Heat Treated,Ceylon (Sri Lanka),https://www.thenaturalsapphirecompany.com/blue-sapphires/0.90ct-ceylon-sri-lankan-round-blue-sapphire-s26105/
S30636,2072.0,1400.0,1.48,7.35,5.2,3.74,Blue,Vivid,Very Very Slightly Included,Cushion,Mixed Brilliant Cut,No Enhancement,Tanzania,https://www.thenaturalsapphirecompany.com/blue-sapphires/1.48ct-tanzanian-cushion-blue-sapphire-s30636/
S30637,1500.0,1000.0,1.5,6.61,6.35,3.51,Color Change,Medium,Slightly Included,Cushion,Mixed Brilliant Cut,No Enhancement,Tanzania,https://www.thenaturalsapphirecompany.com/blue-sapphires/1.50ct-tanzanian-cushion-color-change-sapphire-s30637/
S30639,1652.0,1301.0,1.27,7.04,4.98,3.5,Blue,Medium,Slightly Included,Radiant,Radiant Cut,No Enhancement,Tanzania,https://www.thenaturalsapphirecompany.com/blue-sapphires/1.27ct-tanzanian-radiant-blue-sapphire-s30639/
S30640,3002.0,1900.0,1.58,7.44,5.8,4.36,Color Change,Intense,Eye Clean,Oval,Mixed Brilliant Cut,No Enhancement,Tanzania,https://www.thenaturalsapphirecompany.com/blue-sapphires/1.58ct-tanzanian-oval-color-change-sapphire-s30640/
S30643,3220.0,2000.0,1.61,7.7,6.18,3.74,Color Change,Vivid,Very Very Slightly Included,Oval,Mixed Brilliant Cut,No Enhancement,Tanzania,https://www.thenaturalsapphirecompany.com/blue-sapphires/1.61ct-tanzanian-oval-color-change-sapphire-s30643/
S30645,1534.0,1300.0,1.18,6.85,5.48,3.22,Color Change,Intense,Slightly Included,Emerald Cut,Emerald Cut,No Enhancement,Tanzania,https://www.thenaturalsapphirecompany.com/blue-sapphires/1.18ct-tanzanian-emerald-cut-color-change-sapphire-s30645/
Y5495,1976.0,1300.0,1.52,7.09,5.58,3.66,Yellow,Intense,Eye Clean,Radiant,Radiant Cut,Heat Treated,Ceylon (Sri Lanka),https://www.thenaturalsapphirecompany.com/yellow-sapphires/1.52ct-ceylon-sri-lankan-radiant-yellow-sapphire-y5495/
S9362,3795.0,1500.0,2.53,8.99,6.81,4.09,Yellow,Intense,Eye Clean,Emerald Cut,Emerald Cut,Heat Treated,Ceylon (Sri Lanka),https://www.thenaturalsapphirecompany.com/yellow-sapphires/2.53ct-ceylon-sri-lankan-emerald-cut-yellow-sapphire-s9362/
S16121,8525.0,1665.0,5.12,10.04,9.93,6.54,Yellow,Intense,Eye Clean,Round,Mixed Brilliant Cut,Heat Treated,Ceylon (Sri Lanka),https://www.thenaturalsapphirecompany.com/yellow-sapphires/5.12ct-ceylon-sri-lankan-round-yellow-sapphire-s16121/
S10815,1089.0,900.0,1.21,5.71,5.18,4.23,Yellow,Intense,Very Slightly Included,Radiant,Radiant Cut,Heat Treated,Ceylon (Sri Lanka),https://www.thenaturalsapphirecompany.com/yellow-sapphires/1.21ct-ceylon-sri-lankan-radiant-yellow-sapphire-s10815/
S10824,1215.0,900.0,1.35,7.51,5.97,3.74,Yellow,Intense,Eye Clean,Oval,Mixed Brilliant Cut,Heat Treated,Ceylon (Sri Lanka),https://www.thenaturalsapphirecompany.com/yellow-sapphires/1.35ct-ceylon-sri-lankan-oval-yellow-sapphire-s10824/
S17305,2782.0,1300.0,2.14,8.23,6.07,4.42,Yellow,Intense,Very Very Slightly Included,Emerald Cut,Emerald Cut,No Enhancement,Ceylon (Sri Lanka),https://www.thenaturalsapphirecompany.com/yellow-sapphires/2.14ct-ceylon-sri-lankan-emerald-cut-yellow-sapphire-s17305/
S17574,1143.0,900.0,1.27,7.76,4.96,3.74,Yellow,Intense,Very Slightly Included,Fancy,Step Cut,Heat Treated,Tanzania,https://www.thenaturalsapphirecompany.com/yellow-sapphires/1.27ct-tanzanian-fancy-yellow-sapphire-s17574/
S6785,1552.0,800.0,1.94,12.21,5.83,3.69,Yellow,Medium,Eye Clean,Pear,Mixed Brilliant Cut,No Enhancement,Ceylon (Sri Lanka),https://www.thenaturalsapphirecompany.com/yellow-sapphires/1.94ct-ceylon-sri-lankan-pear-yellow-sapphire-s6785/
S20033,1510.0,1000.0,1.51,6.33,7.08,4.58,Yellow,Medium,Eye Clean,Heart,Mixed Brilliant Cut,Heat Treated,Ceylon (Sri Lanka),https://www.thenaturalsapphirecompany.com/yellow-sapphires/1.51ct-ceylon-sri-lankan-heart-yellow-sapphire-s20033/
Y4655,2691.0,1300.0,2.07,7.35,6.48,4.47,Yellow,Vivid,Very Very Slightly Included,Asscher - Octagon,Asscher Cut,Heat Treated,Ceylon (Sri Lanka),https://www.thenaturalsapphirecompany.com/yellow-sapphires/2.07ct-ceylon-sri-lankan-asscher-octagon-yellow-sapphire-y4655/
Y4632,2090.0,1000.0,2.09,7.12,6.08,4.58,Yellow,Intense,Eye Clean,Emerald Cut,Emerald Cut,Heat Treated,Ceylon (Sri Lanka),https://www.thenaturalsapphirecompany.com/yellow-sapphires/2.09ct-ceylon-sri-lankan-emerald-cut-yellow-sapphire-y4632/
S20605,580.0,450.0,1.29,6.81,4.56,4.24,Yellow,Intense,Very Slightly Included,Radiant,Radiant Cut,Heat Treated,Ceylon (Sri Lanka),https://www.thenaturalsapphirecompany.com/yellow-sapphires/1.29ct-ceylon-sri-lankan-radiant-yellow-sapphire-s20605/
S8359,45384.0,2325.0,19.52,16.3,13.17,9.09,Yellow,Vivid,Very Slightly Included,Radiant,Radiant Cut,Heat Treated,Ceylon (Sri Lanka),https://www.thenaturalsapphirecompany.com/yellow-sapphires/19.52ct-ceylon-sri-lankan-radiant-yellow-sapphire-s8359/
Y5037,5567.0,1573.0,3.54,8.91,8.83,5.69,Yellow,Intense,Eye Clean,Round,Mixed Brilliant Cut,Heat Treated,Ceylon (Sri Lanka),https://www.thenaturalsapphirecompany.com/yellow-sapphires/3.54ct-ceylon-sri-lankan-round-yellow-sapphire-y5037/
Y5059,1925.0,1100.0,1.75,6.32,6.27,4.6,Yellow,Medium,Very Very Slightly Included,Asscher - Octagon,Asscher Cut,Heat Treated,Ceylon (Sri Lanka),https://www.thenaturalsapphirecompany.com/yellow-sapphires/1.75ct-ceylon-sri-lankan-asscher-octagon-yellow-sapphire-y5059/
Y5273,5567.0,1573.0,3.54,9.33,6.78,5.24,Yellow,Vivid,Eye Clean,Emerald Cut,Emerald Cut,Heat Treated,Ceylon (Sri Lanka),https://www.thenaturalsapphirecompany.com/yellow-sapphires/3.54ct-ceylon-sri-lankan-emerald-cut-yellow-sapphire-y5273/
S8247,2056.0,800.0,2.57,8.23,6.36,5.38,Yellow,Intense,Very Slightly Included,Cushion,Mixed Brilliant Cut,No Enhancement,Ceylon (Sri Lanka),https://www.thenaturalsapphirecompany.com/yellow-sapphires/2.57ct-ceylon-sri-lankan-cushion-yellow-sapphire-s8247/
Y5069,25245.0,2475.0,10.2,11.19,11.02,8.07,Yellow,Vivid,Eye Clean,Asscher - Octagon,Asscher Cut,Heat Treated,Ceylon (Sri Lanka),https://www.thenaturalsapphirecompany.com/yellow-sapphires/10.20ct-ceylon-sri-lankan-asscher-octagon-yellow-sapphire-y5069/
S15103,6677.0,1665.0,4.01,9.6,7.7,5.07,Yellow,Intense,Eye Clean,Emerald Cut,Emerald Cut,Heat Treated,Ceylon (Sri Lanka),https://www.thenaturalsapphirecompany.com/yellow-sapphires/4.01ct-ceylon-sri-lankan-emerald-cut-yellow-sapphire-s15103/
S7898,2912.0,1300.0,2.24,7.86,6.93,4.49,Yellow,Light,Eye Clean,Emerald Cut,Emerald Cut,Heat Treated,Ceylon (Sri Lanka),https://www.thenaturalsapphirecompany.com/yellow-sapphires/2.24ct-ceylon-sri-lankan-emerald-cut-yellow-sapphire-s7898/
Y4866,1791.0,900.0,1.99,9.36,5.95,4.55,Yellow,Medium,Very Slightly Included,Pear,Mixed Brilliant Cut,No Enhancement,Ceylon (Sri Lanka),https://www.thenaturalsapphirecompany.com/yellow-sapphires/1.99ct-ceylon-sri-lankan-pear-yellow-sapphire-y4866/
S6521,1336.0,885.0,1.51,6.98,6.26,3.95,Yellow,Intense,Eye Clean,Radiant,Radiant Cut,Heat Treated,Ceylon (Sri Lanka),https://www.thenaturalsapphirecompany.com/yellow-sapphires/1.51ct-ceylon-sri-lankan-radiant-yellow-sapphire-s6521/
Y4654,4218.0,1388.0,3.04,8.09,7.97,5.21,Yellow,Intense,Eye Clean,Asscher - Octagon,Asscher Cut,Heat Treated,Ceylon (Sri Lanka),https://www.thenaturalsapphirecompany.com/yellow-sapphires/3.04ct-ceylon-sri-lankan-asscher-octagon-yellow-sapphire-y4654/
S10816,1062.0,900.0,1.18,6.84,4.93,3.55,Yellow,Medium,Very Slightly Included,Radiant,Radiant Cut,Heat Treated,Ceylon (Sri Lanka),https://www.thenaturalsapphirecompany.com/yellow-sapphires/1.18ct-ceylon-sri-lankan-radiant-yellow-sapphire-s10816/
S16278,1350.0,860.0,1.57,7.53,5.39,4.27,Yellow,Medium,Very Slightly Included,Radiant,Radiant Cut,Heat Treated,Ceylon (Sri Lanka),https://www.thenaturalsapphirecompany.com/yellow-sapphires/1.57ct-ceylon-sri-lankan-radiant-yellow-sapphire-s16278/
Y4574,12384.0,1445.0,8.57,12.68,9.41,7.11,Yellow,Medium,Eye Clean,Emerald Cut,Emerald Cut,Heat Treated,Ceylon (Sri Lanka),https://www.thenaturalsapphirecompany.com/yellow-sapphires/8.57ct-ceylon-sri-lankan-emerald-cut-yellow-sapphire-y4574/
Y4792,3911.0,1295.0,3.02,8.2,7.68,4.95,Yellow,Vivid,Eye Clean,Asscher - Octagon,Asscher Cut,Heat Treated,Ceylon (Sri Lanka),https://www.thenaturalsapphirecompany.com/yellow-sapphires/3.02ct-ceylon-sri-lankan-asscher-octagon-yellow-sapphire-y4792/
Y4115,4083.0,1150.0,3.55,8.57,9.85,5.58,Yellow,Medium,Very Slightly Included,Heart,Modified Brilliant Cut,No Enhancement,Ceylon (Sri Lanka),https://www.thenaturalsapphirecompany.com/yellow-sapphires/3.55ct-ceylon-sri-lankan-heart-yellow-sapphire-y4115/
CG802,3710.0,647.0,5.73,11.47,9.05,7.09,Yellow,Intense,Very Slightly Included,Oval,Mixed Brilliant Cut,Heat Treated,Ceylon (Sri Lanka),https://www.thenaturalsapphirecompany.com/yellow-sapphires/5.73ct-ceylon-sri-lankan-oval-yellow-sapphire-cg802/
Y5488,6400.0,1572.0,4.07,11.16,8.67,5.7,Yellow,Medium,Very Slightly Included,Pear,Mixed Brilliant Cut,Heat Treated,Ceylon (Sri Lanka),https://www.thenaturalsapphirecompany.com/yellow-sapphires/4.07ct-ceylon-sri-lankan-pear-yellow-sapphire-y5488/
S4572,5012.0,1665.0,3.01,10.77,7.34,4.97,Yellow,Medium,Eye Clean,Pear,Mixed Brilliant Cut,No Enhancement,Ceylon (Sri Lanka),https://www.thenaturalsapphirecompany.com/yellow-sapphires/3.01ct-ceylon-sri-lankan-pear-yellow-sapphire-s4572/
S15473,11794.0,2125.0,5.55,10.05,10.03,6.67,Yellow,Light,Very Slightly Included,Round,Mixed Brilliant Cut,No Enhancement,Ceylon (Sri Lanka),https://www.thenaturalsapphirecompany.com/yellow-sapphires/5.55ct-ceylon-sri-lankan-round-yellow-sapphire-s15473/
U9711,2530.0,1000.0,2.53,7.85,6.93,4.81,Orangish Yellow,Vivid,Very Very Slightly Included,Asscher - Octagon,Asscher Cut,Heat Treated,Ceylon (Sri Lanka),https://www.thenaturalsapphirecompany.com/yellow-sapphires/2.53ct-ceylon-sri-lankan-asscher-octagon-orangish-yellow-sapphire-u9711/
Y4134,9366.0,1388.0,6.75,12.14,9.9,7.53,Yellow,Medium,Very Slightly Included,Oval,Mixed Brilliant Cut,No Enhancement,Ceylon (Sri Lanka),https://www.thenaturalsapphirecompany.com/yellow-sapphires/6.75ct-ceylon-sri-lankan-oval-yellow-sapphire-y4134/
Y4136,3048.0,1200.0,2.54,8.48,8.42,4.89,Yellow,Medium,Very Slightly Included,Round,Mixed Brilliant Cut,No Enhancement,Ceylon (Sri Lanka),https://www.thenaturalsapphirecompany.com/yellow-sapphires/2.54ct-ceylon-sri-lankan-round-yellow-sapphire-y4136/
Y4976,2590.0,1000.0,2.59,9.24,6.14,4.59,Yellow,Vivid,Very Slightly Included,Radiant,Radiant Cut,Heat Treated,Ceylon (Sri Lanka),https://www.thenaturalsapphirecompany.com/yellow-sapphires/2.59ct-ceylon-sri-lankan-radiant-yellow-sapphire-y4976/
Y5120,1155.0,700.0,1.65,7.27,7.21,4.33,Yellow,Medium,Very Slightly Included,Round,Mixed Brilliant Cut,Heat Treated,Ceylon (Sri Lanka),https://www.thenaturalsapphirecompany.com/yellow-sapphires/1.65ct-ceylon-sri-lankan-round-yellow-sapphire-y5120/
Y5195,2794.0,1100.0,2.54,8.49,8.43,4.86,Yellow,Medium,Very Slightly Included,Round,Mixed Brilliant Cut,Heat Treated,Ceylon (Sri Lanka),https://www.thenaturalsapphirecompany.com/yellow-sapphires/2.54ct-ceylon-sri-lankan-round-yellow-sapphire-y5195/
Y5196,11636.0,1148.0,10.14,12.27,12.27,6.6,Yellow,Medium,Very Slightly Included,Asscher - Octagon,Asscher Cut,No Enhancement,Ceylon (Sri Lanka),https://www.thenaturalsapphirecompany.com/yellow-sapphires/10.14ct-ceylon-sri-lankan-asscher-octagon-yellow-sapphire-y5196/
Y4666,3087.0,1050.0,2.94,8.1,7.99,5.08,Yellow,Intense,Very Very Slightly Included,Asscher - Octagon,Asscher Cut,Heat Treated,Ceylon (Sri Lanka),https://www.thenaturalsapphirecompany.com/yellow-sapphires/2.94ct-ceylon-sri-lankan-asscher-octagon-yellow-sapphire-y4666/
Y4720,4287.0,1387.0,3.09,9.14,9.02,5.0,Yellow,Intense,Eye Clean,Round,Mixed Brilliant Cut,Heat Treated,Ceylon (Sri Lanka),https://www.thenaturalsapphirecompany.com/yellow-sapphires/3.09ct-ceylon-sri-lankan-round-yellow-sapphire-y4720/
S8427,1806.0,1150.0,1.57,6.45,5.52,4.75,Orangish Yellow,Medium,Slightly Included,Radiant,Radiant Cut,No Enhancement,Ceylon (Sri Lanka),https://www.thenaturalsapphirecompany.com/yellow-sapphires/1.57ct-ceylon-sri-lankan-radiant-orangish-yellow-sapphire-s8427/
U14631,3740.0,1350.0,2.77,10.6,6.49,4.87,Yellowish Orange,Intense,Slightly Included,Pear,Mixed Brilliant Cut,No Enhancement,Ceylon (Sri Lanka),https://www.thenaturalsapphirecompany.com/yellow-sapphires/2.77ct-ceylon-sri-lankan-pear-yellowish-orange-sapphire-u14631/
S15471,5426.0,1295.0,4.19,11.13,8.32,6.02,Yellow,Light,Very Slightly Included,Pear,Mixed Brilliant Cut,No Enhancement,Ceylon (Sri Lanka),https://www.thenaturalsapphirecompany.com/yellow-sapphires/4.19ct-ceylon-sri-lankan-pear-yellow-sapphire-s15471/
S15465,31360.0,2790.0,11.24,17.75,12.23,7.54,Yellow,Medium,Eye Clean,Pear,Mixed Brilliant Cut,No Enhancement,Ceylon (Sri Lanka),https://www.thenaturalsapphirecompany.com/yellow-sapphires/11.24ct-ceylon-sri-lankan-pear-yellow-sapphire-s15465/
S15466,29898.0,2475.0,12.08,13.54,10.06,8.53,Yellow,Medium,Eye Clean,Emerald Cut,Emerald Cut,No Enhancement,Ceylon (Sri Lanka),https://www.thenaturalsapphirecompany.com/yellow-sapphires/12.08ct-ceylon-sri-lankan-emerald-cut-yellow-sapphire-s15466/
S4618,13790.0,2040.0,6.76,9.72,9.72,7.42,Yellow,Medium,Very Slightly Included,Asscher - Octagon,Step Cut,No Enhancement,Ceylon (Sri Lanka),https://www.thenaturalsapphirecompany.com/yellow-sapphires/6.76ct-ceylon-sri-lankan-asscher-octagon-yellow-sapphire-s4618/
S4144,3564.0,900.0,3.96,13.44,6.3,6.02,Yellow,Medium,Very Slightly Included,Marquise,Mixed Brilliant Cut,No Enhancement,Ceylon (Sri Lanka),https://www.thenaturalsapphirecompany.com/yellow-sapphires/3.96ct-ceylon-sri-lankan-marquise-yellow-sapphire-s4144/
S21455,2704.0,1300.0,2.08,7.71,7.58,4.61,Yellow,Vivid,Very Slightly Included,Round,Mixed Brilliant Cut,Heat Treated,Ceylon (Sri Lanka),https://www.thenaturalsapphirecompany.com/yellow-sapphires/2.08ct-ceylon-sri-lankan-round-yellow-sapphire-s21455/
S15944,6269.0,1249.0,5.02,10.05,7.97,6.46,Yellow,Light,Eye Clean,Emerald Cut,Emerald Cut,Heat Treated,Ceylon (Sri Lanka),https://www.thenaturalsapphirecompany.com/yellow-sapphires/5.02ct-ceylon-sri-lankan-emerald-cut-yellow-sapphire-s15944/
S4132,2025.0,900.0,2.25,7.18,6.5,4.87,Yellow,Intense,Eye Clean,Asscher - Octagon,Asscher Cut,Heat Treated,Ceylon (Sri Lanka),https://www.thenaturalsapphirecompany.com/yellow-sapphires/2.25ct-ceylon-sri-lankan-asscher-octagon-yellow-sapphire-s4132/
S10263,1771.0,1100.0,1.61,6.28,6.2,4.35,Yellow,Light,Very Slightly Included,Radiant,Radiant Cut,No Enhancement,Ceylon (Sri Lanka),https://www.thenaturalsapphirecompany.com/yellow-sapphires/1.61ct-ceylon-sri-lankan-radiant-yellow-sapphire-s10263/
S7020,2354.0,1100.0,2.14,6.85,6.11,5.28,Yellow,Medium,Very Slightly Included,Asscher - Octagon,Asscher Cut,No Enhancement,Ceylon (Sri Lanka),https://www.thenaturalsapphirecompany.com/yellow-sapphires/2.14ct-ceylon-sri-lankan-asscher-octagon-yellow-sapphire-s7020/
S4119,2120.0,800.0,2.65,8.9,6.75,5.06,Yellow,Medium,Very Slightly Included,Oval,Mixed Brilliant Cut,No Enhancement,Ceylon (Sri Lanka),https://www.thenaturalsapphirecompany.com/yellow-sapphires/2.65ct-ceylon-sri-lankan-oval-yellow-sapphire-s4119/
U15640,3027.0,880.0,3.44,8.69,7.98,6.74,Yellowish Green,Medium,Included,Oval,Mixed Brilliant Cut,No Enhancement,Ceylon (Sri Lanka),https://www.thenaturalsapphirecompany.com/yellow-sapphires/3.44ct-ceylon-sri-lankan-oval-yellowish-green-sapphire-u15640/
S5686,19463.0,1980.0,9.83,12.87,11.06,6.58,Yellow,Medium,Very Slightly Included,Emerald Cut,Emerald Cut,No Enhancement,Ceylon (Sri Lanka),https://www.thenaturalsapphirecompany.com/yellow-sapphires/9.83ct-ceylon-sri-lankan-emerald-cut-yellow-sapphire-s5686/
U16056,1254.0,600.0,2.09,8.24,6.63,4.29,Yellowish Green,Medium,Very Slightly Included,Cushion,Mixed Brilliant Cut,No Enhancement,Madagascar,https://www.thenaturalsapphirecompany.com/yellow-sapphires/2.09ct-madagascar-cushion-yellowish-green-sapphire-u16056/
S11099,4985.0,1573.0,3.17,10.19,7.2,4.36,Orangish Yellow,Light,Very Slightly Included,Emerald Cut,Emerald Cut,Heat Treated,Ceylon (Sri Lanka),https://www.thenaturalsapphirecompany.com/yellow-sapphires/3.17ct-ceylon-sri-lankan-emerald-cut-orangish-yellow-sapphire-s11099/
U15513,2628.0,1800.0,1.46,7.68,5.2,4.14,Yellowish Green,Intense,Eye Clean,Cushion,Mixed Brilliant Cut,No Enhancement,Montana,https://www.thenaturalsapphirecompany.com/yellow-sapphires/1.46ct-montana-cushion-yellowish-green-sapphire-u15513/
S5106,1958.0,1100.0,1.78,7.41,5.76,4.79,Yellowish Green,Light,Slightly Included,Cushion,Mixed Brilliant Cut,No Enhancement,Montana,https://www.thenaturalsapphirecompany.com/yellow-sapphires/1.78ct-montana-cushion-yellowish-green-sapphire-s5106/
S9233,17882.0,2063.0,8.67,11.4,11.22,6.45,Yellow,Vivid,Eye Clean,Asscher - Octagon,Asscher Cut,Heat Treated,Ceylon (Sri Lanka),https://www.thenaturalsapphirecompany.com/yellow-sapphires/8.67ct-ceylon-sri-lankan-asscher-octagon-yellow-sapphire-s9233/
S9361,2496.0,1200.0,2.08,7.98,6.02,4.06,Yellow,Intense,Very Slightly Included,Emerald Cut,Emerald Cut,Heat Treated,Ceylon (Sri Lanka),https://www.thenaturalsapphirecompany.com/yellow-sapphires/2.08ct-ceylon-sri-lankan-emerald-cut-yellow-sapphire-s9361/
S5517,2822.0,1700.0,1.66,6.42,6.4,4.66,Yellowish Orange,Vivid,Eye Clean,Radiant,Radiant Cut,Heat Treated,Ceylon (Sri Lanka),https://www.thenaturalsapphirecompany.com/yellow-sapphires/1.66ct-ceylon-sri-lankan-radiant-yellowish-orange-sapphire-s5517/
S10639,1522.0,880.0,1.73,6.82,5.33,4.69,Yellowish Green,Light,Slightly Included,Radiant,Radiant Cut,No Enhancement,Ceylon (Sri Lanka),https://www.thenaturalsapphirecompany.com/yellow-sapphires/1.73ct-ceylon-sri-lankan-radiant-yellowish-green-sapphire-s10639/
S11285,3223.0,1100.0,2.93,10.11,7.05,4.6,Yellow,Medium,Very Slightly Included,Oval,Mixed Brilliant Cut,No Enhancement,Ceylon (Sri Lanka),https://www.thenaturalsapphirecompany.com/yellow-sapphires/2.93ct-ceylon-sri-lankan-oval-yellow-sapphire-s11285/
S11286,2430.0,1000.0,2.43,8.88,6.88,4.67,Yellow,Medium,Very Slightly Included,Oval,Mixed Brilliant Cut,No Enhancement,Ceylon (Sri Lanka),https://www.thenaturalsapphirecompany.com/yellow-sapphires/2.43ct-ceylon-sri-lankan-oval-yellow-sapphire-s11286/
S11102,10649.0,2295.0,4.64,13.09,8.36,5.93,Yellow,Medium,Very Slightly Included,Pear,Mixed Brilliant Cut,No Enhancement,Ceylon (Sri Lanka),https://www.thenaturalsapphirecompany.com/yellow-sapphires/4.64ct-ceylon-sri-lankan-pear-yellow-sapphire-s11102/
S11364,3938.0,1100.0,3.58,10.52,8.41,5.0,Orangish Yellow,Intense,Very Very Slightly Included,Oval,Mixed Brilliant Cut,Heat Treated,Ceylon (Sri Lanka),https://www.thenaturalsapphirecompany.com/yellow-sapphires/3.58ct-ceylon-sri-lankan-oval-orangish-yellow-sapphire-s11364/
S11373,8029.0,1295.0,6.2,12.05,9.17,5.56,Orangish Yellow,Intense,Eye Clean,Cushion,Mixed Brilliant Cut,Heat Treated,Ceylon (Sri Lanka),https://www.thenaturalsapphirecompany.com/yellow-sapphires/6.20ct-ceylon-sri-lankan-cushion-orangish-yellow-sapphire-s11373/
S17243,3575.0,1100.0,3.25,10.34,6.84,4.58,Yellowish Green,Medium,Slightly Included,Cushion,Mixed Brilliant Cut,No Enhancement,Madagascar,https://www.thenaturalsapphirecompany.com/yellow-sapphires/3.25ct-madagascar-cushion-yellowish-green-sapphire-s17243/
S10851,3563.0,1360.0,2.62,8.2,7.13,4.27,Yellow,Medium,Eye Clean,Radiant,Radiant Cut,Heat Treated,Ceylon (Sri Lanka),https://www.thenaturalsapphirecompany.com/yellow-sapphires/2.62ct-ceylon-sri-lankan-radiant-yellow-sapphire-s10851/
S10845,868.0,700.0,1.24,5.97,5.75,4.65,Yellow,Medium,Very Slightly Included,Round,Mixed Brilliant Cut,No Enhancement,Ceylon (Sri Lanka),https://www.thenaturalsapphirecompany.com/yellow-sapphires/1.24ct-ceylon-sri-lankan-round-yellow-sapphire-s10845/
S11093,2520.0,1200.0,2.1,7.72,7.33,4.61,Yellow,Medium,Very Slightly Included,Round,Mixed Brilliant Cut,No Enhancement,Ceylon (Sri Lanka),https://www.thenaturalsapphirecompany.com/yellow-sapphires/2.10ct-ceylon-sri-lankan-round-yellow-sapphire-s11093/
S4620,7400.0,1480.0,5.0,10.68,7.91,5.37,Orangish Yellow,Vivid,Eye Clean,Emerald Cut,Emerald Cut,Heat Treated,Ceylon (Sri Lanka),https://www.thenaturalsapphirecompany.com/yellow-sapphires/5.00ct-ceylon-sri-lankan-emerald-cut-orangish-yellow-sapphire-s4620/
S5722,1360.0,866.0,1.57,6.22,5.74,4.25,Yellow,Medium,Eye Clean,Asscher - Octagon,Asscher Cut,Heat Treated,Ceylon (Sri Lanka),https://www.thenaturalsapphirecompany.com/yellow-sapphires/1.57ct-ceylon-sri-lankan-asscher-octagon-yellow-sapphire-s5722/
S18062,3298.0,1118.0,2.95,8.74,7.09,5.06,Yellow,Intense,Very Slightly Included,Radiant,Radiant Cut,Heat Treated,Ceylon (Sri Lanka),https://www.thenaturalsapphirecompany.com/yellow-sapphires/2.95ct-ceylon-sri-lankan-radiant-yellow-sapphire-s18062/
S18020,3896.0,1249.0,3.12,8.3,8.32,5.65,Yellow,Light,Very Slightly Included,Round,Mixed Brilliant Cut,Heat Treated,Ceylon (Sri Lanka),https://www.thenaturalsapphirecompany.com/yellow-sapphires/3.12ct-ceylon-sri-lankan-round-yellow-sapphire-s18020/
U6084,1320.0,1000.0,1.32,6.87,5.38,3.74,Yellowish Green,Light,Very Slightly Included,Cushion,Mixed Brilliant Cut,No Enhancement,Montana,https://www.thenaturalsapphirecompany.com/yellow-sapphires/1.32ct-montana-cushion-yellowish-green-sapphire-u6084/
U5037,2895.0,1500.0,1.93,7.24,7.15,4.96,Greenish Yellow,Light,Very Slightly Included,Round,Modified Brilliant Cut,No Enhancement,Montana,https://www.thenaturalsapphirecompany.com/yellow-sapphires/1.93ct-montana-round-greenish-yellow-sapphire-u5037/
U5710,3179.0,1100.0,2.89,8.63,6.31,5.47,Yellowish Green,Medium,Slightly Included,Cushion,Mixed Brilliant Cut,No Enhancement,Montana,https://www.thenaturalsapphirecompany.com/yellow-sapphires/2.89ct-montana-cushion-yellowish-green-sapphire-u5710/
S12642,8201.0,2035.0,4.03,9.23,9.17,6.07,Yellow,Intense,Eye Clean,Round,Mixed Brilliant Cut,Heat Treated,Ceylon (Sri Lanka),https://www.thenaturalsapphirecompany.com/yellow-sapphires/4.03ct-ceylon-sri-lankan-round-yellow-sapphire-s12642/
S12643,5210.0,1480.0,3.52,8.83,8.71,5.85,Yellow,Vivid,Eye Clean,Round,Mixed Brilliant Cut,Heat Treated,Ceylon (Sri Lanka),https://www.thenaturalsapphirecompany.com/yellow-sapphires/3.52ct-ceylon-sri-lankan-round-yellow-sapphire-s12643/
U10371,900.0,1200.0,0.75,5.32,5.28,3.63,Greenish Yellow,Intense,Very Slightly Included,Round,Mixed Brilliant Cut,Heat Treated,Montana,https://www.thenaturalsapphirecompany.com/yellow-sapphires/0.75ct-montana-round-greenish-yellow-sapphire-u10371/
S17941,16155.0,2890.0,5.59,9.0,8.13,7.42,Yellow,Light,Very Slightly Included,Radiant,Radiant Cut,No Enhancement,Madagascar,https://www.thenaturalsapphirecompany.com/yellow-sapphires/5.59ct-madagascar-radiant-yellow-sapphire-s17941/
S6786,3976.0,1295.0,3.07,10.21,7.94,4.82,Yellow,Intense,Very Slightly Included,Oval,Mixed Brilliant Cut,No Enhancement,Ceylon (Sri Lanka),https://www.thenaturalsapphirecompany.com/yellow-sapphires/3.07ct-ceylon-sri-lankan-oval-yellow-sapphire-s6786/
Y5298,2554.0,1240.0,2.06,7.92,6.14,3.94,Yellow,Light,Very Slightly Included,Radiant,Radiant Cut,No Enhancement,Ceylon (Sri Lanka),https://www.thenaturalsapphirecompany.com/yellow-sapphires/2.06ct-ceylon-sri-lankan-radiant-yellow-sapphire-y5298/
S6618,1860.0,1200.0,1.55,6.29,6.25,4.26,Yellow,Light,Eye Clean,Cushion,Mixed Brilliant Cut,No Enhancement,Ceylon (Sri Lanka),https://www.thenaturalsapphirecompany.com/yellow-sapphires/1.55ct-ceylon-sri-lankan-cushion-yellow-sapphire-s6618/
S6619,1956.0,1200.0,1.63,6.97,6.89,4.27,Yellow,Medium,Very Slightly Included,Round,Mixed Brilliant Cut,No Enhancement,Ceylon (Sri Lanka),https://www.thenaturalsapphirecompany.com/yellow-sapphires/1.63ct-ceylon-sri-lankan-round-yellow-sapphire-s6619/
S6929,1838.0,1050.0,1.75,7.26,7.21,4.55,Yellow,Medium,Very Slightly Included,Round,Mixed Brilliant Cut,Heat Treated,Ceylon (Sri Lanka),https://www.thenaturalsapphirecompany.com/yellow-sapphires/1.75ct-ceylon-sri-lankan-round-yellow-sapphire-s6929/
S6983,4329.0,1388.0,3.12,9.17,7.96,4.83,Yellow,Intense,Very Slightly Included,Cushion,Mixed Brilliant Cut,No Enhancement,Madagascar,https://www.thenaturalsapphirecompany.com/yellow-sapphires/3.12ct-madagascar-cushion-yellow-sapphire-s6983/
S4637,16541.0,1700.0,9.73,13.06,10.74,8.1,Yellow,Vivid,Eye Clean,Oval,Mixed Brilliant Cut,Heat Treated,Ceylon (Sri Lanka),https://www.thenaturalsapphirecompany.com/yellow-sapphires/9.73ct-ceylon-sri-lankan-oval-yellow-sapphire-s4637/
S6601,1980.0,1100.0,1.8,7.54,6.86,4.05,Yellow,Vivid,Slightly Included,Cushion,Mixed Brilliant Cut,Heat Treated,Ceylon (Sri Lanka),https://www.thenaturalsapphirecompany.com/yellow-sapphires/1.80ct-ceylon-sri-lankan-cushion-yellow-sapphire-s6601/
U10538,2145.0,1300.0,1.65,6.84,7.22,4.85,Yellowish Green,Medium,Very Slightly Included,Trillion,Trillion Cut,Heat Treated,Montana,https://www.thenaturalsapphirecompany.com/yellow-sapphires/1.65ct-montana-trillion-yellowish-green-sapphire-u10538/
U6372,1155.0,700.0,1.65,7.42,5.93,4.08,Yellow,Intense,Very Slightly Included,Cushion,Mixed Brilliant Cut,No Enhancement,Madagascar,https://www.thenaturalsapphirecompany.com/yellow-sapphires/1.65ct-madagascar-cushion-yellow-sapphire-u6372/
Y4735,2058.0,1150.0,1.79,8.38,6.36,4.11,Yellow,Intense,Very Slightly Included,Oval,Mixed Brilliant Cut,No Enhancement,Ceylon (Sri Lanka),https://www.thenaturalsapphirecompany.com/yellow-sapphires/1.79ct-ceylon-sri-lankan-oval-yellow-sapphire-y4735/
Y3722,17101.0,1609.0,10.63,12.82,12.61,7.71,Yellow,Medium,Eye Clean,Cushion,Modified Brilliant Cut,No Enhancement,Ceylon (Sri Lanka),https://www.thenaturalsapphirecompany.com/yellow-sapphires/10.63ct-ceylon-sri-lankan-cushion-yellow-sapphire-y3722/
Y3848,1760.0,1100.0,1.6,6.71,5.52,4.51,Yellow,Light,Slightly Included,Radiant,Radiant Cut,Heat Treated,Ceylon (Sri Lanka),https://www.thenaturalsapphirecompany.com/yellow-sapphires/1.60ct-ceylon-sri-lankan-radiant-yellow-sapphire-y3848/
S11759,1458.0,600.0,2.43,7.9,7.89,5.11,Yellow,Medium,Slightly Included,Round,Mixed Brilliant Cut,No Enhancement,Ceylon (Sri Lanka),https://www.thenaturalsapphirecompany.com/yellow-sapphires/2.43ct-ceylon-sri-lankan-round-yellow-sapphire-s11759/
Y4324,2895.0,1500.0,1.93,7.14,7.04,4.88,Yellow,Medium,Very Slightly Included,Round,Modified Brilliant Cut,No Enhancement,Ceylon (Sri Lanka),https://www.thenaturalsapphirecompany.com/yellow-sapphires/1.93ct-ceylon-sri-lankan-round-yellow-sapphire-y4324/
Y4580,2786.0,1400.0,1.99,7.48,5.61,4.37,Yellow,Medium,Very Very Slightly Included,Emerald Cut,Emerald Cut,Heat Treated,Ceylon (Sri Lanka),https://www.thenaturalsapphirecompany.com/yellow-sapphires/1.99ct-ceylon-sri-lankan-emerald-cut-yellow-sapphire-y4580/
S3221,156.0,220.0,0.71,6.11,4.16,3.06,Yellow,Light,Very Slightly Included,Emerald Cut,Emerald Cut,No Enhancement,Ceylon (Sri Lanka),https://www.thenaturalsapphirecompany.com/yellow-sapphires/0.71ct-ceylon-sri-lankan-emerald-cut-yellow-sapphire-s3221/
S12204,1549.0,968.0,1.6,6.32,5.74,4.54,Yellow,Vivid,Very Slightly Included,Cushion,Mixed Brilliant Cut,No Enhancement,Ceylon (Sri Lanka),https://www.thenaturalsapphirecompany.com/yellow-sapphires/1.60ct-ceylon-sri-lankan-cushion-yellow-sapphire-s12204/
U16977,2008.0,800.0,2.51,7.43,7.43,5.08,Yellowish Brown,Intense,Slightly Included,Radiant,Radiant Cut,Heat Treated,Ceylon (Sri Lanka),https://www.thenaturalsapphirecompany.com/yellow-sapphires/2.51ct-ceylon-sri-lankan-radiant-yellowish-brown-sapphire-u16977/
S12320,49857.0,2320.0,21.49,17.75,13.22,10.43,Yellow,Light,Very Slightly Included,Oval,Mixed Brilliant Cut,Heat Treated,Ceylon (Sri Lanka),https://www.thenaturalsapphirecompany.com/yellow-sapphires/21.49ct-ceylon-sri-lankan-oval-yellow-sapphire-s12320/
S12581,3504.0,1600.0,2.19,8.9,6.6,4.4,Yellow,Intense,Very Very Slightly Included,Oval,Mixed Brilliant Cut,Heat Treated,Ceylon (Sri Lanka),https://www.thenaturalsapphirecompany.com/yellow-sapphires/2.19ct-ceylon-sri-lankan-oval-yellow-sapphire-s12581/
Y4897,1515.0,750.0,2.02,6.76,6.64,4.65,Yellow,Intense,Eye Clean,Asscher - Octagon,Asscher Cut,Heat Treated,Ceylon (Sri Lanka),https://www.thenaturalsapphirecompany.com/yellow-sapphires/2.02ct-ceylon-sri-lankan-asscher-octagon-yellow-sapphire-y4897/
S11676,11769.0,1955.0,6.02,10.03,8.52,6.88,Yellow,Vivid,Eye Clean,Radiant,Radiant Cut,Heat Treated,Ceylon (Sri Lanka),https://www.thenaturalsapphirecompany.com/yellow-sapphires/6.02ct-ceylon-sri-lankan-radiant-yellow-sapphire-s11676/
S11680,14300.0,2040.0,7.01,11.41,11.29,6.77,Yellow,Medium,Very Slightly Included,Round,Mixed Brilliant Cut,Heat Treated,Ceylon (Sri Lanka),https://www.thenaturalsapphirecompany.com/yellow-sapphires/7.01ct-ceylon-sri-lankan-round-yellow-sapphire-s11680/
S6782,2760.0,800.0,3.45,8.4,8.31,6.48,Yellowish Green,Intense,Very Slightly Included,Round,Mixed Brilliant Cut,Heat Treated,Madagascar,https://www.thenaturalsapphirecompany.com/yellow-sapphires/3.45ct-madagascar-round-yellowish-green-sapphire-s6782/
S18539,2160.0,800.0,2.7,7.5,7.53,5.75,Yellow,Intense,Very Slightly Included,Round,Mixed Brilliant Cut,No Enhancement,Ceylon (Sri Lanka),https://www.thenaturalsapphirecompany.com/yellow-sapphires/2.70ct-ceylon-sri-lankan-round-yellow-sapphire-s18539/
S13620,7155.0,1573.0,4.55,10.78,7.07,5.29,Yellow,Vivid,Very Very Slightly Included,Emerald Cut,Emerald Cut,No Enhancement,Ceylon (Sri Lanka),https://www.thenaturalsapphirecompany.com/yellow-sapphires/4.55ct-ceylon-sri-lankan-emerald-cut-yellow-sapphire-s13620/
S3684,11968.0,1700.0,7.04,11.86,9.48,5.85,Yellow,Vivid,Eye Clean,Emerald Cut,Step Cut,Heat Treated,Ceylon (Sri Lanka),https://www.thenaturalsapphirecompany.com/yellow-sapphires/7.04ct-ceylon-sri-lankan-emerald-cut-yellow-sapphire-s3684/
S12931,2594.0,1050.0,2.47,9.14,7.15,4.93,Yellow,Medium,Very Slightly Included,Oval,Mixed Brilliant Cut,Heat Treated,Ceylon (Sri Lanka),https://www.thenaturalsapphirecompany.com/yellow-sapphires/2.47ct-ceylon-sri-lankan-oval-yellow-sapphire-s12931/
S13740,3311.0,1100.0,3.01,8.29,7.25,5.22,Yellowish Green,Medium,Very Slightly Included,Cushion,Mixed Brilliant Cut,Heat Treated,Ceylon (Sri Lanka),https://www.thenaturalsapphirecompany.com/yellow-sapphires/3.01ct-ceylon-sri-lankan-cushion-yellowish-green-sapphire-s13740/
Y4996,2171.0,1300.0,1.67,7.84,5.96,4.33,Yellow,Intense,Very Slightly Included,Oval,Mixed Brilliant Cut,Heat Treated,Ceylon (Sri Lanka),https://www.thenaturalsapphirecompany.com/yellow-sapphires/1.67ct-ceylon-sri-lankan-oval-yellow-sapphire-y4996/
S7200,6204.0,1758.0,3.53,8.76,8.69,5.78,Yellow,Medium,Eye Clean,Round,Mixed Brilliant Cut,Heat Treated,Ceylon (Sri Lanka),https://www.thenaturalsapphirecompany.com/yellow-sapphires/3.53ct-ceylon-sri-lankan-round-yellow-sapphire-s7200/
S7203,45769.0,2393.0,19.13,15.6,12.11,10.25,Yellow,Intense,Eye Clean,Emerald Cut,Mixed Brilliant Cut,Heat Treated,Ceylon (Sri Lanka),https://www.thenaturalsapphirecompany.com/yellow-sapphires/19.13ct-ceylon-sri-lankan-emerald-cut-yellow-sapphire-s7203/
S7206,5361.0,1665.0,3.22,8.54,8.43,5.39,Yellow,Medium,Very Slightly Included,Round,Mixed Brilliant Cut,Heat Treated,Ceylon (Sri Lanka),https://www.thenaturalsapphirecompany.com/yellow-sapphires/3.22ct-ceylon-sri-lankan-round-yellow-sapphire-s7206/
U8598,4284.0,1200.0,3.57,9.47,7.95,4.94,Greenish Yellow,Medium,Very Slightly Included,Radiant,Radiant Cut,No Enhancement,Ceylon (Sri Lanka),https://www.thenaturalsapphirecompany.com/yellow-sapphires/3.57ct-ceylon-sri-lankan-radiant-greenish-yellow-sapphire-u8598/
U16358,2352.0,800.0,2.94,8.36,8.3,5.53,Yellowish Green,Intense,Very Slightly Included,Round,Mixed Brilliant Cut,Heat Treated,Ceylon (Sri Lanka),https://www.thenaturalsapphirecompany.com/yellow-sapphires/2.94ct-ceylon-sri-lankan-round-yellowish-green-sapphire-u16358/
S14171,5571.0,1757.0,3.17,7.78,7.43,5.68,Yellow,Medium,Eye Clean,Cushion,Mixed Brilliant Cut,No Enhancement,Ceylon (Sri Lanka),https://www.thenaturalsapphirecompany.com/yellow-sapphires/3.17ct-ceylon-sri-lankan-cushion-yellow-sapphire-s14171/
S14172,3885.0,1110.0,3.5,9.5,6.93,5.45,Yellow,Intense,Very Slightly Included,Cushion,Mixed Brilliant Cut,Heat Treated,Ceylon (Sri Lanka),https://www.thenaturalsapphirecompany.com/yellow-sapphires/3.50ct-ceylon-sri-lankan-cushion-yellow-sapphire-s14172/
S14174,20192.0,2063.0,9.79,13.07,10.02,8.33,Yellow,Medium,Eye Clean,Cushion,Mixed Brilliant Cut,Heat Treated,Ceylon (Sri Lanka),https://www.thenaturalsapphirecompany.com/yellow-sapphires/9.79ct-ceylon-sri-lankan-cushion-yellow-sapphire-s14174/
S14175,19723.0,1609.0,12.26,12.47,12.36,7.92,Orangish Yellow,Intense,Eye Clean,Cushion,Mixed Brilliant Cut,Heat Treated,Ceylon (Sri Lanka),https://www.thenaturalsapphirecompany.com/yellow-sapphires/12.26ct-ceylon-sri-lankan-cushion-orangish-yellow-sapphire-s14175/
S14176,43299.0,2867.0,15.1,14.97,13.34,8.48,Yellow,Medium,Eye Clean,Oval,Mixed Brilliant Cut,No Enhancement,Ceylon (Sri Lanka),https://www.thenaturalsapphirecompany.com/yellow-sapphires/15.10ct-ceylon-sri-lankan-oval-yellow-sapphire-s14176/
S14177,44780.0,2790.0,16.05,15.09,11.6,8.47,Yellow,Medium,Eye Clean,Emerald Cut,Emerald Cut,No Enhancement,Ceylon (Sri Lanka),https://www.thenaturalsapphirecompany.com/yellow-sapphires/16.05ct-ceylon-sri-lankan-emerald-cut-yellow-sapphire-s14177/
U8318,1296.0,1200.0,1.08,5.92,5.36,4.05,Yellowish Green,Light,Eye Clean,Cushion,Mixed Brilliant Cut,Heat Treated,Montana,https://www.thenaturalsapphirecompany.com/yellow-sapphires/1.08ct-montana-cushion-yellowish-green-sapphire-u8318/
U8786,1520.0,1600.0,0.95,6.19,4.51,3.59,Yellowish Green,Intense,Eye Clean,Cushion,Scissor Cut,No Enhancement,Montana,https://www.thenaturalsapphirecompany.com/yellow-sapphires/0.95ct-montana-cushion-yellowish-green-sapphire-u8786/
U8788,1235.0,1300.0,0.95,6.55,4.76,3.3,Yellowish Green,Medium,Eye Clean,Cushion,Mixed Brilliant Cut,No Enhancement,Montana,https://www.thenaturalsapphirecompany.com/yellow-sapphires/0.95ct-montana-cushion-yellowish-green-sapphire-u8788/
Y4653,4440.0,1480.0,3.0,8.37,8.27,5.69,Yellow,Intense,Very Slightly Included,Round,Mixed Brilliant Cut,Heat Treated,Ceylon (Sri Lanka),https://www.thenaturalsapphirecompany.com/yellow-sapphires/3.00ct-ceylon-sri-lankan-round-yellow-sapphire-y4653/
U9261,770.0,1100.0,0.7,5.36,5.27,3.48,Yellowish Green,Medium,Very Slightly Included,Round,Mixed Brilliant Cut,No Enhancement,Montana,https://www.thenaturalsapphirecompany.com/yellow-sapphires/0.70ct-montana-round-yellowish-green-sapphire-u9261/
S19797,13090.0,1711.0,7.65,14.31,9.31,7.33,Yellow,Intense,Very Slightly Included,Pear,Mixed Brilliant Cut,No Enhancement,Ceylon (Sri Lanka),https://www.thenaturalsapphirecompany.com/yellow-sapphires/7.65ct-ceylon-sri-lankan-pear-yellow-sapphire-s19797/
Y5192,2262.0,600.0,3.77,9.42,6.79,5.59,Yellow,Intense,Slightly Included,Emerald Cut,Emerald Cut,Heat Treated,Ceylon (Sri Lanka),https://www.thenaturalsapphirecompany.com/yellow-sapphires/3.77ct-ceylon-sri-lankan-emerald-cut-yellow-sapphire-y5192/
Y4875,9282.0,1700.0,5.46,11.53,9.26,5.58,Yellow,Intense,Very Slightly Included,Cushion,Mixed Brilliant Cut,No Enhancement,Ceylon (Sri Lanka),https://www.thenaturalsapphirecompany.com/yellow-sapphires/5.46ct-ceylon-sri-lankan-cushion-yellow-sapphire-y4875/
Y4893,26483.0,1650.0,16.05,15.18,11.67,8.87,Yellow,Intense,Very Slightly Included,Radiant,Radiant Cut,Heat Treated,Ceylon (Sri Lanka),https://www.thenaturalsapphirecompany.com/yellow-sapphires/16.05ct-ceylon-sri-lankan-radiant-yellow-sapphire-y4893/
Y4650,2412.0,1200.0,2.01,7.16,6.28,4.92,Yellow,Intense,Very Very Slightly Included,Asscher - Octagon,Asscher Cut,Heat Treated,Ceylon (Sri Lanka),https://www.thenaturalsapphirecompany.com/yellow-sapphires/2.01ct-ceylon-sri-lankan-asscher-octagon-yellow-sapphire-y4650/
Y4908,1406.0,990.0,1.42,7.43,5.32,3.91,Yellow,Medium,Very Slightly Included,Cushion,Mixed Brilliant Cut,No Enhancement,Ceylon (Sri Lanka),https://www.thenaturalsapphirecompany.com/yellow-sapphires/1.42ct-ceylon-sri-lankan-cushion-yellow-sapphire-y4908/
Y4799,803.0,550.0,1.46,6.3,6.27,4.73,Yellow,Medium,Eye Clean,Round,Mixed Brilliant Cut,No Enhancement,Ceylon (Sri Lanka),https://www.thenaturalsapphirecompany.com/yellow-sapphires/1.46ct-ceylon-sri-lankan-round-yellow-sapphire-y4799/
Y4803,3857.0,1900.0,2.03,6.42,6.39,5.03,Yellow,Intense,Eye Clean,Asscher - Octagon,Asscher Cut,Heat Treated,Ceylon (Sri Lanka),https://www.thenaturalsapphirecompany.com/yellow-sapphires/2.03ct-ceylon-sri-lankan-asscher-octagon-yellow-sapphire-y4803/
Y4804,9320.0,1445.0,6.45,11.05,8.99,6.2,Yellow,Intense,Very Slightly Included,Emerald Cut,Emerald Cut,Heat Treated,Ceylon (Sri Lanka),https://www.thenaturalsapphirecompany.com/yellow-sapphires/6.45ct-ceylon-sri-lankan-emerald-cut-yellow-sapphire-y4804/
Y4734,2174.0,1150.0,1.89,8.47,6.81,4.16,Greenish Yellow,Light,Very Slightly Included,Oval,Mixed Brilliant Cut,No Enhancement,Ceylon (Sri Lanka),https://www.thenaturalsapphirecompany.com/yellow-sapphires/1.89ct-ceylon-sri-lankan-oval-greenish-yellow-sapphire-y4734/
Y4687,10370.0,1700.0,6.1,10.4,9.26,6.17,Yellow,Intense,Eye Clean,Emerald Cut,Emerald Cut,Heat Treated,Ceylon (Sri Lanka),https://www.thenaturalsapphirecompany.com/yellow-sapphires/6.10ct-ceylon-sri-lankan-emerald-cut-yellow-sapphire-y4687/
Y4694,7988.0,1572.0,5.08,9.35,9.35,5.93,Yellow,Medium,Eye Clean,Radiant,Radiant Cut,Heat Treated,Ceylon (Sri Lanka),https://www.thenaturalsapphirecompany.com/yellow-sapphires/5.08ct-ceylon-sri-lankan-radiant-yellow-sapphire-y4694/
Y4699,1544.0,800.0,1.93,7.39,5.22,4.93,Yellow,Medium,Eye Clean,Emerald Cut,Step Cut,No Enhancement,Ceylon (Sri Lanka),https://www.thenaturalsapphirecompany.com/yellow-sapphires/1.93ct-ceylon-sri-lankan-emerald-cut-yellow-sapphire-y4699/
Y4712,17360.0,1733.0,10.02,11.7,11.68,8.1,Orangish Yellow,Vivid,Very Slightly Included,Cushion,Mixed Brilliant Cut,Heat Treated,Ceylon (Sri Lanka),https://www.thenaturalsapphirecompany.com/yellow-sapphires/10.02ct-ceylon-sri-lankan-cushion-orangish-yellow-sapphire-y4712/
Y4713,10404.0,2040.0,5.1,10.32,8.58,5.76,Yellow,Medium,Eye Clean,Emerald Cut,Emerald Cut,No Enhancement,Ceylon (Sri Lanka),https://www.thenaturalsapphirecompany.com/yellow-sapphires/5.10ct-ceylon-sri-lankan-emerald-cut-yellow-sapphire-y4713/
Y4721,1683.0,900.0,1.87,8.99,5.94,4.33,Yellow,Light,Very Slightly Included,Oval,Mixed Brilliant Cut,No Enhancement,Ceylon (Sri Lanka),https://www.thenaturalsapphirecompany.com/yellow-sapphires/1.87ct-ceylon-sri-lankan-oval-yellow-sapphire-y4721/
S7900,6604.0,1850.0,3.57,7.96,7.54,5.75,Yellow,Intense,Eye Clean,Asscher - Octagon,Asscher Cut,Heat Treated,Ceylon (Sri Lanka),https://www.thenaturalsapphirecompany.com/yellow-sapphires/3.57ct-ceylon-sri-lankan-asscher-octagon-yellow-sapphire-s7900/
S7918,2574.0,1100.0,2.34,7.52,7.45,4.38,Yellow,Light,Very Slightly Included,Cushion,Mixed Brilliant Cut,No Enhancement,Ceylon (Sri Lanka),https://www.thenaturalsapphirecompany.com/yellow-sapphires/2.34ct-ceylon-sri-lankan-cushion-yellow-sapphire-s7918/
S7919,2754.0,900.0,3.06,9.48,7.77,4.99,Yellow,Medium,Very Slightly Included,Oval,Mixed Brilliant Cut,Heat Treated,Ceylon (Sri Lanka),https://www.thenaturalsapphirecompany.com/yellow-sapphires/3.06ct-ceylon-sri-lankan-oval-yellow-sapphire-s7919/
S7922,3348.0,1350.0,2.48,9.74,6.39,4.78,Yellow,Medium,Very Slightly Included,Oval,Mixed Brilliant Cut,No Enhancement,Ceylon (Sri Lanka),https://www.thenaturalsapphirecompany.com/yellow-sapphires/2.48ct-ceylon-sri-lankan-oval-yellow-sapphire-s7922/
Y4599,2255.0,1100.0,2.05,6.98,6.48,4.48,Yellow,Medium,Eye Clean,Asscher - Octagon,Asscher Cut,No Enhancement,Ceylon (Sri Lanka),https://www.thenaturalsapphirecompany.com/yellow-sapphires/2.05ct-ceylon-sri-lankan-asscher-octagon-yellow-sapphire-y4599/
Y4620,2255.0,1100.0,2.05,6.99,6.94,4.51,Yellow,Intense,Eye Clean,Asscher - Octagon,Asscher Cut,No Enhancement,Ceylon (Sri Lanka),https://www.thenaturalsapphirecompany.com/yellow-sapphires/2.05ct-ceylon-sri-lankan-asscher-octagon-yellow-sapphire-y4620/
Y4658,3302.0,1300.0,2.54,7.37,7.33,4.7,Yellow,Intense,Eye Clean,Asscher - Octagon,Asscher Cut,Heat Treated,Ceylon (Sri Lanka),https://www.thenaturalsapphirecompany.com/yellow-sapphires/2.54ct-ceylon-sri-lankan-asscher-octagon-yellow-sapphire-y4658/
Y4662,2312.0,1150.0,2.01,7.44,6.66,4.78,Yellow,Medium,Very Slightly Included,Oval,Mixed Brilliant Cut,No Enhancement,Ceylon (Sri Lanka),https://www.thenaturalsapphirecompany.com/yellow-sapphires/2.01ct-ceylon-sri-lankan-oval-yellow-sapphire-y4662/
U13959,1524.0,1200.0,1.27,6.6,6.59,3.85,Yellowish Green,Intense,Very Slightly Included,Cushion,Mixed Brilliant Cut,No Enhancement,Montana,https://www.thenaturalsapphirecompany.com/yellow-sapphires/1.27ct-montana-cushion-yellowish-green-sapphire-u13959/
Y3912,24342.0,1530.0,15.91,17.05,11.47,7.19,Yellow,Medium,Very Slightly Included,Emerald Cut,Emerald Cut,No Enhancement,Ceylon (Sri Lanka),https://www.thenaturalsapphirecompany.com/yellow-sapphires/15.91ct-ceylon-sri-lankan-emerald-cut-yellow-sapphire-y3912/
Y3918,6777.0,1572.0,4.31,9.74,9.7,5.69,Yellow,Medium,Very Slightly Included,Round,Mixed Brilliant Cut,No Enhancement,Ceylon (Sri Lanka),https://www.thenaturalsapphirecompany.com/yellow-sapphires/4.31ct-ceylon-sri-lankan-round-yellow-sapphire-y3918/
Y3920,18030.0,1500.0,12.02,13.89,10.55,8.4,Yellow,Medium,Very Slightly Included,Emerald Cut,Emerald Cut,No Enhancement,Ceylon (Sri Lanka),https://www.thenaturalsapphirecompany.com/yellow-sapphires/12.02ct-ceylon-sri-lankan-emerald-cut-yellow-sapphire-y3920/
Y3985,20769.0,2062.0,10.07,13.39,12.02,6.59,Yellow,Medium,Very Slightly Included,Radiant,Radiant Cut,No Enhancement,Ceylon (Sri Lanka),https://www.thenaturalsapphirecompany.com/yellow-sapphires/10.07ct-ceylon-sri-lankan-radiant-yellow-sapphire-y3985/
Y4008,44906.0,1275.0,35.22,18.65,16.88,11.21,Yellow,Medium,Very Slightly Included,Cushion,Brilliant Cut,No Enhancement,Ceylon (Sri Lanka),https://www.thenaturalsapphirecompany.com/yellow-sapphires/35.22ct-ceylon-sri-lankan-cushion-yellow-sapphire-y4008/
Y4051,11481.0,1105.0,10.39,13.19,11.18,6.96,Yellow,Light,Very Slightly Included,Emerald Cut,Emerald Cut,No Enhancement,Ceylon (Sri Lanka),https://www.thenaturalsapphirecompany.com/yellow-sapphires/10.39ct-ceylon-sri-lankan-emerald-cut-yellow-sapphire-y4051/
Y4187,1197.0,900.0,1.33,6.63,6.55,4.18,Yellow,Light,Very Slightly Included,Round,Mixed Brilliant Cut,No Enhancement,Ceylon (Sri Lanka),https://www.thenaturalsapphirecompany.com/yellow-sapphires/1.33ct-ceylon-sri-lankan-round-yellow-sapphire-y4187/
Y4188,1699.0,1370.0,1.24,6.98,5.68,4.14,Yellow,Light,Very Very Slightly Included,Oval,Mixed Brilliant Cut,No Enhancement,Ceylon (Sri Lanka),https://www.thenaturalsapphirecompany.com/yellow-sapphires/1.24ct-ceylon-sri-lankan-oval-yellow-sapphire-y4188/
Y4316,2736.0,1200.0,2.28,7.58,7.46,4.69,Yellow,Light,Very Slightly Included,Cushion,Mixed Brilliant Cut,No Enhancement,Ceylon (Sri Lanka),https://www.thenaturalsapphirecompany.com/yellow-sapphires/2.28ct-ceylon-sri-lankan-cushion-yellow-sapphire-y4316/
Y4317,1650.0,1000.0,1.65,7.76,5.81,3.9,Yellow,Intense,Very Slightly Included,Oval,Mixed Brilliant Cut,Heat Treated,Ceylon (Sri Lanka),https://www.thenaturalsapphirecompany.com/yellow-sapphires/1.65ct-ceylon-sri-lankan-oval-yellow-sapphire-y4317/
U13942,1248.0,1200.0,1.04,6.11,5.99,3.64,Yellowish Green,Medium,Very Slightly Included,Round,Mixed Brilliant Cut,No Enhancement,Montana,https://www.thenaturalsapphirecompany.com/yellow-sapphires/1.04ct-montana-round-yellowish-green-sapphire-u13942/
Y4399,1850.0,1350.0,1.37,7.83,6.01,3.94,Yellow,Medium,Very Slightly Included,Oval,Mixed Brilliant Cut,Heat Treated,Montana,https://www.thenaturalsapphirecompany.com/yellow-sapphires/1.37ct-montana-oval-yellow-sapphire-y4399/
Y4581,3924.0,1295.0,3.03,7.95,7.22,5.14,Yellow,Light,Very Slightly Included,Asscher - Octagon,Asscher Cut,No Enhancement,Ceylon (Sri Lanka),https://www.thenaturalsapphirecompany.com/yellow-sapphires/3.03ct-ceylon-sri-lankan-asscher-octagon-yellow-sapphire-y4581/
Y4585,12113.0,1615.0,7.5,11.66,11.59,7.62,Yellow,Medium,Very Slightly Included,Round,Mixed Brilliant Cut,No Enhancement,Ceylon (Sri Lanka),https://www.thenaturalsapphirecompany.com/yellow-sapphires/7.50ct-ceylon-sri-lankan-round-yellow-sapphire-y4585/
Y3828,11203.0,1390.0,8.06,12.3,9.3,6.89,Yellow,Intense,Very Slightly Included,Emerald Cut,Emerald Cut,No Enhancement,Ceylon (Sri Lanka),https://www.thenaturalsapphirecompany.com/yellow-sapphires/8.06ct-ceylon-sri-lankan-emerald-cut-yellow-sapphire-y3828/
Y3896,10120.0,2300.0,4.4,10.54,7.23,6.37,Yellow,Vivid,Very Slightly Included,Cushion,Mixed Brilliant Cut,No Enhancement,Ceylon (Sri Lanka),https://www.thenaturalsapphirecompany.com/yellow-sapphires/4.40ct-ceylon-sri-lankan-cushion-yellow-sapphire-y3896/
Y3109,19350.0,1800.0,10.75,11.9,10.79,8.69,Yellow,Medium,Very Slightly Included,Asscher - Octagon,Asscher Cut,No Enhancement,Ceylon (Sri Lanka),https://www.thenaturalsapphirecompany.com/yellow-sapphires/10.75ct-ceylon-sri-lankan-asscher-octagon-yellow-sapphire-y3109/
S7638,22243.0,1568.0,14.19,14.73,13.27,8.43,Yellow,Vivid,Eye Clean,Oval,Mixed Brilliant Cut,Heat Treated,Thailand,https://www.thenaturalsapphirecompany.com/yellow-sapphires/14.19ct-thai-oval-yellow-sapphire-s7638/
S14538,1948.0,950.0,2.05,7.36,6.49,4.1,Yellow,Medium,Very Slightly Included,Asscher - Octagon,Asscher Cut,Heat Treated,Ceylon (Sri Lanka),https://www.thenaturalsapphirecompany.com/yellow-sapphires/2.05ct-ceylon-sri-lankan-asscher-octagon-yellow-sapphire-s14538/
S14544,1891.0,950.0,1.99,8.6,6.12,3.77,Yellow,Medium,Eye Clean,Emerald Cut,Emerald Cut,Heat Treated,Ceylon (Sri Lanka),https://www.thenaturalsapphirecompany.com/yellow-sapphires/1.99ct-ceylon-sri-lankan-emerald-cut-yellow-sapphire-s14544/
Y4059,30938.0,2475.0,12.5,12.48,11.94,9.21,Yellow,Intense,Very Slightly Included,Radiant,Radiant Cut,No Enhancement,Ceylon (Sri Lanka),https://www.thenaturalsapphirecompany.com/yellow-sapphires/12.50ct-ceylon-sri-lankan-radiant-yellow-sapphire-y4059/
Y4078,1232.0,800.0,1.54,6.34,6.16,4.81,Yellow,Medium,Very Slightly Included,Round,Mixed Brilliant Cut,Heat Treated,Ceylon (Sri Lanka),https://www.thenaturalsapphirecompany.com/yellow-sapphires/1.54ct-ceylon-sri-lankan-round-yellow-sapphire-y4078/
Y4091,10412.0,1295.0,8.04,12.3,8.57,7.6,Yellow,Intense,Very Slightly Included,Emerald Cut,Emerald Cut,Heat Treated,Ceylon (Sri Lanka),https://www.thenaturalsapphirecompany.com/yellow-sapphires/8.04ct-ceylon-sri-lankan-emerald-cut-yellow-sapphire-y4091/
Y4139,37990.0,2325.0,16.34,15.18,11.79,9.13,Yellow,Intense,Very Very Slightly Included,Emerald Cut,Emerald Cut,No Enhancement,Ceylon (Sri Lanka),https://www.thenaturalsapphirecompany.com/yellow-sapphires/16.34ct-ceylon-sri-lankan-emerald-cut-yellow-sapphire-y4139/
Y4158,1939.0,700.0,2.77,9.05,9.01,5.04,Yellow,Medium,Very Slightly Included,Round,Brilliant Cut,No Enhancement,Ceylon (Sri Lanka),https://www.thenaturalsapphirecompany.com/yellow-sapphires/2.77ct-ceylon-sri-lankan-round-yellow-sapphire-y4158/
S5765,4496.0,1484.0,3.03,8.31,7.64,4.49,Orangish Yellow,Intense,Very Very Slightly Included,Asscher - Octagon,Asscher Cut,Heat Treated,Ceylon (Sri Lanka),https://www.thenaturalsapphirecompany.com/yellow-sapphires/3.03ct-ceylon-sri-lankan-asscher-octagon-orangish-yellow-sapphire-s5765/
Y4510,765.0,500.0,1.53,6.56,5.82,4.7,Yellow,Intense,Very Slightly Included,Oval,Mixed Brilliant Cut,No Enhancement,Ceylon (Sri Lanka),https://www.thenaturalsapphirecompany.com/yellow-sapphires/1.53ct-ceylon-sri-lankan-oval-yellow-sapphire-y4510/
S19803,7215.0,1390.0,5.19,12.32,8.96,6.08,Yellow,Light,Very Slightly Included,Pear,Mixed Brilliant Cut,No Enhancement,Ceylon (Sri Lanka),https://www.thenaturalsapphirecompany.com/yellow-sapphires/5.19ct-ceylon-sri-lankan-pear-yellow-sapphire-s19803/
S19806,6290.0,1023.0,6.15,14.35,9.1,6.41,Yellow,Light,Very Slightly Included,Pear,Mixed Brilliant Cut,No Enhancement,Ceylon (Sri Lanka),https://www.thenaturalsapphirecompany.com/yellow-sapphires/6.15ct-ceylon-sri-lankan-pear-yellow-sapphire-s19806/
Y4358,2310.0,1000.0,2.31,7.5,7.45,4.05,Yellow,Medium,Very Slightly Included,Asscher - Octagon,Asscher Cut,No Enhancement,Ceylon (Sri Lanka),https://www.thenaturalsapphirecompany.com/yellow-sapphires/2.31ct-ceylon-sri-lankan-asscher-octagon-yellow-sapphire-y4358/
Y3628,19947.0,1815.0,10.99,12.25,10.63,7.92,Yellow,Vivid,Very Slightly Included,Radiant,Radiant Cut,No Enhancement,Ceylon (Sri Lanka),https://www.thenaturalsapphirecompany.com/yellow-sapphires/10.99ct-ceylon-sri-lankan-radiant-yellow-sapphire-y3628/
Y3629,14334.0,1570.0,9.13,12.44,11.99,6.25,Yellow,Medium,Eye Clean,Cushion,Mixed Brilliant Cut,No Enhancement,Ceylon (Sri Lanka),https://www.thenaturalsapphirecompany.com/yellow-sapphires/9.13ct-ceylon-sri-lankan-cushion-yellow-sapphire-y3629/
Y4420,17384.0,1568.0,11.09,12.89,12.71,8.51,Yellow,Medium,Eye Clean,Round,Mixed Brilliant Cut,No Enhancement,Ceylon (Sri Lanka),https://www.thenaturalsapphirecompany.com/yellow-sapphires/11.09ct-ceylon-sri-lankan-round-yellow-sapphire-y4420/
Y4453,7469.0,971.0,7.69,11.09,11.02,6.9,Yellow,Medium,Eye Clean,Cushion,Mixed Brilliant Cut,Heat Treated,Ceylon (Sri Lanka),https://www.thenaturalsapphirecompany.com/yellow-sapphires/7.69ct-ceylon-sri-lankan-cushion-yellow-sapphire-y4453/
Y4456,3530.0,1000.0,3.53,8.1,8.09,5.62,Yellow,Intense,Very Slightly Included,Asscher - Octagon,Asscher Cut,Heat Treated,Ceylon (Sri Lanka),https://www.thenaturalsapphirecompany.com/yellow-sapphires/3.53ct-ceylon-sri-lankan-asscher-octagon-yellow-sapphire-y4456/
U9807,1733.0,968.0,1.79,6.88,6.8,4.05,Yellowish Brown,Intense,Very Slightly Included,Asscher - Octagon,Asscher Cut,No Enhancement,Ceylon (Sri Lanka),https://www.thenaturalsapphirecompany.com/yellow-sapphires/1.79ct-ceylon-sri-lankan-asscher-octagon-yellowish-brown-sapphire-u9807/
U9825,2840.0,800.0,3.55,9.5,7.27,5.27,Yellowish Brown,Intense,Very Slightly Included,Radiant,Radiant Cut,No Enhancement,Ceylon (Sri Lanka),https://www.thenaturalsapphirecompany.com/yellow-sapphires/3.55ct-ceylon-sri-lankan-radiant-yellowish-brown-sapphire-u9825/
Y5152,4357.0,1388.0,3.14,7.77,7.58,6.44,Yellow,Light,Very Slightly Included,Round,Mixed Brilliant Cut,No Enhancement,Ceylon (Sri Lanka),https://www.thenaturalsapphirecompany.com/yellow-sapphires/3.14ct-ceylon-sri-lankan-round-yellow-sapphire-y5152/
Y3145,34726.0,2312.0,15.02,14.77,11.57,9.24,Yellow,Medium,Eye Clean,Radiant,Radiant Cut,No Enhancement,Ceylon (Sri Lanka),https://www.thenaturalsapphirecompany.com/yellow-sapphires/15.02ct-ceylon-sri-lankan-radiant-yellow-sapphire-y3145/
S14466,8541.0,1665.0,5.13,10.8,7.01,6.26,Yellow,Medium,Very Slightly Included,Emerald Cut,Emerald Cut,Heat Treated,Ceylon (Sri Lanka),https://www.thenaturalsapphirecompany.com/yellow-sapphires/5.13ct-ceylon-sri-lankan-emerald-cut-yellow-sapphire-s14466/
S14467,21062.0,2475.0,8.51,12.5,10.72,6.45,Yellow,Intense,Eye Clean,Emerald Cut,Emerald Cut,Heat Treated,Ceylon (Sri Lanka),https://www.thenaturalsapphirecompany.com/yellow-sapphires/8.51ct-ceylon-sri-lankan-emerald-cut-yellow-sapphire-s14467/
S14469,24701.0,2475.0,9.98,13.07,11.26,6.95,Yellow,Intense,Eye Clean,Emerald Cut,Emerald Cut,Heat Treated,Ceylon (Sri Lanka),https://www.thenaturalsapphirecompany.com/yellow-sapphires/9.98ct-ceylon-sri-lankan-emerald-cut-yellow-sapphire-s14469/
S14861,3290.0,1530.0,2.15,8.75,6.41,4.15,Yellow,Intense,Very Very Slightly Included,Emerald Cut,Emerald Cut,Heat Treated,Ceylon (Sri Lanka),https://www.thenaturalsapphirecompany.com/yellow-sapphires/2.15ct-ceylon-sri-lankan-emerald-cut-yellow-sapphire-s14861/
Y5070,25146.0,2475.0,10.16,11.34,11.33,8.31,Yellow,Medium,Very Slightly Included,Asscher - Octagon,Asscher Cut,Heat Treated,Ceylon (Sri Lanka),https://www.thenaturalsapphirecompany.com/yellow-sapphires/10.16ct-ceylon-sri-lankan-asscher-octagon-yellow-sapphire-y5070/
Y5077,3915.0,1500.0,2.61,8.53,6.52,4.38,Yellow,Intense,Very Very Slightly Included,Emerald Cut,Emerald Cut,Heat Treated,Ceylon (Sri Lanka),https://www.thenaturalsapphirecompany.com/yellow-sapphires/2.61ct-ceylon-sri-lankan-emerald-cut-yellow-sapphire-y5077/
Y5079,11046.0,1955.0,5.65,9.7,9.61,6.15,Yellow,Light,Eye Clean,Asscher - Octagon,Asscher Cut,Heat Treated,Ceylon (Sri Lanka),https://www.thenaturalsapphirecompany.com/yellow-sapphires/5.65ct-ceylon-sri-lankan-asscher-octagon-yellow-sapphire-y5079/
Y5084,7894.0,1573.0,5.02,9.19,9.17,5.75,Yellow,Light,Eye Clean,Asscher - Octagon,Asscher Cut,Heat Treated,Ceylon (Sri Lanka),https://www.thenaturalsapphirecompany.com/yellow-sapphires/5.02ct-ceylon-sri-lankan-asscher-octagon-yellow-sapphire-y5084/
Y5065,8594.0,1275.0,6.74,10.11,10.04,6.56,Yellow,Medium,Eye Clean,Asscher - Octagon,Asscher Cut,Heat Treated,Ceylon (Sri Lanka),https://www.thenaturalsapphirecompany.com/yellow-sapphires/6.74ct-ceylon-sri-lankan-asscher-octagon-yellow-sapphire-y5065/
Y5066,9892.0,1955.0,5.06,10.46,8.85,5.47,Yellow,Vivid,Eye Clean,Emerald Cut,Emerald Cut,Heat Treated,Ceylon (Sri Lanka),https://www.thenaturalsapphirecompany.com/yellow-sapphires/5.06ct-ceylon-sri-lankan-emerald-cut-yellow-sapphire-y5066/
Y5100,10404.0,1700.0,6.12,9.74,8.88,7.07,Yellow,Intense,Very Slightly Included,Asscher - Octagon,Asscher Cut,No Enhancement,Ceylon (Sri Lanka),https://www.thenaturalsapphirecompany.com/yellow-sapphires/6.12ct-ceylon-sri-lankan-asscher-octagon-yellow-sapphire-y5100/
Y5104,6306.0,1573.0,4.01,9.65,7.51,6.1,Yellow,Medium,Very Slightly Included,Oval,Mixed Brilliant Cut,Heat Treated,Ceylon (Sri Lanka),https://www.thenaturalsapphirecompany.com/yellow-sapphires/4.01ct-ceylon-sri-lankan-oval-yellow-sapphire-y5104/
Y5173,2618.0,1100.0,2.38,8.8,7.14,5.14,Yellow,Medium,Very Slightly Included,Oval,Mixed Brilliant Cut,No Enhancement,Ceylon (Sri Lanka),https://www.thenaturalsapphirecompany.com/yellow-sapphires/2.38ct-ceylon-sri-lankan-oval-yellow-sapphire-y5173/
Y5185,1728.0,900.0,1.92,6.64,6.56,5.14,Yellowish Brown,Vivid,Very Slightly Included,Cushion,Mixed Brilliant Cut,No Enhancement,Ceylon (Sri Lanka),https://www.thenaturalsapphirecompany.com/yellow-sapphires/1.92ct-ceylon-sri-lankan-cushion-yellowish-brown-sapphire-y5185/
Y5194,4654.0,1203.0,3.87,9.2,8.58,5.77,Yellow,Vivid,Eye Clean,Cushion,Mixed Brilliant Cut,Heat Treated,Ceylon (Sri Lanka),https://www.thenaturalsapphirecompany.com/yellow-sapphires/3.87ct-ceylon-sri-lankan-cushion-yellow-sapphire-y5194/
Y5038,5944.0,1572.0,3.78,9.58,9.51,5.48,Yellow,Vivid,Eye Clean,Round,Mixed Brilliant Cut,Heat Treated,Ceylon (Sri Lanka),https://www.thenaturalsapphirecompany.com/yellow-sapphires/3.78ct-ceylon-sri-lankan-round-yellow-sapphire-y5038/
Y5048,5551.0,1573.0,3.53,8.62,8.52,5.84,Yellow,Vivid,Eye Clean,Round,Mixed Brilliant Cut,Heat Treated,Ceylon (Sri Lanka),https://www.thenaturalsapphirecompany.com/yellow-sapphires/3.53ct-ceylon-sri-lankan-round-yellow-sapphire-y5048/
Y5054,6589.0,1573.0,4.19,9.01,8.86,6.44,Yellow,Vivid,Eye Clean,Round,Mixed Brilliant Cut,Heat Treated,Ceylon (Sri Lanka),https://www.thenaturalsapphirecompany.com/yellow-sapphires/4.19ct-ceylon-sri-lankan-round-yellow-sapphire-y5054/
Y5009,1716.0,1100.0,1.56,6.45,6.25,3.95,Yellow,Intense,Very Slightly Included,Asscher - Octagon,Asscher Cut,Heat Treated,Ceylon (Sri Lanka),https://www.thenaturalsapphirecompany.com/yellow-sapphires/1.56ct-ceylon-sri-lankan-asscher-octagon-yellow-sapphire-y5009/
Y5015,2176.0,850.0,2.56,8.53,6.03,4.64,Yellow,Medium,Very Slightly Included,Emerald Cut,Emerald Cut,No Enhancement,Ceylon (Sri Lanka),https://www.thenaturalsapphirecompany.com/yellow-sapphires/2.56ct-ceylon-sri-lankan-emerald-cut-yellow-sapphire-y5015/
Y5018,1254.0,600.0,2.09,7.63,7.43,4.36,Yellow,Faint,Eye Clean,Cushion,Mixed Brilliant Cut,No Enhancement,Ceylon (Sri Lanka),https://www.thenaturalsapphirecompany.com/yellow-sapphires/2.09ct-ceylon-sri-lankan-cushion-yellow-sapphire-y5018/
U14549,1297.0,990.0,1.31,6.25,6.17,3.98,Greenish Yellow,Medium,Very Slightly Included,Asscher - Octagon,Asscher Cut,No Enhancement,Ceylon (Sri Lanka),https://www.thenaturalsapphirecompany.com/yellow-sapphires/1.31ct-ceylon-sri-lankan-asscher-octagon-greenish-yellow-sapphire-u14549/
Y4939,1556.0,850.0,1.83,8.64,6.16,4.17,Yellow,Medium,Very Slightly Included,Oval,Mixed Brilliant Cut,No Enhancement,Ceylon (Sri Lanka),https://www.thenaturalsapphirecompany.com/yellow-sapphires/1.83ct-ceylon-sri-lankan-oval-yellow-sapphire-y4939/
S8272,8125.0,1665.0,4.88,12.25,9.51,5.57,Yellow,Medium,Very Slightly Included,Oval,Mixed Brilliant Cut,No Enhancement,Ceylon (Sri Lanka),https://www.thenaturalsapphirecompany.com/yellow-sapphires/4.88ct-ceylon-sri-lankan-oval-yellow-sapphire-s8272/
S8274,1734.0,850.0,2.04,9.88,6.79,3.68,Yellow,Medium,Very Slightly Included,Oval,Mixed Brilliant Cut,No Enhancement,Ceylon (Sri Lanka),https://www.thenaturalsapphirecompany.com/yellow-sapphires/2.04ct-ceylon-sri-lankan-oval-yellow-sapphire-s8274/
Y4590,3556.0,1400.0,2.54,8.75,6.18,4.53,Yellow,Light,Very Very Slightly Included,Radiant,Radiant Cut,No Enhancement,Ceylon (Sri Lanka),https://www.thenaturalsapphirecompany.com/yellow-sapphires/2.54ct-ceylon-sri-lankan-radiant-yellow-sapphire-y4590/
Y4927,2478.0,700.0,3.54,9.62,7.34,5.88,Yellow,Medium,Very Slightly Included,Oval,Mixed Brilliant Cut,No Enhancement,Ceylon (Sri Lanka),https://www.thenaturalsapphirecompany.com/yellow-sapphires/3.54ct-ceylon-sri-lankan-oval-yellow-sapphire-y4927/
S8084,2008.0,800.0,2.51,9.73,7.59,3.96,Yellow,Intense,Very Slightly Included,Oval,Mixed Brilliant Cut,Heat Treated,Ceylon (Sri Lanka),https://www.thenaturalsapphirecompany.com/yellow-sapphires/2.51ct-ceylon-sri-lankan-oval-yellow-sapphire-s8084/
Y5128,2211.0,1100.0,2.01,8.48,5.71,4.28,Greenish Yellow,Medium,Very Slightly Included,Emerald Cut,Emerald Cut,No Enhancement,Ceylon (Sri Lanka),https://www.thenaturalsapphirecompany.com/yellow-sapphires/2.01ct-ceylon-sri-lankan-emerald-cut-greenish-yellow-sapphire-y5128/
Y5130,6277.0,1665.0,3.77,9.71,9.29,4.86,Yellow,Medium,Very Slightly Included,Cushion,Mixed Brilliant Cut,No Enhancement,Ceylon (Sri Lanka),https://www.thenaturalsapphirecompany.com/yellow-sapphires/3.77ct-ceylon-sri-lankan-cushion-yellow-sapphire-y5130/
Y5139,1009.0,770.0,1.31,5.75,5.62,4.4,Orangish Yellow,Medium,Very Slightly Included,Round,Mixed Brilliant Cut,Heat Treated,Ceylon (Sri Lanka),https://www.thenaturalsapphirecompany.com/yellow-sapphires/1.31ct-ceylon-sri-lankan-round-orangish-yellow-sapphire-y5139/
Y5153,6979.0,1387.0,5.03,8.58,8.48,6.39,Yellow,Intense,Very Slightly Included,Princess,Princess Cut,Heat Treated,Ceylon (Sri Lanka),https://www.thenaturalsapphirecompany.com/yellow-sapphires/5.03ct-ceylon-sri-lankan-princess-yellow-sapphire-y5153/
Y5156,3531.0,1100.0,3.21,8.28,8.28,4.88,Yellowish Green,Medium,Very Slightly Included,Princess,Princess Cut,Heat Treated,Ceylon (Sri Lanka),https://www.thenaturalsapphirecompany.com/yellow-sapphires/3.21ct-ceylon-sri-lankan-princess-yellowish-green-sapphire-y5156/
Y5157,2124.0,900.0,2.36,9.27,6.63,4.05,Yellow,Intense,Slightly Included,Cushion,Mixed Brilliant Cut,No Enhancement,Ceylon (Sri Lanka),https://www.thenaturalsapphirecompany.com/yellow-sapphires/2.36ct-ceylon-sri-lankan-cushion-yellow-sapphire-y5157/
Y5146,1206.0,900.0,1.34,6.83,5.91,3.92,Yellow,Medium,Very Slightly Included,Cushion,Mixed Brilliant Cut,No Enhancement,Ceylon (Sri Lanka),https://www.thenaturalsapphirecompany.com/yellow-sapphires/1.34ct-ceylon-sri-lankan-cushion-yellow-sapphire-y5146/
Y5148,1278.0,770.0,1.66,7.58,5.98,4.45,Yellow,Intense,Slightly Included,Cushion,Mixed Brilliant Cut,Heat Treated,Ceylon (Sri Lanka),https://www.thenaturalsapphirecompany.com/yellow-sapphires/1.66ct-ceylon-sri-lankan-cushion-yellow-sapphire-y5148/
Y5164,2592.0,900.0,2.88,8.28,6.63,5.62,Yellow,Medium,Very Slightly Included,Radiant,Radiant Cut,No Enhancement,Ceylon (Sri Lanka),https://www.thenaturalsapphirecompany.com/yellow-sapphires/2.88ct-ceylon-sri-lankan-radiant-yellow-sapphire-y5164/
Y5268,16034.0,1530.0,10.48,12.35,9.92,8.52,Yellow,Medium,Very Slightly Included,Emerald Cut,Emerald Cut,No Enhancement,Ceylon (Sri Lanka),https://www.thenaturalsapphirecompany.com/yellow-sapphires/10.48ct-ceylon-sri-lankan-emerald-cut-yellow-sapphire-y5268/
Y5271,9834.0,1955.0,5.03,11.55,8.45,4.96,Yellow,Vivid,Very Slightly Included,Emerald Cut,Emerald Cut,Heat Treated,Ceylon (Sri Lanka),https://www.thenaturalsapphirecompany.com/yellow-sapphires/5.03ct-ceylon-sri-lankan-emerald-cut-yellow-sapphire-y5271/
Y5178,1301.0,850.0,1.53,7.6,6.03,3.7,Yellow,Medium,Very Slightly Included,Radiant,Radiant Cut,Heat Treated,Ceylon (Sri Lanka),https://www.thenaturalsapphirecompany.com/yellow-sapphires/1.53ct-ceylon-sri-lankan-radiant-yellow-sapphire-y5178/
Y5249,1260.0,900.0,1.4,7.53,7.48,3.55,Yellow,Intense,Very Slightly Included,Round,Mixed Brilliant Cut,No Enhancement,Madagascar,https://www.thenaturalsapphirecompany.com/yellow-sapphires/1.40ct-madagascar-round-yellow-sapphire-y5249/
Y5222,2144.0,800.0,2.68,8.62,6.68,5.22,Yellow,Medium,Very Very Slightly Included,Cushion,Mixed Brilliant Cut,No Enhancement,Ceylon (Sri Lanka),https://www.thenaturalsapphirecompany.com/yellow-sapphires/2.68ct-ceylon-sri-lankan-cushion-yellow-sapphire-y5222/
Y5326,11900.0,1700.0,7.0,11.26,11.15,7.1,Yellow,Vivid,Eye Clean,Round,Mixed Brilliant Cut,Heat Treated,Ceylon (Sri Lanka),https://www.thenaturalsapphirecompany.com/yellow-sapphires/7.00ct-ceylon-sri-lankan-round-yellow-sapphire-y5326/
Y5300,2088.0,1060.0,1.97,8.72,7.03,3.47,Greenish Yellow,Intense,Slightly Included,Cushion,Mixed Brilliant Cut,No Enhancement,Ceylon (Sri Lanka),https://www.thenaturalsapphirecompany.com/yellow-sapphires/1.97ct-ceylon-sri-lankan-cushion-greenish-yellow-sapphire-y5300/
Y5110,8883.0,1615.0,5.5,12.05,8.82,6.69,Yellow,Medium,Eye Clean,Pear,Mixed Brilliant Cut,Heat Treated,Ceylon (Sri Lanka),https://www.thenaturalsapphirecompany.com/yellow-sapphires/5.50ct-ceylon-sri-lankan-pear-yellow-sapphire-y5110/
Y5112,13959.0,900.0,15.51,13.81,13.71,9.15,Yellow,Medium,Very Slightly Included,Round,Mixed Brilliant Cut,No Enhancement,Ceylon (Sri Lanka),https://www.thenaturalsapphirecompany.com/yellow-sapphires/15.51ct-ceylon-sri-lankan-round-yellow-sapphire-y5112/
Y5119,15749.0,2040.0,7.72,11.05,9.36,7.91,Yellow,Light,Very Slightly Included,Emerald Cut,Emerald Cut,No Enhancement,Ceylon (Sri Lanka),https://www.thenaturalsapphirecompany.com/yellow-sapphires/7.72ct-ceylon-sri-lankan-emerald-cut-yellow-sapphire-y5119/
Y5349,49151.0,2537.0,19.37,18.32,15.46,8.73,Yellow,Vivid,Very Slightly Included,Oval,Mixed Brilliant Cut,Heat Treated,Ceylon (Sri Lanka),https://www.thenaturalsapphirecompany.com/yellow-sapphires/19.37ct-ceylon-sri-lankan-oval-yellow-sapphire-y5349/
Y5351,11750.0,2040.0,5.76,11.76,9.2,6.48,Yellow,Vivid,Eye Clean,Oval,Mixed Brilliant Cut,Heat Treated,Ceylon (Sri Lanka),https://www.thenaturalsapphirecompany.com/yellow-sapphires/5.76ct-ceylon-sri-lankan-oval-yellow-sapphire-y5351/
Y5352,9350.0,1870.0,5.0,9.79,9.31,6.03,Yellow,Vivid,Eye Clean,Cushion,Mixed Brilliant Cut,Heat Treated,Ceylon (Sri Lanka),https://www.thenaturalsapphirecompany.com/yellow-sapphires/5.00ct-ceylon-sri-lankan-cushion-yellow-sapphire-y5352/
Y4956,6156.0,1018.0,6.05,11.86,8.43,6.21,Yellow,Medium,Very Slightly Included,Cushion,Mixed Brilliant Cut,Heat Treated,Ceylon (Sri Lanka),https://www.thenaturalsapphirecompany.com/yellow-sapphires/6.05ct-ceylon-sri-lankan-cushion-yellow-sapphire-y4956/
S8265,1520.0,800.0,1.9,7.21,6.18,4.98,Yellow,Intense,Very Slightly Included,Oval,Mixed Brilliant Cut,No Enhancement,Ceylon (Sri Lanka),https://www.thenaturalsapphirecompany.com/yellow-sapphires/1.90ct-ceylon-sri-lankan-oval-yellow-sapphire-s8265/
Y3376,3324.0,1200.0,2.77,7.75,9.37,4.86,Yellow,Medium,Very Slightly Included,Heart,Mixed Brilliant Cut,No Enhancement,Ceylon (Sri Lanka),https://www.thenaturalsapphirecompany.com/yellow-sapphires/2.77ct-ceylon-sri-lankan-heart-yellow-sapphire-y3376/
S7547,2090.0,2750.0,0.76,5.99,4.71,3.14,Yellowish Brown,Intense,Very Slightly Included,Oval,Mixed Brilliant Cut,Heat Treated,Madagascar,https://www.thenaturalsapphirecompany.com/yellow-sapphires/0.76ct-madagascar-oval-yellowish-brown-sapphire-s7547/
U9313,432.0,900.0,0.48,4.72,4.69,3.18,Greenish Yellow,Light,Very Slightly Included,Round,Modified Brilliant Cut,Heat Treated,Montana,https://www.thenaturalsapphirecompany.com/yellow-sapphires/0.48ct-montana-round-greenish-yellow-sapphire-u9313/
U13438,2222.0,1452.0,1.53,6.93,6.88,4.54,Greenish Yellow,Medium,Very Slightly Included,Round,Mixed Brilliant Cut,Heat Treated,Montana,https://www.thenaturalsapphirecompany.com/yellow-sapphires/1.53ct-montana-round-greenish-yellow-sapphire-u13438/
Y4291,1692.0,850.0,1.99,9.15,7.11,4.03,Yellow,Intense,Very Slightly Included,Oval,Mixed Brilliant Cut,No Enhancement,Ceylon (Sri Lanka),https://www.thenaturalsapphirecompany.com/yellow-sapphires/1.99ct-ceylon-sri-lankan-oval-yellow-sapphire-y4291/
Y4719,4007.0,1110.0,3.61,8.65,9.67,5.62,Yellow,Medium,Very Slightly Included,Heart,Mixed Brilliant Cut,No Enhancement,Ceylon (Sri Lanka),https://www.thenaturalsapphirecompany.com/yellow-sapphires/3.61ct-ceylon-sri-lankan-heart-yellow-sapphire-y4719/
S7257,109.0,260.0,0.42,4.67,4.52,2.84,Yellowish Green,Medium,Very Slightly Included,Round,Mixed Brilliant Cut,No Enhancement,Madagascar,https://www.thenaturalsapphirecompany.com/yellow-sapphires/0.42ct-madagascar-round-yellowish-green-sapphire-s7257/
U7958,1092.0,1400.0,0.78,5.28,5.16,4.02,Yellowish Green,Medium,Eye Clean,Round,Modified Brilliant Cut,Heat Treated,Montana,https://www.thenaturalsapphirecompany.com/yellow-sapphires/0.78ct-montana-round-yellowish-green-sapphire-u7958/
U11809,3150.0,1800.0,1.75,8.46,6.46,4.47,Yellowish Green,Intense,Very Slightly Included,Pear,Mixed Brilliant Cut,Heat Treated,Montana,https://www.thenaturalsapphirecompany.com/yellow-sapphires/1.75ct-montana-pear-yellowish-green-sapphire-u11809/
S9596,96.0,200.0,0.48,4.67,4.58,3.2,Orangish Yellow,Vivid,Very Slightly Included,Round,Mixed Brilliant Cut,Heat Treated,Ceylon (Sri Lanka),https://www.thenaturalsapphirecompany.com/yellow-sapphires/0.48ct-ceylon-sri-lankan-round-orangish-yellow-sapphire-s9596/
S9597,86.0,200.0,0.43,4.55,4.52,3.03,Yellow,Intense,Very Slightly Included,Round,Mixed Brilliant Cut,Heat Treated,Ceylon (Sri Lanka),https://www.thenaturalsapphirecompany.com/yellow-sapphires/0.43ct-ceylon-sri-lankan-round-yellow-sapphire-s9597/
S9599,92.0,200.0,0.46,4.56,4.54,3.21,Orangish Yellow,Medium,Very Slightly Included,Round,Mixed Brilliant Cut,Heat Treated,Ceylon (Sri Lanka),https://www.thenaturalsapphirecompany.com/yellow-sapphires/0.46ct-ceylon-sri-lankan-round-orangish-yellow-sapphire-s9599/
S9620,101.0,220.0,0.46,4.6,4.48,3.1,Orangish Yellow,Intense,Very Slightly Included,Round,Mixed Brilliant Cut,Heat Treated,Ceylon (Sri Lanka),https://www.thenaturalsapphirecompany.com/yellow-sapphires/0.46ct-ceylon-sri-lankan-round-orangish-yellow-sapphire-s9620/
S9622,101.0,220.0,0.46,4.68,4.58,3.05,Orangish Yellow,Intense,Very Slightly Included,Round,Mixed Brilliant Cut,Heat Treated,Ceylon (Sri Lanka),https://www.thenaturalsapphirecompany.com/yellow-sapphires/0.46ct-ceylon-sri-lankan-round-orangish-yellow-sapphire-s9622/
S9623,103.0,219.0,0.47,4.61,4.57,3.12,Orangish Yellow,Intense,Very Slightly Included,Round,Mixed Brilliant Cut,Heat Treated,Ceylon (Sri Lanka),https://www.thenaturalsapphirecompany.com/yellow-sapphires/0.47ct-ceylon-sri-lankan-round-orangish-yellow-sapphire-s9623/
S9630,90.0,220.0,0.41,4.57,4.48,2.91,Orangish Yellow,Intense,Very Slightly Included,Round,Mixed Brilliant Cut,Heat Treated,Ceylon (Sri Lanka),https://www.thenaturalsapphirecompany.com/yellow-sapphires/0.41ct-ceylon-sri-lankan-round-orangish-yellow-sapphire-s9630/
S9648,105.0,250.0,0.42,4.56,4.58,2.87,Orangish Yellow,Intense,Very Slightly Included,Round,Mixed Brilliant Cut,Heat Treated,Ceylon (Sri Lanka),https://www.thenaturalsapphirecompany.com/yellow-sapphires/0.42ct-ceylon-sri-lankan-round-orangish-yellow-sapphire-s9648/
S12318,106.0,241.0,0.44,4.61,4.6,2.85,Orangish Yellow,Intense,Very Slightly Included,Round,Mixed Brilliant Cut,Heat Treated,Ceylon (Sri Lanka),https://www.thenaturalsapphirecompany.com/yellow-sapphires/0.44ct-ceylon-sri-lankan-round-orangish-yellow-sapphire-s12318/
S12319,98.0,239.0,0.41,4.53,4.55,2.77,Yellow,Intense,Eye Clean,Round,Mixed Brilliant Cut,Heat Treated,Ceylon (Sri Lanka),https://www.thenaturalsapphirecompany.com/yellow-sapphires/0.41ct-ceylon-sri-lankan-round-yellow-sapphire-s12319/
S12303,120.0,200.0,0.6,5.46,5.47,3.0,Yellow,Medium,Very Slightly Included,Round,Mixed Brilliant Cut,Heat Treated,Ceylon (Sri Lanka),https://www.thenaturalsapphirecompany.com/yellow-sapphires/0.60ct-ceylon-sri-lankan-round-yellow-sapphire-s12303/
S5096,2988.0,1800.0,1.66,8.71,6.18,4.11,Yellowish Green,Light,Eye Clean,Fancy,Step Cut,No Enhancement,Montana,https://www.thenaturalsapphirecompany.com/yellow-sapphires/1.66ct-montana-fancy-yellowish-green-sapphire-s5096/
S6595,1726.0,850.0,2.03,7.87,5.95,5.06,Orangish Yellow,Intense,Slightly Included,Oval,Mixed Brilliant Cut,Heat Treated,Ceylon (Sri Lanka),https://www.thenaturalsapphirecompany.com/yellow-sapphires/2.03ct-ceylon-sri-lankan-oval-orangish-yellow-sapphire-s6595/
S7086,3476.0,1100.0,3.16,8.11,9.56,5.22,Yellow,Intense,Very Slightly Included,Heart,Mixed Brilliant Cut,Heat Treated,Ceylon (Sri Lanka),https://www.thenaturalsapphirecompany.com/yellow-sapphires/3.16ct-ceylon-sri-lankan-heart-yellow-sapphire-s7086/
U6150,1884.0,1200.0,1.57,6.71,5.94,4.36,Yellowish Green,Medium,Very Slightly Included,Oval,Mixed Brilliant Cut,No Enhancement,Montana,https://www.thenaturalsapphirecompany.com/yellow-sapphires/1.57ct-montana-oval-yellowish-green-sapphire-u6150/
S5771,973.0,632.0,1.54,7.92,6.42,3.56,Yellow,Medium,Very Slightly Included,Oval,Mixed Brilliant Cut,Heat Treated,Ceylon (Sri Lanka),https://www.thenaturalsapphirecompany.com/yellow-sapphires/1.54ct-ceylon-sri-lankan-oval-yellow-sapphire-s5771/
S4141,1736.0,800.0,2.17,8.13,6.24,4.99,Yellow,Medium,Very Slightly Included,Oval,Mixed Brilliant Cut,No Enhancement,Ceylon (Sri Lanka),https://www.thenaturalsapphirecompany.com/yellow-sapphires/2.17ct-ceylon-sri-lankan-oval-yellow-sapphire-s4141/
U16057,1302.0,600.0,2.17,7.06,7.02,5.34,Greenish Yellow,Intense,Very Slightly Included,Round,Mixed Brilliant Cut,No Enhancement,Madagascar,https://www.thenaturalsapphirecompany.com/yellow-sapphires/2.17ct-madagascar-round-greenish-yellow-sapphire-u16057/
U15577,1170.0,1000.0,1.17,6.02,5.96,4.39,Yellowish Green,Medium,Very Slightly Included,Round,Mixed Brilliant Cut,No Enhancement,Montana,https://www.thenaturalsapphirecompany.com/yellow-sapphires/1.17ct-montana-round-yellowish-green-sapphire-u15577/
U15684,2321.0,1100.0,2.11,8.15,8.0,4.25,Orangish Yellow,Vivid,Eye Clean,Round,Mixed Brilliant Cut,Heat Treated,Ceylon (Sri Lanka),https://www.thenaturalsapphirecompany.com/yellow-sapphires/2.11ct-ceylon-sri-lankan-round-orangish-yellow-sapphire-u15684/
Y5534,128.0,251.0,0.51,5.03,4.96,3.09,Yellow,Faint,Very Slightly Included,Round,Mixed Brilliant Cut,No Enhancement,Ceylon (Sri Lanka),https://www.thenaturalsapphirecompany.com/yellow-sapphires/0.51ct-ceylon-sri-lankan-round-yellow-sapphire-y5534/
S10180,94.0,200.0,0.47,6.07,4.64,2.33,Yellow,Light,Very Slightly Included,Oval,Mixed Brilliant Cut,No Enhancement,Ceylon (Sri Lanka),https://www.thenaturalsapphirecompany.com/yellow-sapphires/0.47ct-ceylon-sri-lankan-oval-yellow-sapphire-s10180/
Y5373,128.0,221.0,0.58,5.08,5.0,3.41,Yellow,Intense,Very Slightly Included,Round,Mixed Brilliant Cut,Heat Treated,Ceylon (Sri Lanka),https://www.thenaturalsapphirecompany.com/yellow-sapphires/0.58ct-ceylon-sri-lankan-round-yellow-sapphire-y5373/
U6700,3821.0,775.0,4.93,10.43,8.48,6.68,Orangish Yellow,Vivid,Eye Clean,Cushion,Mixed Brilliant Cut,Heat Treated,Ceylon (Sri Lanka),https://www.thenaturalsapphirecompany.com/yellow-sapphires/4.93ct-ceylon-sri-lankan-cushion-orangish-yellow-sapphire-u6700/
U11842,1164.0,1200.0,0.97,5.89,5.78,3.89,Yellowish Green,Medium,Very Slightly Included,Round,Brilliant Cut,No Enhancement,Montana,https://www.thenaturalsapphirecompany.com/yellow-sapphires/0.97ct-montana-round-yellowish-green-sapphire-u11842/
S9628,106.0,221.0,0.48,6.14,3.95,2.62,Yellowish Orange,Intense,Eye Clean,Oval,Mixed Brilliant Cut,Heat Treated,Ceylon (Sri Lanka),https://www.thenaturalsapphirecompany.com/yellow-sapphires/0.48ct-ceylon-sri-lankan-oval-yellowish-orange-sapphire-s9628/
S9602,100.0,200.0,0.5,6.01,4.01,2.73,Orangish Yellow,Medium,Very Slightly Included,Oval,Mixed Brilliant Cut,Heat Treated,Ceylon (Sri Lanka),https://www.thenaturalsapphirecompany.com/yellow-sapphires/0.50ct-ceylon-sri-lankan-oval-orangish-yellow-sapphire-s9602/
Y5508,104.0,200.0,0.52,6.11,4.25,2.86,Yellow,Intense,Eye Clean,Oval,Mixed Brilliant Cut,Heat Treated,Ceylon (Sri Lanka),https://www.thenaturalsapphirecompany.com/yellow-sapphires/0.52ct-ceylon-sri-lankan-oval-yellow-sapphire-y5508/
S4772,106.0,200.0,0.53,6.15,4.22,2.75,Yellow,Light,Very Slightly Included,Oval,Mixed Brilliant Cut,No Enhancement,Ceylon (Sri Lanka),https://www.thenaturalsapphirecompany.com/yellow-sapphires/0.53ct-ceylon-sri-lankan-oval-yellow-sapphire-s4772/
Y5530,94.0,200.0,0.47,6.06,4.06,2.57,Yellow,Light,Very Slightly Included,Oval,Mixed Brilliant Cut,No Enhancement,Ceylon (Sri Lanka),https://www.thenaturalsapphirecompany.com/yellow-sapphires/0.47ct-ceylon-sri-lankan-oval-yellow-sapphire-y5530/
Y5538,106.0,200.0,0.53,6.04,4.0,2.94,Yellow,Light,Very Slightly Included,Oval,Mixed Brilliant Cut,No Enhancement,Ceylon (Sri Lanka),https://www.thenaturalsapphirecompany.com/yellow-sapphires/0.53ct-ceylon-sri-lankan-oval-yellow-sapphire-y5538/
S9583,92.0,170.0,0.54,6.13,4.06,2.83,Yellow,Light,Very Slightly Included,Oval,Mixed Brilliant Cut,Heat Treated,Ceylon (Sri Lanka),https://www.thenaturalsapphirecompany.com/yellow-sapphires/0.54ct-ceylon-sri-lankan-oval-yellow-sapphire-s9583/
S9584,105.0,169.0,0.62,6.09,4.07,3.31,Yellow,Medium,Very Slightly Included,Oval,Mixed Brilliant Cut,Heat Treated,Ceylon (Sri Lanka),https://www.thenaturalsapphirecompany.com/yellow-sapphires/0.62ct-ceylon-sri-lankan-oval-yellow-sapphire-s9584/
S9585,83.0,169.0,0.49,5.97,4.09,2.68,Yellow,Medium,Very Slightly Included,Oval,Mixed Brilliant Cut,Heat Treated,Ceylon (Sri Lanka),https://www.thenaturalsapphirecompany.com/yellow-sapphires/0.49ct-ceylon-sri-lankan-oval-yellow-sapphire-s9585/
S9586,90.0,170.0,0.53,6.18,4.31,2.64,Yellow,Medium,Very Slightly Included,Oval,Mixed Brilliant Cut,Heat Treated,Ceylon (Sri Lanka),https://www.thenaturalsapphirecompany.com/yellow-sapphires/0.53ct-ceylon-sri-lankan-oval-yellow-sapphire-s9586/
S7607,110.0,224.0,0.49,4.44,4.24,3.06,Greenish Yellow,Medium,Very Slightly Included,Oval,Mixed Brilliant Cut,Heat Treated,Madagascar,https://www.thenaturalsapphirecompany.com/yellow-sapphires/0.49ct-madagascar-oval-greenish-yellow-sapphire-s7607/
S7613,66.0,143.0,0.46,4.91,4.2,2.5,Yellowish Green,Intense,Very Slightly Included,Oval,Mixed Brilliant Cut,Heat Treated,Madagascar,https://www.thenaturalsapphirecompany.com/yellow-sapphires/0.46ct-madagascar-oval-yellowish-green-sapphire-s7613/
Y4175,1331.0,1040.0,1.28,6.98,4.89,4.29,Yellow,Medium,Very Slightly Included,Cushion,Mixed Brilliant Cut,No Enhancement,Ceylon (Sri Lanka),https://www.thenaturalsapphirecompany.com/yellow-sapphires/1.28ct-ceylon-sri-lankan-cushion-yellow-sapphire-y4175/
S4411,576.0,800.0,0.72,6.54,4.6,3.14,Yellowish Orange,Intense,Very Very Slightly Included,Pear,Mixed Brilliant Cut,Heat Treated,Ceylon (Sri Lanka),https://www.thenaturalsapphirecompany.com/yellow-sapphires/0.72ct-ceylon-sri-lankan-pear-yellowish-orange-sapphire-s4411/
S3226,154.0,200.0,0.77,6.0,4.08,3.4,Yellow,Light,Very Slightly Included,Emerald Cut,Emerald Cut,No Enhancement,Ceylon (Sri Lanka),https://www.thenaturalsapphirecompany.com/yellow-sapphires/0.77ct-ceylon-sri-lankan-emerald-cut-yellow-sapphire-s3226/
U12670,510.0,1000.0,0.51,5.23,4.14,3.1,Yellowish Brown,Intense,Eye Clean,Oval,Mixed Brilliant Cut,Heat Treated,Montana,https://www.thenaturalsapphirecompany.com/yellow-sapphires/0.51ct-montana-oval-yellowish-brown-sapphire-u12670/
Y4181,1344.0,1200.0,1.12,6.61,4.26,4.37,Yellow,Medium,Very Slightly Included,Radiant,Modified Brilliant Cut,No Enhancement,Ceylon (Sri Lanka),https://www.thenaturalsapphirecompany.com/yellow-sapphires/1.12ct-ceylon-sri-lankan-radiant-yellow-sapphire-y4181/
S14419,5920.0,1480.0,4.0,12.58,7.64,5.86,Yellow,Light,Very Slightly Included,Pear,Mixed Brilliant Cut,No Enhancement,Ceylon (Sri Lanka),https://www.thenaturalsapphirecompany.com/yellow-sapphires/4.00ct-ceylon-sri-lankan-pear-yellow-sapphire-s14419/
S19740,935.0,550.0,1.7,7.14,7.48,3.89,Yellow,Medium,Very Slightly Included,Heart,Mixed Brilliant Cut,Lattice Diffused,Ceylon (Sri Lanka),https://www.thenaturalsapphirecompany.com/yellow-sapphires/1.70ct-ceylon-sri-lankan-heart-yellow-sapphire-s19740/
S19890,1599.0,1088.0,1.47,6.9,6.17,3.44,Yellow,Intense,Slightly Included,Cushion,Mixed Brilliant Cut,No Enhancement,Ceylon (Sri Lanka),https://www.thenaturalsapphirecompany.com/yellow-sapphires/1.47ct-ceylon-sri-lankan-cushion-yellow-sapphire-s19890/
Y4883,553.0,700.0,0.79,6.52,4.88,2.91,Yellow,Intense,Very Slightly Included,Oval,Mixed Brilliant Cut,Heat Treated,Montana,https://www.thenaturalsapphirecompany.com/yellow-sapphires/0.79ct-montana-oval-yellow-sapphire-y4883/
Y4943,792.0,990.0,0.8,5.6,6.64,3.18,Yellow,Light,Very Slightly Included,Heart,Mixed Brilliant Cut,No Enhancement,Ceylon (Sri Lanka),https://www.thenaturalsapphirecompany.com/yellow-sapphires/0.80ct-ceylon-sri-lankan-heart-yellow-sapphire-y4943/
U14242,154.0,200.0,0.77,5.53,5.52,3.31,Yellowish Green,Intense,Very Slightly Included,Heart,Mixed Brilliant Cut,No Enhancement,Ceylon (Sri Lanka),https://www.thenaturalsapphirecompany.com/yellow-sapphires/0.77ct-ceylon-sri-lankan-heart-yellowish-green-sapphire-u14242/
S15163,26283.0,2615.0,10.05,17.47,11.02,7.19,Yellow,Intense,Eye Clean,Pear,Mixed Brilliant Cut,No Enhancement,Tanzania,https://www.thenaturalsapphirecompany.com/yellow-sapphires/10.05ct-tanzanian-pear-yellow-sapphire-s15163/
U7934,1428.0,1400.0,1.02,5.94,5.28,3.65,Yellowish Green,Medium,Eye Clean,Cushion,Mixed Brilliant Cut,No Enhancement,Montana,https://www.thenaturalsapphirecompany.com/yellow-sapphires/1.02ct-montana-cushion-yellowish-green-sapphire-u7934/
U12443,1344.0,960.0,1.4,6.16,5.38,4.75,Yellowish Green,Intense,Very Slightly Included,Radiant,Radiant Cut,No Enhancement,Madagascar,https://www.thenaturalsapphirecompany.com/yellow-sapphires/1.40ct-madagascar-radiant-yellowish-green-sapphire-u12443/
S18200,164.0,200.0,0.82,6.19,3.92,3.33,Yellowish Green,Medium,Slightly Included,Emerald Cut,Emerald Cut,No Enhancement,Ceylon (Sri Lanka),https://www.thenaturalsapphirecompany.com/yellow-sapphires/0.82ct-ceylon-sri-lankan-emerald-cut-yellowish-green-sapphire-s18200/
S3225,169.0,219.0,0.77,6.55,4.56,3.08,Yellow,Light,Very Slightly Included,Emerald Cut,Emerald Cut,No Enhancement,Ceylon (Sri Lanka),https://www.thenaturalsapphirecompany.com/yellow-sapphires/0.77ct-ceylon-sri-lankan-emerald-cut-yellow-sapphire-s3225/
S3214,147.0,219.0,0.67,6.04,4.05,2.93,Yellow,Medium,Very Slightly Included,Emerald Cut,Emerald Cut,No Enhancement,Ceylon (Sri Lanka),https://www.thenaturalsapphirecompany.com/yellow-sapphires/0.67ct-ceylon-sri-lankan-emerald-cut-yellow-sapphire-s3214/
S6629,824.0,800.0,1.03,5.39,6.49,3.56,Yellow,Intense,Very Slightly Included,Heart,Mixed Brilliant Cut,Heat Treated,Ceylon (Sri Lanka),https://www.thenaturalsapphirecompany.com/yellow-sapphires/1.03ct-ceylon-sri-lankan-heart-yellow-sapphire-s6629/
U10209,1474.0,1100.0,1.34,6.27,6.22,4.57,Greenish Yellow,Medium,Eye Clean,Round,Mixed Brilliant Cut,No Enhancement,Montana,https://www.thenaturalsapphirecompany.com/yellow-sapphires/1.34ct-montana-round-greenish-yellow-sapphire-u10209/
U10369,798.0,1050.0,0.76,5.16,5.09,3.78,Yellowish Green,Medium,Eye Clean,Round,Mixed Brilliant Cut,Heat Treated,Montana,https://www.thenaturalsapphirecompany.com/yellow-sapphires/0.76ct-montana-round-yellowish-green-sapphire-u10369/
S3233,166.0,200.0,0.83,6.48,4.54,3.26,Yellow,Light,Very Slightly Included,Emerald Cut,Emerald Cut,No Enhancement,Ceylon (Sri Lanka),https://www.thenaturalsapphirecompany.com/yellow-sapphires/0.83ct-ceylon-sri-lankan-emerald-cut-yellow-sapphire-s3233/
S15962,880.0,800.0,1.1,5.82,6.94,3.7,Yellow,Medium,Eye Clean,Heart,Mixed Brilliant Cut,Heat Treated,Ceylon (Sri Lanka),https://www.thenaturalsapphirecompany.com/yellow-sapphires/1.10ct-ceylon-sri-lankan-heart-yellow-sapphire-s15962/
U14973,2691.0,1300.0,2.07,7.56,7.51,4.72,Yellowish Green,Medium,Very Slightly Included,Round,Mixed Brilliant Cut,No Enhancement,Ceylon (Sri Lanka),https://www.thenaturalsapphirecompany.com/yellow-sapphires/2.07ct-ceylon-sri-lankan-round-yellowish-green-sapphire-u14973/
Y5398,150.0,221.0,0.68,6.04,3.99,3.22,Yellow,Light,Eye Clean,Radiant,Radiant Cut,Heat Treated,Ceylon (Sri Lanka),https://www.thenaturalsapphirecompany.com/yellow-sapphires/0.68ct-ceylon-sri-lankan-radiant-yellow-sapphire-y5398/
Y5393,158.0,251.0,0.63,6.09,4.0,3.04,Yellow,Intense,Very Slightly Included,Radiant,Radiant Cut,Heat Treated,Ceylon (Sri Lanka),https://www.thenaturalsapphirecompany.com/yellow-sapphires/0.63ct-ceylon-sri-lankan-radiant-yellow-sapphire-y5393/
Y5401,156.0,220.0,0.71,6.01,4.13,3.28,Yellowish Orange,Intense,Very Slightly Included,Radiant,Radiant Cut,Heat Treated,Ceylon (Sri Lanka),https://www.thenaturalsapphirecompany.com/yellow-sapphires/0.71ct-ceylon-sri-lankan-radiant-yellowish-orange-sapphire-y5401/
S9547,38789.0,1938.0,20.02,15.52,15.4,10.71,Yellow,Vivid,Very Slightly Included,Round,Mixed Brilliant Cut,Heat Treated,Ceylon (Sri Lanka),https://www.thenaturalsapphirecompany.com/yellow-sapphires/20.02ct-ceylon-sri-lankan-round-yellow-sapphire-s9547/
S16648,501.0,486.0,1.03,6.9,4.68,3.51,Yellowish Green,Intense,Very Slightly Included,Oval,Mixed Brilliant Cut,No Enhancement,Ceylon (Sri Lanka),https://www.thenaturalsapphirecompany.com/yellow-sapphires/1.03ct-ceylon-sri-lankan-oval-yellowish-green-sapphire-s16648/
S16257,2200.0,1302.0,1.69,6.54,6.28,4.39,Yellow,Light,Very Slightly Included,Round,Mixed Brilliant Cut,No Enhancement,Ceylon (Sri Lanka),https://www.thenaturalsapphirecompany.com/yellow-sapphires/1.69ct-ceylon-sri-lankan-round-yellow-sapphire-s16257/
S16662,740.0,871.0,0.85,5.14,6.16,3.52,Greenish Yellow,Intense,Eye Clean,Heart,Mixed Brilliant Cut,No Enhancement,Ceylon (Sri Lanka),https://www.thenaturalsapphirecompany.com/yellow-sapphires/0.85ct-ceylon-sri-lankan-heart-greenish-yellow-sapphire-s16662/
S16246,679.0,859.0,0.79,4.89,5.65,3.68,Yellow,Intense,Very Slightly Included,Heart,Mixed Brilliant Cut,No Enhancement,Ceylon (Sri Lanka),https://www.thenaturalsapphirecompany.com/yellow-sapphires/0.79ct-ceylon-sri-lankan-heart-yellow-sapphire-s16246/
S16306,1160.0,1094.0,1.06,6.61,5.29,4.0,Greenish Yellow,Intense,Eye Clean,Oval,Mixed Brilliant Cut,No Enhancement,Ceylon (Sri Lanka),https://www.thenaturalsapphirecompany.com/yellow-sapphires/1.06ct-ceylon-sri-lankan-oval-greenish-yellow-sapphire-s16306/
S16270,990.0,876.0,1.13,6.63,6.55,3.36,Yellow,Light,Very Slightly Included,Heart,Mixed Brilliant Cut,No Enhancement,Ceylon (Sri Lanka),https://www.thenaturalsapphirecompany.com/yellow-sapphires/1.13ct-ceylon-sri-lankan-heart-yellow-sapphire-s16270/
U12699,470.0,1000.0,0.47,5.48,4.31,2.66,Yellowish Orange,Intense,Very Slightly Included,Oval,Mixed Brilliant Cut,Heat Treated,Montana,https://www.thenaturalsapphirecompany.com/yellow-sapphires/0.47ct-montana-oval-yellowish-orange-sapphire-u12699/
S3562,1000.0,500.0,2.0,7.7,7.4,3.88,Yellowish Green,Medium,Very Slightly Included,Asscher - Octagon,Asscher Cut,No Enhancement,Ceylon (Sri Lanka),https://www.thenaturalsapphirecompany.com/yellow-sapphires/2.00ct-ceylon-sri-lankan-asscher-octagon-yellowish-green-sapphire-s3562/
Y5390,130.0,220.0,0.59,5.95,4.02,2.94,Yellow,Medium,Eye Clean,Radiant,Radiant Cut,Heat Treated,Ceylon (Sri Lanka),https://www.thenaturalsapphirecompany.com/yellow-sapphires/0.59ct-ceylon-sri-lankan-radiant-yellow-sapphire-y5390/
S3809,156.0,260.0,0.6,5.22,4.0,2.86,Greenish Yellow,Intense,Very Slightly Included,Emerald Cut,Emerald Cut,No Enhancement,Ceylon (Sri Lanka),https://www.thenaturalsapphirecompany.com/yellow-sapphires/0.60ct-ceylon-sri-lankan-emerald-cut-greenish-yellow-sapphire-s3809/
Y5389,145.0,250.0,0.58,5.96,4.04,2.82,Yellow,Intense,Eye Clean,Radiant,Radiant Cut,Heat Treated,Ceylon (Sri Lanka),https://www.thenaturalsapphirecompany.com/yellow-sapphires/0.58ct-ceylon-sri-lankan-radiant-yellow-sapphire-y5389/
S3525,599.0,370.0,1.62,7.75,5.9,3.66,Greenish Yellow,Intense,Very Slightly Included,Radiant,Radiant Cut,No Enhancement,Ceylon (Sri Lanka),https://www.thenaturalsapphirecompany.com/yellow-sapphires/1.62ct-ceylon-sri-lankan-radiant-greenish-yellow-sapphire-s3525/
U17496,2324.0,1400.0,1.66,7.39,6.26,4.14,Yellowish Green,Medium,Very Slightly Included,Radiant,Radiant Cut,Heat Treated,Montana,https://www.thenaturalsapphirecompany.com/yellow-sapphires/1.66ct-montana-radiant-yellowish-green-sapphire-u17496/
S13616,1817.0,1050.0,1.73,7.88,6.06,3.6,Yellow,Intense,Eye Clean,Emerald Cut,Emerald Cut,No Enhancement,Ceylon (Sri Lanka),https://www.thenaturalsapphirecompany.com/yellow-sapphires/1.73ct-ceylon-sri-lankan-emerald-cut-yellow-sapphire-s13616/
U9342,2822.0,1350.0,2.09,7.17,6.1,5.08,Orangish Yellow,Medium,Very Slightly Included,Radiant,Radiant Cut,No Enhancement,Ceylon (Sri Lanka),https://www.thenaturalsapphirecompany.com/yellow-sapphires/2.09ct-ceylon-sri-lankan-radiant-orangish-yellow-sapphire-u9342/
Y4906,1327.0,990.0,1.34,6.9,6.23,3.77,Greenish Yellow,Intense,Very Slightly Included,Cushion,Mixed Brilliant Cut,No Enhancement,Ceylon (Sri Lanka),https://www.thenaturalsapphirecompany.com/yellow-sapphires/1.34ct-ceylon-sri-lankan-cushion-greenish-yellow-sapphire-y4906/
U13635,1681.0,1378.0,1.22,6.75,5.8,4.15,Yellowish Brown,Intense,Eye Clean,Oval,Mixed Brilliant Cut,Heat Treated,Montana,https://www.thenaturalsapphirecompany.com/yellow-sapphires/1.22ct-montana-oval-yellowish-brown-sapphire-u13635/
U13638,1670.0,1000.0,1.67,6.95,6.93,3.9,Yellowish Green,Intense,Very Slightly Included,Asscher - Octagon,Asscher Cut,No Enhancement,Ceylon (Sri Lanka),https://www.thenaturalsapphirecompany.com/yellow-sapphires/1.67ct-ceylon-sri-lankan-asscher-octagon-yellowish-green-sapphire-u13638/
U14565,1960.0,990.0,1.98,8.27,6.82,4.14,Greenish Yellow,Medium,Very Slightly Included,Cushion,Mixed Brilliant Cut,No Enhancement,Ceylon (Sri Lanka),https://www.thenaturalsapphirecompany.com/yellow-sapphires/1.98ct-ceylon-sri-lankan-cushion-greenish-yellow-sapphire-u14565/
U7972,2700.0,1800.0,1.5,7.41,6.08,4.13,Yellowish Green,Medium,Very Slightly Included,Oval,Mixed Brilliant Cut,Heat Treated,Montana,https://www.thenaturalsapphirecompany.com/yellow-sapphires/1.50ct-montana-oval-yellowish-green-sapphire-u7972/
S13918,31536.0,2269.0,13.9,14.1,11.87,8.91,Yellowish Orange,Intense,Eye Clean,Cushion,Mixed Brilliant Cut,Heat Treated,Ceylon (Sri Lanka),https://www.thenaturalsapphirecompany.com/yellow-sapphires/13.90ct-ceylon-sri-lankan-cushion-yellowish-orange-sapphire-s13918/
U12902,1664.0,1300.0,1.28,7.59,5.77,3.8,Yellowish Green,Intense,Very Slightly Included,Oval,Mixed Brilliant Cut,Heat Treated,Montana,https://www.thenaturalsapphirecompany.com/yellow-sapphires/1.28ct-montana-oval-yellowish-green-sapphire-u12902/
U11583,2134.0,1100.0,1.94,7.61,7.6,3.9,Greenish Yellow,Medium,Very Slightly Included,Asscher - Octagon,Asscher Cut,No Enhancement,Ceylon (Sri Lanka),https://www.thenaturalsapphirecompany.com/yellow-sapphires/1.94ct-ceylon-sri-lankan-asscher-octagon-greenish-yellow-sapphire-u11583/
U11632,7040.0,2200.0,3.2,13.32,9.12,5.25,Yellowish Green,Medium,Very Slightly Included,Fancy,Fancy Brilliant Cut,No Enhancement,Montana,https://www.thenaturalsapphirecompany.com/yellow-sapphires/3.20ct-montana-fancy-yellowish-green-sapphire-u11632/
U11873,3700.0,2000.0,1.85,8.3,6.07,4.2,Yellowish Green,Intense,Very Very Slightly Included,Emerald Cut,Emerald Cut,No Enhancement,Montana,https://www.thenaturalsapphirecompany.com/yellow-sapphires/1.85ct-montana-emerald-cut-yellowish-green-sapphire-u11873/
S12752,3276.0,1400.0,2.34,11.08,7.7,4.48,Yellowish Green,Light,Very Slightly Included,Fancy,Step Cut,No Enhancement,Montana,https://www.thenaturalsapphirecompany.com/yellow-sapphires/2.34ct-montana-fancy-yellowish-green-sapphire-s12752/
S10228,17936.0,1650.0,10.87,15.97,12.8,6.45,Yellow,Vivid,Very Slightly Included,Oval,Mixed Brilliant Cut,Heat Treated,Ceylon (Sri Lanka),https://www.thenaturalsapphirecompany.com/yellow-sapphires/10.87ct-ceylon-sri-lankan-oval-yellow-sapphire-s10228/
S14547,8528.0,925.0,9.22,12.12,10.3,7.69,Yellowish Orange,Intense,Very Slightly Included,Radiant,Radiant Cut,Heat Treated,Ceylon (Sri Lanka),https://www.thenaturalsapphirecompany.com/yellow-sapphires/9.22ct-ceylon-sri-lankan-radiant-yellowish-orange-sapphire-s14547/
U14089,2145.0,1500.0,1.43,6.86,6.03,4.36,Yellowish Green,Intense,Very Slightly Included,Oval,Mixed Brilliant Cut,Heat Treated,Montana,https://www.thenaturalsapphirecompany.com/yellow-sapphires/1.43ct-montana-oval-yellowish-green-sapphire-u14089/
U14573,1764.0,900.0,1.96,7.0,6.79,4.67,Yellowish Brown,Intense,Very Slightly Included,Cushion,Mixed Brilliant Cut,No Enhancement,Ceylon (Sri Lanka),https://www.thenaturalsapphirecompany.com/yellow-sapphires/1.96ct-ceylon-sri-lankan-cushion-yellowish-brown-sapphire-u14573/
U14550,2070.0,900.0,2.3,8.52,6.39,4.41,Yellow,Intense,Very Slightly Included,Cushion,Mixed Brilliant Cut,Heat Treated,Ceylon (Sri Lanka),https://www.thenaturalsapphirecompany.com/yellow-sapphires/2.30ct-ceylon-sri-lankan-cushion-yellow-sapphire-u14550/
U15637,5540.0,916.0,6.05,13.57,8.88,6.24,Yellowish Green,Intense,Very Slightly Included,Pear,Mixed Brilliant Cut,Heat Treated,Ceylon (Sri Lanka),https://www.thenaturalsapphirecompany.com/yellow-sapphires/6.05ct-ceylon-sri-lankan-pear-yellowish-green-sapphire-u15637/
U10638,1573.0,1300.0,1.21,6.43,5.44,4.03,Yellowish Green,Medium,Very Slightly Included,Cushion,Mixed Brilliant Cut,No Enhancement,Montana,https://www.thenaturalsapphirecompany.com/yellow-sapphires/1.21ct-montana-cushion-yellowish-green-sapphire-u10638/
U10604,2610.0,1500.0,1.74,7.46,6.72,4.49,Yellowish Green,Intense,Very Slightly Included,Cushion,Mixed Brilliant Cut,No Enhancement,Montana,https://www.thenaturalsapphirecompany.com/yellow-sapphires/1.74ct-montana-cushion-yellowish-green-sapphire-u10604/
U10576,1443.0,1300.0,1.11,5.97,5.83,4.08,Greenish Yellow,Medium,Very Slightly Included,Cushion,Mixed Brilliant Cut,No Enhancement,Montana,https://www.thenaturalsapphirecompany.com/yellow-sapphires/1.11ct-montana-cushion-greenish-yellow-sapphire-u10576/
U11804,4057.0,1572.0,2.58,7.76,7.66,5.2,Yellowish Green,Intense,Very Slightly Included,Round,Modified Brilliant Cut,No Enhancement,Montana,https://www.thenaturalsapphirecompany.com/yellow-sapphires/2.58ct-montana-round-yellowish-green-sapphire-u11804/
U12696,828.0,900.0,0.92,5.63,5.61,3.91,Yellowish Green,Medium,Very Slightly Included,Round,Mixed Brilliant Cut,Heat Treated,Montana,https://www.thenaturalsapphirecompany.com/yellow-sapphires/0.92ct-montana-round-yellowish-green-sapphire-u12696/
U11853,1482.0,1300.0,1.14,6.84,4.89,3.79,Yellowish Green,Medium,Very Slightly Included,Cushion,Mixed Brilliant Cut,No Enhancement,Montana,https://www.thenaturalsapphirecompany.com/yellow-sapphires/1.14ct-montana-cushion-yellowish-green-sapphire-u11853/
U12235,1836.0,1200.0,1.53,6.69,6.61,3.65,Yellow,Medium,Eye Clean,Asscher - Octagon,Asscher Cut,No Enhancement,Ceylon (Sri Lanka),https://www.thenaturalsapphirecompany.com/yellow-sapphires/1.53ct-ceylon-sri-lankan-asscher-octagon-yellow-sapphire-u12235/
U12510,3587.0,850.0,4.22,8.59,9.1,6.53,Yellowish Green,Vivid,Eye Clean,Heart,Mixed Brilliant Cut,No Enhancement,Ceylon (Sri Lanka),https://www.thenaturalsapphirecompany.com/yellow-sapphires/4.22ct-ceylon-sri-lankan-heart-yellowish-green-sapphire-u12510/
U7469,1272.0,1200.0,1.06,5.78,4.82,4.03,Yellowish Green,Medium,Very Slightly Included,Cushion,Mixed Brilliant Cut,No Enhancement,Montana,https://www.thenaturalsapphirecompany.com/yellow-sapphires/1.06ct-montana-cushion-yellowish-green-sapphire-u7469/
U7478,2520.0,1500.0,1.68,7.82,6.03,4.45,Yellowish Green,Medium,Very Slightly Included,Oval,Mixed Brilliant Cut,No Enhancement,Montana,https://www.thenaturalsapphirecompany.com/yellow-sapphires/1.68ct-montana-oval-yellowish-green-sapphire-u7478/
U7569,2074.0,1450.0,1.43,6.94,6.04,4.4,Yellowish Green,Intense,Very Slightly Included,Oval,Mixed Brilliant Cut,No Enhancement,Montana,https://www.thenaturalsapphirecompany.com/yellow-sapphires/1.43ct-montana-oval-yellowish-green-sapphire-u7569/
U7585,1272.0,800.0,1.59,6.85,6.11,4.37,Yellowish Green,Medium,Slightly Included,Cushion,Mixed Brilliant Cut,No Enhancement,Montana,https://www.thenaturalsapphirecompany.com/yellow-sapphires/1.59ct-montana-cushion-yellowish-green-sapphire-u7585/
U7662,1526.0,1400.0,1.09,6.51,5.25,3.71,Yellowish Green,Medium,Very Slightly Included,Cushion,Mixed Brilliant Cut,No Enhancement,Montana,https://www.thenaturalsapphirecompany.com/yellow-sapphires/1.09ct-montana-cushion-yellowish-green-sapphire-u7662/
U7664,1568.0,1400.0,1.12,5.87,4.64,4.3,Yellowish Green,Intense,Eye Clean,Cushion,Mixed Brilliant Cut,No Enhancement,Montana,https://www.thenaturalsapphirecompany.com/yellow-sapphires/1.12ct-montana-cushion-yellowish-green-sapphire-u7664/
S19480,3562.0,2024.0,1.76,7.73,6.0,4.43,Yellowish Green,Light,Very Slightly Included,Cushion,Mixed Brilliant Cut,No Enhancement,Montana,https://www.thenaturalsapphirecompany.com/yellow-sapphires/1.76ct-montana-cushion-yellowish-green-sapphire-s19480/
S19484,5670.0,2700.0,2.1,7.31,7.27,5.11,Yellowish Green,Intense,Very Slightly Included,Cushion,Mixed Brilliant Cut,No Enhancement,Montana,https://www.thenaturalsapphirecompany.com/yellow-sapphires/2.10ct-montana-cushion-yellowish-green-sapphire-s19484/
U8317,1176.0,1200.0,0.98,5.85,4.79,3.84,Yellowish Green,Light,Eye Clean,Cushion,Mixed Brilliant Cut,Heat Treated,Montana,https://www.thenaturalsapphirecompany.com/yellow-sapphires/0.98ct-montana-cushion-yellowish-green-sapphire-u8317/
U8493,3266.0,1150.0,2.84,9.28,7.15,5.24,Yellowish Green,Intense,Slightly Included,Oval,Mixed Brilliant Cut,No Enhancement,Montana,https://www.thenaturalsapphirecompany.com/yellow-sapphires/2.84ct-montana-oval-yellowish-green-sapphire-u8493/
U8309,2016.0,1400.0,1.44,7.0,5.87,4.18,Yellowish Green,Light,Eye Clean,Oval,Mixed Brilliant Cut,No Enhancement,Montana,https://www.thenaturalsapphirecompany.com/yellow-sapphires/1.44ct-montana-oval-yellowish-green-sapphire-u8309/
U12882,1600.0,964.0,1.66,8.05,6.04,3.46,Yellowish Green,Medium,Very Slightly Included,Radiant,Radiant Cut,No Enhancement,Ceylon (Sri Lanka),https://www.thenaturalsapphirecompany.com/yellow-sapphires/1.66ct-ceylon-sri-lankan-radiant-yellowish-green-sapphire-u12882/
U13110,3048.0,1200.0,2.54,7.72,7.06,5.18,Orangish Yellow,Intense,Very Slightly Included,Cushion,Mixed Brilliant Cut,Heat Treated,Ceylon (Sri Lanka),https://www.thenaturalsapphirecompany.com/yellow-sapphires/2.54ct-ceylon-sri-lankan-cushion-orangish-yellow-sapphire-u13110/
U11798,769.0,1012.0,0.76,5.49,5.39,3.6,Yellowish Orange,Intense,Very Slightly Included,Round,Brilliant Cut,Heat Treated,Montana,https://www.thenaturalsapphirecompany.com/yellow-sapphires/0.76ct-montana-round-yellowish-orange-sapphire-u11798/
U11019,783.0,450.0,1.74,7.22,7.18,4.69,Yellowish Green,Medium,Very Slightly Included,Round,Brilliant Cut,No Enhancement,Ceylon (Sri Lanka),https://www.thenaturalsapphirecompany.com/yellow-sapphires/1.74ct-ceylon-sri-lankan-round-yellowish-green-sapphire-u11019/
S4254,1827.0,900.0,2.03,8.06,7.95,4.1,Greenish Yellow,Intense,Eye Clean,Round,Mixed Brilliant Cut,Heat Treated,Ceylon (Sri Lanka),https://www.thenaturalsapphirecompany.com/yellow-sapphires/2.03ct-ceylon-sri-lankan-round-greenish-yellow-sapphire-s4254/
S19139,3818.0,1480.0,2.58,8.26,8.25,5.08,Orangish Yellow,Intense,Eye Clean,Round,Mixed Brilliant Cut,Heat Treated,Ceylon (Sri Lanka),https://www.thenaturalsapphirecompany.com/yellow-sapphires/2.58ct-ceylon-sri-lankan-round-orangish-yellow-sapphire-s19139/
U11526,3330.0,1500.0,2.22,8.5,6.87,4.13,Yellowish Green,Medium,Very Slightly Included,Cushion,Mixed Brilliant Cut,No Enhancement,Ceylon (Sri Lanka),https://www.thenaturalsapphirecompany.com/yellow-sapphires/2.22ct-ceylon-sri-lankan-cushion-yellowish-green-sapphire-u11526/
U9536,4810.0,1480.0,3.25,9.53,9.04,4.34,Orangish Yellow,Intense,Eye Clean,Cushion,Modified Brilliant Cut,Heat Treated,Ceylon (Sri Lanka),https://www.thenaturalsapphirecompany.com/yellow-sapphires/3.25ct-ceylon-sri-lankan-cushion-orangish-yellow-sapphire-u9536/
U9791,3744.0,1600.0,2.34,7.48,7.4,5.32,Yellowish Brown,Medium,Very Slightly Included,Round,Mixed Brilliant Cut,No Enhancement,Ceylon (Sri Lanka),https://www.thenaturalsapphirecompany.com/yellow-sapphires/2.34ct-ceylon-sri-lankan-round-yellowish-brown-sapphire-u9791/
U16897,4187.0,832.0,5.03,11.04,8.8,5.15,Yellow,Medium,Slightly Included,Cushion,Mixed Brilliant Cut,Heat Treated,Ceylon (Sri Lanka),https://www.thenaturalsapphirecompany.com/yellow-sapphires/5.03ct-ceylon-sri-lankan-cushion-yellow-sapphire-u16897/
S9856,1602.0,600.0,2.67,9.04,7.48,4.24,Greenish Yellow,Intense,Slightly Included,Cushion,Mixed Brilliant Cut,Heat Treated,Ceylon (Sri Lanka),https://www.thenaturalsapphirecompany.com/yellow-sapphires/2.67ct-ceylon-sri-lankan-cushion-greenish-yellow-sapphire-s9856/
U16893,4619.0,1017.0,4.54,9.19,8.38,5.96,Yellow,Intense,Very Slightly Included,Cushion,Mixed Brilliant Cut,No Enhancement,Ceylon (Sri Lanka),https://www.thenaturalsapphirecompany.com/yellow-sapphires/4.54ct-ceylon-sri-lankan-cushion-yellow-sapphire-u16893/
U10575,1212.0,1200.0,1.01,5.95,5.36,4.01,Greenish Yellow,Medium,Very Slightly Included,Cushion,Mixed Brilliant Cut,Heat Treated,Montana,https://www.thenaturalsapphirecompany.com/yellow-sapphires/1.01ct-montana-cushion-greenish-yellow-sapphire-u10575/
U6943,1704.0,1200.0,1.42,6.61,5.51,4.12,Yellowish Green,Medium,Very Slightly Included,Cushion,Mixed Brilliant Cut,No Enhancement,Montana,https://www.thenaturalsapphirecompany.com/yellow-sapphires/1.42ct-montana-cushion-yellowish-green-sapphire-u6943/
S15287,4390.0,1295.0,3.39,8.51,7.38,5.25,Greenish Yellow,Intense,Very Very Slightly Included,Radiant,Radiant Cut,Heat Treated,Madagascar,https://www.thenaturalsapphirecompany.com/yellow-sapphires/3.39ct-madagascar-radiant-greenish-yellow-sapphire-s15287/
U5088,3031.0,1450.0,2.09,7.12,6.6,5.23,Yellowish Green,Medium,Very Slightly Included,Cushion,Mixed Brilliant Cut,No Enhancement,Montana,https://www.thenaturalsapphirecompany.com/yellow-sapphires/2.09ct-montana-cushion-yellowish-green-sapphire-u5088/
U10325,1080.0,1350.0,0.8,7.21,5.38,3.08,Orangish Yellow,Intense,Very Slightly Included,Pear,Mixed Brilliant Cut,Heat Treated,Montana,https://www.thenaturalsapphirecompany.com/yellow-sapphires/0.80ct-montana-pear-orangish-yellow-sapphire-u10325/
U5299,1528.0,800.0,1.91,6.65,5.69,5.12,Yellowish Green,Medium,Very Slightly Included,Cushion,Mixed Brilliant Cut,No Enhancement,Montana,https://www.thenaturalsapphirecompany.com/yellow-sapphires/1.91ct-montana-cushion-yellowish-green-sapphire-u5299/
U6042,1650.0,1000.0,1.65,6.46,6.47,4.89,Greenish Yellow,Medium,Very Slightly Included,Cushion,Mixed Brilliant Cut,No Enhancement,Ceylon (Sri Lanka),https://www.thenaturalsapphirecompany.com/yellow-sapphires/1.65ct-ceylon-sri-lankan-cushion-greenish-yellow-sapphire-u6042/
U10092,1277.0,1150.0,1.11,6.27,6.18,4.02,Yellowish Green,Medium,Very Slightly Included,Round,Mixed Brilliant Cut,No Enhancement,Ceylon (Sri Lanka),https://www.thenaturalsapphirecompany.com/yellow-sapphires/1.11ct-ceylon-sri-lankan-round-yellowish-green-sapphire-u10092/
U16180,1070.0,1151.0,0.93,6.34,4.86,3.83,Greenish Yellow,Medium,Eye Clean,Radiant,Radiant Cut,Heat Treated,Montana,https://www.thenaturalsapphirecompany.com/yellow-sapphires/0.93ct-montana-radiant-greenish-yellow-sapphire-u16180/
U16185,2230.0,1000.0,2.23,8.37,6.69,4.34,Yellowish Green,Intense,Very Very Slightly Included,Cushion,Mixed Brilliant Cut,No Enhancement,Madagascar,https://www.thenaturalsapphirecompany.com/yellow-sapphires/2.23ct-madagascar-cushion-yellowish-green-sapphire-u16185/
U15347,1313.0,1300.0,1.01,7.47,4.8,2.66,Yellowish Green,Medium,Very Slightly Included,Radiant,Radiant Cut,No Enhancement,Montana,https://www.thenaturalsapphirecompany.com/yellow-sapphires/1.01ct-montana-radiant-yellowish-green-sapphire-u15347/
U15599,2781.0,880.0,3.16,8.91,8.61,4.87,Greenish Yellow,Medium,Very Slightly Included,Radiant,Radiant Cut,Heat Treated,Ceylon (Sri Lanka),https://www.thenaturalsapphirecompany.com/yellow-sapphires/3.16ct-ceylon-sri-lankan-radiant-greenish-yellow-sapphire-u15599/
U15628,1802.0,990.0,1.82,8.77,6.12,3.51,Yellowish Green,Intense,Very Slightly Included,Emerald Cut,Emerald Cut,No Enhancement,Ceylon (Sri Lanka),https://www.thenaturalsapphirecompany.com/yellow-sapphires/1.82ct-ceylon-sri-lankan-emerald-cut-yellowish-green-sapphire-u15628/
U15635,3133.0,880.0,3.56,9.39,8.42,5.27,Yellowish Brown,Vivid,Slightly Included,Radiant,Radiant Cut,Heat Treated,Ceylon (Sri Lanka),https://www.thenaturalsapphirecompany.com/yellow-sapphires/3.56ct-ceylon-sri-lankan-radiant-yellowish-brown-sapphire-u15635/
U9129,3926.0,1300.0,3.02,9.35,7.0,4.64,Orangish Yellow,Medium,Very Very Slightly Included,Emerald Cut,Emerald Cut,No Enhancement,Ceylon (Sri Lanka),https://www.thenaturalsapphirecompany.com/yellow-sapphires/3.02ct-ceylon-sri-lankan-emerald-cut-orangish-yellow-sapphire-u9129/
Y4573,9249.0,1526.0,6.06,12.73,8.87,5.75,Orangish Yellow,Vivid,Eye Clean,Cushion,Mixed Brilliant Cut,Heat Treated,Ceylon (Sri Lanka),https://www.thenaturalsapphirecompany.com/yellow-sapphires/6.06ct-ceylon-sri-lankan-cushion-orangish-yellow-sapphire-y4573/
U15211,2772.0,1100.0,2.52,8.72,6.88,5.43,Yellowish Green,Intense,Very Slightly Included,Pear,Mixed Brilliant Cut,No Enhancement,Tanzania,https://www.thenaturalsapphirecompany.com/yellow-sapphires/2.52ct-tanzanian-pear-yellowish-green-sapphire-u15211/
U15213,1414.0,700.0,2.02,7.46,8.1,4.64,Greenish Yellow,Intense,Eye Clean,Heart,Mixed Brilliant Cut,No Enhancement,Tanzania,https://www.thenaturalsapphirecompany.com/yellow-sapphires/2.02ct-tanzanian-heart-greenish-yellow-sapphire-u15213/
S21066,2947.0,1819.0,1.62,7.5,6.32,4.54,Greenish Yellow,Medium,Very Slightly Included,Cushion,Mixed Brilliant Cut,Heat Treated,Montana,https://www.thenaturalsapphirecompany.com/yellow-sapphires/1.62ct-montana-cushion-greenish-yellow-sapphire-s21066/
S10846,3795.0,1100.0,3.45,9.31,6.73,5.8,Greenish Yellow,Medium,Very Slightly Included,Radiant,Radiant Cut,Heat Treated,Ceylon (Sri Lanka),https://www.thenaturalsapphirecompany.com/yellow-sapphires/3.45ct-ceylon-sri-lankan-radiant-greenish-yellow-sapphire-s10846/
Y4941,2544.0,990.0,2.57,9.03,6.66,5.1,Greenish Yellow,Intense,Very Slightly Included,Oval,Mixed Brilliant Cut,No Enhancement,Ceylon (Sri Lanka),https://www.thenaturalsapphirecompany.com/yellow-sapphires/2.57ct-ceylon-sri-lankan-oval-greenish-yellow-sapphire-y4941/
S7140,4029.0,1110.0,3.63,9.65,8.04,5.63,Greenish Yellow,Intense,Very Slightly Included,Oval,Mixed Brilliant Cut,Heat Treated,Ceylon (Sri Lanka),https://www.thenaturalsapphirecompany.com/yellow-sapphires/3.63ct-ceylon-sri-lankan-oval-greenish-yellow-sapphire-s7140/
Y4919,1218.0,990.0,1.23,6.22,5.86,4.07,Yellowish Brown,Medium,Very Slightly Included,Cushion,Mixed Brilliant Cut,No Enhancement,Ceylon (Sri Lanka),https://www.thenaturalsapphirecompany.com/yellow-sapphires/1.23ct-ceylon-sri-lankan-cushion-yellowish-brown-sapphire-y4919/
U14574,2614.0,990.0,2.64,9.64,7.67,4.71,Greenish Yellow,Intense,Very Slightly Included,Oval,Mixed Brilliant Cut,No Enhancement,Ceylon (Sri Lanka),https://www.thenaturalsapphirecompany.com/yellow-sapphires/2.64ct-ceylon-sri-lankan-oval-greenish-yellow-sapphire-u14574/
U14295,1604.0,990.0,1.62,7.42,6.48,4.14,Greenish Yellow,Intense,Very Slightly Included,Cushion,Mixed Brilliant Cut,No Enhancement,Ceylon (Sri Lanka),https://www.thenaturalsapphirecompany.com/yellow-sapphires/1.62ct-ceylon-sri-lankan-cushion-greenish-yellow-sapphire-u14295/
Y5175,3833.0,1295.0,2.96,9.61,7.74,5.04,Orangish Yellow,Intense,Eye Clean,Oval,Mixed Brilliant Cut,Heat Treated,Ceylon (Sri Lanka),https://www.thenaturalsapphirecompany.com/yellow-sapphires/2.96ct-ceylon-sri-lankan-oval-orangish-yellow-sapphire-y5175/
U14503,1534.0,990.0,1.55,6.79,6.74,3.98,Greenish Yellow,Intense,Eye Clean,Cushion,Mixed Brilliant Cut,No Enhancement,Ceylon (Sri Lanka),https://www.thenaturalsapphirecompany.com/yellow-sapphires/1.55ct-ceylon-sri-lankan-cushion-greenish-yellow-sapphire-u14503/
U14570,1762.0,990.0,1.78,8.68,6.74,3.87,Greenish Yellow,Medium,Very Slightly Included,Oval,Mixed Brilliant Cut,No Enhancement,Ceylon (Sri Lanka),https://www.thenaturalsapphirecompany.com/yellow-sapphires/1.78ct-ceylon-sri-lankan-oval-greenish-yellow-sapphire-u14570/
Y5129,3051.0,900.0,3.39,9.42,6.94,5.26,Orangish Yellow,Intense,Very Slightly Included,Cushion,Mixed Brilliant Cut,No Enhancement,Ceylon (Sri Lanka),https://www.thenaturalsapphirecompany.com/yellow-sapphires/3.39ct-ceylon-sri-lankan-cushion-orangish-yellow-sapphire-y5129/
U13985,2925.0,1500.0,1.95,9.17,6.36,4.46,Yellowish Green,Intense,Slightly Included,Pear,Mixed Brilliant Cut,No Enhancement,Montana,https://www.thenaturalsapphirecompany.com/yellow-sapphires/1.95ct-montana-pear-yellowish-green-sapphire-u13985/
S8022,1801.0,826.0,2.18,7.51,6.21,5.05,Orangish Yellow,Intense,Very Slightly Included,Cushion,Mixed Brilliant Cut,No Enhancement,Ceylon (Sri Lanka),https://www.thenaturalsapphirecompany.com/yellow-sapphires/2.18ct-ceylon-sri-lankan-cushion-orangish-yellow-sapphire-s8022/
U13930,1144.0,1300.0,0.88,5.5,5.33,3.61,Yellowish Green,Medium,Very Slightly Included,Cushion,Mixed Brilliant Cut,No Enhancement,Montana,https://www.thenaturalsapphirecompany.com/yellow-sapphires/0.88ct-montana-cushion-yellowish-green-sapphire-u13930/
U13932,1260.0,1400.0,0.9,6.12,4.82,3.64,Yellowish Green,Medium,Very Slightly Included,Cushion,Mixed Brilliant Cut,No Enhancement,Montana,https://www.thenaturalsapphirecompany.com/yellow-sapphires/0.90ct-montana-cushion-yellowish-green-sapphire-u13932/
U14030,962.0,1300.0,0.74,5.5,5.44,3.69,Yellowish Green,Medium,Eye Clean,Round,Mixed Brilliant Cut,Heat Treated,Montana,https://www.thenaturalsapphirecompany.com/yellow-sapphires/0.74ct-montana-round-yellowish-green-sapphire-u14030/
U14036,897.0,1150.0,0.78,5.53,5.49,3.75,Greenish Yellow,Intense,Very Slightly Included,Round,Mixed Brilliant Cut,Heat Treated,Montana,https://www.thenaturalsapphirecompany.com/yellow-sapphires/0.78ct-montana-round-greenish-yellow-sapphire-u14036/
U14038,1053.0,1350.0,0.78,7.25,5.92,3.16,Greenish Yellow,Medium,Very Slightly Included,Fancy,Fancy Cut,Heat Treated,Montana,https://www.thenaturalsapphirecompany.com/yellow-sapphires/0.78ct-montana-fancy-greenish-yellow-sapphire-u14038/
Y4738,1584.0,990.0,1.6,7.97,6.36,4.05,Greenish Yellow,Intense,Slightly Included,Oval,Mixed Brilliant Cut,No Enhancement,Ceylon (Sri Lanka),https://www.thenaturalsapphirecompany.com/yellow-sapphires/1.60ct-ceylon-sri-lankan-oval-greenish-yellow-sapphire-y4738/
U9293,1064.0,1400.0,0.76,5.43,5.36,3.59,Greenish Yellow,Medium,Very Slightly Included,Round,Modified Brilliant Cut,No Enhancement,Ceylon (Sri Lanka),https://www.thenaturalsapphirecompany.com/yellow-sapphires/0.76ct-ceylon-sri-lankan-round-greenish-yellow-sapphire-u9293/
U9699,17167.0,1403.0,12.24,13.75,10.99,8.44,Yellowish Orange,Vivid,Eye Clean,Radiant,Radiant Cut,Heat Treated,Ceylon (Sri Lanka),https://www.thenaturalsapphirecompany.com/yellow-sapphires/12.24ct-ceylon-sri-lankan-radiant-yellowish-orange-sapphire-u9699/
U13636,1710.0,1000.0,1.71,6.55,6.5,4.22,Yellowish Green,Medium,Very Slightly Included,Asscher - Octagon,Asscher Cut,No Enhancement,Ceylon (Sri Lanka),https://www.thenaturalsapphirecompany.com/yellow-sapphires/1.71ct-ceylon-sri-lankan-asscher-octagon-yellowish-green-sapphire-u13636/
U13838,1896.0,800.0,2.37,8.71,5.85,4.83,Greenish Yellow,Intense,Very Slightly Included,Emerald Cut,Emerald Cut,No Enhancement,Ceylon (Sri Lanka),https://www.thenaturalsapphirecompany.com/yellow-sapphires/2.37ct-ceylon-sri-lankan-emerald-cut-greenish-yellow-sapphire-u13838/
Y4401,975.0,1300.0,0.75,5.85,4.89,3.46,Yellowish Green,Intense,Eye Clean,Oval,Mixed Brilliant Cut,Heat Treated,Montana,https://www.thenaturalsapphirecompany.com/yellow-sapphires/0.75ct-montana-oval-yellowish-green-sapphire-y4401/
U9395,924.0,790.0,1.17,6.08,6.02,4.18,Greenish Yellow,Medium,Very Slightly Included,Round,Mixed Brilliant Cut,No Enhancement,Ceylon (Sri Lanka),https://www.thenaturalsapphirecompany.com/yellow-sapphires/1.17ct-ceylon-sri-lankan-round-greenish-yellow-sapphire-u9395/
S14457,28933.0,2475.0,11.69,15.38,11.2,6.22,Yellowish Orange,Intense,Very Slightly Included,Emerald Cut,Emerald Cut,Heat Treated,Ceylon (Sri Lanka),https://www.thenaturalsapphirecompany.com/yellow-sapphires/11.69ct-ceylon-sri-lankan-emerald-cut-yellowish-orange-sapphire-s14457/
U5233,2548.0,1400.0,1.82,7.36,6.35,4.35,Yellowish Green,Medium,Very Slightly Included,Oval,Mixed Brilliant Cut,No Enhancement,Montana,https://www.thenaturalsapphirecompany.com/yellow-sapphires/1.82ct-montana-oval-yellowish-green-sapphire-u5233/
S17006,8823.0,1758.0,5.02,12.16,8.41,6.77,Greenish Yellow,Vivid,Eye Clean,Pear,Mixed Brilliant Cut,Heat Treated,Ceylon (Sri Lanka),https://www.thenaturalsapphirecompany.com/yellow-sapphires/5.02ct-ceylon-sri-lankan-pear-greenish-yellow-sapphire-s17006/
U9675,1629.0,900.0,1.81,9.11,7.0,3.71,Yellowish Green,Medium,Very Slightly Included,Oval,Mixed Brilliant Cut,No Enhancement,Ceylon (Sri Lanka),https://www.thenaturalsapphirecompany.com/yellow-sapphires/1.81ct-ceylon-sri-lankan-oval-yellowish-green-sapphire-u9675/
S15733,342.0,300.0,1.14,6.63,6.6,3.51,Yellow,Medium,Very Very Slightly Included,Round,Mixed Brilliant Cut,No Enhancement,Ceylon (Sri Lanka),https://www.thenaturalsapphirecompany.com/yellow-sapphires/1.14ct-ceylon-sri-lankan-round-yellow-sapphire-s15733/
S12704,2016.0,1600.0,1.26,7.98,5.77,3.94,Yellowish Green,Intense,Very Slightly Included,Pear,Mixed Brilliant Cut,No Enhancement,Montana,https://www.thenaturalsapphirecompany.com/yellow-sapphires/1.26ct-montana-pear-yellowish-green-sapphire-s12704/
S44152,2001.0,794.0,2.52,9.68,7.33,4.78,Yellowish Green,Intense,Very Slightly Included,Pear,Mixed Brilliant Cut,No Enhancement,Ceylon (Sri Lanka),https://www.thenaturalsapphirecompany.com/yellow-sapphires/2.52ct-ceylon-sri-lankan-pear-yellowish-green-sapphire-s44152/
S44157,1685.0,830.0,2.03,11.36,5.79,4.26,Orangish Yellow,Intense,Slightly Included,Marquise,Mixed Brilliant Cut,Heat Treated,Ceylon (Sri Lanka),https://www.thenaturalsapphirecompany.com/yellow-sapphires/2.03ct-ceylon-sri-lankan-marquise-orangish-yellow-sapphire-s44157/
S44159,2415.0,1150.0,2.1,8.11,7.36,4.4,Greenish Yellow,Medium,Very Very Slightly Included,Oval,Mixed Brilliant Cut,No Enhancement,Ceylon (Sri Lanka),https://www.thenaturalsapphirecompany.com/yellow-sapphires/2.10ct-ceylon-sri-lankan-oval-greenish-yellow-sapphire-s44159/
S44160,2453.0,870.0,2.82,8.74,7.27,4.6,Orangish Yellow,Intense,Very Slightly Included,Emerald Cut,Emerald Cut,Heat Treated,Ceylon (Sri Lanka),https://www.thenaturalsapphirecompany.com/yellow-sapphires/2.82ct-ceylon-sri-lankan-emerald-cut-orangish-yellow-sapphire-s44160/
S44161,2575.0,870.0,2.96,10.26,7.34,4.98,Yellowish Orange,Vivid,Eye Clean,Oval,Mixed Brilliant Cut,Heat Treated,Ceylon (Sri Lanka),https://www.thenaturalsapphirecompany.com/yellow-sapphires/2.96ct-ceylon-sri-lankan-oval-yellowish-orange-sapphire-s44161/
S44162,2313.0,900.0,2.57,10.14,7.09,5.15,Orangish Yellow,Intense,Slightly Included,Pear,Mixed Brilliant Cut,Heat Treated,Ceylon (Sri Lanka),https://www.thenaturalsapphirecompany.com/yellow-sapphires/2.57ct-ceylon-sri-lankan-pear-orangish-yellow-sapphire-s44162/
S44165,2958.0,970.0,3.05,7.75,7.6,5.22,Yellow,Intense,Eye Clean,Asscher - Octagon,Asscher Cut,Heat Treated,Ceylon (Sri Lanka),https://www.thenaturalsapphirecompany.com/yellow-sapphires/3.05ct-ceylon-sri-lankan-asscher-octagon-yellow-sapphire-s44165/
S46116,460.0,474.0,0.97,6.54,4.93,3.64,Yellow,Light,Eye Clean,Pear,Mixed Brilliant Cut,Heat Treated,Ceylon (Sri Lanka),https://www.thenaturalsapphirecompany.com/yellow-sapphires/0.97ct-ceylon-sri-lankan-pear-yellow-sapphire-s46116/
S46124,400.0,533.0,0.75,5.68,4.53,2.69,Yellow,Intense,Very Slightly Included,Oval,Mixed Brilliant Cut,Heat Treated,Ceylon (Sri Lanka),https://www.thenaturalsapphirecompany.com/yellow-sapphires/0.75ct-ceylon-sri-lankan-oval-yellow-sapphire-s46124/
S46125,300.0,254.0,1.18,7.3,6.11,2.71,Yellow,Medium,Slightly Included,Cushion,Mixed Brilliant Cut,Heat Treated,Ceylon (Sri Lanka),https://www.thenaturalsapphirecompany.com/yellow-sapphires/1.18ct-ceylon-sri-lankan-cushion-yellow-sapphire-s46125/
S41501,10302.0,3400.0,3.03,9.44,7.13,4.84,Yellowish Green,Medium,Slightly Included,Oval,Mixed Brilliant Cut,No Enhancement,Montana,https://www.thenaturalsapphirecompany.com/yellow-sapphires/3.03ct-montana-oval-yellowish-green-sapphire-s41501/
U16186,826.0,700.0,1.18,6.63,5.79,3.39,Yellowish Green,Intense,Very Slightly Included,Cushion,Mixed Brilliant Cut,No Enhancement,Madagascar,https://www.thenaturalsapphirecompany.com/yellow-sapphires/1.18ct-madagascar-cushion-yellowish-green-sapphire-u16186/
S48013,760.0,576.0,1.32,6.3,5.73,3.38,Yellowish Orange,Intense,Very Slightly Included,Cushion,Mixed Brilliant Cut,Heat Treated,Ceylon (Sri Lanka),https://www.thenaturalsapphirecompany.com/yellow-sapphires/1.32ct-ceylon-sri-lankan-cushion-yellowish-orange-sapphire-s48013/
U15887,450.0,450.0,1.0,6.14,6.05,3.97,Yellowish Orange,Intense,Eye Clean,Round,Mixed Brilliant Cut,Heat Treated,Ceylon (Sri Lanka),https://www.thenaturalsapphirecompany.com/yellow-sapphires/1.00ct-ceylon-sri-lankan-round-yellowish-orange-sapphire-u15887/
S20922,2416.0,800.0,3.02,9.1,9.1,5.27,Yellow,Faint,Very Slightly Included,Round,Mixed Brilliant Cut,Heat Treated,Ceylon (Sri Lanka),https://www.thenaturalsapphirecompany.com/yellow-sapphires/3.02ct-ceylon-sri-lankan-round-yellow-sapphire-s20922/
S9405,3537.0,1350.0,2.62,11.51,6.91,4.48,Orangish Yellow,Vivid,Eye Clean,Pear,Mixed Brilliant Cut,Heat Treated,Ceylon (Sri Lanka),https://www.thenaturalsapphirecompany.com/yellow-sapphires/2.62ct-ceylon-sri-lankan-pear-orangish-yellow-sapphire-s9405/
S15782,207.0,300.0,0.69,6.02,4.14,2.67,Yellow,Medium,Very Slightly Included,Emerald Cut,Emerald Cut,No Enhancement,Ceylon (Sri Lanka),https://www.thenaturalsapphirecompany.com/yellow-sapphires/0.69ct-ceylon-sri-lankan-emerald-cut-yellow-sapphire-s15782/
S15804,171.0,300.0,0.57,5.7,3.82,2.59,Yellow,Light,Very Slightly Included,Emerald Cut,Emerald Cut,No Enhancement,Ceylon (Sri Lanka),https://www.thenaturalsapphirecompany.com/yellow-sapphires/0.57ct-ceylon-sri-lankan-emerald-cut-yellow-sapphire-s15804/
S4145,1414.0,700.0,2.02,8.36,6.27,4.47,Yellowish Green,Intense,Very Slightly Included,Oval,Mixed Brilliant Cut,No Enhancement,Madagascar,https://www.thenaturalsapphirecompany.com/yellow-sapphires/2.02ct-madagascar-oval-yellowish-green-sapphire-s4145/
S21425,1793.0,1100.0,1.63,7.69,6.09,3.91,Yellow,Intense,Very Slightly Included,Cushion,Mixed Brilliant Cut,No Enhancement,Ceylon (Sri Lanka),https://www.thenaturalsapphirecompany.com/yellow-sapphires/1.63ct-ceylon-sri-lankan-cushion-yellow-sapphire-s21425/
S21427,1936.0,1100.0,1.76,6.84,6.16,4.55,Yellow,Medium,Very Slightly Included,Cushion,Mixed Brilliant Cut,No Enhancement,Ceylon (Sri Lanka),https://www.thenaturalsapphirecompany.com/yellow-sapphires/1.76ct-ceylon-sri-lankan-cushion-yellow-sapphire-s21427/
S30871,8738.0,1700.0,5.14,9.83,8.6,5.72,Yellowish Orange,Vivid,Very Very Slightly Included,Emerald Cut,Emerald Cut,Heat Treated,Ceylon (Sri Lanka),https://www.thenaturalsapphirecompany.com/yellow-sapphires/5.14ct-ceylon-sri-lankan-emerald-cut-yellowish-orange-sapphire-s30871/
S34755,2340.0,1983.0,1.18,5.58,5.57,4.16,Yellowish Green,Medium,Very Slightly Included,Radiant,Radiant Cut,Heat Treated,Madagascar,https://www.thenaturalsapphirecompany.com/yellow-sapphires/1.18ct-madagascar-radiant-yellowish-green-sapphire-s34755/
S38125,300.0,400.0,0.75,6.27,5.38,1.97,Yellow,Light,Slightly Included,Fancy,Step Cut,Heat Treated,Montana,https://www.thenaturalsapphirecompany.com/yellow-sapphires/0.75ct-montana-fancy-yellow-sapphire-s38125/
S3813,252.0,360.0,0.7,4.91,4.32,3.56,Yellow,Intense,Very Slightly Included,Radiant,Radiant Cut,No Enhancement,Ceylon (Sri Lanka),https://www.thenaturalsapphirecompany.com/yellow-sapphires/0.70ct-ceylon-sri-lankan-radiant-yellow-sapphire-s3813/
S3814,237.0,300.0,0.79,5.63,4.5,3.17,Yellow,Intense,Very Slightly Included,Radiant,Radiant Cut,Heat Treated,Ceylon (Sri Lanka),https://www.thenaturalsapphirecompany.com/yellow-sapphires/0.79ct-ceylon-sri-lankan-radiant-yellow-sapphire-s3814/
S38140,339.0,346.0,0.98,7.01,5.08,3.58,Yellow,Medium,Very Very Slightly Included,Pear,Mixed Brilliant Cut,Heat Treated,Ceylon (Sri Lanka),https://www.thenaturalsapphirecompany.com/yellow-sapphires/0.98ct-ceylon-sri-lankan-pear-yellow-sapphire-s38140/
S3815,137.0,240.0,0.57,5.71,4.52,2.91,Yellow,Intense,Very Slightly Included,Oval,Mixed Brilliant Cut,Heat Treated,Ceylon (Sri Lanka),https://www.thenaturalsapphirecompany.com/yellow-sapphires/0.57ct-ceylon-sri-lankan-oval-yellow-sapphire-s3815/
S43838,9250.0,1807.0,5.12,10.25,8.23,6.57,Yellowish Orange,Vivid,Very Slightly Included,Cushion,Mixed Brilliant Cut,Heat Treated,Ceylon (Sri Lanka),https://www.thenaturalsapphirecompany.com/yellow-sapphires/5.12ct-ceylon-sri-lankan-cushion-yellowish-orange-sapphire-s43838/
S45889,1500.0,909.0,1.65,7.5,6.37,3.24,Orangish Yellow,Intense,Very Very Slightly Included,Emerald Cut,Emerald Cut,Heat Treated,Tanzania,https://www.thenaturalsapphirecompany.com/yellow-sapphires/1.65ct-tanzanian-emerald-cut-orangish-yellow-sapphire-s45889/
S45890,2400.0,960.0,2.5,9.11,7.11,4.65,Orangish Yellow,Intense,Very Very Slightly Included,Oval,Mixed Brilliant Cut,Heat Treated,Tanzania,https://www.thenaturalsapphirecompany.com/yellow-sapphires/2.50ct-tanzanian-oval-orangish-yellow-sapphire-s45890/
S35155,980.0,700.0,1.4,6.62,6.62,4.3,Yellow,Light,Very Very Slightly Included,Round,Mixed Brilliant Cut,Heat Treated,Madagascar,https://www.thenaturalsapphirecompany.com/yellow-sapphires/1.40ct-madagascar-round-yellow-sapphire-s35155/
S35156,816.0,501.0,1.63,7.2,5.05,4.48,Yellow,Light,Eye Clean,Emerald Cut,Emerald Cut,Heat Treated,Ceylon (Sri Lanka),https://www.thenaturalsapphirecompany.com/yellow-sapphires/1.63ct-ceylon-sri-lankan-emerald-cut-yellow-sapphire-s35156/
S15831,879.0,656.0,1.34,6.39,5.37,4.33,Yellowish Green,Intense,Very Slightly Included,Cushion,Mixed Brilliant Cut,No Enhancement,Ceylon (Sri Lanka),https://www.thenaturalsapphirecompany.com/yellow-sapphires/1.34ct-ceylon-sri-lankan-cushion-yellowish-green-sapphire-s15831/
S15843,1981.0,1262.0,1.57,6.94,6.91,4.31,Orangish Yellow,Intense,Eye Clean,Round,Mixed Brilliant Cut,Heat Treated,Ceylon (Sri Lanka),https://www.thenaturalsapphirecompany.com/yellow-sapphires/1.57ct-ceylon-sri-lankan-round-orangish-yellow-sapphire-s15843/
S26339,1452.0,600.0,2.42,8.58,5.54,4.87,Yellow,Light,Very Very Slightly Included,Emerald Cut,Emerald Cut,No Enhancement,Ceylon (Sri Lanka),https://www.thenaturalsapphirecompany.com/yellow-sapphires/2.42ct-ceylon-sri-lankan-emerald-cut-yellow-sapphire-s26339/
S26348,972.0,600.0,1.62,6.79,6.76,4.26,Yellow,Medium,Eye Clean,Radiant,Radiant Cut,No Enhancement,Ceylon (Sri Lanka),https://www.thenaturalsapphirecompany.com/yellow-sapphires/1.62ct-ceylon-sri-lankan-radiant-yellow-sapphire-s26348/
S30923,3884.0,1572.0,2.47,7.45,8.18,5.15,Greenish Yellow,Intense,Very Very Slightly Included,Heart,Mixed Brilliant Cut,Heat Treated,Ceylon (Sri Lanka),https://www.thenaturalsapphirecompany.com/yellow-sapphires/2.47ct-ceylon-sri-lankan-heart-greenish-yellow-sapphire-s30923/
S30925,1998.0,956.0,2.09,7.4,5.97,5.54,Yellow,Intense,Very Very Slightly Included,Oval,Mixed Brilliant Cut,Heat Treated,Ceylon (Sri Lanka),https://www.thenaturalsapphirecompany.com/yellow-sapphires/2.09ct-ceylon-sri-lankan-oval-yellow-sapphire-s30925/
S30926,1400.0,993.0,1.41,6.57,6.58,4.33,Yellow,Light,Very Very Slightly Included,Round,Mixed Brilliant Cut,No Enhancement,Ceylon (Sri Lanka),https://www.thenaturalsapphirecompany.com/yellow-sapphires/1.41ct-ceylon-sri-lankan-round-yellow-sapphire-s30926/
S30927,3403.0,1070.0,3.18,11.19,7.1,5.04,Yellow,Light,Slightly Included,Pear,Mixed Brilliant Cut,No Enhancement,Ceylon (Sri Lanka),https://www.thenaturalsapphirecompany.com/yellow-sapphires/3.18ct-ceylon-sri-lankan-pear-yellow-sapphire-s30927/
S30928,1999.0,934.0,2.14,8.07,6.59,4.52,Yellowish Orange,Intense,Eye Clean,Oval,Mixed Brilliant Cut,Heat Treated,Ceylon (Sri Lanka),https://www.thenaturalsapphirecompany.com/yellow-sapphires/2.14ct-ceylon-sri-lankan-oval-yellowish-orange-sapphire-s30928/
S30929,2001.0,944.0,2.12,8.2,5.91,4.57,Yellowish Orange,Vivid,Very Slightly Included,Radiant,Radiant Cut,Heat Treated,Ceylon (Sri Lanka),https://www.thenaturalsapphirecompany.com/yellow-sapphires/2.12ct-ceylon-sri-lankan-radiant-yellowish-orange-sapphire-s30929/
S30930,2000.0,930.0,2.15,6.94,6.44,5.48,Yellowish Orange,Intense,Very Slightly Included,Cushion,Mixed Brilliant Cut,Heat Treated,Ceylon (Sri Lanka),https://www.thenaturalsapphirecompany.com/yellow-sapphires/2.15ct-ceylon-sri-lankan-cushion-yellowish-orange-sapphire-s30930/
S30931,3000.0,1435.0,2.09,9.3,6.52,4.67,Orangish Yellow,Medium,Eye Clean,Pear,Mixed Brilliant Cut,Heat Treated,Ceylon (Sri Lanka),https://www.thenaturalsapphirecompany.com/yellow-sapphires/2.09ct-ceylon-sri-lankan-pear-orangish-yellow-sapphire-s30931/
S30934,1998.0,938.0,2.13,8.2,5.89,4.37,Yellow,Intense,Very Very Slightly Included,Cushion,Mixed Brilliant Cut,Heat Treated,Ceylon (Sri Lanka),https://www.thenaturalsapphirecompany.com/yellow-sapphires/2.13ct-ceylon-sri-lankan-cushion-yellow-sapphire-s30934/
S34783,11704.0,2295.0,5.1,9.08,8.68,6.7,Yellow,Intense,Very Very Slightly Included,Asscher - Octagon,Asscher Cut,Heat Treated,Ceylon (Sri Lanka),https://www.thenaturalsapphirecompany.com/yellow-sapphires/5.10ct-ceylon-sri-lankan-asscher-octagon-yellow-sapphire-s34783/
S38155,400.0,345.0,1.16,6.97,5.48,3.93,Yellow,Light,Very Very Slightly Included,Oval,Mixed Brilliant Cut,Heat Treated,Ceylon (Sri Lanka),https://www.thenaturalsapphirecompany.com/yellow-sapphires/1.16ct-ceylon-sri-lankan-oval-yellow-sapphire-s38155/
S38156,420.0,261.0,1.61,7.4,5.85,4.6,Yellow,Light,Very Slightly Included,Oval,Mixed Brilliant Cut,No Enhancement,Ceylon (Sri Lanka),https://www.thenaturalsapphirecompany.com/yellow-sapphires/1.61ct-ceylon-sri-lankan-oval-yellow-sapphire-s38156/
S38160,300.0,278.0,1.08,8.84,5.8,3.47,Yellow,Light,Very Very Slightly Included,Fancy,Step Cut,No Enhancement,Ceylon (Sri Lanka),https://www.thenaturalsapphirecompany.com/yellow-sapphires/1.08ct-ceylon-sri-lankan-fancy-yellow-sapphire-s38160/
S38166,350.0,289.0,1.21,6.41,6.4,4.03,Yellow,Intense,Very Very Slightly Included,Round,Mixed Brilliant Cut,No Enhancement,Ceylon (Sri Lanka),https://www.thenaturalsapphirecompany.com/yellow-sapphires/1.21ct-ceylon-sri-lankan-round-yellow-sapphire-s38166/
S38178,166.0,361.0,0.46,5.98,3.91,2.7,Orangish Yellow,Intense,Eye Clean,Pear,Mixed Brilliant Cut,Heat Treated,Ceylon (Sri Lanka),https://www.thenaturalsapphirecompany.com/yellow-sapphires/0.46ct-ceylon-sri-lankan-pear-orangish-yellow-sapphire-s38178/
S41267,720.0,600.0,1.2,6.16,6.1,4.29,Yellow,Light,Very Slightly Included,Round,Mixed Brilliant Cut,No Enhancement,Ceylon (Sri Lanka),https://www.thenaturalsapphirecompany.com/yellow-sapphires/1.20ct-ceylon-sri-lankan-round-yellow-sapphire-s41267/
S41269,780.0,750.0,1.04,7.17,5.34,3.42,Yellow,Vivid,Very Slightly Included,Oval,Mixed Brilliant Cut,Heat Treated,Ceylon (Sri Lanka),https://www.thenaturalsapphirecompany.com/yellow-sapphires/1.04ct-ceylon-sri-lankan-oval-yellow-sapphire-s41269/
S41285,6166.0,1193.0,5.17,10.47,8.25,6.16,Yellowish Orange,Intense,Very Slightly Included,Radiant,Radiant Cut,Heat Treated,Ceylon (Sri Lanka),https://www.thenaturalsapphirecompany.com/yellow-sapphires/5.17ct-ceylon-sri-lankan-radiant-yellowish-orange-sapphire-s41285/
S15852,901.0,850.0,1.06,7.61,5.36,3.48,Orangish Yellow,Intense,Eye Clean,Pear,Mixed Brilliant Cut,Heat Treated,Ceylon (Sri Lanka),https://www.thenaturalsapphirecompany.com/yellow-sapphires/1.06ct-ceylon-sri-lankan-pear-orangish-yellow-sapphire-s15852/
S15869,1039.0,852.0,1.22,6.27,6.29,4.02,Yellow,Medium,Very Slightly Included,Round,Mixed Brilliant Cut,Heat Treated,Ceylon (Sri Lanka),https://www.thenaturalsapphirecompany.com/yellow-sapphires/1.22ct-ceylon-sri-lankan-round-yellow-sapphire-s15869/
S15873,1881.0,936.0,2.01,8.36,6.38,4.67,Yellowish Orange,Vivid,Eye Clean,Oval,Mixed Brilliant Cut,Heat Treated,Ceylon (Sri Lanka),https://www.thenaturalsapphirecompany.com/yellow-sapphires/2.01ct-ceylon-sri-lankan-oval-yellowish-orange-sapphire-s15873/
S15875,1981.0,1262.0,1.57,7.16,7.19,4.19,Yellow,Intense,Eye Clean,Round,Mixed Brilliant Cut,Heat Treated,Ceylon (Sri Lanka),https://www.thenaturalsapphirecompany.com/yellow-sapphires/1.57ct-ceylon-sri-lankan-round-yellow-sapphire-s15875/
S15877,1841.0,1188.0,1.55,7.19,6.09,4.29,Yellow,Intense,Eye Clean,Oval,Mixed Brilliant Cut,Heat Treated,Ceylon (Sri Lanka),https://www.thenaturalsapphirecompany.com/yellow-sapphires/1.55ct-ceylon-sri-lankan-oval-yellow-sapphire-s15877/
S48009,5950.0,2960.0,2.01,7.33,9.15,3.2,Yellowish Green,Light,Very Slightly Included,Fancy,Fantasy Cut (3D),No Enhancement,Montana,https://www.thenaturalsapphirecompany.com/yellow-sapphires/2.01ct-montana-fancy-yellowish-green-sapphire-s48009/
S21503,1284.0,600.0,2.14,7.45,5.81,5.7,Yellow,Medium,Eye Clean,Cushion,Mixed Brilliant Cut,No Enhancement,Ceylon (Sri Lanka),https://www.thenaturalsapphirecompany.com/yellow-sapphires/2.14ct-ceylon-sri-lankan-cushion-yellow-sapphire-s21503/
S30935,2000.0,1010.0,1.98,7.52,6.02,5.06,Orangish Yellow,Intense,Very Slightly Included,Cushion,Mixed Brilliant Cut,Heat Treated,Ceylon (Sri Lanka),https://www.thenaturalsapphirecompany.com/yellow-sapphires/1.98ct-ceylon-sri-lankan-cushion-orangish-yellow-sapphire-s30935/
S30936,3701.0,1690.0,2.19,8.99,6.28,4.97,Yellowish Orange,Intense,Very Very Slightly Included,Pear,Mixed Brilliant Cut,Heat Treated,Ceylon (Sri Lanka),https://www.thenaturalsapphirecompany.com/yellow-sapphires/2.19ct-ceylon-sri-lankan-pear-yellowish-orange-sapphire-s30936/
S30937,2700.0,1184.0,2.28,7.99,7.39,5.03,Yellow,Intense,Very Very Slightly Included,Oval,Mixed Brilliant Cut,Heat Treated,Ceylon (Sri Lanka),https://www.thenaturalsapphirecompany.com/yellow-sapphires/2.28ct-ceylon-sri-lankan-oval-yellow-sapphire-s30937/
S30939,3698.0,1840.0,2.01,8.77,6.74,4.34,Yellowish Orange,Intense,Very Very Slightly Included,Pear,Mixed Brilliant Cut,Heat Treated,Ceylon (Sri Lanka),https://www.thenaturalsapphirecompany.com/yellow-sapphires/2.01ct-ceylon-sri-lankan-pear-yellowish-orange-sapphire-s30939/
S30942,3698.0,1450.0,2.55,9.04,6.73,5.0,Yellow,Medium,Very Slightly Included,Oval,Mixed Brilliant Cut,Heat Treated,Ceylon (Sri Lanka),https://www.thenaturalsapphirecompany.com/yellow-sapphires/2.55ct-ceylon-sri-lankan-oval-yellow-sapphire-s30942/
S30943,2600.0,1232.0,2.11,7.16,6.5,5.31,Orangish Yellow,Intense,Very Very Slightly Included,Cushion,Mixed Brilliant Cut,Heat Treated,Ceylon (Sri Lanka),https://www.thenaturalsapphirecompany.com/yellow-sapphires/2.11ct-ceylon-sri-lankan-cushion-orangish-yellow-sapphire-s30943/
S30944,1000.0,704.0,1.42,6.39,5.91,4.49,Yellow,Medium,Eye Clean,Cushion,Mixed Brilliant Cut,Heat Treated,Ceylon (Sri Lanka),https://www.thenaturalsapphirecompany.com/yellow-sapphires/1.42ct-ceylon-sri-lankan-cushion-yellow-sapphire-s30944/
S30945,1600.0,884.0,1.81,7.27,7.26,4.01,Yellowish Orange,Vivid,Very Very Slightly Included,Round,Mixed Brilliant Cut,Heat Treated,Ceylon (Sri Lanka),https://www.thenaturalsapphirecompany.com/yellow-sapphires/1.81ct-ceylon-sri-lankan-round-yellowish-orange-sapphire-s30945/
S30946,1201.0,806.0,1.49,7.93,6.33,3.79,Orangish Yellow,Medium,Very Slightly Included,Cushion,Mixed Brilliant Cut,Heat Treated,Ceylon (Sri Lanka),https://www.thenaturalsapphirecompany.com/yellow-sapphires/1.49ct-ceylon-sri-lankan-cushion-orangish-yellow-sapphire-s30946/
S30947,1701.0,900.0,1.89,6.44,6.35,5.79,Orangish Yellow,Intense,Very Very Slightly Included,Round,Mixed Brilliant Cut,Heat Treated,Ceylon (Sri Lanka),https://www.thenaturalsapphirecompany.com/yellow-sapphires/1.89ct-ceylon-sri-lankan-round-orangish-yellow-sapphire-s30947/
S30948,2400.0,1106.0,2.17,7.3,6.48,5.39,Yellow,Intense,Very Slightly Included,Cushion,Mixed Brilliant Cut,Heat Treated,Ceylon (Sri Lanka),https://www.thenaturalsapphirecompany.com/yellow-sapphires/2.17ct-ceylon-sri-lankan-cushion-yellow-sapphire-s30948/
S38195,239.0,184.0,1.3,5.94,5.9,4.29,Yellow,Medium,Very Slightly Included,Cushion,Mixed Brilliant Cut,Heat Treated,Ceylon (Sri Lanka),https://www.thenaturalsapphirecompany.com/yellow-sapphires/1.30ct-ceylon-sri-lankan-cushion-yellow-sapphire-s38195/
S41295,2666.0,984.0,2.71,8.98,6.55,4.73,Yellow,Medium,Eye Clean,Radiant,Radiant Cut,No Enhancement,Ceylon (Sri Lanka),https://www.thenaturalsapphirecompany.com/yellow-sapphires/2.71ct-ceylon-sri-lankan-radiant-yellow-sapphire-s41295/
S48834,6234.0,1850.0,3.37,10.0,7.92,5.66,Yellow,Intense,Eye Clean,Oval,Mixed Brilliant Cut,Heat Treated,Ceylon (Sri Lanka),https://www.thenaturalsapphirecompany.com/yellow-sapphires/3.37ct-ceylon-sri-lankan-oval-yellow-sapphire-s48834/
S15886,2201.0,1448.0,1.52,6.9,5.94,3.99,Orangish Yellow,Intense,Very Very Slightly Included,Radiant,Radiant Cut,Heat Treated,Ceylon (Sri Lanka),https://www.thenaturalsapphirecompany.com/yellow-sapphires/1.52ct-ceylon-sri-lankan-radiant-orangish-yellow-sapphire-s15886/
S21517,1584.0,800.0,1.98,10.12,7.23,4.0,Yellow,Intense,Eye Clean,Pear,Mixed Brilliant Cut,No Enhancement,Ceylon (Sri Lanka),https://www.thenaturalsapphirecompany.com/yellow-sapphires/1.98ct-ceylon-sri-lankan-pear-yellow-sapphire-s21517/
S21518,1462.0,720.0,2.03,9.29,4.84,4.03,Yellow,Medium,Very Slightly Included,Emerald Cut,Emerald Cut,No Enhancement,Ceylon (Sri Lanka),https://www.thenaturalsapphirecompany.com/yellow-sapphires/2.03ct-ceylon-sri-lankan-emerald-cut-yellow-sapphire-s21518/
S21520,1953.0,900.0,2.17,7.27,8.29,4.85,Yellow,Medium,Very Very Slightly Included,Heart,Mixed Brilliant Cut,No Enhancement,Ceylon (Sri Lanka),https://www.thenaturalsapphirecompany.com/yellow-sapphires/2.17ct-ceylon-sri-lankan-heart-yellow-sapphire-s21520/
S21521,3020.0,1000.0,3.02,9.84,7.05,4.86,Yellow,Light,Very Slightly Included,Cushion,Mixed Brilliant Cut,No Enhancement,Ceylon (Sri Lanka),https://www.thenaturalsapphirecompany.com/yellow-sapphires/3.02ct-ceylon-sri-lankan-cushion-yellow-sapphire-s21521/
S26400,2456.0,800.0,3.07,7.88,7.84,5.28,Yellow,Medium,Very Slightly Included,Radiant,Radiant Cut,No Enhancement,Ceylon (Sri Lanka),https://www.thenaturalsapphirecompany.com/yellow-sapphires/3.07ct-ceylon-sri-lankan-radiant-yellow-sapphire-s26400/
S30951,2599.0,1268.0,2.05,7.87,5.84,4.71,Orangish Yellow,Intense,Very Very Slightly Included,Cushion,Mixed Brilliant Cut,Heat Treated,Ceylon (Sri Lanka),https://www.thenaturalsapphirecompany.com/yellow-sapphires/2.05ct-ceylon-sri-lankan-cushion-orangish-yellow-sapphire-s30951/
S30952,20724.0,1650.0,12.56,13.28,12.83,7.36,Yellow,Medium,Very Slightly Included,Radiant,Radiant Cut,No Enhancement,Ceylon (Sri Lanka),https://www.thenaturalsapphirecompany.com/yellow-sapphires/12.56ct-ceylon-sri-lankan-radiant-yellow-sapphire-s30952/
S30953,35643.0,2868.0,12.43,15.14,10.46,7.14,Yellow,Intense,Eye Clean,Emerald Cut,Emerald Cut,No Enhancement,Ceylon (Sri Lanka),https://www.thenaturalsapphirecompany.com/yellow-sapphires/12.43ct-ceylon-sri-lankan-emerald-cut-yellow-sapphire-s30953/
S34823,246.0,300.0,0.82,6.5,4.87,3.01,Greenish Yellow,Intense,Very Very Slightly Included,Oval,Mixed Brilliant Cut,Heat Treated,Ceylon (Sri Lanka),https://www.thenaturalsapphirecompany.com/yellow-sapphires/0.82ct-ceylon-sri-lankan-oval-greenish-yellow-sapphire-s34823/
S34829,340.0,596.0,0.57,4.96,4.19,3.05,Yellowish Green,Medium,Very Very Slightly Included,Cushion,Mixed Brilliant Cut,Heat Treated,Ceylon (Sri Lanka),https://www.thenaturalsapphirecompany.com/yellow-sapphires/0.57ct-ceylon-sri-lankan-cushion-yellowish-green-sapphire-s34829/
S10181,333.0,330.0,1.01,6.7,6.14,3.59,Yellow,Light,Very Slightly Included,Oval,Mixed Brilliant Cut,No Enhancement,Ceylon (Sri Lanka),https://www.thenaturalsapphirecompany.com/yellow-sapphires/1.01ct-ceylon-sri-lankan-oval-yellow-sapphire-s10181/
S41327,909.0,900.0,1.01,6.16,6.28,3.66,Yellowish Green,Intense,Very Slightly Included,Trillion,Trillion Cut,Heat Treated,Montana,https://www.thenaturalsapphirecompany.com/yellow-sapphires/1.01ct-montana-trillion-yellowish-green-sapphire-s41327/
S41329,980.0,1000.0,0.98,5.9,5.9,3.7,Yellowish Green,Light,Slightly Included,Round,Mixed Brilliant Cut,Heat Treated,Montana,https://www.thenaturalsapphirecompany.com/yellow-sapphires/0.98ct-montana-round-yellowish-green-sapphire-s41329/
S41331,1050.0,1000.0,1.05,8.47,6.42,3.27,Greenish Yellow,Light,Very Slightly Included,Fancy,Step Cut,Heat Treated,Montana,https://www.thenaturalsapphirecompany.com/yellow-sapphires/1.05ct-montana-fancy-greenish-yellow-sapphire-s41331/
S10048,56133.0,2100.0,26.73,18.53,14.94,11.45,Yellow,Vivid,Very Slightly Included,Oval,Mixed Brilliant Cut,No Enhancement,Ceylon (Sri Lanka),https://www.thenaturalsapphirecompany.com/yellow-sapphires/26.73ct-ceylon-sri-lankan-oval-yellow-sapphire-s10048/
S15919,2286.0,600.0,3.81,10.15,8.08,5.72,Yellowish Orange,Intense,Very Slightly Included,Oval,Mixed Brilliant Cut,Heat Treated,Ceylon (Sri Lanka),https://www.thenaturalsapphirecompany.com/yellow-sapphires/3.81ct-ceylon-sri-lankan-oval-yellowish-orange-sapphire-s15919/
S45988,9350.0,2258.0,4.14,8.91,7.96,6.22,Yellowish Orange,Intense,Very Slightly Included,Cushion,Mixed Brilliant Cut,Heat Treated,Ceylon (Sri Lanka),https://www.thenaturalsapphirecompany.com/yellow-sapphires/4.14ct-ceylon-sri-lankan-cushion-yellowish-orange-sapphire-s45988/
S16023,3144.0,1200.0,2.62,8.82,8.06,4.12,Yellow,Medium,Very Very Slightly Included,Cushion,Mixed Brilliant Cut,Heat Treated,Ceylon (Sri Lanka),https://www.thenaturalsapphirecompany.com/yellow-sapphires/2.62ct-ceylon-sri-lankan-cushion-yellow-sapphire-s16023/
S21716,3000.0,997.0,3.01,9.08,7.81,4.39,Yellowish Brown,Intense,Eye Clean,Cushion,Mixed Brilliant Cut,No Enhancement,Ceylon (Sri Lanka),https://www.thenaturalsapphirecompany.com/yellow-sapphires/3.01ct-ceylon-sri-lankan-cushion-yellowish-brown-sapphire-s21716/
S21718,1440.0,852.0,1.69,7.33,8.03,3.97,Yellow,Medium,Eye Clean,Heart,Mixed Brilliant Cut,No Enhancement,Ceylon (Sri Lanka),https://www.thenaturalsapphirecompany.com/yellow-sapphires/1.69ct-ceylon-sri-lankan-heart-yellow-sapphire-s21718/
S26549,240.0,226.0,1.06,7.26,5.2,3.47,Yellow,Medium,Eye Clean,Oval,Mixed Brilliant Cut,No Enhancement,Ceylon (Sri Lanka),https://www.thenaturalsapphirecompany.com/yellow-sapphires/1.06ct-ceylon-sri-lankan-oval-yellow-sapphire-s26549/
S4364,711.0,450.0,1.58,8.12,6.16,3.79,Yellowish Green,Intense,Eye Clean,Oval,Mixed Brilliant Cut,No Enhancement,Ceylon (Sri Lanka),https://www.thenaturalsapphirecompany.com/yellow-sapphires/1.58ct-ceylon-sri-lankan-oval-yellowish-green-sapphire-s4364/
S31096,744.0,800.0,0.93,6.29,5.05,3.47,Yellowish Green,Light,Very Slightly Included,Oval,Mixed Brilliant Cut,No Enhancement,Montana,https://www.thenaturalsapphirecompany.com/yellow-sapphires/0.93ct-montana-oval-yellowish-green-sapphire-s31096/
S31100,1188.0,1200.0,0.99,8.02,5.66,3.64,Greenish Yellow,Light,Very Slightly Included,Fancy,Step Cut,No Enhancement,Montana,https://www.thenaturalsapphirecompany.com/yellow-sapphires/0.99ct-montana-fancy-greenish-yellow-sapphire-s31100/
S38342,2000.0,922.0,2.17,8.0,6.49,4.14,Orangish Yellow,Medium,Slightly Included,Radiant,Radiant Cut,No Enhancement,Ceylon (Sri Lanka),https://www.thenaturalsapphirecompany.com/yellow-sapphires/2.17ct-ceylon-sri-lankan-radiant-orangish-yellow-sapphire-s38342/
S21763,172.0,400.0,0.43,4.39,4.23,3.36,Greenish Yellow,Intense,Slightly Included,Princess,Princess Cut,Heat Treated,Ceylon (Sri Lanka),https://www.thenaturalsapphirecompany.com/yellow-sapphires/0.43ct-ceylon-sri-lankan-princess-greenish-yellow-sapphire-s21763/
S21765,20406.0,2104.0,9.7,12.62,12.58,6.77,Yellow,Medium,Eye Clean,Radiant,Radiant Cut,No Enhancement,Ceylon (Sri Lanka),https://www.thenaturalsapphirecompany.com/yellow-sapphires/9.70ct-ceylon-sri-lankan-radiant-yellow-sapphire-s21765/
S21766,24370.0,2310.0,10.55,11.64,11.54,7.83,Yellow,Intense,Very Slightly Included,Asscher - Octagon,Asscher Cut,Heat Treated,Ceylon (Sri Lanka),https://www.thenaturalsapphirecompany.com/yellow-sapphires/10.55ct-ceylon-sri-lankan-asscher-octagon-yellow-sapphire-s21766/
S21768,44676.0,2945.0,15.17,13.52,12.8,9.52,Yellow,Medium,Very Slightly Included,Asscher - Octagon,Asscher Cut,No Enhancement,Ceylon (Sri Lanka),https://www.thenaturalsapphirecompany.com/yellow-sapphires/15.17ct-ceylon-sri-lankan-asscher-octagon-yellow-sapphire-s21768/
S21770,27465.0,2227.0,12.33,14.17,12.06,7.01,Yellow,Medium,Eye Clean,Radiant,Radiant Cut,Heat Treated,Ceylon (Sri Lanka),https://www.thenaturalsapphirecompany.com/yellow-sapphires/12.33ct-ceylon-sri-lankan-radiant-yellow-sapphire-s21770/
S26618,950.0,500.0,1.9,7.22,7.22,4.77,Yellow,Faint,Very Very Slightly Included,Round,Mixed Brilliant Cut,No Enhancement,Ceylon (Sri Lanka),https://www.thenaturalsapphirecompany.com/yellow-sapphires/1.90ct-ceylon-sri-lankan-round-yellow-sapphire-s26618/
S26620,270.0,200.0,1.35,6.39,5.55,4.45,Yellow,Faint,Slightly Included,Oval,Mixed Brilliant Cut,No Enhancement,Ceylon (Sri Lanka),https://www.thenaturalsapphirecompany.com/yellow-sapphires/1.35ct-ceylon-sri-lankan-oval-yellow-sapphire-s26620/
S26621,180.0,200.0,0.9,7.91,5.16,3.16,Yellow,Light,Very Slightly Included,Pear,Mixed Brilliant Cut,No Enhancement,Ceylon (Sri Lanka),https://www.thenaturalsapphirecompany.com/yellow-sapphires/0.90ct-ceylon-sri-lankan-pear-yellow-sapphire-s26621/
S26622,164.0,200.0,0.82,6.92,5.0,2.93,Yellow,Faint,Slightly Included,Oval,Mixed Brilliant Cut,No Enhancement,Ceylon (Sri Lanka),https://www.thenaturalsapphirecompany.com/yellow-sapphires/0.82ct-ceylon-sri-lankan-oval-yellow-sapphire-s26622/
S26625,188.0,251.0,0.75,6.41,4.46,2.51,Yellow,Faint,Very Very Slightly Included,Radiant,Radiant Cut,No Enhancement,Ceylon (Sri Lanka),https://www.thenaturalsapphirecompany.com/yellow-sapphires/0.75ct-ceylon-sri-lankan-radiant-yellow-sapphire-s26625/
S31121,1140.0,1000.0,1.14,6.88,6.79,3.86,Yellowish Green,Light,Very Slightly Included,Fancy,Step Cut,No Enhancement,Montana,https://www.thenaturalsapphirecompany.com/yellow-sapphires/1.14ct-montana-fancy-yellowish-green-sapphire-s31121/
S31126,1044.0,900.0,1.16,6.95,4.88,3.75,Yellowish Green,Medium,Very Slightly Included,Radiant,Radiant Cut,No Enhancement,Montana,https://www.thenaturalsapphirecompany.com/yellow-sapphires/1.16ct-montana-radiant-yellowish-green-sapphire-s31126/
S31131,861.0,700.0,1.23,7.16,6.17,3.85,Greenish Yellow,Light,Very Slightly Included,Fancy,Step Cut,No Enhancement,Montana,https://www.thenaturalsapphirecompany.com/yellow-sapphires/1.23ct-montana-fancy-greenish-yellow-sapphire-s31131/
S34965,500.0,427.0,1.17,7.52,5.34,3.06,Yellowish Brown,Intense,Slightly Included,Oval,Mixed Brilliant Cut,Heat Treated,Madagascar,https://www.thenaturalsapphirecompany.com/yellow-sapphires/1.17ct-madagascar-oval-yellowish-brown-sapphire-s34965/
S34967,240.0,338.0,0.71,5.65,4.71,2.88,Yellowish Green,Medium,Slightly Included,Oval,Mixed Brilliant Cut,Heat Treated,Madagascar,https://www.thenaturalsapphirecompany.com/yellow-sapphires/0.71ct-madagascar-oval-yellowish-green-sapphire-s34967/
S34981,212.0,200.0,1.06,5.37,6.49,3.86,Yellowish Green,Intense,Slightly Included,Heart,Mixed Brilliant Cut,Heat Treated,Thailand,https://www.thenaturalsapphirecompany.com/yellow-sapphires/1.06ct-thai-heart-yellowish-green-sapphire-s34981/
S34986,160.0,400.0,0.4,5.42,3.1,2.39,Yellowish Green,Medium,Slightly Included,Radiant,Radiant Cut,Heat Treated,Madagascar,https://www.thenaturalsapphirecompany.com/yellow-sapphires/0.40ct-madagascar-radiant-yellowish-green-sapphire-s34986/
S38346,500.0,446.0,1.12,7.03,5.4,3.61,Yellowish Green,Intense,Slightly Included,Oval,Mixed Brilliant Cut,No Enhancement,Tanzania,https://www.thenaturalsapphirecompany.com/yellow-sapphires/1.12ct-tanzanian-oval-yellowish-green-sapphire-s38346/
S38357,400.0,357.0,1.12,7.03,5.79,3.03,Yellowish Green,Medium,Very Slightly Included,Oval,Mixed Brilliant Cut,No Enhancement,Tanzania,https://www.thenaturalsapphirecompany.com/yellow-sapphires/1.12ct-tanzanian-oval-yellowish-green-sapphire-s38357/
S15963,856.0,800.0,1.07,6.85,4.34,3.72,Orangish Yellow,Intense,Very Slightly Included,Radiant,Radiant Cut,No Enhancement,Ceylon (Sri Lanka),https://www.thenaturalsapphirecompany.com/yellow-sapphires/1.07ct-ceylon-sri-lankan-radiant-orangish-yellow-sapphire-s15963/
S15964,636.0,600.0,1.06,6.66,5.37,3.52,Yellow,Intense,Very Slightly Included,Oval,Mixed Brilliant Cut,Heat Treated,Ceylon (Sri Lanka),https://www.thenaturalsapphirecompany.com/yellow-sapphires/1.06ct-ceylon-sri-lankan-oval-yellow-sapphire-s15964/
S21695,1440.0,1274.0,1.13,8.04,5.42,3.24,Yellowish Orange,Medium,Very Slightly Included,Pear,Mixed Brilliant Cut,No Enhancement,Ceylon (Sri Lanka),https://www.thenaturalsapphirecompany.com/yellow-sapphires/1.13ct-ceylon-sri-lankan-pear-yellowish-orange-sapphire-s21695/
S21699,7955.0,3414.0,2.33,9.68,7.24,3.92,Orangish Yellow,Medium,Eye Clean,Oval,Mixed Brilliant Cut,No Enhancement,Ceylon (Sri Lanka),https://www.thenaturalsapphirecompany.com/yellow-sapphires/2.33ct-ceylon-sri-lankan-oval-orangish-yellow-sapphire-s21699/
S21700,2800.0,1007.0,2.78,9.14,7.58,4.76,Yellow,Medium,Slightly Included,Oval,Mixed Brilliant Cut,No Enhancement,Ceylon (Sri Lanka),https://www.thenaturalsapphirecompany.com/yellow-sapphires/2.78ct-ceylon-sri-lankan-oval-yellow-sapphire-s21700/
S21701,2400.0,1076.0,2.23,8.93,6.71,4.34,Yellow,Medium,Very Slightly Included,Oval,Mixed Brilliant Cut,No Enhancement,Ceylon (Sri Lanka),https://www.thenaturalsapphirecompany.com/yellow-sapphires/2.23ct-ceylon-sri-lankan-oval-yellow-sapphire-s21701/
S26503,1638.0,1400.0,1.17,6.04,6.12,4.33,Yellowish Green,Intense,Very Slightly Included,Round,Mixed Brilliant Cut,No Enhancement,Madagascar,https://www.thenaturalsapphirecompany.com/yellow-sapphires/1.17ct-madagascar-round-yellowish-green-sapphire-s26503/
S26505,2310.0,1500.0,1.54,6.56,6.6,4.47,Yellowish Green,Medium,Very Slightly Included,Round,Mixed Brilliant Cut,No Enhancement,Madagascar,https://www.thenaturalsapphirecompany.com/yellow-sapphires/1.54ct-madagascar-round-yellowish-green-sapphire-s26505/
S26510,3350.0,1701.0,1.97,8.21,6.18,3.72,Yellowish Green,Intense,Very Slightly Included,Emerald Cut,Emerald Cut,No Enhancement,Madagascar,https://www.thenaturalsapphirecompany.com/yellow-sapphires/1.97ct-madagascar-emerald-cut-yellowish-green-sapphire-s26510/
S34907,2282.0,1400.0,1.63,7.17,7.09,4.37,Yellow,Intense,Eye Clean,Round,Mixed Brilliant Cut,No Enhancement,Ceylon (Sri Lanka),https://www.thenaturalsapphirecompany.com/yellow-sapphires/1.63ct-ceylon-sri-lankan-round-yellow-sapphire-s34907/
S38301,166.0,107.0,1.55,8.02,5.97,3.8,Yellow,Light,Very Slightly Included,Oval,Mixed Brilliant Cut,No Enhancement,Ceylon (Sri Lanka),https://www.thenaturalsapphirecompany.com/yellow-sapphires/1.55ct-ceylon-sri-lankan-oval-yellow-sapphire-s38301/
S38303,200.0,175.0,1.14,6.01,6.04,4.32,Yellow,Medium,Very Very Slightly Included,Round,Mixed Brilliant Cut,No Enhancement,Ceylon (Sri Lanka),https://www.thenaturalsapphirecompany.com/yellow-sapphires/1.14ct-ceylon-sri-lankan-round-yellow-sapphire-s38303/
S17335,1848.0,1400.0,1.32,6.23,8.25,3.35,Orangish Yellow,Intense,Very Slightly Included,Heart,Mixed Brilliant Cut,Heat Treated,Ceylon (Sri Lanka),https://www.thenaturalsapphirecompany.com/yellow-sapphires/1.32ct-ceylon-sri-lankan-heart-orangish-yellow-sapphire-s17335/
S43948,1300.0,1016.0,1.28,5.83,5.45,3.97,Yellowish Green,Intense,Slightly Included,Radiant,Radiant Cut,No Enhancement,Madagascar,https://www.thenaturalsapphirecompany.com/yellow-sapphires/1.28ct-madagascar-radiant-yellowish-green-sapphire-s43948/
S43949,1199.0,1090.0,1.1,6.23,6.66,3.31,Yellowish Green,Light,Very Very Slightly Included,Heart,Mixed Brilliant Cut,No Enhancement,Madagascar,https://www.thenaturalsapphirecompany.com/yellow-sapphires/1.10ct-madagascar-heart-yellowish-green-sapphire-s43949/
S43952,1140.0,1000.0,1.14,6.08,6.02,4.07,Greenish Yellow,Light,Slightly Included,Round,Mixed Brilliant Cut,Heat Treated,Montana,https://www.thenaturalsapphirecompany.com/yellow-sapphires/1.14ct-montana-round-greenish-yellow-sapphire-s43952/
S45943,1771.0,1100.0,1.61,7.85,6.08,4.03,Yellow,Light,Eye Clean,Oval,Mixed Brilliant Cut,No Enhancement,Tanzania,https://www.thenaturalsapphirecompany.com/yellow-sapphires/1.61ct-tanzanian-oval-yellow-sapphire-s45943/
S44100,81.0,123.0,0.66,6.58,4.31,2.87,Yellow,Light,Slightly Included,Oval,Mixed Brilliant Cut,No Enhancement,Ceylon (Sri Lanka),https://www.thenaturalsapphirecompany.com/yellow-sapphires/0.66ct-ceylon-sri-lankan-oval-yellow-sapphire-s44100/
S15956,630.0,600.0,1.05,5.96,4.78,3.92,Yellow,Medium,Very Slightly Included,Radiant,Radiant Cut,No Enhancement,Ceylon (Sri Lanka),https://www.thenaturalsapphirecompany.com/yellow-sapphires/1.05ct-ceylon-sri-lankan-radiant-yellow-sapphire-s15956/
S21635,1540.0,1000.0,1.54,6.01,5.98,4.16,Yellowish Green,Intense,Very Slightly Included,Asscher - Octagon,Asscher Cut,No Enhancement,Madagascar,https://www.thenaturalsapphirecompany.com/yellow-sapphires/1.54ct-madagascar-asscher-octagon-yellowish-green-sapphire-s21635/
S21653,15035.0,1870.0,8.04,14.84,10.15,6.09,Yellow,Vivid,Eye Clean,Oval,Mixed Brilliant Cut,Heat Treated,Ceylon (Sri Lanka),https://www.thenaturalsapphirecompany.com/yellow-sapphires/8.04ct-ceylon-sri-lankan-oval-yellow-sapphire-s21653/
S21655,22275.0,2228.0,10.0,14.16,10.84,8.31,Yellow,Vivid,Very Slightly Included,Oval,Mixed Brilliant Cut,No Enhancement,Ceylon (Sri Lanka),https://www.thenaturalsapphirecompany.com/yellow-sapphires/10.00ct-ceylon-sri-lankan-oval-yellow-sapphire-s21655/
S21656,26496.0,2310.0,11.47,15.13,11.65,7.6,Yellow,Medium,Very Slightly Included,Oval,Mixed Brilliant Cut,No Enhancement,Ceylon (Sri Lanka),https://www.thenaturalsapphirecompany.com/yellow-sapphires/11.47ct-ceylon-sri-lankan-oval-yellow-sapphire-s21656/
S21657,50924.0,2900.0,17.56,16.42,13.68,9.55,Yellow,Medium,Eye Clean,Oval,Mixed Brilliant Cut,No Enhancement,Ceylon (Sri Lanka),https://www.thenaturalsapphirecompany.com/yellow-sapphires/17.56ct-ceylon-sri-lankan-oval-yellow-sapphire-s21657/
S21658,24874.0,2475.0,10.05,11.83,11.27,8.11,Yellow,Vivid,Eye Clean,Cushion,Mixed Brilliant Cut,Heat Treated,Ceylon (Sri Lanka),https://www.thenaturalsapphirecompany.com/yellow-sapphires/10.05ct-ceylon-sri-lankan-cushion-yellow-sapphire-s21658/
S21659,28359.0,2805.0,10.11,13.57,11.15,7.58,Yellow,Intense,Very Slightly Included,Cushion,Mixed Brilliant Cut,No Enhancement,Ceylon (Sri Lanka),https://www.thenaturalsapphirecompany.com/yellow-sapphires/10.11ct-ceylon-sri-lankan-cushion-yellow-sapphire-s21659/
S21662,46469.0,3100.0,14.99,14.15,14.12,8.11,Yellow,Intense,Eye Clean,Cushion,Mixed Brilliant Cut,No Enhancement,Ceylon (Sri Lanka),https://www.thenaturalsapphirecompany.com/yellow-sapphires/14.99ct-ceylon-sri-lankan-cushion-yellow-sapphire-s21662/
S21663,36050.0,2248.0,16.04,14.78,14.23,7.75,Yellow,Intense,Eye Clean,Cushion,Mixed Brilliant Cut,Heat Treated,Ceylon (Sri Lanka),https://www.thenaturalsapphirecompany.com/yellow-sapphires/16.04ct-ceylon-sri-lankan-cushion-yellow-sapphire-s21663/
S21664,56624.0,1960.0,28.89,16.86,16.53,11.37,Yellow,Light,Eye Clean,Cushion,Mixed Brilliant Cut,No Enhancement,Ceylon (Sri Lanka),https://www.thenaturalsapphirecompany.com/yellow-sapphires/28.89ct-ceylon-sri-lankan-cushion-yellow-sapphire-s21664/
S21666,632.0,550.0,1.15,6.26,6.24,3.39,Yellow,Intense,Very Slightly Included,Round,Mixed Brilliant Cut,Lattice Diffused,Ceylon (Sri Lanka),https://www.thenaturalsapphirecompany.com/yellow-sapphires/1.15ct-ceylon-sri-lankan-round-yellow-sapphire-s21666/
S21675,399.0,242.0,1.65,7.94,5.63,4.21,Yellow,Medium,Very Slightly Included,Oval,Mixed Brilliant Cut,No Enhancement,Ceylon (Sri Lanka),https://www.thenaturalsapphirecompany.com/yellow-sapphires/1.65ct-ceylon-sri-lankan-oval-yellow-sapphire-s21675/
S21676,1400.0,558.0,2.51,9.37,6.57,4.58,Orangish Yellow,Medium,Eye Clean,Oval,Mixed Brilliant Cut,Heat Treated,Ceylon (Sri Lanka),https://www.thenaturalsapphirecompany.com/yellow-sapphires/2.51ct-ceylon-sri-lankan-oval-orangish-yellow-sapphire-s21676/
S26476,220.0,176.0,1.25,8.36,6.38,3.72,Yellow,Medium,Eye Clean,Pear,Mixed Brilliant Cut,No Enhancement,Ceylon (Sri Lanka),https://www.thenaturalsapphirecompany.com/yellow-sapphires/1.25ct-ceylon-sri-lankan-pear-yellow-sapphire-s26476/
S31018,1700.0,810.0,2.1,7.65,7.64,4.73,Yellowish Green,Vivid,Very Slightly Included,Round,Mixed Brilliant Cut,Heat Treated,Madagascar,https://www.thenaturalsapphirecompany.com/yellow-sapphires/2.10ct-madagascar-round-yellowish-green-sapphire-s31018/
S31022,1000.0,645.0,1.55,7.03,5.37,3.79,Yellowish Green,Faint,Very Slightly Included,Emerald Cut,Emerald Cut,No Enhancement,Madagascar,https://www.thenaturalsapphirecompany.com/yellow-sapphires/1.55ct-madagascar-emerald-cut-yellowish-green-sapphire-s31022/
S34860,208.0,800.0,0.26,4.04,4.03,2.27,Yellowish Green,Light,Very Slightly Included,Round,Mixed Brilliant Cut,Heat Treated,Montana,https://www.thenaturalsapphirecompany.com/yellow-sapphires/0.26ct-montana-round-yellowish-green-sapphire-s34860/
S34861,208.0,800.0,0.26,4.18,3.93,2.31,Yellowish Orange,Light,Slightly Included,Round,Mixed Brilliant Cut,Heat Treated,Montana,https://www.thenaturalsapphirecompany.com/yellow-sapphires/0.26ct-montana-round-yellowish-orange-sapphire-s34861/
S38269,464.0,400.0,1.16,6.46,6.5,3.94,Yellow,Light,Very Slightly Included,Round,Mixed Brilliant Cut,No Enhancement,Ceylon (Sri Lanka),https://www.thenaturalsapphirecompany.com/yellow-sapphires/1.16ct-ceylon-sri-lankan-round-yellow-sapphire-s38269/
S41339,8578.0,3108.0,2.76,9.21,6.74,4.86,Yellowish Green,Medium,Very Very Slightly Included,Radiant,Radiant Cut,Heat Treated,Montana,https://www.thenaturalsapphirecompany.com/yellow-sapphires/2.76ct-montana-radiant-yellowish-green-sapphire-s41339/
S41341,1928.0,800.0,2.41,7.86,9.1,4.9,Yellowish Green,Intense,Very Slightly Included,Trillion,Trillion Cut,Heat Treated,Montana,https://www.thenaturalsapphirecompany.com/yellow-sapphires/2.41ct-montana-trillion-yellowish-green-sapphire-s41341/
Y4841,2000.0,1000.0,2.0,7.9,5.95,3.9,Yellow,Medium,Very Slightly Included,Emerald Cut,Emerald Cut,No Enhancement,Ceylon (Sri Lanka),https://www.thenaturalsapphirecompany.com/yellow-sapphires/2.00ct-ceylon-sri-lankan-emerald-cut-yellow-sapphire-y4841/
S40300,9765.0,1360.0,7.18,19.42,9.49,5.45,Yellow,Intense,Very Slightly Included,Marquise,Mixed Brilliant Cut,No Enhancement,Ceylon (Sri Lanka),https://www.thenaturalsapphirecompany.com/yellow-sapphires/7.18ct-ceylon-sri-lankan-marquise-yellow-sapphire-s40300/
S48795,354.0,300.0,1.18,6.4,5.19,3.83,Yellow,Medium,Slightly Included,Emerald Cut,Emerald Cut,Heat Treated,Ceylon (Sri Lanka),https://www.thenaturalsapphirecompany.com/yellow-sapphires/1.18ct-ceylon-sri-lankan-emerald-cut-yellow-sapphire-s48795/
S48783,474.0,300.0,1.58,7.56,5.41,3.81,Yellow,Light,Very Very Slightly Included,Radiant,Radiant Cut,Heat Treated,Madagascar,https://www.thenaturalsapphirecompany.com/yellow-sapphires/1.58ct-madagascar-radiant-yellow-sapphire-s48783/
S48785,604.0,400.0,1.51,7.76,6.41,3.7,Yellowish Green,Medium,Very Slightly Included,Oval,Mixed Brilliant Cut,Heat Treated,Madagascar,https://www.thenaturalsapphirecompany.com/yellow-sapphires/1.51ct-madagascar-oval-yellowish-green-sapphire-s48785/
S48786,512.0,330.0,1.55,7.76,5.13,3.67,Yellow,Medium,Very Very Slightly Included,Radiant,Radiant Cut,Heat Treated,Ceylon (Sri Lanka),https://www.thenaturalsapphirecompany.com/yellow-sapphires/1.55ct-ceylon-sri-lankan-radiant-yellow-sapphire-s48786/
S37049,1170.0,770.0,1.52,6.07,8.07,4.04,Orangish Yellow,Intense,Very Slightly Included,Heart,Mixed Brilliant Cut,Heat Treated,Africa,https://www.thenaturalsapphirecompany.com/yellow-sapphires/1.52ct-african-heart-orangish-yellow-sapphire-s37049/
S37050,1164.0,710.0,1.64,6.47,6.07,4.54,Greenish Yellow,Intense,Very Slightly Included,Asscher - Octagon,Asscher Cut,No Enhancement,Africa,https://www.thenaturalsapphirecompany.com/yellow-sapphires/1.64ct-african-asscher-octagon-greenish-yellow-sapphire-s37050/
S43738,500.0,476.0,1.05,6.23,5.28,3.8,Yellowish Green,Medium,Very Slightly Included,Oval,Mixed Brilliant Cut,No Enhancement,Tanzania,https://www.thenaturalsapphirecompany.com/yellow-sapphires/1.05ct-tanzanian-oval-yellowish-green-sapphire-s43738/
S43741,400.0,364.0,1.1,6.86,6.03,2.89,Yellowish Green,Light,Very Very Slightly Included,Oval,Mixed Brilliant Cut,No Enhancement,Tanzania,https://www.thenaturalsapphirecompany.com/yellow-sapphires/1.10ct-tanzanian-oval-yellowish-green-sapphire-s43741/
S43743,499.0,462.0,1.08,6.17,5.39,3.94,Yellowish Green,Intense,Very Very Slightly Included,Oval,Mixed Brilliant Cut,No Enhancement,Tanzania,https://www.thenaturalsapphirecompany.com/yellow-sapphires/1.08ct-tanzanian-oval-yellowish-green-sapphire-s43743/
S43747,600.0,465.0,1.29,7.13,5.36,3.86,Yellowish Green,Intense,Slightly Included,Oval,Mixed Brilliant Cut,No Enhancement,Tanzania,https://www.thenaturalsapphirecompany.com/yellow-sapphires/1.29ct-tanzanian-oval-yellowish-green-sapphire-s43747/
S43751,600.0,526.0,1.14,6.63,5.18,4.06,Yellowish Green,Intense,Very Very Slightly Included,Oval,Mixed Brilliant Cut,No Enhancement,Tanzania,https://www.thenaturalsapphirecompany.com/yellow-sapphires/1.14ct-tanzanian-oval-yellowish-green-sapphire-s43751/
S43757,699.0,564.0,1.24,6.49,5.61,4.01,Yellowish Green,Intense,Very Slightly Included,Oval,Mixed Brilliant Cut,No Enhancement,Tanzania,https://www.thenaturalsapphirecompany.com/yellow-sapphires/1.24ct-tanzanian-oval-yellowish-green-sapphire-s43757/
S34559,1188.0,1100.0,1.08,6.0,5.71,3.33,Yellow,Light,Very Slightly Included,Princess,Princess Cut,No Enhancement,Madagascar,https://www.thenaturalsapphirecompany.com/yellow-sapphires/1.08ct-madagascar-princess-yellow-sapphire-s34559/
S37992,120.0,145.0,0.83,5.71,5.69,3.6,Yellow,Medium,Slightly Included,Round,Mixed Brilliant Cut,No Enhancement,Ceylon (Sri Lanka),https://www.thenaturalsapphirecompany.com/yellow-sapphires/0.83ct-ceylon-sri-lankan-round-yellow-sapphire-s37992/
S37994,260.0,248.0,1.05,6.39,4.61,3.97,Yellow,Intense,Very Very Slightly Included,Oval,Mixed Brilliant Cut,No Enhancement,Ceylon (Sri Lanka),https://www.thenaturalsapphirecompany.com/yellow-sapphires/1.05ct-ceylon-sri-lankan-oval-yellow-sapphire-s37994/
S48935,6406.0,2313.0,2.77,7.73,7.62,5.85,Yellowish Orange,Vivid,Eye Clean,Round,Mixed Brilliant Cut,Heat Treated,Ceylon (Sri Lanka),https://www.thenaturalsapphirecompany.com/yellow-sapphires/2.77ct-ceylon-sri-lankan-round-yellowish-orange-sapphire-s48935/
S4110,1014.0,600.0,1.69,8.88,6.83,4.22,Yellow,Light,Very Slightly Included,Pear,Mixed Brilliant Cut,No Enhancement,Ceylon (Sri Lanka),https://www.thenaturalsapphirecompany.com/yellow-sapphires/1.69ct-ceylon-sri-lankan-pear-yellow-sapphire-s4110/
S43728,500.0,526.0,0.95,6.11,4.89,3.79,Yellowish Green,Intense,Very Very Slightly Included,Oval,Mixed Brilliant Cut,No Enhancement,Tanzania,https://www.thenaturalsapphirecompany.com/yellow-sapphires/0.95ct-tanzanian-oval-yellowish-green-sapphire-s43728/
S43729,500.0,379.0,1.32,7.02,4.99,4.41,Yellowish Green,Intense,Very Slightly Included,Oval,Mixed Brilliant Cut,No Enhancement,Tanzania,https://www.thenaturalsapphirecompany.com/yellow-sapphires/1.32ct-tanzanian-oval-yellowish-green-sapphire-s43729/
S43730,501.0,486.0,1.03,6.52,5.37,3.51,Yellowish Green,Intense,Eye Clean,Oval,Mixed Brilliant Cut,No Enhancement,Tanzania,https://www.thenaturalsapphirecompany.com/yellow-sapphires/1.03ct-tanzanian-oval-yellowish-green-sapphire-s43730/
S43731,499.0,480.0,1.04,6.7,5.75,3.11,Yellowish Green,Medium,Eye Clean,Oval,Mixed Brilliant Cut,No Enhancement,Tanzania,https://www.thenaturalsapphirecompany.com/yellow-sapphires/1.04ct-tanzanian-oval-yellowish-green-sapphire-s43731/
S43733,500.0,476.0,1.05,6.69,5.3,3.54,Yellowish Green,Intense,Eye Clean,Oval,Mixed Brilliant Cut,No Enhancement,Tanzania,https://www.thenaturalsapphirecompany.com/yellow-sapphires/1.05ct-tanzanian-oval-yellowish-green-sapphire-s43733/
S43734,400.0,392.0,1.02,6.13,5.06,3.74,Yellowish Green,Intense,Very Slightly Included,Oval,Mixed Brilliant Cut,No Enhancement,Tanzania,https://www.thenaturalsapphirecompany.com/yellow-sapphires/1.02ct-tanzanian-oval-yellowish-green-sapphire-s43734/
S45780,500.0,331.0,1.51,6.69,5.38,4.4,Yellow,Light,Slightly Included,Cushion,Mixed Brilliant Cut,Heat Treated,Ceylon (Sri Lanka),https://www.thenaturalsapphirecompany.com/yellow-sapphires/1.51ct-ceylon-sri-lankan-cushion-yellow-sapphire-s45780/
S45781,500.0,467.0,1.07,5.96,5.34,3.45,Yellow,Light,Very Slightly Included,Asscher - Octagon,Asscher Cut,Heat Treated,Ceylon (Sri Lanka),https://www.thenaturalsapphirecompany.com/yellow-sapphires/1.07ct-ceylon-sri-lankan-asscher-octagon-yellow-sapphire-s45781/
S45784,1600.0,762.0,2.1,7.51,5.9,4.37,Yellow,Light,Very Slightly Included,Emerald Cut,Emerald Cut,Heat Treated,Ceylon (Sri Lanka),https://www.thenaturalsapphirecompany.com/yellow-sapphires/2.10ct-ceylon-sri-lankan-emerald-cut-yellow-sapphire-s45784/
S21131,1848.0,800.0,2.31,8.91,7.11,4.29,Yellow,Intense,Very Very Slightly Included,Cushion,Mixed Brilliant Cut,No Enhancement,Ceylon (Sri Lanka),https://www.thenaturalsapphirecompany.com/yellow-sapphires/2.31ct-ceylon-sri-lankan-cushion-yellow-sapphire-s21131/
S21141,1908.0,900.0,2.12,8.51,6.6,4.88,Yellow,Intense,Very Slightly Included,Oval,Mixed Brilliant Cut,No Enhancement,Ceylon (Sri Lanka),https://www.thenaturalsapphirecompany.com/yellow-sapphires/2.12ct-ceylon-sri-lankan-oval-yellow-sapphire-s21141/
S21145,1600.0,800.0,2.0,9.62,6.64,4.21,Yellow,Intense,Very Very Slightly Included,Pear,Mixed Brilliant Cut,No Enhancement,Ceylon (Sri Lanka),https://www.thenaturalsapphirecompany.com/yellow-sapphires/2.00ct-ceylon-sri-lankan-pear-yellow-sapphire-s21145/
S21148,2208.0,800.0,2.76,10.95,7.16,4.86,Yellow,Medium,Eye Clean,Pear,Mixed Brilliant Cut,No Enhancement,Ceylon (Sri Lanka),https://www.thenaturalsapphirecompany.com/yellow-sapphires/2.76ct-ceylon-sri-lankan-pear-yellow-sapphire-s21148/
S21150,1536.0,800.0,1.92,8.43,6.73,4.79,Yellow,Medium,Very Slightly Included,Pear,Mixed Brilliant Cut,No Enhancement,Ceylon (Sri Lanka),https://www.thenaturalsapphirecompany.com/yellow-sapphires/1.92ct-ceylon-sri-lankan-pear-yellow-sapphire-s21150/
S21155,3340.0,1000.0,3.34,9.35,6.85,5.86,Yellow,Medium,Very Slightly Included,Oval,Mixed Brilliant Cut,No Enhancement,Ceylon (Sri Lanka),https://www.thenaturalsapphirecompany.com/yellow-sapphires/3.34ct-ceylon-sri-lankan-oval-yellow-sapphire-s21155/
S21157,1880.0,800.0,2.35,6.92,6.87,5.8,Yellowish Brown,Medium,Very Slightly Included,Cushion,Mixed Brilliant Cut,No Enhancement,Ceylon (Sri Lanka),https://www.thenaturalsapphirecompany.com/yellow-sapphires/2.35ct-ceylon-sri-lankan-cushion-yellowish-brown-sapphire-s21157/
S21158,2240.0,800.0,2.8,9.69,7.82,5.03,Yellow,Intense,Very Slightly Included,Pear,Mixed Brilliant Cut,No Enhancement,Ceylon (Sri Lanka),https://www.thenaturalsapphirecompany.com/yellow-sapphires/2.80ct-ceylon-sri-lankan-pear-yellow-sapphire-s21158/
S21161,1800.0,900.0,2.0,8.27,7.03,4.51,Yellow,Light,Very Very Slightly Included,Oval,Mixed Brilliant Cut,No Enhancement,Ceylon (Sri Lanka),https://www.thenaturalsapphirecompany.com/yellow-sapphires/2.00ct-ceylon-sri-lankan-oval-yellow-sapphire-s21161/
S34593,2754.0,1350.0,2.04,8.05,6.29,4.12,Yellowish Green,Vivid,Very Slightly Included,Emerald Cut,Emerald Cut,Heat Treated,Ceylon (Sri Lanka),https://www.thenaturalsapphirecompany.com/yellow-sapphires/2.04ct-ceylon-sri-lankan-emerald-cut-yellowish-green-sapphire-s34593/
S38005,656.0,800.0,0.82,4.91,4.79,3.59,Yellowish Green,Medium,Very Slightly Included,Princess,Princess Cut,Heat Treated,Montana,https://www.thenaturalsapphirecompany.com/yellow-sapphires/0.82ct-montana-princess-yellowish-green-sapphire-s38005/
S38007,260.0,245.0,1.06,6.59,5.22,3.87,Yellow,Light,Very Very Slightly Included,Pear,Mixed Brilliant Cut,No Enhancement,Ceylon (Sri Lanka),https://www.thenaturalsapphirecompany.com/yellow-sapphires/1.06ct-ceylon-sri-lankan-pear-yellow-sapphire-s38007/
S38009,200.0,150.0,1.33,7.28,4.73,3.53,Yellow,Intense,Slightly Included,Emerald Cut,Emerald Cut,No Enhancement,Ceylon (Sri Lanka),https://www.thenaturalsapphirecompany.com/yellow-sapphires/1.33ct-ceylon-sri-lankan-emerald-cut-yellow-sapphire-s38009/
S38015,240.0,168.0,1.43,7.57,6.35,3.26,Yellow,Light,Very Very Slightly Included,Oval,Mixed Brilliant Cut,No Enhancement,Ceylon (Sri Lanka),https://www.thenaturalsapphirecompany.com/yellow-sapphires/1.43ct-ceylon-sri-lankan-oval-yellow-sapphire-s38015/
S38020,220.0,168.0,1.31,6.0,5.37,4.16,Yellow,Intense,Very Slightly Included,Cushion,Mixed Brilliant Cut,No Enhancement,Ceylon (Sri Lanka),https://www.thenaturalsapphirecompany.com/yellow-sapphires/1.31ct-ceylon-sri-lankan-cushion-yellow-sapphire-s38020/
S38021,520.0,400.0,1.3,9.44,4.93,3.66,Yellow,Intense,Very Very Slightly Included,Pear,Mixed Brilliant Cut,No Enhancement,Ceylon (Sri Lanka),https://www.thenaturalsapphirecompany.com/yellow-sapphires/1.30ct-ceylon-sri-lankan-pear-yellow-sapphire-s38021/
S38022,280.0,308.0,0.91,7.16,4.61,3.9,Yellow,Intense,Slightly Included,Fancy,Step Cut,No Enhancement,Ceylon (Sri Lanka),https://www.thenaturalsapphirecompany.com/yellow-sapphires/0.91ct-ceylon-sri-lankan-fancy-yellow-sapphire-s38022/
S38025,260.0,195.0,1.33,6.97,5.28,4.02,Yellow,Intense,Very Slightly Included,Oval,Mixed Brilliant Cut,No Enhancement,Ceylon (Sri Lanka),https://www.thenaturalsapphirecompany.com/yellow-sapphires/1.33ct-ceylon-sri-lankan-oval-yellow-sapphire-s38025/
S41111,686.0,440.0,1.56,7.51,5.74,4.28,Yellowish Green,Intense,Very Slightly Included,Oval,Mixed Brilliant Cut,No Enhancement,Africa,https://www.thenaturalsapphirecompany.com/yellow-sapphires/1.56ct-african-oval-yellowish-green-black-opal-s41111/
S21175,200.0,154.0,1.3,7.03,5.68,3.53,Yellow,Light,Slightly Included,Cushion,Mixed Brilliant Cut,No Enhancement,Ceylon (Sri Lanka),https://www.thenaturalsapphirecompany.com/yellow-sapphires/1.30ct-ceylon-sri-lankan-cushion-yellow-sapphire-s21175/
S21176,200.0,182.0,1.1,6.55,7.14,3.49,Yellow,Light,Very Slightly Included,Heart,Mixed Brilliant Cut,No Enhancement,Ceylon (Sri Lanka),https://www.thenaturalsapphirecompany.com/yellow-sapphires/1.10ct-ceylon-sri-lankan-heart-yellow-sapphire-s21176/
S21177,200.0,200.0,1.0,6.09,6.61,3.46,Yellow,Light,Slightly Included,Heart,Mixed Brilliant Cut,No Enhancement,Ceylon (Sri Lanka),https://www.thenaturalsapphirecompany.com/yellow-sapphires/1.00ct-ceylon-sri-lankan-heart-yellow-sapphire-s21177/
S21191,200.0,144.0,1.39,7.03,5.64,3.86,Yellow,Faint,Slightly Included,Radiant,Radiant Cut,No Enhancement,Ceylon (Sri Lanka),https://www.thenaturalsapphirecompany.com/yellow-sapphires/1.39ct-ceylon-sri-lankan-radiant-yellow-sapphire-s21191/
S21200,5048.0,1573.0,3.21,8.09,7.82,5.82,Orangish Yellow,Vivid,Eye Clean,Cushion,Mixed Brilliant Cut,Heat Treated,Ceylon (Sri Lanka),https://www.thenaturalsapphirecompany.com/yellow-sapphires/3.21ct-ceylon-sri-lankan-cushion-orangish-yellow-sapphire-s21200/
S26185,740.0,400.0,1.85,6.53,6.52,4.57,Yellow,Faint,Eye Clean,Asscher - Octagon,Asscher Cut,No Enhancement,Ceylon (Sri Lanka),https://www.thenaturalsapphirecompany.com/yellow-sapphires/1.85ct-ceylon-sri-lankan-asscher-octagon-yellow-sapphire-s26185/
S26187,916.0,400.0,2.29,8.49,6.11,3.86,Yellow,Light,Very Slightly Included,Emerald Cut,Emerald Cut,No Enhancement,Ceylon (Sri Lanka),https://www.thenaturalsapphirecompany.com/yellow-sapphires/2.29ct-ceylon-sri-lankan-emerald-cut-yellow-sapphire-s26187/
S30746,1584.0,1200.0,1.32,6.44,6.42,4.31,Greenish Yellow,Light,Very Slightly Included,Round,Mixed Brilliant Cut,Heat Treated,Montana,https://www.thenaturalsapphirecompany.com/yellow-sapphires/1.32ct-montana-round-greenish-yellow-sapphire-s30746/
S30759,1000.0,667.0,1.5,6.69,5.57,4.39,Yellowish Green,Intense,Slightly Included,Radiant,Radiant Cut,No Enhancement,Madagascar,https://www.thenaturalsapphirecompany.com/yellow-sapphires/1.50ct-madagascar-radiant-yellowish-green-sapphire-s30759/
S34637,600.0,390.0,1.54,6.82,5.55,4.78,Yellow,Medium,Very Slightly Included,Oval,Mixed Brilliant Cut,No Enhancement,Ceylon (Sri Lanka),https://www.thenaturalsapphirecompany.com/yellow-sapphires/1.54ct-ceylon-sri-lankan-oval-yellow-sapphire-s34637/
S38038,3630.0,1040.0,3.49,10.1,7.38,6.18,Yellow,Light,Very Very Slightly Included,Pear,Mixed Brilliant Cut,No Enhancement,Ceylon (Sri Lanka),https://www.thenaturalsapphirecompany.com/yellow-sapphires/3.49ct-ceylon-sri-lankan-pear-yellow-sapphire-s38038/
S38039,11399.0,1647.0,6.92,12.8,8.26,7.62,Yellow,Intense,Eye Clean,Oval,Mixed Brilliant Cut,No Enhancement,Ceylon (Sri Lanka),https://www.thenaturalsapphirecompany.com/yellow-sapphires/6.92ct-ceylon-sri-lankan-oval-yellow-sapphire-s38039/
S38045,3870.0,1000.0,3.87,16.12,6.98,4.5,Yellowish Green,Intense,Very Slightly Included,Pear,Mixed Brilliant Cut,No Enhancement,Madagascar,https://www.thenaturalsapphirecompany.com/yellow-sapphires/3.87ct-madagascar-pear-yellowish-green-sapphire-s38045/
S21237,508.0,400.0,1.27,7.17,4.08,3.81,Greenish Yellow,Medium,Very Slightly Included,Emerald Cut,Emerald Cut,Heat Treated,Ceylon (Sri Lanka),https://www.thenaturalsapphirecompany.com/yellow-sapphires/1.27ct-ceylon-sri-lankan-emerald-cut-greenish-yellow-sapphire-s21237/
S26211,2002.0,1300.0,1.54,6.51,6.49,4.6,Yellow,Medium,Slightly Included,Round,Mixed Brilliant Cut,No Enhancement,Ceylon (Sri Lanka),https://www.thenaturalsapphirecompany.com/yellow-sapphires/1.54ct-ceylon-sri-lankan-round-yellow-sapphire-s26211/
S26212,1989.0,1300.0,1.53,7.93,5.94,3.98,Yellow,Medium,Slightly Included,Oval,Mixed Brilliant Cut,No Enhancement,Ceylon (Sri Lanka),https://www.thenaturalsapphirecompany.com/yellow-sapphires/1.53ct-ceylon-sri-lankan-oval-yellow-sapphire-s26212/
S30774,500.0,446.0,1.12,6.59,5.01,3.2,Greenish Yellow,Medium,Very Very Slightly Included,Emerald Cut,Emerald Cut,No Enhancement,Madagascar,https://www.thenaturalsapphirecompany.com/yellow-sapphires/1.12ct-madagascar-emerald-cut-greenish-yellow-sapphire-s30774/
S30792,700.0,385.0,1.82,10.12,5.37,4.22,Yellow,Intense,Eye Clean,Marquise,Mixed Brilliant Cut,No Enhancement,Ceylon (Sri Lanka),https://www.thenaturalsapphirecompany.com/yellow-sapphires/1.82ct-ceylon-sri-lankan-marquise-yellow-sapphire-s30792/
S30793,2799.0,1102.0,2.54,8.28,5.9,5.08,Yellow,Medium,Very Slightly Included,Cushion,Mixed Brilliant Cut,No Enhancement,Ceylon (Sri Lanka),https://www.thenaturalsapphirecompany.com/yellow-sapphires/2.54ct-ceylon-sri-lankan-cushion-yellow-sapphire-s30793/
S30794,800.0,684.0,1.17,9.0,5.97,2.93,Orangish Yellow,Medium,Very Very Slightly Included,Pear,Mixed Brilliant Cut,No Enhancement,Ceylon (Sri Lanka),https://www.thenaturalsapphirecompany.com/yellow-sapphires/1.17ct-ceylon-sri-lankan-pear-orangish-yellow-sapphire-s30794/
S30795,1340.0,838.0,1.6,7.14,6.05,3.88,Yellow,Intense,Very Very Slightly Included,Emerald Cut,Emerald Cut,No Enhancement,Ceylon (Sri Lanka),https://www.thenaturalsapphirecompany.com/yellow-sapphires/1.60ct-ceylon-sri-lankan-emerald-cut-yellow-sapphire-s30795/
S34663,3591.0,1350.0,2.66,7.77,7.2,5.02,Yellow,Intense,Very Very Slightly Included,Radiant,Radiant Cut,No Enhancement,Ceylon (Sri Lanka),https://www.thenaturalsapphirecompany.com/yellow-sapphires/2.66ct-ceylon-sri-lankan-radiant-yellow-sapphire-s34663/
S38054,6137.0,1295.0,4.74,13.72,8.55,5.54,Yellow,Vivid,Very Slightly Included,Pear,Mixed Brilliant Cut,No Enhancement,Ceylon (Sri Lanka),https://www.thenaturalsapphirecompany.com/yellow-sapphires/4.74ct-ceylon-sri-lankan-pear-yellow-sapphire-s38054/
S41175,281.0,260.0,1.08,7.36,5.64,3.37,Yellow,Intense,Very Very Slightly Included,Oval,Mixed Brilliant Cut,No Enhancement,Ceylon (Sri Lanka),https://www.thenaturalsapphirecompany.com/yellow-sapphires/1.08ct-ceylon-sri-lankan-oval-yellow-sapphire-s41175/
S41176,228.0,224.0,1.02,6.12,4.56,3.85,Yellow,Intense,Very Slightly Included,Cushion,Mixed Brilliant Cut,No Enhancement,Ceylon (Sri Lanka),https://www.thenaturalsapphirecompany.com/yellow-sapphires/1.02ct-ceylon-sri-lankan-cushion-yellow-sapphire-s41176/
U16084,1328.0,800.0,1.66,7.97,5.66,3.99,Yellowish Green,Medium,Very Slightly Included,Cushion,Mixed Brilliant Cut,Heat Treated,Madagascar,https://www.thenaturalsapphirecompany.com/yellow-sapphires/1.66ct-madagascar-cushion-yellowish-green-sapphire-u16084/
U16104,1296.0,800.0,1.62,6.55,5.89,4.12,Yellowish Green,Medium,Very Slightly Included,Emerald Cut,Emerald Cut,No Enhancement,Madagascar,https://www.thenaturalsapphirecompany.com/yellow-sapphires/1.62ct-madagascar-emerald-cut-yellowish-green-sapphire-u16104/
Y4710,212.0,200.0,1.06,5.99,5.27,3.59,Yellow,Medium,Very Slightly Included,Cushion,Mixed Brilliant Cut,Heat Treated,Ceylon (Sri Lanka),https://www.thenaturalsapphirecompany.com/yellow-sapphires/1.06ct-ceylon-sri-lankan-cushion-yellow-sapphire-y4710/
S48846,14423.0,2380.0,6.06,11.1,9.35,5.95,Yellow,Medium,Very Very Slightly Included,Emerald Cut,Emerald Cut,No Enhancement,Ceylon (Sri Lanka),https://www.thenaturalsapphirecompany.com/yellow-sapphires/6.06ct-ceylon-sri-lankan-emerald-cut-yellow-sapphire-s48846/
S41389,1001.0,1100.0,0.91,6.48,5.26,3.14,Yellowish Green,Light,Very Slightly Included,Cushion,Mixed Brilliant Cut,Heat Treated,Montana,https://www.thenaturalsapphirecompany.com/yellow-sapphires/0.91ct-montana-cushion-yellowish-green-sapphire-s41389/
S41395,1001.0,1100.0,0.91,6.37,5.15,3.09,Yellowish Green,Medium,Very Slightly Included,Cushion,Mixed Brilliant Cut,Heat Treated,Montana,https://www.thenaturalsapphirecompany.com/yellow-sapphires/0.91ct-montana-cushion-yellowish-green-sapphire-s41395/
S4140,1568.0,800.0,1.96,10.38,6.44,4.03,Yellow,Medium,Eye Clean,Pear,Mixed Brilliant Cut,No Enhancement,Ceylon (Sri Lanka),https://www.thenaturalsapphirecompany.com/yellow-sapphires/1.96ct-ceylon-sri-lankan-pear-yellow-sapphire-s4140/
S46153,500.0,476.0,1.05,6.97,4.57,3.65,Yellowish Green,Light,Slightly Included,Oval,Mixed Brilliant Cut,Heat Treated,Ceylon (Sri Lanka),https://www.thenaturalsapphirecompany.com/yellow-sapphires/1.05ct-ceylon-sri-lankan-oval-yellowish-green-sapphire-s46153/
S46165,400.0,526.0,0.76,5.4,5.4,3.66,Yellowish Green,Medium,Very Slightly Included,Round,Mixed Brilliant Cut,Heat Treated,Ceylon (Sri Lanka),https://www.thenaturalsapphirecompany.com/yellow-sapphires/0.76ct-ceylon-sri-lankan-round-yellowish-green-sapphire-s46165/
S46169,400.0,625.0,0.64,5.61,5.61,2.73,Greenish Yellow,Light,Slightly Included,Round,Mixed Brilliant Cut,Heat Treated,Ceylon (Sri Lanka),https://www.thenaturalsapphirecompany.com/yellow-sapphires/0.64ct-ceylon-sri-lankan-round-greenish-yellow-sapphire-s46169/
S46173,500.0,602.0,0.83,7.22,3.94,2.94,Yellow,Faint,Very Very Slightly Included,Radiant,Radiant Cut,Heat Treated,Ceylon (Sri Lanka),https://www.thenaturalsapphirecompany.com/yellow-sapphires/0.83ct-ceylon-sri-lankan-radiant-yellow-sapphire-s46173/
S28746,8146.0,1573.0,5.18,13.64,8.26,6.33,Yellowish Orange,Vivid,Eye Clean,Pear,Mixed Brilliant Cut,Heat Treated,Ceylon (Sri Lanka),https://www.thenaturalsapphirecompany.com/yellow-sapphires/5.18ct-ceylon-sri-lankan-pear-yellowish-orange-sapphire-s28746/
U15872,585.0,500.0,1.17,6.61,6.59,3.85,Orangish Yellow,Vivid,Very Slightly Included,Trillion,Trillion Cut,Heat Treated,Ceylon (Sri Lanka),https://www.thenaturalsapphirecompany.com/yellow-sapphires/1.17ct-ceylon-sri-lankan-trillion-orangish-yellow-sapphire-u15872/
U15874,204.0,300.0,0.68,5.21,5.15,3.39,Yellowish Orange,Intense,Very Slightly Included,Cushion,Mixed Brilliant Cut,Heat Treated,Ceylon (Sri Lanka),https://www.thenaturalsapphirecompany.com/yellow-sapphires/0.68ct-ceylon-sri-lankan-cushion-yellowish-orange-sapphire-u15874/
U15876,245.0,350.0,0.7,5.24,5.19,3.42,Yellowish Orange,Vivid,Very Slightly Included,Cushion,Mixed Brilliant Cut,Heat Treated,Ceylon (Sri Lanka),https://www.thenaturalsapphirecompany.com/yellow-sapphires/0.70ct-ceylon-sri-lankan-cushion-yellowish-orange-sapphire-u15876/
U15877,277.0,351.0,0.79,5.17,5.13,3.8,Yellowish Orange,Intense,Very Slightly Included,Cushion,Mixed Brilliant Cut,Heat Treated,Ceylon (Sri Lanka),https://www.thenaturalsapphirecompany.com/yellow-sapphires/0.79ct-ceylon-sri-lankan-cushion-yellowish-orange-sapphire-u15877/
U15878,245.0,350.0,0.7,5.14,5.09,3.54,Yellowish Orange,Vivid,Very Slightly Included,Cushion,Mixed Brilliant Cut,Heat Treated,Ceylon (Sri Lanka),https://www.thenaturalsapphirecompany.com/yellow-sapphires/0.70ct-ceylon-sri-lankan-cushion-yellowish-orange-sapphire-u15878/
U15879,505.0,500.0,1.01,6.12,6.03,4.07,Yellowish Orange,Intense,Very Slightly Included,Round,Mixed Brilliant Cut,Heat Treated,Ceylon (Sri Lanka),https://www.thenaturalsapphirecompany.com/yellow-sapphires/1.01ct-ceylon-sri-lankan-round-yellowish-orange-sapphire-u15879/
U15881,374.0,451.0,0.83,5.92,5.8,3.68,Yellowish Orange,Intense,Eye Clean,Round,Mixed Brilliant Cut,Heat Treated,Ceylon (Sri Lanka),https://www.thenaturalsapphirecompany.com/yellow-sapphires/0.83ct-ceylon-sri-lankan-round-yellowish-orange-sapphire-u15881/
S15683,242.0,200.0,1.21,6.44,6.5,3.55,Yellow,Light,Very Slightly Included,Round,Mixed Brilliant Cut,No Enhancement,Ceylon (Sri Lanka),https://www.thenaturalsapphirecompany.com/yellow-sapphires/1.21ct-ceylon-sri-lankan-round-yellow-sapphire-s15683/
S15688,340.0,200.0,1.7,7.77,6.24,4.27,Yellow,Light,Very Slightly Included,Oval,Mixed Brilliant Cut,No Enhancement,Ceylon (Sri Lanka),https://www.thenaturalsapphirecompany.com/yellow-sapphires/1.70ct-ceylon-sri-lankan-oval-yellow-sapphire-s15688/
S30800,600.0,345.0,1.74,7.71,5.99,4.34,Greenish Yellow,Faint,Very Very Slightly Included,Oval,Mixed Brilliant Cut,No Enhancement,Ceylon (Sri Lanka),https://www.thenaturalsapphirecompany.com/yellow-sapphires/1.74ct-ceylon-sri-lankan-oval-greenish-yellow-sapphire-s30800/
S30802,1000.0,847.0,1.18,7.8,5.52,2.98,Orangish Yellow,Vivid,Very Very Slightly Included,Cushion,Mixed Brilliant Cut,Heat Treated,Ceylon (Sri Lanka),https://www.thenaturalsapphirecompany.com/yellow-sapphires/1.18ct-ceylon-sri-lankan-cushion-orangish-yellow-sapphire-s30802/
S30803,1000.0,690.0,1.45,6.88,4.89,3.97,Yellow,Intense,Eye Clean,Emerald Cut,Emerald Cut,Heat Treated,Ceylon (Sri Lanka),https://www.thenaturalsapphirecompany.com/yellow-sapphires/1.45ct-ceylon-sri-lankan-emerald-cut-yellow-sapphire-s30803/
S38874,5859.0,525.0,11.16,13.15,10.24,10.42,Yellow,Light,Very Slightly Included,Oval,Mixed Brilliant Cut,No Enhancement,Ceylon (Sri Lanka),https://www.thenaturalsapphirecompany.com/yellow-sapphires/11.16ct-ceylon-sri-lankan-oval-yellow-sapphire-s38874/
S38077,553.0,700.0,0.79,7.16,6.19,2.1,Yellowish Green,Light,Slightly Included,Fancy,Step Cut,Heat Treated,Montana,https://www.thenaturalsapphirecompany.com/yellow-sapphires/0.79ct-montana-fancy-yellowish-green-sapphire-s38077/
U15375,850.0,1000.0,0.85,5.04,4.4,3.95,Greenish Yellow,Medium,Very Slightly Included,Radiant,Radiant Cut,Heat Treated,Montana,https://www.thenaturalsapphirecompany.com/yellow-sapphires/0.85ct-montana-radiant-greenish-yellow-sapphire-u15375/
U15384,740.0,1000.0,0.74,6.39,4.48,3.5,Greenish Yellow,Intense,Very Slightly Included,Oval,Mixed Brilliant Cut,Heat Treated,Montana,https://www.thenaturalsapphirecompany.com/yellow-sapphires/0.74ct-montana-oval-greenish-yellow-sapphire-u15384/
U15406,2299.0,1100.0,2.09,7.61,8.69,4.28,Yellowish Green,Intense,Very Slightly Included,Heart,Mixed Brilliant Cut,Heat Treated,Ceylon (Sri Lanka),https://www.thenaturalsapphirecompany.com/yellow-sapphires/2.09ct-ceylon-sri-lankan-heart-yellowish-green-sapphire-u15406/
Y5537,133.0,251.0,0.53,5.1,5.01,3.16,Yellow,Light,Very Slightly Included,Round,Mixed Brilliant Cut,No Enhancement,Ceylon (Sri Lanka),https://www.thenaturalsapphirecompany.com/yellow-sapphires/0.53ct-ceylon-sri-lankan-round-yellow-sapphire-y5537/
Y5506,1102.0,540.0,2.04,7.65,6.38,4.23,Yellow,Medium,Slightly Included,Emerald Cut,Emerald Cut,Heat Treated,Ceylon (Sri Lanka),https://www.thenaturalsapphirecompany.com/yellow-sapphires/2.04ct-ceylon-sri-lankan-emerald-cut-yellow-sapphire-y5506/
Y5507,629.0,480.0,1.31,7.17,5.02,3.73,Yellow,Light,Very Slightly Included,Radiant,Radiant Cut,Heat Treated,Ceylon (Sri Lanka),https://www.thenaturalsapphirecompany.com/yellow-sapphires/1.31ct-ceylon-sri-lankan-radiant-yellow-sapphire-y5507/
S48886,3454.0,2200.0,1.57,7.31,7.22,4.61,Yellowish Green,Intense,Very Very Slightly Included,Round,Mixed Brilliant Cut,No Enhancement,Madagascar,https://www.thenaturalsapphirecompany.com/yellow-sapphires/1.57ct-madagascar-round-yellowish-green-sapphire-s48886/
S34971,3618.0,1800.0,2.01,11.62,5.88,4.04,Yellowish Orange,Light,Very Slightly Included,Marquise,Mixed Brilliant Cut,No Enhancement,Ceylon (Sri Lanka),https://www.thenaturalsapphirecompany.com/yellow-sapphires/2.01ct-ceylon-sri-lankan-marquise-yellowish-orange-sapphire-s34971/
S48788,525.0,320.0,1.64,9.61,5.64,3.88,Yellow,Light,Slightly Included,Pear,Mixed Brilliant Cut,Heat Treated,Ceylon (Sri Lanka),https://www.thenaturalsapphirecompany.com/yellow-sapphires/1.64ct-ceylon-sri-lankan-pear-yellow-sapphire-s48788/
S48836,8595.0,2127.0,4.04,9.75,7.33,6.07,Yellow,Light,Eye Clean,Cushion,Mixed Brilliant Cut,No Enhancement,Ceylon (Sri Lanka),https://www.thenaturalsapphirecompany.com/yellow-sapphires/4.04ct-ceylon-sri-lankan-cushion-yellow-sapphire-s48836/
S48837,16867.0,2392.0,7.05,10.69,9.83,6.72,Yellow,Medium,Very Slightly Included,Cushion,Mixed Brilliant Cut,No Enhancement,Ceylon (Sri Lanka),https://www.thenaturalsapphirecompany.com/yellow-sapphires/7.05ct-ceylon-sri-lankan-cushion-yellow-sapphire-s48837/
S48838,19246.0,2640.0,7.29,11.22,10.78,6.67,Yellow,Light,Very Very Slightly Included,Cushion,Mixed Brilliant Cut,No Enhancement,Ceylon (Sri Lanka),https://www.thenaturalsapphirecompany.com/yellow-sapphires/7.29ct-ceylon-sri-lankan-cushion-yellow-sapphire-s48838/
S47378,330.0,300.0,1.1,5.3,5.2,4.5,Yellow,Light,Slightly Included,Cushion,Mixed Brilliant Cut,Heat Treated,Ceylon (Sri Lanka),https://www.thenaturalsapphirecompany.com/yellow-sapphires/1.10ct-ceylon-sri-lankan-cushion-yellow-sapphire-s47378/
S47379,795.0,500.0,1.59,6.39,6.4,4.98,Yellow,Intense,Slightly Included,Round,Mixed Brilliant Cut,Heat Treated,Ceylon (Sri Lanka),https://www.thenaturalsapphirecompany.com/yellow-sapphires/1.59ct-ceylon-sri-lankan-round-yellow-sapphire-s47379/
S46973,300.0,390.0,0.77,5.14,4.82,3.1,Yellowish Green,Intense,Slightly Included,Radiant,Radiant Cut,No Enhancement,Tanzania,https://www.thenaturalsapphirecompany.com/yellow-sapphires/0.77ct-tanzanian-radiant-yellowish-green-sapphire-s46973/
S4120,1864.0,800.0,2.33,11.07,6.69,4.34,Yellow,Light,Eye Clean,Pear,Mixed Brilliant Cut,No Enhancement,Ceylon (Sri Lanka),https://www.thenaturalsapphirecompany.com/yellow-sapphires/2.33ct-ceylon-sri-lankan-pear-yellow-sapphire-s4120/
S15728,426.0,300.0,1.42,7.26,7.25,3.85,Yellow,Medium,Very Slightly Included,Round,Mixed Brilliant Cut,No Enhancement,Ceylon (Sri Lanka),https://www.thenaturalsapphirecompany.com/yellow-sapphires/1.42ct-ceylon-sri-lankan-round-yellow-sapphire-s15728/
S15729,504.0,300.0,1.68,6.43,6.45,4.91,Yellow,Medium,Very Slightly Included,Round,Mixed Brilliant Cut,No Enhancement,Ceylon (Sri Lanka),https://www.thenaturalsapphirecompany.com/yellow-sapphires/1.68ct-ceylon-sri-lankan-round-yellow-sapphire-s15729/
S15731,612.0,300.0,2.04,7.6,7.59,4.66,Yellow,Medium,Very Slightly Included,Round,Mixed Brilliant Cut,No Enhancement,Ceylon (Sri Lanka),https://www.thenaturalsapphirecompany.com/yellow-sapphires/2.04ct-ceylon-sri-lankan-round-yellow-sapphire-s15731/
S21310,242.0,200.0,1.21,6.84,5.49,3.6,Yellowish Green,Medium,Very Slightly Included,Radiant,Radiant Cut,Heat Treated,Madagascar,https://www.thenaturalsapphirecompany.com/yellow-sapphires/1.21ct-madagascar-radiant-yellowish-green-sapphire-s21310/
S21315,200.0,244.0,0.82,5.98,4.22,3.11,Greenish Yellow,Intense,Very Slightly Included,Emerald Cut,Emerald Cut,Heat Treated,Madagascar,https://www.thenaturalsapphirecompany.com/yellow-sapphires/0.82ct-madagascar-emerald-cut-greenish-yellow-sapphire-s21315/
S21342,244.0,150.0,1.63,6.67,7.91,4.34,Yellowish Green,Intense,Slightly Included,Heart,Mixed Brilliant Cut,Heat Treated,Madagascar,https://www.thenaturalsapphirecompany.com/yellow-sapphires/1.63ct-madagascar-heart-yellowish-green-sapphire-s21342/
S26258,1432.0,800.0,1.79,7.1,6.61,4.2,Yellow,Medium,Very Slightly Included,Radiant,Radiant Cut,No Enhancement,Ceylon (Sri Lanka),https://www.thenaturalsapphirecompany.com/yellow-sapphires/1.79ct-ceylon-sri-lankan-radiant-yellow-sapphire-s26258/
S26259,1596.0,1101.0,1.45,7.12,7.12,3.98,Yellow,Intense,Eye Clean,Round,Mixed Brilliant Cut,Heat Treated,Ceylon (Sri Lanka),https://www.thenaturalsapphirecompany.com/yellow-sapphires/1.45ct-ceylon-sri-lankan-round-yellow-sapphire-s26259/
S30858,940.0,758.0,1.24,6.45,6.11,3.59,Yellowish Brown,Medium,Very Slightly Included,Asscher - Octagon,Asscher Cut,Heat Treated,Ceylon (Sri Lanka),https://www.thenaturalsapphirecompany.com/yellow-sapphires/1.24ct-ceylon-sri-lankan-asscher-octagon-yellowish-brown-sapphire-s30858/
S34744,2340.0,1614.0,1.45,6.58,6.6,4.48,Yellow,Intense,Eye Clean,Round,Mixed Brilliant Cut,Heat Treated,Ceylon (Sri Lanka),https://www.thenaturalsapphirecompany.com/yellow-sapphires/1.45ct-ceylon-sri-lankan-round-yellow-sapphire-s34744/
S38096,539.0,550.0,0.98,6.26,5.74,3.88,Yellowish Green,Light,Slightly Included,Fancy,Mixed Brilliant Cut,Heat Treated,Montana,https://www.thenaturalsapphirecompany.com/yellow-sapphires/0.98ct-montana-fancy-yellowish-green-sapphire-s38096/
S38100,644.0,700.0,0.92,6.83,5.9,2.0,Yellowish Green,Light,Very Very Slightly Included,Fancy,Step Cut,Heat Treated,Montana,https://www.thenaturalsapphirecompany.com/yellow-sapphires/0.92ct-montana-fancy-yellowish-green-sapphire-s38100/
S38110,798.0,600.0,1.33,7.18,6.19,2.71,Yellowish Orange,Light,Slightly Included,Fancy,Step Cut,Heat Treated,Montana,https://www.thenaturalsapphirecompany.com/yellow-sapphires/1.33ct-montana-fancy-yellowish-orange-sapphire-s38110/
S43793,500.0,521.0,0.96,5.95,4.84,4.03,Yellowish Green,Intense,Very Very Slightly Included,Oval,Mixed Brilliant Cut,No Enhancement,Tanzania,https://www.thenaturalsapphirecompany.com/yellow-sapphires/0.96ct-tanzanian-oval-yellowish-green-sapphire-s43793/
S43798,360.0,429.0,0.84,5.98,4.7,3.68,Yellowish Green,Intense,Eye Clean,Oval,Mixed Brilliant Cut,No Enhancement,Tanzania,https://www.thenaturalsapphirecompany.com/yellow-sapphires/0.84ct-tanzanian-oval-yellowish-green-sapphire-s43798/
S43799,300.0,405.0,0.74,5.83,5.11,3.14,Yellowish Green,Medium,Very Slightly Included,Oval,Mixed Brilliant Cut,No Enhancement,Tanzania,https://www.thenaturalsapphirecompany.com/yellow-sapphires/0.74ct-tanzanian-oval-yellowish-green-sapphire-s43799/
S43811,260.0,382.0,0.68,4.61,5.29,3.5,Yellowish Green,Medium,Very Slightly Included,Pear,Mixed Brilliant Cut,No Enhancement,Tanzania,https://www.thenaturalsapphirecompany.com/yellow-sapphires/0.68ct-tanzanian-pear-yellowish-green-sapphire-s43811/
S43812,260.0,394.0,0.66,7.15,4.42,2.85,Yellowish Green,Medium,Very Very Slightly Included,Pear,Mixed Brilliant Cut,No Enhancement,Tanzania,https://www.thenaturalsapphirecompany.com/yellow-sapphires/0.66ct-tanzanian-pear-yellowish-green-sapphire-s43812/
S45834,1648.0,800.0,2.06,8.13,6.91,4.25,Yellowish Green,Medium,Very Slightly Included,Cushion,Mixed Brilliant Cut,No Enhancement,Tanzania,https://www.thenaturalsapphirecompany.com/yellow-sapphires/2.06ct-tanzanian-cushion-yellowish-green-sapphire-s45834/
S45835,790.0,500.0,1.58,7.46,5.94,3.72,Yellow,Medium,Very Slightly Included,Emerald Cut,Emerald Cut,No Enhancement,Ceylon (Sri Lanka),https://www.thenaturalsapphirecompany.com/yellow-sapphires/1.58ct-ceylon-sri-lankan-emerald-cut-yellow-sapphire-s45835/
S45836,440.0,400.0,1.1,9.16,5.48,2.97,Yellow,Intense,Very Very Slightly Included,Pear,Mixed Brilliant Cut,Heat Treated,Ceylon (Sri Lanka),https://www.thenaturalsapphirecompany.com/yellow-sapphires/1.10ct-ceylon-sri-lankan-pear-yellow-sapphire-s45836/
S45841,1464.0,1200.0,1.22,6.83,6.81,3.81,Yellowish Green,Intense,Very Slightly Included,Round,Mixed Brilliant Cut,No Enhancement,Tanzania,https://www.thenaturalsapphirecompany.com/yellow-sapphires/1.22ct-tanzanian-round-yellowish-green-sapphire-s45841/
S47986,9027.0,3060.0,2.95,9.0,7.99,4.03,Yellowish Green,Intense,Slightly Included,Emerald Cut,Emerald Cut,No Enhancement,Kenya,https://www.thenaturalsapphirecompany.com/yellow-sapphires/2.95ct-kenyan-emerald-cut-yellowish-green-sapphire-s47986/
S47021,400.0,377.0,1.06,6.59,4.9,3.2,Yellow,Medium,Slightly Included,Emerald Cut,Emerald Cut,No Enhancement,Ceylon (Sri Lanka),https://www.thenaturalsapphirecompany.com/yellow-sapphires/1.06ct-ceylon-sri-lankan-emerald-cut-yellow-sapphire-s47021/
S48232,1200.0,686.0,1.75,6.24,6.13,4.79,Greenish Yellow,Intense,Very Very Slightly Included,Asscher - Octagon,Asscher Cut,No Enhancement,Madagascar,https://www.thenaturalsapphirecompany.com/yellow-sapphires/1.75ct-madagascar-asscher-octagon-greenish-yellow-sapphire-s48232/
S9027,1260.0,900.0,1.4,8.05,6.27,3.48,Yellow,Medium,Very Very Slightly Included,Oval,Mixed Brilliant Cut,Heat Treated,Ceylon (Sri Lanka),https://www.thenaturalsapphirecompany.com/yellow-sapphires/1.40ct-ceylon-sri-lankan-oval-yellow-sapphire-s9027/
S34543,324.0,400.0,0.81,6.51,4.79,3.39,Yellowish Green,Intense,Slightly Included,Pear,Mixed Brilliant Cut,No Enhancement,Madagascar,https://www.thenaturalsapphirecompany.com/yellow-sapphires/0.81ct-madagascar-pear-yellowish-green-sapphire-s34543/
S34551,147.0,300.0,0.49,5.15,3.97,2.92,Yellowish Green,Medium,Very Very Slightly Included,Oval,Mixed Brilliant Cut,Heat Treated,Madagascar,https://www.thenaturalsapphirecompany.com/yellow-sapphires/0.49ct-madagascar-oval-yellowish-green-sapphire-s34551/
S37961,31006.0,2544.0,12.19,13.43,12.13,8.35,Yellow,Intense,Very Slightly Included,Cushion,Mixed Brilliant Cut,No Enhancement,Ceylon (Sri Lanka),https://www.thenaturalsapphirecompany.com/yellow-sapphires/12.19ct-ceylon-sri-lankan-cushion-yellow-sapphire-s37961/
S41054,94.0,113.0,0.83,7.92,3.46,3.05,Yellow,Medium,Very Slightly Included,Emerald Cut,Emerald Cut,No Enhancement,Ceylon (Sri Lanka),https://www.thenaturalsapphirecompany.com/yellow-sapphires/0.83ct-ceylon-sri-lankan-emerald-cut-yellow-sapphire-s41054/
S41057,70.0,184.0,0.38,5.13,3.09,2.36,Yellow,Light,Very Slightly Included,Radiant,Radiant Cut,No Enhancement,Ceylon (Sri Lanka),https://www.thenaturalsapphirecompany.com/yellow-sapphires/0.38ct-ceylon-sri-lankan-radiant-yellow-sapphire-s41057/
S41062,121.0,181.0,0.67,5.83,4.69,3.16,Yellow,Light,Very Slightly Included,Oval,Mixed Brilliant Cut,No Enhancement,Ceylon (Sri Lanka),https://www.thenaturalsapphirecompany.com/yellow-sapphires/0.67ct-ceylon-sri-lankan-oval-yellow-sapphire-s41062/
S43685,220.0,190.0,1.16,5.81,4.4,4.61,Yellow,Faint,Very Slightly Included,Cushion,Mixed Brilliant Cut,No Enhancement,Ceylon (Sri Lanka),https://www.thenaturalsapphirecompany.com/yellow-sapphires/1.16ct-ceylon-sri-lankan-cushion-yellow-sapphire-s43685/
S43689,2639.0,1300.0,2.03,9.23,6.77,4.17,Yellow,Medium,Very Very Slightly Included,Oval,Mixed Brilliant Cut,No Enhancement,Ceylon (Sri Lanka),https://www.thenaturalsapphirecompany.com/yellow-sapphires/2.03ct-ceylon-sri-lankan-oval-yellow-sapphire-s43689/
S43695,18533.0,1980.0,9.36,12.57,10.1,7.55,Yellow,Intense,Very Very Slightly Included,Cushion,Mixed Brilliant Cut,No Enhancement,Ceylon (Sri Lanka),https://www.thenaturalsapphirecompany.com/yellow-sapphires/9.36ct-ceylon-sri-lankan-cushion-yellow-sapphire-s43695/
S47731,200.0,364.0,0.55,4.46,4.03,2.9,Yellow,Light,Included,Radiant,Radiant Cut,No Enhancement,Ceylon (Sri Lanka),https://www.thenaturalsapphirecompany.com/yellow-sapphires/0.55ct-ceylon-sri-lankan-radiant-yellow-sapphire-s47731/
S47732,200.0,303.0,0.66,5.11,3.66,3.46,Yellow,Light,Slightly Included,Radiant,Radiant Cut,No Enhancement,Ceylon (Sri Lanka),https://www.thenaturalsapphirecompany.com/yellow-sapphires/0.66ct-ceylon-sri-lankan-radiant-yellow-sapphire-s47732/
S47769,836.0,400.0,2.09,10.44,6.76,3.8,Yellow,Light,Very Slightly Included,Pear,Mixed Brilliant Cut,Heat Treated,Ceylon (Sri Lanka),https://www.thenaturalsapphirecompany.com/yellow-sapphires/2.09ct-ceylon-sri-lankan-pear-yellow-sapphire-s47769/
S47725,600.0,583.0,1.03,6.16,4.69,3.44,Yellow,Medium,Slightly Included,Emerald Cut,Emerald Cut,Heat Treated,Ceylon (Sri Lanka),https://www.thenaturalsapphirecompany.com/yellow-sapphires/1.03ct-ceylon-sri-lankan-emerald-cut-yellow-sapphire-s47725/
S47726,600.0,577.0,1.04,6.12,5.05,3.72,Yellow,Light,Slightly Included,Radiant,Radiant Cut,No Enhancement,Ceylon (Sri Lanka),https://www.thenaturalsapphirecompany.com/yellow-sapphires/1.04ct-ceylon-sri-lankan-radiant-yellow-sapphire-s47726/
S47727,600.0,577.0,1.04,6.33,4.53,3.59,Orangish Yellow,Intense,Slightly Included,Cushion,Mixed Brilliant Cut,Heat Treated,Ceylon (Sri Lanka),https://www.thenaturalsapphirecompany.com/yellow-sapphires/1.04ct-ceylon-sri-lankan-cushion-orangish-yellow-sapphire-s47727/
S47728,600.0,556.0,1.08,5.86,5.46,3.32,Yellow,Intense,Very Slightly Included,Asscher - Octagon,Asscher Cut,Heat Treated,Ceylon (Sri Lanka),https://www.thenaturalsapphirecompany.com/yellow-sapphires/1.08ct-ceylon-sri-lankan-asscher-octagon-yellow-sapphire-s47728/
S47729,900.0,584.0,1.54,7.47,5.27,3.87,Yellow,Light,Very Slightly Included,Emerald Cut,Emerald Cut,Heat Treated,Ceylon (Sri Lanka),https://www.thenaturalsapphirecompany.com/yellow-sapphires/1.54ct-ceylon-sri-lankan-emerald-cut-yellow-sapphire-s47729/
U14805,65.0,181.0,0.36,4.05,4.05,2.65,Yellowish Brown,Light,Very Slightly Included,Asscher - Octagon,Asscher Cut,No Enhancement,Ceylon (Sri Lanka),https://www.thenaturalsapphirecompany.com/yellow-sapphires/0.36ct-ceylon-sri-lankan-asscher-octagon-yellowish-brown-sapphire-u14805/
U14835,58.0,181.0,0.32,3.98,3.96,2.5,Yellowish Orange,Intense,Very Slightly Included,Asscher - Octagon,Asscher Cut,No Enhancement,Ceylon (Sri Lanka),https://www.thenaturalsapphirecompany.com/yellow-sapphires/0.32ct-ceylon-sri-lankan-asscher-octagon-yellowish-orange-sapphire-u14835/
U14836,67.0,181.0,0.37,4.02,3.92,2.83,Yellowish Green,Light,Very Slightly Included,Asscher - Octagon,Asscher Cut,No Enhancement,Ceylon (Sri Lanka),https://www.thenaturalsapphirecompany.com/yellow-sapphires/0.37ct-ceylon-sri-lankan-asscher-octagon-yellowish-green-sapphire-u14836/
S47374,504.0,350.0,1.44,7.91,5.86,3.73,Orangish Yellow,Intense,Eye Clean,Oval,Mixed Brilliant Cut,Heat Treated,Ceylon (Sri Lanka),https://www.thenaturalsapphirecompany.com/yellow-sapphires/1.44ct-ceylon-sri-lankan-oval-orangish-yellow-sapphire-s47374/
S21054,200.0,308.0,0.65,5.21,5.2,2.79,Yellow,Light,Very Very Slightly Included,Princess,Princess Cut,No Enhancement,Ceylon (Sri Lanka),https://www.thenaturalsapphirecompany.com/yellow-sapphires/0.65ct-ceylon-sri-lankan-princess-yellow-sapphire-s21054/
S21062,2460.0,1200.0,2.05,9.63,6.38,4.5,Yellow,Medium,Very Very Slightly Included,Pear,Mixed Brilliant Cut,No Enhancement,Ceylon (Sri Lanka),https://www.thenaturalsapphirecompany.com/yellow-sapphires/2.05ct-ceylon-sri-lankan-pear-yellow-sapphire-s21062/
Y5454,189.0,300.0,0.63,4.79,4.76,3.44,Yellow,Vivid,Very Slightly Included,Cushion,Mixed Brilliant Cut,Heat Treated,Ceylon (Sri Lanka),https://www.thenaturalsapphirecompany.com/yellow-sapphires/0.63ct-ceylon-sri-lankan-cushion-yellow-sapphire-y5454/
Y5460,169.0,219.0,0.77,6.7,4.68,3.39,Yellow,Vivid,Eye Clean,Oval,Mixed Brilliant Cut,Heat Treated,Ceylon (Sri Lanka),https://www.thenaturalsapphirecompany.com/yellow-sapphires/0.77ct-ceylon-sri-lankan-oval-yellow-sapphire-y5460/
Y5467,282.0,300.0,0.94,5.95,5.82,4.02,Yellow,Intense,Very Slightly Included,Round,Mixed Brilliant Cut,Heat Treated,Ceylon (Sri Lanka),https://www.thenaturalsapphirecompany.com/yellow-sapphires/0.94ct-ceylon-sri-lankan-round-yellow-sapphire-y5467/
Y5473,207.0,300.0,0.69,5.56,5.69,3.5,Yellowish Orange,Vivid,Very Slightly Included,Trillion,Trillion Cut,Heat Treated,Ceylon (Sri Lanka),https://www.thenaturalsapphirecompany.com/yellow-sapphires/0.69ct-ceylon-sri-lankan-trillion-yellowish-orange-sapphire-y5473/
Y5475,213.0,300.0,0.71,5.65,5.59,3.42,Yellow,Vivid,Very Slightly Included,Trillion,Trillion Cut,Heat Treated,Ceylon (Sri Lanka),https://www.thenaturalsapphirecompany.com/yellow-sapphires/0.71ct-ceylon-sri-lankan-trillion-yellow-sapphire-y5475/
Y5476,277.0,351.0,0.79,6.13,6.2,3.17,Orangish Yellow,Vivid,Very Slightly Included,Trillion,Trillion Cut,Heat Treated,Ceylon (Sri Lanka),https://www.thenaturalsapphirecompany.com/yellow-sapphires/0.79ct-ceylon-sri-lankan-trillion-orangish-yellow-sapphire-y5476/
Y5477,277.0,351.0,0.79,5.82,5.7,3.73,Yellowish Orange,Vivid,Slightly Included,Trillion,Trillion Cut,Heat Treated,Ceylon (Sri Lanka),https://www.thenaturalsapphirecompany.com/yellow-sapphires/0.79ct-ceylon-sri-lankan-trillion-yellowish-orange-sapphire-y5477/
Y5478,253.0,320.0,0.79,5.98,5.93,3.5,Yellow,Intense,Eye Clean,Trillion,Trillion Cut,Heat Treated,Ceylon (Sri Lanka),https://www.thenaturalsapphirecompany.com/yellow-sapphires/0.79ct-ceylon-sri-lankan-trillion-yellow-sapphire-y5478/
Y5479,262.0,320.0,0.82,6.07,6.13,3.34,Yellow,Vivid,Eye Clean,Trillion,Trillion Cut,Heat Treated,Ceylon (Sri Lanka),https://www.thenaturalsapphirecompany.com/yellow-sapphires/0.82ct-ceylon-sri-lankan-trillion-yellow-sapphire-y5479/
Y5480,269.0,320.0,0.84,6.02,5.92,3.6,Yellow,Vivid,Very Slightly Included,Trillion,Trillion Cut,Heat Treated,Ceylon (Sri Lanka),https://www.thenaturalsapphirecompany.com/yellow-sapphires/0.84ct-ceylon-sri-lankan-trillion-yellow-sapphire-y5480/
Y5481,278.0,320.0,0.87,6.1,6.05,3.49,Yellow,Vivid,Very Slightly Included,Trillion,Trillion Cut,Heat Treated,Ceylon (Sri Lanka),https://www.thenaturalsapphirecompany.com/yellow-sapphires/0.87ct-ceylon-sri-lankan-trillion-yellow-sapphire-y5481/
Y5482,275.0,320.0,0.86,6.07,6.14,3.4,Yellow,Intense,Very Slightly Included,Trillion,Trillion Cut,Heat Treated,Ceylon (Sri Lanka),https://www.thenaturalsapphirecompany.com/yellow-sapphires/0.86ct-ceylon-sri-lankan-trillion-yellow-sapphire-y5482/
Y5483,326.0,351.0,0.93,5.98,6.17,3.88,Yellow,Medium,Very Slightly Included,Trillion,Trillion Cut,Heat Treated,Ceylon (Sri Lanka),https://www.thenaturalsapphirecompany.com/yellow-sapphires/0.93ct-ceylon-sri-lankan-trillion-yellow-sapphire-y5483/
Y5485,288.0,300.0,0.96,6.19,6.11,3.54,Yellow,Vivid,Very Slightly Included,Trillion,Trillion Cut,Heat Treated,Ceylon (Sri Lanka),https://www.thenaturalsapphirecompany.com/yellow-sapphires/0.96ct-ceylon-sri-lankan-trillion-yellow-sapphire-y5485/
Y5486,310.0,320.0,0.97,6.06,6.2,4.08,Yellow,Vivid,Very Slightly Included,Trillion,Trillion Cut,Heat Treated,Ceylon (Sri Lanka),https://www.thenaturalsapphirecompany.com/yellow-sapphires/0.97ct-ceylon-sri-lankan-trillion-yellow-sapphire-y5486/
Y5509,128.0,221.0,0.58,5.11,5.07,3.29,Yellowish Orange,Intense,Very Slightly Included,Trillion,Trillion Cut,Heat Treated,Ceylon (Sri Lanka),https://www.thenaturalsapphirecompany.com/yellow-sapphires/0.58ct-ceylon-sri-lankan-trillion-yellowish-orange-sapphire-y5509/
Y5512,163.0,251.0,0.65,6.56,4.68,2.91,Yellow,Vivid,Very Slightly Included,Oval,Mixed Brilliant Cut,Heat Treated,Ceylon (Sri Lanka),https://www.thenaturalsapphirecompany.com/yellow-sapphires/0.65ct-ceylon-sri-lankan-oval-yellow-sapphire-y5512/
Y5513,175.0,250.0,0.7,5.6,5.48,3.48,Yellow,Intense,Very Slightly Included,Round,Mixed Brilliant Cut,Heat Treated,Ceylon (Sri Lanka),https://www.thenaturalsapphirecompany.com/yellow-sapphires/0.70ct-ceylon-sri-lankan-round-yellow-sapphire-y5513/
Y5514,178.0,251.0,0.71,6.7,4.85,3.37,Yellowish Orange,Intense,Very Slightly Included,Pear,Mixed Brilliant Cut,Heat Treated,Ceylon (Sri Lanka),https://www.thenaturalsapphirecompany.com/yellow-sapphires/0.71ct-ceylon-sri-lankan-pear-yellowish-orange-sapphire-y5514/
Y5516,163.0,220.0,0.74,5.67,5.56,3.53,Yellow,Light,Very Slightly Included,Round,Mixed Brilliant Cut,Heat Treated,Ceylon (Sri Lanka),https://www.thenaturalsapphirecompany.com/yellow-sapphires/0.74ct-ceylon-sri-lankan-round-yellow-sapphire-y5516/
S48396,856.0,800.0,1.07,7.91,5.03,4.36,Yellow,Medium,Very Very Slightly Included,Marquise,Mixed Brilliant Cut,Heat Treated,Ceylon (Sri Lanka),https://www.thenaturalsapphirecompany.com/yellow-sapphires/1.07ct-ceylon-sri-lankan-marquise-yellow-sapphire-s48396/
S48832,5781.0,2312.0,2.5,8.91,7.13,4.99,Yellow,Medium,Very Very Slightly Included,Oval,Mixed Brilliant Cut,Heat Treated,Ceylon (Sri Lanka),https://www.thenaturalsapphirecompany.com/yellow-sapphires/2.50ct-ceylon-sri-lankan-oval-yellow-sapphire-s48832/
S11778,4262.0,1110.0,3.84,9.34,10.68,5.21,Yellow,Intense,Eye Clean,Heart,Mixed Brilliant Cut,No Enhancement,Ceylon (Sri Lanka),https://www.thenaturalsapphirecompany.com/yellow-sapphires/3.84ct-ceylon-sri-lankan-heart-yellow-sapphire-s11778/
S48192,900.0,857.0,1.05,6.71,4.77,3.26,Yellowish Green,Intense,Slightly Included,Radiant,Radiant Cut,No Enhancement,Madagascar,https://www.thenaturalsapphirecompany.com/yellow-sapphires/1.05ct-madagascar-radiant-yellowish-green-sapphire-s48192/
S17586,642.0,600.0,1.07,6.83,5.84,3.52,Yellow,Medium,Very Slightly Included,Fancy,Step Cut,Heat Treated,Tanzania,https://www.thenaturalsapphirecompany.com/yellow-sapphires/1.07ct-tanzanian-fancy-yellow-sapphire-s17586/
Y5490,690.0,1000.0,0.69,5.74,5.85,3.2,Yellowish Green,Medium,Slightly Included,Trillion,Trillion Cut,Heat Treated,Montana,https://www.thenaturalsapphirecompany.com/yellow-sapphires/0.69ct-montana-trillion-yellowish-green-sapphire-y5490/
S47709,800.0,741.0,1.08,6.42,4.97,3.4,Yellow,Medium,Slightly Included,Radiant,Radiant Cut,No Enhancement,Ceylon (Sri Lanka),https://www.thenaturalsapphirecompany.com/yellow-sapphires/1.08ct-ceylon-sri-lankan-radiant-yellow-sapphire-s47709/
S47949,1758.0,950.0,1.85,7.44,6.19,3.94,Yellowish Green,Medium,Very Very Slightly Included,Emerald Cut,Emerald Cut,Heat Treated,Madagascar,https://www.thenaturalsapphirecompany.com/yellow-sapphires/1.85ct-madagascar-emerald-cut-yellowish-green-sapphire-s47949/
S45734,439.0,346.0,1.27,6.48,4.73,4.53,Yellow,Vivid,Slightly Included,Radiant,Radiant Cut,No Enhancement,Ceylon (Sri Lanka),https://www.thenaturalsapphirecompany.com/yellow-sapphires/1.27ct-ceylon-sri-lankan-radiant-yellow-sapphire-s45734/
S45735,201.0,236.0,0.85,5.93,4.61,3.39,Yellow,Light,Very Very Slightly Included,Radiant,Radiant Cut,No Enhancement,Ceylon (Sri Lanka),https://www.thenaturalsapphirecompany.com/yellow-sapphires/0.85ct-ceylon-sri-lankan-radiant-yellow-sapphire-s45735/
S47785,710.0,1000.0,0.71,5.6,5.43,3.05,Greenish Yellow,Intense,Slightly Included,Cushion,Mixed Brilliant Cut,No Enhancement,Ceylon (Sri Lanka),https://www.thenaturalsapphirecompany.com/yellow-sapphires/0.71ct-ceylon-sri-lankan-cushion-greenish-yellow-sapphire-s47785/
S47791,1110.0,1000.0,1.11,6.54,4.59,3.69,Yellow,Light,Very Slightly Included,Cushion,Mixed Brilliant Cut,Heat Treated,Ceylon (Sri Lanka),https://www.thenaturalsapphirecompany.com/yellow-sapphires/1.11ct-ceylon-sri-lankan-cushion-yellow-sapphire-s47791/
S4790,552.0,600.0,0.92,6.41,5.14,3.67,Yellow,Intense,Very Slightly Included,Oval,Mixed Brilliant Cut,Heat Treated,Australia,https://www.thenaturalsapphirecompany.com/yellow-sapphires/0.92ct-australian-oval-yellow-sapphire-s4790/
S43774,501.0,506.0,0.99,6.25,5.42,3.27,Yellowish Green,Medium,Slightly Included,Oval,Mixed Brilliant Cut,No Enhancement,Tanzania,https://www.thenaturalsapphirecompany.com/yellow-sapphires/0.99ct-tanzanian-oval-yellowish-green-sapphire-s43774/
S43780,400.0,385.0,1.04,7.2,5.89,2.77,Yellowish Green,Intense,Slightly Included,Oval,Mixed Brilliant Cut,No Enhancement,Tanzania,https://www.thenaturalsapphirecompany.com/yellow-sapphires/1.04ct-tanzanian-oval-yellowish-green-sapphire-s43780/
Y5518,211.0,271.0,0.78,5.66,5.61,3.74,Yellow,Intense,Very Slightly Included,Round,Mixed Brilliant Cut,Heat Treated,Ceylon (Sri Lanka),https://www.thenaturalsapphirecompany.com/yellow-sapphires/0.78ct-ceylon-sri-lankan-round-yellow-sapphire-y5518/
Y5519,174.0,220.0,0.79,6.94,5.0,3.26,Yellow,Medium,Very Slightly Included,Oval,Mixed Brilliant Cut,Heat Treated,Ceylon (Sri Lanka),https://www.thenaturalsapphirecompany.com/yellow-sapphires/0.79ct-ceylon-sri-lankan-oval-yellow-sapphire-y5519/
Y5521,307.0,370.0,0.83,6.06,6.14,3.46,Yellow,Medium,Very Slightly Included,Trillion,Trillion Cut,Heat Treated,Ceylon (Sri Lanka),https://www.thenaturalsapphirecompany.com/yellow-sapphires/0.83ct-ceylon-sri-lankan-trillion-yellow-sapphire-y5521/
Y5522,210.0,250.0,0.84,5.67,5.56,3.92,Yellow,Medium,Very Slightly Included,Round,Mixed Brilliant Cut,Heat Treated,Ceylon (Sri Lanka),https://www.thenaturalsapphirecompany.com/yellow-sapphires/0.84ct-ceylon-sri-lankan-round-yellow-sapphire-y5522/
Y5523,185.0,220.0,0.84,7.16,5.1,3.16,Yellow,Vivid,Very Slightly Included,Oval,Mixed Brilliant Cut,Heat Treated,Ceylon (Sri Lanka),https://www.thenaturalsapphirecompany.com/yellow-sapphires/0.84ct-ceylon-sri-lankan-oval-yellow-sapphire-y5523/
Y5524,315.0,371.0,0.85,6.09,6.08,3.61,Yellow,Intense,Very Slightly Included,Trillion,Trillion Cut,Heat Treated,Ceylon (Sri Lanka),https://www.thenaturalsapphirecompany.com/yellow-sapphires/0.85ct-ceylon-sri-lankan-trillion-yellow-sapphire-y5524/
Y5525,261.0,300.0,0.87,5.98,6.17,3.62,Yellow,Intense,Very Slightly Included,Trillion,Trillion Cut,Heat Treated,Ceylon (Sri Lanka),https://www.thenaturalsapphirecompany.com/yellow-sapphires/0.87ct-ceylon-sri-lankan-trillion-yellow-sapphire-y5525/
Y5526,220.0,250.0,0.88,7.1,5.01,3.32,Orangish Yellow,Vivid,Very Slightly Included,Oval,Mixed Brilliant Cut,Heat Treated,Ceylon (Sri Lanka),https://www.thenaturalsapphirecompany.com/yellow-sapphires/0.88ct-ceylon-sri-lankan-oval-orangish-yellow-sapphire-y5526/
Y5527,364.0,400.0,0.91,6.12,6.24,3.67,Yellow,Intense,Very Slightly Included,Trillion,Trillion Cut,Heat Treated,Ceylon (Sri Lanka),https://www.thenaturalsapphirecompany.com/yellow-sapphires/0.91ct-ceylon-sri-lankan-trillion-yellow-sapphire-y5527/
Y5528,279.0,300.0,0.93,6.07,6.05,3.72,Yellow,Medium,Eye Clean,Trillion,Trillion Cut,Heat Treated,Ceylon (Sri Lanka),https://www.thenaturalsapphirecompany.com/yellow-sapphires/0.93ct-ceylon-sri-lankan-trillion-yellow-sapphire-y5528/
S19808,4625.0,2171.0,2.13,8.32,6.18,4.58,Yellowish Green,Intense,Very Slightly Included,Oval,Mixed Brilliant Cut,No Enhancement,Ceylon (Sri Lanka),https://www.thenaturalsapphirecompany.com/yellow-sapphires/2.13ct-ceylon-sri-lankan-oval-yellowish-green-sapphire-s19808/
S42355,1008.0,900.0,1.12,6.63,5.65,3.78,Greenish Yellow,Intense,Very Very Slightly Included,Oval,Mixed Brilliant Cut,Heat Treated,Montana,https://www.thenaturalsapphirecompany.com/yellow-sapphires/1.12ct-montana-oval-greenish-yellow-sapphire-s42355/
Y5399,186.0,270.0,0.69,6.12,3.98,3.13,Yellow,Vivid,Very Slightly Included,Radiant,Radiant Cut,Heat Treated,Ceylon (Sri Lanka),https://www.thenaturalsapphirecompany.com/yellow-sapphires/0.69ct-ceylon-sri-lankan-radiant-yellow-sapphire-y5399/
Y5400,186.0,270.0,0.69,6.19,4.11,3.1,Greenish Yellow,Medium,Very Slightly Included,Radiant,Radiant Cut,Heat Treated,Ceylon (Sri Lanka),https://www.thenaturalsapphirecompany.com/yellow-sapphires/0.69ct-ceylon-sri-lankan-radiant-greenish-yellow-sapphire-y5400/
S40851,4081.0,2429.0,1.68,6.58,6.53,4.98,Yellowish Green,Medium,Very Slightly Included,Round,Mixed Brilliant Cut,No Enhancement,Montana,https://www.thenaturalsapphirecompany.com/yellow-sapphires/1.68ct-montana-round-yellowish-green-sapphire-s40851/
S47540,8560.0,2295.0,3.73,8.58,9.35,6.58,Yellow,Medium,Eye Clean,Heart,Mixed Brilliant Cut,No Enhancement,Ceylon (Sri Lanka),https://www.thenaturalsapphirecompany.com/yellow-sapphires/3.73ct-ceylon-sri-lankan-heart-yellow-sapphire-s47540/
S6416,4499.0,1480.0,3.04,11.34,7.34,4.84,Yellow,Medium,Eye Clean,Pear,Mixed Brilliant Cut,No Enhancement,Ceylon (Sri Lanka),https://www.thenaturalsapphirecompany.com/yellow-sapphires/3.04ct-ceylon-sri-lankan-pear-yellow-sapphire-s6416/
S48938,32263.0,3565.0,9.05,13.61,10.08,7.57,Yellowish Orange,Vivid,Eye Clean,Oval,Mixed Brilliant Cut,Heat Treated,Ceylon (Sri Lanka),https://www.thenaturalsapphirecompany.com/yellow-sapphires/9.05ct-ceylon-sri-lankan-oval-yellowish-orange-sapphire-s48938/
S48506,200.0,204.0,0.98,6.12,4.99,3.58,Orangish Yellow,Intense,Slightly Included,Cushion,Mixed Brilliant Cut,No Enhancement,Ceylon (Sri Lanka),https://www.thenaturalsapphirecompany.com/yellow-sapphires/0.98ct-ceylon-sri-lankan-cushion-orangish-yellow-sapphire-s48506/
S15959,780.0,500.0,1.56,7.93,5.9,4.03,Yellow,Light,Slightly Included,Pear,Mixed Brilliant Cut,No Enhancement,Ceylon (Sri Lanka),https://www.thenaturalsapphirecompany.com/yellow-sapphires/1.56ct-ceylon-sri-lankan-pear-yellow-sapphire-s15959/
S20970,3588.0,1150.0,3.12,9.75,7.86,5.23,Yellow,Intense,Very Very Slightly Included,Oval,Mixed Brilliant Cut,Heat Treated,Ceylon (Sri Lanka),https://www.thenaturalsapphirecompany.com/yellow-sapphires/3.12ct-ceylon-sri-lankan-oval-yellow-sapphire-s20970/
S25991,808.0,550.0,1.47,6.09,6.05,4.57,Orangish Yellow,Intense,Very Very Slightly Included,Round,Mixed Brilliant Cut,Lattice Diffused,Ceylon (Sri Lanka),https://www.thenaturalsapphirecompany.com/yellow-sapphires/1.47ct-ceylon-sri-lankan-round-orangish-yellow-sapphire-s25991/
S25995,840.0,500.0,1.68,7.91,6.17,4.0,Orangish Yellow,Intense,Very Slightly Included,Oval,Mixed Brilliant Cut,Lattice Diffused,Ceylon (Sri Lanka),https://www.thenaturalsapphirecompany.com/yellow-sapphires/1.68ct-ceylon-sri-lankan-oval-orangish-yellow-sapphire-s25995/
S30504,3980.0,3402.0,1.17,6.29,6.93,3.58,Yellowish Brown,Medium,Slightly Included,Trillion,Trillion Cut,No Enhancement,Madagascar,https://www.thenaturalsapphirecompany.com/yellow-sapphires/1.17ct-madagascar-trillion-yellowish-brown-sapphire-s30504/
S30505,1850.0,984.0,1.88,9.08,7.06,3.34,Yellowish Brown,Medium,Very Very Slightly Included,Pear,Mixed Brilliant Cut,No Enhancement,Thailand,https://www.thenaturalsapphirecompany.com/yellow-sapphires/1.88ct-thai-pear-yellowish-brown-sapphire-s30505/
S30517,3240.0,1200.0,2.7,7.66,7.66,5.4,Yellow,Medium,Very Slightly Included,Cushion,Mixed Brilliant Cut,No Enhancement,Ceylon (Sri Lanka),https://www.thenaturalsapphirecompany.com/yellow-sapphires/2.70ct-ceylon-sri-lankan-cushion-yellow-sapphire-s30517/
S34467,127.0,202.0,0.63,5.66,4.43,3.04,Yellowish Green,Medium,Very Very Slightly Included,Oval,Mixed Brilliant Cut,No Enhancement,Madagascar,https://www.thenaturalsapphirecompany.com/yellow-sapphires/0.63ct-madagascar-oval-yellowish-green-sapphire-s34467/
S34470,288.0,400.0,0.72,5.83,4.48,3.22,Yellowish Green,Medium,Eye Clean,Fancy,Mixed Brilliant Cut,No Enhancement,Madagascar,https://www.thenaturalsapphirecompany.com/yellow-sapphires/0.72ct-madagascar-fancy-yellowish-green-sapphire-s34470/
S34477,360.0,500.0,0.72,7.19,4.58,2.88,Yellowish Green,Medium,Very Slightly Included,Pear,Mixed Brilliant Cut,No Enhancement,Madagascar,https://www.thenaturalsapphirecompany.com/yellow-sapphires/0.72ct-madagascar-pear-yellowish-green-sapphire-s34477/
S34481,420.0,500.0,0.84,5.91,4.58,3.6,Yellowish Green,Medium,Very Slightly Included,Oval,Mixed Brilliant Cut,No Enhancement,Madagascar,https://www.thenaturalsapphirecompany.com/yellow-sapphires/0.84ct-madagascar-oval-yellowish-green-sapphire-s34481/
S34483,400.0,500.0,0.8,5.61,4.32,3.49,Yellowish Green,Medium,Very Very Slightly Included,Radiant,Radiant Cut,No Enhancement,Madagascar,https://www.thenaturalsapphirecompany.com/yellow-sapphires/0.80ct-madagascar-radiant-yellowish-green-sapphire-s34483/
S37909,720.0,558.0,1.29,6.16,6.12,3.73,Yellowish Green,Intense,Slightly Included,Radiant,Radiant Cut,No Enhancement,India,https://www.thenaturalsapphirecompany.com/yellow-sapphires/1.29ct-indian-radiant-yellowish-green-sapphire-s37909/
S43651,700.0,642.0,1.09,5.95,5.06,3.94,Yellowish Green,Intense,Very Very Slightly Included,Emerald Cut,Emerald Cut,No Enhancement,Madagascar,https://www.thenaturalsapphirecompany.com/yellow-sapphires/1.09ct-madagascar-emerald-cut-yellowish-green-sapphire-s43651/
S43653,501.0,268.0,1.87,8.79,5.55,3.62,Greenish Yellow,Intense,Very Slightly Included,Emerald Cut,Emerald Cut,No Enhancement,Ceylon (Sri Lanka),https://www.thenaturalsapphirecompany.com/yellow-sapphires/1.87ct-ceylon-sri-lankan-emerald-cut-greenish-yellow-sapphire-s43653/
S43657,249.0,166.0,1.5,6.4,7.19,4.5,Yellow,Medium,Very Slightly Included,Heart,Mixed Brilliant Cut,No Enhancement,Ceylon (Sri Lanka),https://www.thenaturalsapphirecompany.com/yellow-sapphires/1.50ct-ceylon-sri-lankan-heart-yellow-sapphire-s43657/
S43658,199.0,188.0,1.06,5.98,7.36,3.77,Yellow,Intense,Very Very Slightly Included,Trillion,Trillion Cut,No Enhancement,Ceylon (Sri Lanka),https://www.thenaturalsapphirecompany.com/yellow-sapphires/1.06ct-ceylon-sri-lankan-trillion-yellow-sapphire-s43658/
S42330,1133.0,1100.0,1.03,6.5,5.2,3.49,Yellowish Green,Intense,Eye Clean,Radiant,Mixed Brilliant Cut,Heat Treated,Montana,https://www.thenaturalsapphirecompany.com/yellow-sapphires/1.03ct-montana-radiant-yellowish-green-sapphire-s42330/
Y5396,168.0,251.0,0.67,6.01,4.14,3.13,Yellow,Medium,Very Slightly Included,Radiant,Radiant Cut,Heat Treated,Ceylon (Sri Lanka),https://www.thenaturalsapphirecompany.com/yellow-sapphires/0.67ct-ceylon-sri-lankan-radiant-yellow-sapphire-y5396/
Y5397,218.0,321.0,0.68,5.11,5.03,3.36,Yellow,Vivid,Very Slightly Included,Cushion,Mixed Brilliant Cut,Heat Treated,Ceylon (Sri Lanka),https://www.thenaturalsapphirecompany.com/yellow-sapphires/0.68ct-ceylon-sri-lankan-cushion-yellow-sapphire-y5397/
S48598,770.0,503.0,1.53,6.35,5.89,4.23,Yellow,Medium,Included,Radiant,Radiant Cut,No Enhancement,Ceylon (Sri Lanka),https://www.thenaturalsapphirecompany.com/yellow-sapphires/1.53ct-ceylon-sri-lankan-radiant-yellow-sapphire-s48598/
S47028,1300.0,613.0,2.12,7.18,6.79,4.91,Yellow,Medium,Slightly Included,Radiant,Radiant Cut,No Enhancement,Ceylon (Sri Lanka),https://www.thenaturalsapphirecompany.com/yellow-sapphires/2.12ct-ceylon-sri-lankan-radiant-yellow-sapphire-s47028/
S47967,1344.0,600.0,2.24,8.8,6.45,4.6,Yellow,Light,Very Slightly Included,Oval,Mixed Brilliant Cut,Heat Treated,Ceylon (Sri Lanka),https://www.thenaturalsapphirecompany.com/yellow-sapphires/2.24ct-ceylon-sri-lankan-oval-yellow-sapphire-s47967/
Y5424,214.0,319.0,0.67,5.21,5.06,3.38,Yellow,Vivid,Very Slightly Included,Cushion,Mixed Brilliant Cut,Heat Treated,Ceylon (Sri Lanka),https://www.thenaturalsapphirecompany.com/yellow-sapphires/0.67ct-ceylon-sri-lankan-cushion-yellow-sapphire-y5424/
Y5425,218.0,321.0,0.68,5.05,5.0,3.54,Yellow,Vivid,Very Slightly Included,Cushion,Mixed Brilliant Cut,Heat Treated,Ceylon (Sri Lanka),https://www.thenaturalsapphirecompany.com/yellow-sapphires/0.68ct-ceylon-sri-lankan-cushion-yellow-sapphire-y5425/
Y5426,218.0,321.0,0.68,5.08,5.04,3.4,Yellow,Vivid,Very Slightly Included,Cushion,Mixed Brilliant Cut,Heat Treated,Ceylon (Sri Lanka),https://www.thenaturalsapphirecompany.com/yellow-sapphires/0.68ct-ceylon-sri-lankan-cushion-yellow-sapphire-y5426/
Y5428,234.0,321.0,0.73,5.17,5.17,3.52,Yellow,Vivid,Very Slightly Included,Cushion,Mixed Brilliant Cut,Heat Treated,Ceylon (Sri Lanka),https://www.thenaturalsapphirecompany.com/yellow-sapphires/0.73ct-ceylon-sri-lankan-cushion-yellow-sapphire-y5428/
Y5430,237.0,320.0,0.74,5.1,5.07,3.69,Yellow,Intense,Very Slightly Included,Cushion,Mixed Brilliant Cut,Heat Treated,Ceylon (Sri Lanka),https://www.thenaturalsapphirecompany.com/yellow-sapphires/0.74ct-ceylon-sri-lankan-cushion-yellow-sapphire-y5430/
Y5431,237.0,320.0,0.74,5.24,5.15,3.5,Yellow,Vivid,Very Slightly Included,Cushion,Mixed Brilliant Cut,Heat Treated,Ceylon (Sri Lanka),https://www.thenaturalsapphirecompany.com/yellow-sapphires/0.74ct-ceylon-sri-lankan-cushion-yellow-sapphire-y5431/
Y5432,243.0,320.0,0.76,5.16,5.15,3.56,Yellow,Vivid,Very Slightly Included,Cushion,Mixed Brilliant Cut,Heat Treated,Ceylon (Sri Lanka),https://www.thenaturalsapphirecompany.com/yellow-sapphires/0.76ct-ceylon-sri-lankan-cushion-yellow-sapphire-y5432/
Y5433,253.0,320.0,0.79,5.22,5.12,3.56,Yellow,Vivid,Eye Clean,Cushion,Mixed Brilliant Cut,Heat Treated,Ceylon (Sri Lanka),https://www.thenaturalsapphirecompany.com/yellow-sapphires/0.79ct-ceylon-sri-lankan-cushion-yellow-sapphire-y5433/
Y5434,340.0,351.0,0.97,5.54,5.49,4.03,Yellow,Vivid,Very Slightly Included,Cushion,Mixed Brilliant Cut,Heat Treated,Ceylon (Sri Lanka),https://www.thenaturalsapphirecompany.com/yellow-sapphires/0.97ct-ceylon-sri-lankan-cushion-yellow-sapphire-y5434/
Y5436,125.0,219.0,0.57,6.66,4.44,3.03,Orangish Yellow,Vivid,Eye Clean,Pear,Mixed Brilliant Cut,Heat Treated,Ceylon (Sri Lanka),https://www.thenaturalsapphirecompany.com/yellow-sapphires/0.57ct-ceylon-sri-lankan-pear-orangish-yellow-sapphire-y5436/
Y5438,145.0,220.0,0.66,6.98,4.67,3.06,Orangish Yellow,Vivid,Very Slightly Included,Pear,Mixed Brilliant Cut,Heat Treated,Ceylon (Sri Lanka),https://www.thenaturalsapphirecompany.com/yellow-sapphires/0.66ct-ceylon-sri-lankan-pear-orangish-yellow-sapphire-y5438/
Y5439,117.0,170.0,0.69,7.0,5.14,3.13,Yellow,Intense,Very Slightly Included,Pear,Mixed Brilliant Cut,Heat Treated,Ceylon (Sri Lanka),https://www.thenaturalsapphirecompany.com/yellow-sapphires/0.69ct-ceylon-sri-lankan-pear-yellow-sapphire-y5439/
Y5441,158.0,200.0,0.79,7.08,4.89,3.6,Orangish Yellow,Vivid,Eye Clean,Pear,Mixed Brilliant Cut,Heat Treated,Ceylon (Sri Lanka),https://www.thenaturalsapphirecompany.com/yellow-sapphires/0.79ct-ceylon-sri-lankan-pear-orangish-yellow-sapphire-y5441/
Y5442,172.0,221.0,0.78,7.12,5.19,3.15,Orangish Yellow,Vivid,Slightly Included,Pear,Mixed Brilliant Cut,Heat Treated,Ceylon (Sri Lanka),https://www.thenaturalsapphirecompany.com/yellow-sapphires/0.78ct-ceylon-sri-lankan-pear-orangish-yellow-sapphire-y5442/
Y5443,174.0,220.0,0.79,7.14,5.05,3.36,Yellow,Vivid,Very Slightly Included,Pear,Mixed Brilliant Cut,Heat Treated,Ceylon (Sri Lanka),https://www.thenaturalsapphirecompany.com/yellow-sapphires/0.79ct-ceylon-sri-lankan-pear-yellow-sapphire-y5443/
Y5444,183.0,220.0,0.83,6.91,5.3,3.31,Orangish Yellow,Vivid,Eye Clean,Pear,Mixed Brilliant Cut,Heat Treated,Ceylon (Sri Lanka),https://www.thenaturalsapphirecompany.com/yellow-sapphires/0.83ct-ceylon-sri-lankan-pear-orangish-yellow-sapphire-y5444/
Y5446,301.0,350.0,0.86,6.0,6.07,3.57,Yellowish Orange,Vivid,Very Slightly Included,Trillion,Trillion Cut,Heat Treated,Ceylon (Sri Lanka),https://www.thenaturalsapphirecompany.com/yellow-sapphires/0.86ct-ceylon-sri-lankan-trillion-yellowish-orange-sapphire-y5446/
Y5447,218.0,251.0,0.87,7.12,5.21,3.72,Orangish Yellow,Medium,Eye Clean,Pear,Mixed Brilliant Cut,Heat Treated,Ceylon (Sri Lanka),https://www.thenaturalsapphirecompany.com/yellow-sapphires/0.87ct-ceylon-sri-lankan-pear-orangish-yellow-sapphire-y5447/
Y5448,227.0,220.0,1.03,7.92,5.86,3.45,Yellow,Medium,Very Slightly Included,Pear,Mixed Brilliant Cut,Heat Treated,Ceylon (Sri Lanka),https://www.thenaturalsapphirecompany.com/yellow-sapphires/1.03ct-ceylon-sri-lankan-pear-yellow-sapphire-y5448/
Y5450,312.0,300.0,1.04,7.75,5.56,3.52,Orangish Yellow,Vivid,Very Slightly Included,Pear,Mixed Brilliant Cut,Heat Treated,Ceylon (Sri Lanka),https://www.thenaturalsapphirecompany.com/yellow-sapphires/1.04ct-ceylon-sri-lankan-pear-orangish-yellow-sapphire-y5450/
Y5453,155.0,250.0,0.62,5.27,5.19,3.35,Yellow,Light,Very Slightly Included,Round,Mixed Brilliant Cut,No Enhancement,Ceylon (Sri Lanka),https://www.thenaturalsapphirecompany.com/yellow-sapphires/0.62ct-ceylon-sri-lankan-round-yellow-sapphire-y5453/
S46998,500.0,350.0,1.43,6.84,4.99,4.48,Yellow,Medium,Slightly Included,Radiant,Radiant Cut,No Enhancement,Ceylon (Sri Lanka),https://www.thenaturalsapphirecompany.com/yellow-sapphires/1.43ct-ceylon-sri-lankan-radiant-yellow-sapphire-s46998/
S48548,470.0,461.0,1.02,8.92,4.69,3.05,Yellow,Medium,Very Slightly Included,Marquise,Mixed Brilliant Cut,Heat Treated,Ceylon (Sri Lanka),https://www.thenaturalsapphirecompany.com/yellow-sapphires/1.02ct-ceylon-sri-lankan-marquise-yellow-sapphire-s48548/
S15475,12835.0,2125.0,6.04,12.0,9.15,6.67,Yellow,Medium,Very Slightly Included,Oval,Mixed Brilliant Cut,No Enhancement,Ceylon (Sri Lanka),https://www.thenaturalsapphirecompany.com/yellow-sapphires/6.04ct-ceylon-sri-lankan-oval-yellow-sapphire-s15475/
S15476,8610.0,850.0,10.13,13.71,10.57,8.34,Yellow,Light,Very Slightly Included,Oval,Mixed Brilliant Cut,No Enhancement,Ceylon (Sri Lanka),https://www.thenaturalsapphirecompany.com/yellow-sapphires/10.13ct-ceylon-sri-lankan-oval-yellow-sapphire-s15476/
S21011,239.0,272.0,0.88,5.68,4.63,3.77,Yellow,Light,Slightly Included,Cushion,Mixed Brilliant Cut,No Enhancement,Ceylon (Sri Lanka),https://www.thenaturalsapphirecompany.com/yellow-sapphires/0.88ct-ceylon-sri-lankan-cushion-yellow-sapphire-s21011/
S21018,219.0,252.0,0.87,6.97,4.02,3.48,Orangish Yellow,Medium,Very Very Slightly Included,Oval,Mixed Brilliant Cut,No Enhancement,Ceylon (Sri Lanka),https://www.thenaturalsapphirecompany.com/yellow-sapphires/0.87ct-ceylon-sri-lankan-oval-orangish-yellow-sapphire-s21018/
S21047,2000.0,1000.0,2.0,7.26,6.71,4.66,Yellow,Light,Very Very Slightly Included,Cushion,Mixed Brilliant Cut,No Enhancement,Ceylon (Sri Lanka),https://www.thenaturalsapphirecompany.com/yellow-sapphires/2.00ct-ceylon-sri-lankan-cushion-yellow-sapphire-s21047/
S26017,1435.0,700.0,2.05,8.97,6.44,4.42,Yellow,Intense,Very Very Slightly Included,Oval,Mixed Brilliant Cut,Heat Treated,Ceylon (Sri Lanka),https://www.thenaturalsapphirecompany.com/yellow-sapphires/2.05ct-ceylon-sri-lankan-oval-yellow-sapphire-s26017/
S30615,2440.0,1000.0,2.44,8.88,6.87,3.86,Yellow,Light,Eye Clean,Radiant,Radiant Cut,No Enhancement,Tanzania,https://www.thenaturalsapphirecompany.com/yellow-sapphires/2.44ct-tanzanian-radiant-yellow-sapphire-s30615/
S30619,1568.0,700.0,2.24,7.17,6.32,4.78,Yellow,Light,Very Slightly Included,Radiant,Radiant Cut,No Enhancement,Tanzania,https://www.thenaturalsapphirecompany.com/yellow-sapphires/2.24ct-tanzanian-radiant-yellow-sapphire-s30619/
S30620,2332.0,700.0,3.33,9.66,7.42,4.98,Yellow,Light,Very Slightly Included,Oval,Mixed Brilliant Cut,No Enhancement,Tanzania,https://www.thenaturalsapphirecompany.com/yellow-sapphires/3.33ct-tanzanian-oval-yellow-sapphire-s30620/
S34490,245.0,402.0,0.61,5.98,4.01,2.97,Yellowish Green,Medium,Very Very Slightly Included,Oval,Mixed Brilliant Cut,No Enhancement,Madagascar,https://www.thenaturalsapphirecompany.com/yellow-sapphires/0.61ct-madagascar-oval-yellowish-green-sapphire-s34490/
S41024,450.0,652.0,0.69,6.94,4.31,3.05,Yellowish Green,Intense,Slightly Included,Pear,Mixed Brilliant Cut,Heat Treated,Madagascar,https://www.thenaturalsapphirecompany.com/yellow-sapphires/0.69ct-madagascar-pear-yellowish-green-sapphire-s41024/
S41037,700.0,642.0,1.09,6.31,4.85,3.72,Yellowish Green,Medium,Slightly Included,Emerald Cut,Emerald Cut,Heat Treated,Madagascar,https://www.thenaturalsapphirecompany.com/yellow-sapphires/1.09ct-madagascar-emerald-cut-yellowish-green-sapphire-s41037/
S41042,600.0,632.0,0.95,5.97,4.71,3.37,Yellowish Green,Medium,Slightly Included,Radiant,Radiant Cut,Heat Treated,Madagascar,https://www.thenaturalsapphirecompany.com/yellow-sapphires/0.95ct-madagascar-radiant-yellowish-green-sapphire-s41042/
S43682,122.0,200.0,0.61,6.12,4.3,2.76,Yellow,Light,Very Slightly Included,Cushion,Mixed Brilliant Cut,No Enhancement,Ceylon (Sri Lanka),https://www.thenaturalsapphirecompany.com/yellow-sapphires/0.61ct-ceylon-sri-lankan-cushion-yellow-sapphire-s43682/
S43683,148.0,200.0,0.74,6.66,4.77,2.98,Yellow,Medium,Very Very Slightly Included,Oval,Mixed Brilliant Cut,No Enhancement,Ceylon (Sri Lanka),https://www.thenaturalsapphirecompany.com/yellow-sapphires/0.74ct-ceylon-sri-lankan-oval-yellow-sapphire-s43683/
S37052,1166.0,666.0,1.75,8.14,5.77,4.54,Yellow,Vivid,Very Very Slightly Included,Oval,Mixed Brilliant Cut,Heat Treated,Africa,https://www.thenaturalsapphirecompany.com/yellow-sapphires/1.75ct-african-oval-yellow-sapphire-s37052/
S40712,2800.0,875.0,3.2,10.21,7.17,4.49,Yellowish Green,Medium,Very Very Slightly Included,Cushion,Mixed Brilliant Cut,No Enhancement,Ceylon (Sri Lanka),https://www.thenaturalsapphirecompany.com/yellow-sapphires/3.20ct-ceylon-sri-lankan-cushion-yellowish-green-sapphire-s40712/
Y5402,216.0,300.0,0.72,6.03,4.08,3.34,Yellowish Orange,Intense,Very Slightly Included,Radiant,Radiant Cut,Heat Treated,Ceylon (Sri Lanka),https://www.thenaturalsapphirecompany.com/yellow-sapphires/0.72ct-ceylon-sri-lankan-radiant-yellowish-orange-sapphire-y5402/
Y5403,256.0,320.0,0.8,5.27,5.22,3.79,Yellow,Medium,Very Slightly Included,Cushion,Mixed Brilliant Cut,Heat Treated,Ceylon (Sri Lanka),https://www.thenaturalsapphirecompany.com/yellow-sapphires/0.80ct-ceylon-sri-lankan-cushion-yellow-sapphire-y5403/
Y5404,290.0,330.0,0.88,6.5,4.54,3.36,Yellow,Vivid,Very Slightly Included,Emerald Cut,Emerald Cut,Heat Treated,Ceylon (Sri Lanka),https://www.thenaturalsapphirecompany.com/yellow-sapphires/0.88ct-ceylon-sri-lankan-emerald-cut-yellow-sapphire-y5404/
Y5405,381.0,370.0,1.03,7.07,5.12,3.44,Yellow,Medium,Very Slightly Included,Radiant,Radiant Cut,Heat Treated,Ceylon (Sri Lanka),https://www.thenaturalsapphirecompany.com/yellow-sapphires/1.03ct-ceylon-sri-lankan-radiant-yellow-sapphire-y5405/
Y5406,368.0,350.0,1.05,7.0,5.0,3.51,Yellow,Intense,Very Slightly Included,Radiant,Radiant Cut,Heat Treated,Ceylon (Sri Lanka),https://www.thenaturalsapphirecompany.com/yellow-sapphires/1.05ct-ceylon-sri-lankan-radiant-yellow-sapphire-y5406/
Y5408,436.0,400.0,1.09,7.05,4.98,3.63,Yellow,Intense,Slightly Included,Radiant,Radiant Cut,Heat Treated,Ceylon (Sri Lanka),https://www.thenaturalsapphirecompany.com/yellow-sapphires/1.09ct-ceylon-sri-lankan-radiant-yellow-sapphire-y5408/
Y5409,444.0,400.0,1.11,6.93,5.16,3.72,Yellowish Orange,Vivid,Eye Clean,Radiant,Radiant Cut,Heat Treated,Ceylon (Sri Lanka),https://www.thenaturalsapphirecompany.com/yellow-sapphires/1.11ct-ceylon-sri-lankan-radiant-yellowish-orange-sapphire-y5409/
Y5411,345.0,300.0,1.15,6.99,5.17,3.74,Yellow,Medium,Very Slightly Included,Radiant,Radiant Cut,Heat Treated,Ceylon (Sri Lanka),https://www.thenaturalsapphirecompany.com/yellow-sapphires/1.15ct-ceylon-sri-lankan-radiant-yellow-sapphire-y5411/
Y5412,472.0,400.0,1.18,7.01,5.12,3.67,Yellow,Intense,Very Slightly Included,Radiant,Radiant Cut,Heat Treated,Ceylon (Sri Lanka),https://www.thenaturalsapphirecompany.com/yellow-sapphires/1.18ct-ceylon-sri-lankan-radiant-yellow-sapphire-y5412/
Y5413,452.0,350.0,1.29,7.08,5.04,4.01,Yellow,Medium,Very Slightly Included,Radiant,Radiant Cut,Heat Treated,Ceylon (Sri Lanka),https://www.thenaturalsapphirecompany.com/yellow-sapphires/1.29ct-ceylon-sri-lankan-radiant-yellow-sapphire-y5413/
Y5415,147.0,300.0,0.49,4.63,4.62,3.0,Yellow,Intense,Eye Clean,Cushion,Mixed Brilliant Cut,Heat Treated,Ceylon (Sri Lanka),https://www.thenaturalsapphirecompany.com/yellow-sapphires/0.49ct-ceylon-sri-lankan-cushion-yellow-sapphire-y5415/
Y5416,170.0,321.0,0.53,5.02,4.96,2.95,Yellow,Medium,Very Slightly Included,Cushion,Mixed Brilliant Cut,Heat Treated,Ceylon (Sri Lanka),https://www.thenaturalsapphirecompany.com/yellow-sapphires/0.53ct-ceylon-sri-lankan-cushion-yellow-sapphire-y5416/
Y5417,162.0,300.0,0.54,4.65,4.62,3.33,Yellow,Vivid,Very Slightly Included,Cushion,Mixed Brilliant Cut,Heat Treated,Ceylon (Sri Lanka),https://www.thenaturalsapphirecompany.com/yellow-sapphires/0.54ct-ceylon-sri-lankan-cushion-yellow-sapphire-y5417/
Y5418,192.0,320.0,0.6,5.1,5.07,3.09,Yellow,Intense,Very Slightly Included,Cushion,Mixed Brilliant Cut,Heat Treated,Ceylon (Sri Lanka),https://www.thenaturalsapphirecompany.com/yellow-sapphires/0.60ct-ceylon-sri-lankan-cushion-yellow-sapphire-y5418/
Y5419,205.0,320.0,0.64,5.14,5.08,3.21,Yellow,Vivid,Very Slightly Included,Cushion,Mixed Brilliant Cut,Heat Treated,Ceylon (Sri Lanka),https://www.thenaturalsapphirecompany.com/yellow-sapphires/0.64ct-ceylon-sri-lankan-cushion-yellow-sapphire-y5419/
Y5420,205.0,320.0,0.64,5.17,5.16,3.25,Yellow,Vivid,Very Slightly Included,Cushion,Mixed Brilliant Cut,Heat Treated,Ceylon (Sri Lanka),https://www.thenaturalsapphirecompany.com/yellow-sapphires/0.64ct-ceylon-sri-lankan-cushion-yellow-sapphire-y5420/
Y5421,205.0,320.0,0.64,5.12,4.97,3.28,Yellow,Vivid,Very Slightly Included,Cushion,Mixed Brilliant Cut,Heat Treated,Ceylon (Sri Lanka),https://www.thenaturalsapphirecompany.com/yellow-sapphires/0.64ct-ceylon-sri-lankan-cushion-yellow-sapphire-y5421/
Y5422,208.0,320.0,0.65,5.11,5.0,3.41,Yellow,Medium,Very Slightly Included,Cushion,Mixed Brilliant Cut,Heat Treated,Ceylon (Sri Lanka),https://www.thenaturalsapphirecompany.com/yellow-sapphires/0.65ct-ceylon-sri-lankan-cushion-yellow-sapphire-y5422/
Y5423,208.0,320.0,0.65,5.26,5.24,3.27,Yellow,Intense,Very Slightly Included,Cushion,Mixed Brilliant Cut,Heat Treated,Ceylon (Sri Lanka),https://www.thenaturalsapphirecompany.com/yellow-sapphires/0.65ct-ceylon-sri-lankan-cushion-yellow-sapphire-y5423/
S36770,450.0,300.0,1.5,8.05,5.76,4.02,Yellow,Intense,Very Very Slightly Included,Oval,Mixed Brilliant Cut,No Enhancement,Ceylon (Sri Lanka),https://www.thenaturalsapphirecompany.com/yellow-sapphires/1.50ct-ceylon-sri-lankan-oval-yellow-sapphire-s36770/
S41315,1001.0,700.0,1.43,7.34,7.25,3.93,Yellowish Green,Intense,Very Slightly Included,Round,Mixed Brilliant Cut,Heat Treated,Madagascar,https://www.thenaturalsapphirecompany.com/yellow-sapphires/1.43ct-madagascar-round-yellowish-green-sapphire-s41315/
S41318,1771.0,700.0,2.53,9.12,9.14,4.69,Yellowish Green,Dark,Very Slightly Included,Round,Mixed Brilliant Cut,Heat Treated,Madagascar,https://www.thenaturalsapphirecompany.com/yellow-sapphires/2.53ct-madagascar-round-yellowish-green-sapphire-s41318/
S41321,3802.0,925.0,4.11,11.33,8.27,4.75,Yellowish Green,Intense,Eye Clean,Oval,Mixed Brilliant Cut,Heat Treated,Madagascar,https://www.thenaturalsapphirecompany.com/yellow-sapphires/4.11ct-madagascar-oval-yellowish-green-sapphire-s41321/
S41322,2440.0,1000.0,2.44,9.77,7.12,3.96,Yellowish Green,Intense,Very Slightly Included,Oval,Mixed Brilliant Cut,Heat Treated,Madagascar,https://www.thenaturalsapphirecompany.com/yellow-sapphires/2.44ct-madagascar-oval-yellowish-green-sapphire-s41322/
S44221,9649.0,1870.0,5.16,10.83,8.46,5.83,Yellowish Orange,Vivid,Eye Clean,Emerald Cut,Emerald Cut,Heat Treated,Ceylon (Sri Lanka),https://www.thenaturalsapphirecompany.com/yellow-sapphires/5.16ct-ceylon-sri-lankan-emerald-cut-yellowish-orange-sapphire-s44221/
S37660,3861.0,1313.0,2.94,7.7,7.56,5.7,Yellow,Light,Very Very Slightly Included,Radiant,Radiant Cut,No Enhancement,Ceylon (Sri Lanka),https://www.thenaturalsapphirecompany.com/yellow-sapphires/2.94ct-ceylon-sri-lankan-radiant-yellow-sapphire-s37660/
S35062,2814.0,1400.0,2.01,8.26,6.16,4.26,Yellow,Light,Very Very Slightly Included,Radiant,Radiant Cut,Heat Treated,Montana,https://www.thenaturalsapphirecompany.com/yellow-sapphires/2.01ct-montana-radiant-yellow-sapphire-s35062/
S44232,3928.0,1018.0,3.86,8.79,9.3,6.6,Yellow,Light,Eye Clean,Heart,Mixed Brilliant Cut,Heat Treated,Ceylon (Sri Lanka),https://www.thenaturalsapphirecompany.com/yellow-sapphires/3.86ct-ceylon-sri-lankan-heart-yellow-sapphire-s44232/
S5351,189.0,300.0,0.63,4.94,4.7,3.1,Yellow,Intense,Slightly Included,Asscher - Octagon,Asscher Cut,No Enhancement,Ceylon (Sri Lanka),https://www.thenaturalsapphirecompany.com/yellow-sapphires/0.63ct-ceylon-sri-lankan-asscher-octagon-yellow-sapphire-s5351/
S5353,216.0,300.0,0.72,4.95,4.45,3.21,Yellow,Faint,Very Slightly Included,Asscher - Octagon,Asscher Cut,No Enhancement,Ceylon (Sri Lanka),https://www.thenaturalsapphirecompany.com/yellow-sapphires/0.72ct-ceylon-sri-lankan-asscher-octagon-yellow-sapphire-s5353/
S5354,219.0,300.0,0.73,5.84,4.64,2.69,Yellow,Faint,Very Slightly Included,Emerald Cut,Emerald Cut,No Enhancement,Ceylon (Sri Lanka),https://www.thenaturalsapphirecompany.com/yellow-sapphires/0.73ct-ceylon-sri-lankan-emerald-cut-yellow-sapphire-s5354/
S5355,228.0,300.0,0.76,5.6,4.34,3.2,Yellow,Light,Very Slightly Included,Emerald Cut,Emerald Cut,No Enhancement,Ceylon (Sri Lanka),https://www.thenaturalsapphirecompany.com/yellow-sapphires/0.76ct-ceylon-sri-lankan-emerald-cut-yellow-sapphire-s5355/
S5356,234.0,300.0,0.78,5.01,4.6,3.4,Yellow,Medium,Included,Princess,Princess Cut,No Enhancement,Ceylon (Sri Lanka),https://www.thenaturalsapphirecompany.com/yellow-sapphires/0.78ct-ceylon-sri-lankan-princess-yellow-sapphire-s5356/
S5362,327.0,300.0,1.09,6.44,4.64,3.67,Yellow,Light,Very Slightly Included,Emerald Cut,Emerald Cut,No Enhancement,Ceylon (Sri Lanka),https://www.thenaturalsapphirecompany.com/yellow-sapphires/1.09ct-ceylon-sri-lankan-emerald-cut-yellow-sapphire-s5362/
S31439,954.0,380.0,2.51,8.8,7.34,4.6,Yellow,Vivid,Very Slightly Included,Oval,Mixed Brilliant Cut,Lattice Diffused,Ceylon (Sri Lanka),https://www.thenaturalsapphirecompany.com/yellow-sapphires/2.51ct-ceylon-sri-lankan-oval-yellow-sapphire-s31439/
S15774,1050.0,700.0,1.5,7.12,5.49,3.84,Yellow,Light,Very Slightly Included,Cushion,Mixed Brilliant Cut,No Enhancement,Ceylon (Sri Lanka),https://www.thenaturalsapphirecompany.com/yellow-sapphires/1.50ct-ceylon-sri-lankan-cushion-yellow-sapphire-s15774/
S17669,369.0,310.0,1.19,6.47,5.32,4.18,Yellow,Light,Slightly Included,Oval,Mixed Brilliant Cut,No Enhancement,Ceylon (Sri Lanka),https://www.thenaturalsapphirecompany.com/yellow-sapphires/1.19ct-ceylon-sri-lankan-oval-yellow-sapphire-s17669/
S17728,1039.0,446.0,2.33,7.78,6.97,4.7,Yellow,Faint,Very Slightly Included,Cushion,Mixed Brilliant Cut,No Enhancement,Ceylon (Sri Lanka),https://www.thenaturalsapphirecompany.com/yellow-sapphires/2.33ct-ceylon-sri-lankan-cushion-yellow-sapphire-s17728/
S17729,641.0,364.0,1.76,8.06,6.39,4.38,Yellow,Light,Very Slightly Included,Oval,Mixed Brilliant Cut,No Enhancement,Ceylon (Sri Lanka),https://www.thenaturalsapphirecompany.com/yellow-sapphires/1.76ct-ceylon-sri-lankan-oval-yellow-sapphire-s17729/
S17889,760.0,442.0,1.72,7.66,6.87,4.19,Yellow,Light,Very Slightly Included,Oval,Mixed Brilliant Cut,No Enhancement,Ceylon (Sri Lanka),https://www.thenaturalsapphirecompany.com/yellow-sapphires/1.72ct-ceylon-sri-lankan-oval-yellow-sapphire-s17889/
S35483,270.0,360.0,0.75,5.31,5.5,3.38,Yellowish Green,Intense,Very Slightly Included,Round,Mixed Brilliant Cut,Heat Treated,Madagascar,https://www.thenaturalsapphirecompany.com/yellow-sapphires/0.75ct-madagascar-round-yellowish-green-sapphire-s35483/
S5371,474.0,300.0,1.58,7.4,6.46,3.81,Yellow,Intense,Slightly Included,Oval,Mixed Brilliant Cut,No Enhancement,Ceylon (Sri Lanka),https://www.thenaturalsapphirecompany.com/yellow-sapphires/1.58ct-ceylon-sri-lankan-oval-yellow-sapphire-s5371/
S9475,4091.0,1341.0,3.05,8.82,7.93,4.67,Orangish Yellow,Intense,Eye Clean,Asscher - Octagon,Asscher Cut,Heat Treated,Ceylon (Sri Lanka),https://www.thenaturalsapphirecompany.com/yellow-sapphires/3.05ct-ceylon-sri-lankan-asscher-octagon-orangish-yellow-sapphire-s9475/
S33407,1100.0,500.0,2.2,8.32,5.77,5.31,Yellow,Light,Eye Clean,Oval,Mixed Brilliant Cut,No Enhancement,Ceylon (Sri Lanka),https://www.thenaturalsapphirecompany.com/yellow-sapphires/2.20ct-ceylon-sri-lankan-oval-yellow-sapphire-s33407/
S43455,1280.0,640.0,2.0,8.21,6.15,4.79,Yellowish Green,Intense,Very Slightly Included,Oval,Mixed Brilliant Cut,Heat Treated,Madagascar,https://www.thenaturalsapphirecompany.com/yellow-sapphires/2.00ct-madagascar-oval-yellowish-green-sapphire-s43455/
S43835,3333.0,1100.0,3.03,8.74,6.74,5.18,Yellow,Intense,Very Very Slightly Included,Cushion,Mixed Brilliant Cut,No Enhancement,Ceylon (Sri Lanka),https://www.thenaturalsapphirecompany.com/yellow-sapphires/3.03ct-ceylon-sri-lankan-cushion-yellow-sapphire-s43835/
S48840,4694.0,2312.0,2.03,12.04,5.36,3.73,Yellow,Intense,Very Very Slightly Included,Marquise,Mixed Brilliant Cut,Heat Treated,Ceylon (Sri Lanka),https://www.thenaturalsapphirecompany.com/yellow-sapphires/2.03ct-ceylon-sri-lankan-marquise-yellow-sapphire-s48840/
S48916,59.0,100.0,0.59,4.96,4.87,3.02,Greenish Yellow,Intense,Very Slightly Included,Round,Mixed Brilliant Cut,Heat Treated,Ceylon (Sri Lanka),https://www.thenaturalsapphirecompany.com/yellow-sapphires/0.59ct-ceylon-sri-lankan-round-greenish-yellow-sapphire-s48916/
Y5394,160.0,250.0,0.64,6.07,4.21,2.92,Yellow,Medium,Very Slightly Included,Radiant,Radiant Cut,Heat Treated,Ceylon (Sri Lanka),https://www.thenaturalsapphirecompany.com/yellow-sapphires/0.64ct-ceylon-sri-lankan-radiant-yellow-sapphire-y5394/
Y5395,208.0,320.0,0.65,5.16,5.06,3.17,Yellow,Vivid,Eye Clean,Cushion,Mixed Brilliant Cut,Heat Treated,Ceylon (Sri Lanka),https://www.thenaturalsapphirecompany.com/yellow-sapphires/0.65ct-ceylon-sri-lankan-cushion-yellow-sapphire-y5395/
S28966,2496.0,1200.0,2.08,7.49,6.21,4.95,Yellow,Light,Eye Clean,Radiant,Radiant Cut,No Enhancement,Ceylon (Sri Lanka),https://www.thenaturalsapphirecompany.com/yellow-sapphires/2.08ct-ceylon-sri-lankan-radiant-yellow-sapphire-s28966/
S33252,556.0,501.0,1.11,5.94,5.54,3.93,Yellow,Medium,Very Very Slightly Included,Radiant,Radiant Cut,No Enhancement,Ceylon (Sri Lanka),https://www.thenaturalsapphirecompany.com/yellow-sapphires/1.11ct-ceylon-sri-lankan-radiant-yellow-sapphire-s33252/
S38553,2534.0,700.0,3.62,11.77,9.11,4.01,Yellowish Orange,Vivid,Very Slightly Included,Pear,Mixed Brilliant Cut,Heat Treated,Ceylon (Sri Lanka),https://www.thenaturalsapphirecompany.com/yellow-sapphires/3.62ct-ceylon-sri-lankan-pear-yellowish-orange-sapphire-s38553/
S41305,987.0,700.0,1.41,8.13,6.16,3.21,Yellowish Green,Intense,Very Very Slightly Included,Oval,Mixed Brilliant Cut,Heat Treated,Madagascar,https://www.thenaturalsapphirecompany.com/yellow-sapphires/1.41ct-madagascar-oval-yellowish-green-sapphire-s41305/
S15467,44752.0,2790.0,16.04,15.45,12.34,9.51,Yellow,Intense,Very Slightly Included,Oval,Mixed Brilliant Cut,No Enhancement,Ceylon (Sri Lanka),https://www.thenaturalsapphirecompany.com/yellow-sapphires/16.04ct-ceylon-sri-lankan-oval-yellow-sapphire-s15467/
S15470,40571.0,3875.0,10.47,15.85,11.87,6.26,Orangish Yellow,Medium,Very Slightly Included,Oval,Mixed Brilliant Cut,No Enhancement,Ceylon (Sri Lanka),https://www.thenaturalsapphirecompany.com/yellow-sapphires/10.47ct-ceylon-sri-lankan-oval-orangish-yellow-sapphire-s15470/
U14671,204.0,240.0,0.85,5.6,4.57,3.71,Yellowish Green,Intense,Eye Clean,Oval,Mixed Brilliant Cut,Heat Treated,Ceylon (Sri Lanka),https://www.thenaturalsapphirecompany.com/yellow-sapphires/0.85ct-ceylon-sri-lankan-oval-yellowish-green-sapphire-u14671/
Y5357,482.0,450.0,1.07,5.86,5.86,3.44,Yellow,Intense,Eye Clean,Princess,Princess Cut,Heat Treated,Ceylon (Sri Lanka),https://www.thenaturalsapphirecompany.com/yellow-sapphires/1.07ct-ceylon-sri-lankan-princess-yellow-sapphire-y5357/
Y5358,666.0,600.0,1.11,6.3,4.23,4.29,Yellow,Intense,Very Slightly Included,Radiant,Radiant Cut,No Enhancement,Ceylon (Sri Lanka),https://www.thenaturalsapphirecompany.com/yellow-sapphires/1.11ct-ceylon-sri-lankan-radiant-yellow-sapphire-y5358/
Y5360,670.0,500.0,1.34,6.36,5.58,3.93,Yellow,Light,Very Slightly Included,Radiant,Radiant Cut,Heat Treated,Ceylon (Sri Lanka),https://www.thenaturalsapphirecompany.com/yellow-sapphires/1.34ct-ceylon-sri-lankan-radiant-yellow-sapphire-y5360/
Y5368,2160.0,1000.0,2.16,10.76,7.36,3.9,Yellow,Intense,Slightly Included,Pear,Mixed Brilliant Cut,No Enhancement,Ceylon (Sri Lanka),https://www.thenaturalsapphirecompany.com/yellow-sapphires/2.16ct-ceylon-sri-lankan-pear-yellow-sapphire-y5368/
Y5370,95.0,221.0,0.43,6.14,3.97,2.62,Yellow,Intense,Eye Clean,Pear,Mixed Brilliant Cut,Heat Treated,Ceylon (Sri Lanka),https://www.thenaturalsapphirecompany.com/yellow-sapphires/0.43ct-ceylon-sri-lankan-pear-yellow-sapphire-y5370/
Y5372,112.0,200.0,0.56,6.41,4.41,3.05,Orangish Yellow,Intense,Slightly Included,Pear,Mixed Brilliant Cut,Heat Treated,Ceylon (Sri Lanka),https://www.thenaturalsapphirecompany.com/yellow-sapphires/0.56ct-ceylon-sri-lankan-pear-orangish-yellow-sapphire-y5372/
Y5374,141.0,220.0,0.64,6.57,4.51,3.3,Orangish Yellow,Intense,Very Slightly Included,Pear,Mixed Brilliant Cut,Heat Treated,Ceylon (Sri Lanka),https://www.thenaturalsapphirecompany.com/yellow-sapphires/0.64ct-ceylon-sri-lankan-pear-orangish-yellow-sapphire-y5374/
Y5375,145.0,220.0,0.66,7.05,5.13,2.87,Yellow,Medium,Very Slightly Included,Pear,Mixed Brilliant Cut,Heat Treated,Ceylon (Sri Lanka),https://www.thenaturalsapphirecompany.com/yellow-sapphires/0.66ct-ceylon-sri-lankan-pear-yellow-sapphire-y5375/
Y5376,150.0,221.0,0.68,5.36,5.25,3.55,Yellow,Medium,Very Slightly Included,Round,Mixed Brilliant Cut,Heat Treated,Ceylon (Sri Lanka),https://www.thenaturalsapphirecompany.com/yellow-sapphires/0.68ct-ceylon-sri-lankan-round-yellow-sapphire-y5376/
Y5377,167.0,220.0,0.76,7.09,5.19,3.19,Yellow,Medium,Slightly Included,Pear,Mixed Brilliant Cut,Heat Treated,Ceylon (Sri Lanka),https://www.thenaturalsapphirecompany.com/yellow-sapphires/0.76ct-ceylon-sri-lankan-pear-yellow-sapphire-y5377/
Y5378,231.0,300.0,0.77,5.62,5.53,3.8,Yellow,Intense,Very Slightly Included,Round,Mixed Brilliant Cut,Heat Treated,Ceylon (Sri Lanka),https://www.thenaturalsapphirecompany.com/yellow-sapphires/0.77ct-ceylon-sri-lankan-round-yellow-sapphire-y5378/
Y5379,193.0,251.0,0.77,7.18,5.15,3.2,Yellow,Vivid,Slightly Included,Pear,Mixed Brilliant Cut,Heat Treated,Ceylon (Sri Lanka),https://www.thenaturalsapphirecompany.com/yellow-sapphires/0.77ct-ceylon-sri-lankan-pear-yellow-sapphire-y5379/
Y5380,240.0,300.0,0.8,5.64,5.57,3.78,Yellow,Intense,Very Slightly Included,Round,Mixed Brilliant Cut,Heat Treated,Ceylon (Sri Lanka),https://www.thenaturalsapphirecompany.com/yellow-sapphires/0.80ct-ceylon-sri-lankan-round-yellow-sapphire-y5380/
Y5381,203.0,251.0,0.81,5.68,5.64,3.84,Yellow,Intense,Very Slightly Included,Round,Mixed Brilliant Cut,Heat Treated,Ceylon (Sri Lanka),https://www.thenaturalsapphirecompany.com/yellow-sapphires/0.81ct-ceylon-sri-lankan-round-yellow-sapphire-y5381/
Y5382,203.0,251.0,0.81,7.15,5.36,3.21,Yellowish Orange,Vivid,Slightly Included,Pear,Mixed Brilliant Cut,Heat Treated,Ceylon (Sri Lanka),https://www.thenaturalsapphirecompany.com/yellow-sapphires/0.81ct-ceylon-sri-lankan-pear-yellowish-orange-sapphire-y5382/
Y5383,191.0,220.0,0.87,7.11,5.09,3.61,Yellow,Intense,Eye Clean,Pear,Mixed Brilliant Cut,Heat Treated,Ceylon (Sri Lanka),https://www.thenaturalsapphirecompany.com/yellow-sapphires/0.87ct-ceylon-sri-lankan-pear-yellow-sapphire-y5383/
Y5384,194.0,220.0,0.88,7.02,5.17,3.5,Yellow,Vivid,Slightly Included,Pear,Mixed Brilliant Cut,Heat Treated,Ceylon (Sri Lanka),https://www.thenaturalsapphirecompany.com/yellow-sapphires/0.88ct-ceylon-sri-lankan-pear-yellow-sapphire-y5384/
Y5385,220.0,250.0,0.88,5.69,5.6,3.99,Yellow,Intense,Very Slightly Included,Round,Mixed Brilliant Cut,Heat Treated,Ceylon (Sri Lanka),https://www.thenaturalsapphirecompany.com/yellow-sapphires/0.88ct-ceylon-sri-lankan-round-yellow-sapphire-y5385/
Y5386,270.0,300.0,0.9,5.99,5.9,3.86,Yellow,Intense,Very Slightly Included,Round,Mixed Brilliant Cut,Heat Treated,Ceylon (Sri Lanka),https://www.thenaturalsapphirecompany.com/yellow-sapphires/0.90ct-ceylon-sri-lankan-round-yellow-sapphire-y5386/
Y5387,291.0,300.0,0.97,6.07,5.93,3.97,Yellow,Intense,Very Slightly Included,Round,Mixed Brilliant Cut,Heat Treated,Ceylon (Sri Lanka),https://www.thenaturalsapphirecompany.com/yellow-sapphires/0.97ct-ceylon-sri-lankan-round-yellow-sapphire-y5387/
Y5388,343.0,350.0,0.98,7.14,5.43,3.73,Yellowish Orange,Intense,Very Slightly Included,Pear,Mixed Brilliant Cut,Heat Treated,Ceylon (Sri Lanka),https://www.thenaturalsapphirecompany.com/yellow-sapphires/0.98ct-ceylon-sri-lankan-pear-yellowish-orange-sapphire-y5388/
S15411,1449.0,900.0,1.61,7.07,7.06,3.84,Greenish Yellow,Vivid,Very Slightly Included,Cushion,Mixed Brilliant Cut,No Enhancement,Ceylon (Sri Lanka),https://www.thenaturalsapphirecompany.com/yellow-sapphires/1.61ct-ceylon-sri-lankan-cushion-greenish-yellow-sapphire-s15411/
S20966,1029.0,700.0,1.47,6.48,6.53,3.95,Yellow,Intense,Very Slightly Included,Round,Mixed Brilliant Cut,Lattice Diffused,Ceylon (Sri Lanka),https://www.thenaturalsapphirecompany.com/yellow-sapphires/1.47ct-ceylon-sri-lankan-round-yellow-sapphire-s20966/
S20967,990.0,600.0,1.65,6.73,6.71,4.37,Yellowish Orange,Intense,Eye Clean,Round,Mixed Brilliant Cut,Lattice Diffused,Ceylon (Sri Lanka),https://www.thenaturalsapphirecompany.com/yellow-sapphires/1.65ct-ceylon-sri-lankan-round-yellowish-orange-sapphire-s20967/
S20969,820.0,550.0,1.49,8.0,6.05,3.29,Orangish Yellow,Intense,Very Very Slightly Included,Oval,Mixed Brilliant Cut,Lattice Diffused,Ceylon (Sri Lanka),https://www.thenaturalsapphirecompany.com/yellow-sapphires/1.49ct-ceylon-sri-lankan-oval-orangish-yellow-sapphire-s20969/
S25971,436.0,400.0,1.09,6.82,6.82,3.35,Yellow,Light,Very Very Slightly Included,Round,Mixed Brilliant Cut,No Enhancement,Ceylon (Sri Lanka),https://www.thenaturalsapphirecompany.com/yellow-sapphires/1.09ct-ceylon-sri-lankan-round-yellow-sapphire-s25971/
S34453,6057.0,1481.0,4.09,9.81,7.82,5.55,Yellow,Intense,Very Slightly Included,Emerald Cut,Emerald Cut,Heat Treated,Ceylon (Sri Lanka),https://www.thenaturalsapphirecompany.com/yellow-sapphires/4.09ct-ceylon-sri-lankan-emerald-cut-yellow-sapphire-s34453/
S34454,5286.0,1481.0,3.57,11.76,8.86,5.07,Yellow,Intense,Very Very Slightly Included,Pear,Mixed Brilliant Cut,Heat Treated,Ceylon (Sri Lanka),https://www.thenaturalsapphirecompany.com/yellow-sapphires/3.57ct-ceylon-sri-lankan-pear-yellow-sapphire-s34454/
S37839,2905.0,1200.0,2.42,7.2,6.95,5.31,Yellowish Green,Intense,Very Very Slightly Included,Asscher - Octagon,Asscher Cut,Heat Treated,Madagascar,https://www.thenaturalsapphirecompany.com/yellow-sapphires/2.42ct-madagascar-asscher-octagon-yellowish-green-sapphire-s37839/
S45131,416.0,400.0,1.04,8.12,6.5,2.96,Yellowish Green,Intense,Very Slightly Included,Fancy,Step Cut,No Enhancement,Madagascar,https://www.thenaturalsapphirecompany.com/yellow-sapphires/1.04ct-madagascar-fancy-yellowish-green-sapphire-s45131/
S40957,680.0,450.0,1.51,6.84,5.32,4.18,Yellow,Light,Very Slightly Included,Emerald Cut,Emerald Cut,Heat Treated,Ceylon (Sri Lanka),https://www.thenaturalsapphirecompany.com/yellow-sapphires/1.51ct-ceylon-sri-lankan-emerald-cut-yellow-sapphire-s40957/
S40958,406.0,350.0,1.16,8.39,6.42,3.39,Yellow,Intense,Eye Clean,Fancy,Mixed Brilliant Cut,Heat Treated,Ceylon (Sri Lanka),https://www.thenaturalsapphirecompany.com/yellow-sapphires/1.16ct-ceylon-sri-lankan-fancy-yellow-sapphire-s40958/
S40959,303.0,300.0,1.01,5.8,5.57,3.28,Yellowish Green,Intense,Very Slightly Included,Asscher - Octagon,Asscher Cut,Heat Treated,Africa,https://www.thenaturalsapphirecompany.com/yellow-sapphires/1.01ct-african-asscher-octagon-yellowish-green-sapphire-s40959/
S40960,280.0,241.0,1.16,6.96,5.49,3.87,Yellow,Intense,Slightly Included,Oval,Mixed Brilliant Cut,No Enhancement,Ceylon (Sri Lanka),https://www.thenaturalsapphirecompany.com/yellow-sapphires/1.16ct-ceylon-sri-lankan-oval-yellow-sapphire-s40960/
S40964,240.0,180.0,1.33,7.14,5.75,4.05,Yellow,Medium,Slightly Included,Oval,Mixed Brilliant Cut,No Enhancement,Ceylon (Sri Lanka),https://www.thenaturalsapphirecompany.com/yellow-sapphires/1.33ct-ceylon-sri-lankan-oval-yellow-sapphire-s40964/
S40966,240.0,209.0,1.15,6.34,5.99,3.66,Yellow,Intense,Very Slightly Included,Fancy,Step Cut,No Enhancement,Ceylon (Sri Lanka),https://www.thenaturalsapphirecompany.com/yellow-sapphires/1.15ct-ceylon-sri-lankan-fancy-yellow-sapphire-s40966/
S40976,280.0,212.0,1.32,7.47,4.22,3.76,Greenish Yellow,Intense,Very Slightly Included,Cushion,Mixed Brilliant Cut,No Enhancement,Ceylon (Sri Lanka),https://www.thenaturalsapphirecompany.com/yellow-sapphires/1.32ct-ceylon-sri-lankan-cushion-greenish-yellow-sapphire-s40976/
S43632,177.0,300.0,0.59,7.56,3.85,2.82,Yellow,Intense,Very Very Slightly Included,Marquise,Mixed Brilliant Cut,No Enhancement,Ceylon (Sri Lanka),https://www.thenaturalsapphirecompany.com/yellow-sapphires/0.59ct-ceylon-sri-lankan-marquise-yellow-sapphire-s43632/
S43639,1296.0,1200.0,1.08,6.46,5.55,3.22,Yellowish Green,Intense,Very Slightly Included,Radiant,Radiant Cut,No Enhancement,Madagascar,https://www.thenaturalsapphirecompany.com/yellow-sapphires/1.08ct-madagascar-radiant-yellowish-green-sapphire-s43639/
S45631,220.0,117.0,1.88,9.7,4.54,3.6,Yellow,Medium,Slightly Included,Emerald Cut,Checkerboard Cut,No Enhancement,Ceylon (Sri Lanka),https://www.thenaturalsapphirecompany.com/yellow-sapphires/1.88ct-ceylon-sri-lankan-emerald-cut-yellow-sapphire-s45631/
S45642,200.0,267.0,0.75,5.77,4.3,3.64,Yellow,Medium,Very Slightly Included,Oval,Mixed Brilliant Cut,No Enhancement,Ceylon (Sri Lanka),https://www.thenaturalsapphirecompany.com/yellow-sapphires/0.75ct-ceylon-sri-lankan-oval-yellow-sapphire-s45642/
S45645,120.0,164.0,0.73,7.17,3.25,2.62,Yellow,Light,Slightly Included,Emerald Cut,Emerald Cut,No Enhancement,Ceylon (Sri Lanka),https://www.thenaturalsapphirecompany.com/yellow-sapphires/0.73ct-ceylon-sri-lankan-emerald-cut-yellow-sapphire-s45645/
S45647,146.0,311.0,0.47,6.51,5.28,2.87,Yellow,Intense,Slightly Included,Trillion,Trillion Cut,No Enhancement,Ceylon (Sri Lanka),https://www.thenaturalsapphirecompany.com/yellow-sapphires/0.47ct-ceylon-sri-lankan-trillion-yellow-sapphire-s45647/
S47662,701.0,504.0,1.39,7.17,5.95,3.87,Yellowish Green,Intense,Very Slightly Included,Oval,Mixed Brilliant Cut,No Enhancement,Africa,https://www.thenaturalsapphirecompany.com/yellow-sapphires/1.39ct-african-oval-yellowish-green-sapphire-s47662/
S47664,601.0,572.0,1.05,6.31,6.52,3.45,Yellowish Green,Intense,Slightly Included,Heart,Mixed Brilliant Cut,No Enhancement,Africa,https://www.thenaturalsapphirecompany.com/yellow-sapphires/1.05ct-african-heart-yellowish-green-sapphire-s47664/
S47665,980.0,1126.0,0.87,6.09,4.6,3.47,Yellow,Intense,Slightly Included,Radiant,Radiant Cut,Heat Treated,Ceylon (Sri Lanka),https://www.thenaturalsapphirecompany.com/yellow-sapphires/0.87ct-ceylon-sri-lankan-radiant-yellow-sapphire-s47665/
S34404,118.0,241.0,0.49,5.08,4.11,2.62,Yellowish Green,Intense,Very Slightly Included,Oval,Mixed Brilliant Cut,No Enhancement,Thailand,https://www.thenaturalsapphirecompany.com/yellow-sapphires/0.49ct-thai-oval-yellowish-green-sapphire-s34404/
S34405,105.0,269.0,0.39,4.69,3.72,2.38,Yellowish Green,Medium,Very Slightly Included,Oval,Mixed Brilliant Cut,No Enhancement,Thailand,https://www.thenaturalsapphirecompany.com/yellow-sapphires/0.39ct-thai-oval-yellowish-green-sapphire-s34405/
S34407,113.0,240.0,0.47,5.03,4.06,2.51,Yellowish Green,Medium,Very Slightly Included,Oval,Mixed Brilliant Cut,No Enhancement,Thailand,https://www.thenaturalsapphirecompany.com/yellow-sapphires/0.47ct-thai-oval-yellowish-green-sapphire-s34407/
S37822,998.0,708.0,1.41,7.38,5.48,3.2,Yellow,Intense,Very Very Slightly Included,Emerald Cut,Emerald Cut,Heat Treated,Ceylon (Sri Lanka),https://www.thenaturalsapphirecompany.com/yellow-sapphires/1.41ct-ceylon-sri-lankan-emerald-cut-yellow-sapphire-s37822/
S40919,250.0,250.0,1.0,6.81,5.18,3.06,Yellowish Orange,Intense,Slightly Included,Oval,Mixed Brilliant Cut,Heat Treated,Tanzania,https://www.thenaturalsapphirecompany.com/yellow-sapphires/1.00ct-tanzanian-oval-yellowish-orange-sapphire-s40919/
S40928,2000.0,917.0,2.18,7.39,7.16,4.76,Yellow,Intense,Very Slightly Included,Cushion,Mixed Brilliant Cut,No Enhancement,Ceylon (Sri Lanka),https://www.thenaturalsapphirecompany.com/yellow-sapphires/2.18ct-ceylon-sri-lankan-cushion-yellow-sapphire-s40928/
S4095,439.0,375.0,1.17,5.79,5.6,3.94,Yellow,Intense,Eye Clean,Asscher - Octagon,Asscher Cut,Heat Treated,Ceylon (Sri Lanka),https://www.thenaturalsapphirecompany.com/yellow-sapphires/1.17ct-ceylon-sri-lankan-asscher-octagon-yellow-sapphire-s4095/
S40951,1380.0,771.0,1.79,7.51,5.75,4.88,Yellow,Intense,Very Slightly Included,Oval,Mixed Brilliant Cut,Heat Treated,Ceylon (Sri Lanka),https://www.thenaturalsapphirecompany.com/yellow-sapphires/1.79ct-ceylon-sri-lankan-oval-yellow-sapphire-s40951/
S40952,780.0,765.0,1.02,7.21,5.21,3.29,Orangish Yellow,Intense,Very Slightly Included,Oval,Mixed Brilliant Cut,Heat Treated,Ceylon (Sri Lanka),https://www.thenaturalsapphirecompany.com/yellow-sapphires/1.02ct-ceylon-sri-lankan-oval-orangish-yellow-sapphire-s40952/
S40955,406.0,350.0,1.16,5.73,5.57,3.85,Yellow,Medium,Eye Clean,Radiant,Radiant Cut,Heat Treated,Ceylon (Sri Lanka),https://www.thenaturalsapphirecompany.com/yellow-sapphires/1.16ct-ceylon-sri-lankan-radiant-yellow-sapphire-s40955/
S40956,680.0,450.0,1.51,10.65,6.26,3.49,Greenish Yellow,Intense,Very Very Slightly Included,Pear,Mixed Brilliant Cut,No Enhancement,Africa,https://www.thenaturalsapphirecompany.com/yellow-sapphires/1.51ct-african-pear-greenish-yellow-sapphire-s40956/
S43592,544.0,800.0,0.68,5.04,5.27,3.4,Yellow,Faint,Very Slightly Included,Heart,Mixed Brilliant Cut,No Enhancement,Madagascar,https://www.thenaturalsapphirecompany.com/yellow-sapphires/0.68ct-madagascar-heart-yellow-sapphire-s43592/
S43612,3996.0,740.0,5.4,14.97,7.93,6.13,Yellowish Green,Medium,Very Very Slightly Included,Marquise,Mixed Brilliant Cut,No Enhancement,Ceylon (Sri Lanka),https://www.thenaturalsapphirecompany.com/yellow-sapphires/5.40ct-ceylon-sri-lankan-marquise-yellowish-green-sapphire-s43612/
S43615,3423.0,700.0,4.89,14.27,8.1,5.84,Yellowish Green,Light,Very Slightly Included,Pear,Mixed Brilliant Cut,No Enhancement,Ceylon (Sri Lanka),https://www.thenaturalsapphirecompany.com/yellow-sapphires/4.89ct-ceylon-sri-lankan-pear-yellowish-green-sapphire-s43615/
S4362,662.0,450.0,1.47,8.18,6.16,3.65,Yellow,Intense,Very Slightly Included,Oval,Mixed Brilliant Cut,No Enhancement,Ceylon (Sri Lanka),https://www.thenaturalsapphirecompany.com/yellow-sapphires/1.47ct-ceylon-sri-lankan-oval-yellow-sapphire-s4362/
S47628,1050.0,652.0,1.61,6.48,5.57,4.83,Yellowish Green,Intense,Slightly Included,Cushion,Mixed Brilliant Cut,No Enhancement,Tanzania,https://www.thenaturalsapphirecompany.com/yellow-sapphires/1.61ct-tanzanian-cushion-yellowish-green-sapphire-s47628/
S47632,720.0,661.0,1.09,6.61,5.07,3.18,Yellowish Green,Medium,Very Slightly Included,Emerald Cut,Emerald Cut,No Enhancement,Tanzania,https://www.thenaturalsapphirecompany.com/yellow-sapphires/1.09ct-tanzanian-emerald-cut-yellowish-green-sapphire-s47632/
S47364,1104.0,800.0,1.38,7.82,5.72,3.75,Yellow,Light,Very Slightly Included,Oval,Mixed Brilliant Cut,No Enhancement,Ceylon (Sri Lanka),https://www.thenaturalsapphirecompany.com/yellow-sapphires/1.38ct-ceylon-sri-lankan-oval-yellow-sapphire-s47364/
S47365,2144.0,800.0,2.68,8.12,7.33,5.49,Yellow,Light,Slightly Included,Oval,Mixed Brilliant Cut,No Enhancement,Ceylon (Sri Lanka),https://www.thenaturalsapphirecompany.com/yellow-sapphires/2.68ct-ceylon-sri-lankan-oval-yellow-sapphire-s47365/
S20805,1067.0,1100.0,0.97,5.87,5.89,3.91,Yellowish Green,Light,Very Slightly Included,Round,Mixed Brilliant Cut,Heat Treated,Montana,https://www.thenaturalsapphirecompany.com/yellow-sapphires/0.97ct-montana-round-yellowish-green-sapphire-s20805/
S20807,1164.0,1200.0,0.97,5.49,5.54,4.26,Yellowish Green,Medium,Very Slightly Included,Round,Mixed Brilliant Cut,Heat Treated,Montana,https://www.thenaturalsapphirecompany.com/yellow-sapphires/0.97ct-montana-round-yellowish-green-sapphire-s20807/
S20814,1200.0,1200.0,1.0,5.47,5.36,3.81,Yellowish Green,Faint,Slightly Included,Cushion,Mixed Brilliant Cut,Heat Treated,Montana,https://www.thenaturalsapphirecompany.com/yellow-sapphires/1.00ct-montana-cushion-yellowish-green-sapphire-s20814/
S20820,1320.0,1200.0,1.1,6.98,5.32,3.37,Yellowish Orange,Medium,Slightly Included,Cushion,Mixed Brilliant Cut,Heat Treated,Montana,https://www.thenaturalsapphirecompany.com/yellow-sapphires/1.10ct-montana-cushion-yellowish-orange-sapphire-s20820/
S25813,310.0,200.0,1.55,10.73,5.68,3.39,Yellow,Medium,Very Very Slightly Included,Pear,Mixed Brilliant Cut,No Enhancement,Ceylon (Sri Lanka),https://www.thenaturalsapphirecompany.com/yellow-sapphires/1.55ct-ceylon-sri-lankan-pear-yellow-sapphire-s25813/
S25817,262.0,200.0,1.31,6.92,4.78,3.87,Yellow,Light,Slightly Included,Emerald Cut,Emerald Cut,No Enhancement,Ceylon (Sri Lanka),https://www.thenaturalsapphirecompany.com/yellow-sapphires/1.31ct-ceylon-sri-lankan-emerald-cut-yellow-sapphire-s25817/
S25821,204.0,200.0,1.02,7.46,4.64,3.23,Yellow,Faint,Eye Clean,Fancy,Step Cut,No Enhancement,Ceylon (Sri Lanka),https://www.thenaturalsapphirecompany.com/yellow-sapphires/1.02ct-ceylon-sri-lankan-fancy-yellow-sapphire-s25821/
S25845,502.0,301.0,1.67,6.52,6.51,5.08,Yellow,Medium,Slightly Included,Round,Mixed Brilliant Cut,No Enhancement,Ceylon (Sri Lanka),https://www.thenaturalsapphirecompany.com/yellow-sapphires/1.67ct-ceylon-sri-lankan-round-yellow-sapphire-s25845/
S30359,200.0,183.0,1.09,5.83,5.82,4.01,Yellow,Faint,Very Very Slightly Included,Round,Mixed Brilliant Cut,No Enhancement,Ceylon (Sri Lanka),https://www.thenaturalsapphirecompany.com/yellow-sapphires/1.09ct-ceylon-sri-lankan-round-yellow-sapphire-s30359/
S30360,200.0,190.0,1.05,5.79,5.55,3.44,Yellow,Faint,Very Very Slightly Included,Cushion,Mixed Brilliant Cut,No Enhancement,Ceylon (Sri Lanka),https://www.thenaturalsapphirecompany.com/yellow-sapphires/1.05ct-ceylon-sri-lankan-cushion-yellow-sapphire-s30360/
S30361,201.0,170.0,1.18,6.54,6.55,3.75,Yellow,Light,Very Slightly Included,Round,Mixed Brilliant Cut,No Enhancement,Ceylon (Sri Lanka),https://www.thenaturalsapphirecompany.com/yellow-sapphires/1.18ct-ceylon-sri-lankan-round-yellow-sapphire-s30361/
S30362,199.0,158.0,1.26,7.32,5.81,3.8,Yellow,Faint,Very Very Slightly Included,Pear,Mixed Brilliant Cut,No Enhancement,Ceylon (Sri Lanka),https://www.thenaturalsapphirecompany.com/yellow-sapphires/1.26ct-ceylon-sri-lankan-pear-yellow-sapphire-s30362/
S30363,212.0,208.0,1.02,5.4,5.74,4.12,Yellow,Intense,Very Slightly Included,Trillion,Trillion Cut,Heat Treated,Ceylon (Sri Lanka),https://www.thenaturalsapphirecompany.com/yellow-sapphires/1.02ct-ceylon-sri-lankan-trillion-yellow-sapphire-s30363/
S30364,200.0,180.0,1.11,7.03,4.21,3.56,Yellow,Faint,Very Slightly Included,Emerald Cut,Emerald Cut,No Enhancement,Ceylon (Sri Lanka),https://www.thenaturalsapphirecompany.com/yellow-sapphires/1.11ct-ceylon-sri-lankan-emerald-cut-yellow-sapphire-s30364/
S30365,200.0,164.0,1.22,6.6,5.24,4.23,Yellow,Light,Very Slightly Included,Oval,Mixed Brilliant Cut,No Enhancement,Ceylon (Sri Lanka),https://www.thenaturalsapphirecompany.com/yellow-sapphires/1.22ct-ceylon-sri-lankan-oval-yellow-sapphire-s30365/
S30366,200.0,202.0,0.99,5.71,4.38,4.27,Yellow,Light,Very Slightly Included,Cushion,Mixed Brilliant Cut,No Enhancement,Ceylon (Sri Lanka),https://www.thenaturalsapphirecompany.com/yellow-sapphires/0.99ct-ceylon-sri-lankan-cushion-yellow-sapphire-s30366/
S30367,201.0,166.0,1.21,7.39,5.11,4.06,Yellow,Faint,Very Very Slightly Included,Pear,Mixed Brilliant Cut,No Enhancement,Ceylon (Sri Lanka),https://www.thenaturalsapphirecompany.com/yellow-sapphires/1.21ct-ceylon-sri-lankan-pear-yellow-sapphire-s30367/
S30371,214.0,184.0,1.16,7.43,4.54,3.47,Yellow,Faint,Very Very Slightly Included,Emerald Cut,Emerald Cut,No Enhancement,Ceylon (Sri Lanka),https://www.thenaturalsapphirecompany.com/yellow-sapphires/1.16ct-ceylon-sri-lankan-emerald-cut-yellow-sapphire-s30371/
S30384,199.0,240.0,0.83,6.06,4.77,3.12,Yellow,Vivid,Very Very Slightly Included,Cushion,Mixed Brilliant Cut,Heat Treated,Ceylon (Sri Lanka),https://www.thenaturalsapphirecompany.com/yellow-sapphires/0.83ct-ceylon-sri-lankan-cushion-yellow-sapphire-s30384/
S30385,200.0,208.0,0.96,9.05,4.73,3.12,Yellow,Intense,Very Slightly Included,Fancy,Step Cut,Heat Treated,Ceylon (Sri Lanka),https://www.thenaturalsapphirecompany.com/yellow-sapphires/0.96ct-ceylon-sri-lankan-fancy-yellow-sapphire-s30385/
S30394,200.0,134.0,1.49,7.0,5.41,3.99,Yellow,Light,Very Slightly Included,Emerald Cut,Emerald Cut,No Enhancement,Ceylon (Sri Lanka),https://www.thenaturalsapphirecompany.com/yellow-sapphires/1.49ct-ceylon-sri-lankan-emerald-cut-yellow-sapphire-s30394/
S30395,200.0,156.0,1.28,6.0,5.6,3.96,Yellow,Light,Very Very Slightly Included,Cushion,Mixed Brilliant Cut,No Enhancement,Ceylon (Sri Lanka),https://www.thenaturalsapphirecompany.com/yellow-sapphires/1.28ct-ceylon-sri-lankan-cushion-yellow-sapphire-s30395/
S30397,201.0,218.0,0.92,6.59,4.72,3.11,Yellow,Medium,Very Very Slightly Included,Cushion,Mixed Brilliant Cut,No Enhancement,Ceylon (Sri Lanka),https://www.thenaturalsapphirecompany.com/yellow-sapphires/0.92ct-ceylon-sri-lankan-cushion-yellow-sapphire-s30397/
S30399,201.0,118.0,1.7,5.69,8.12,4.48,Yellow,Faint,Very Slightly Included,Fancy,Mixed Brilliant Cut,No Enhancement,Ceylon (Sri Lanka),https://www.thenaturalsapphirecompany.com/yellow-sapphires/1.70ct-ceylon-sri-lankan-fancy-yellow-sapphire-s30399/
S30405,200.0,211.0,0.95,5.25,4.91,4.05,Yellow,Intense,Very Very Slightly Included,Asscher - Octagon,Asscher Cut,Heat Treated,Ceylon (Sri Lanka),https://www.thenaturalsapphirecompany.com/yellow-sapphires/0.95ct-ceylon-sri-lankan-asscher-octagon-yellow-sapphire-s30405/
S30407,267.0,136.0,1.96,6.83,6.66,5.0,Yellow,Light,Slightly Included,Cushion,Mixed Brilliant Cut,No Enhancement,Ceylon (Sri Lanka),https://www.thenaturalsapphirecompany.com/yellow-sapphires/1.96ct-ceylon-sri-lankan-cushion-yellow-sapphire-s30407/
S30411,234.0,168.0,1.39,6.39,5.3,4.61,Yellow,Medium,Slightly Included,Cushion,Mixed Brilliant Cut,No Enhancement,Ceylon (Sri Lanka),https://www.thenaturalsapphirecompany.com/yellow-sapphires/1.39ct-ceylon-sri-lankan-cushion-yellow-sapphire-s30411/
S30414,214.0,161.0,1.33,7.05,4.7,4.32,Yellow,Light,Very Slightly Included,Cushion,Mixed Brilliant Cut,No Enhancement,Ceylon (Sri Lanka),https://www.thenaturalsapphirecompany.com/yellow-sapphires/1.33ct-ceylon-sri-lankan-cushion-yellow-sapphire-s30414/
S34297,370.0,463.0,0.8,5.18,4.88,3.65,Yellowish Green,Intense,Very Very Slightly Included,Cushion,Mixed Brilliant Cut,No Enhancement,Madagascar,https://www.thenaturalsapphirecompany.com/yellow-sapphires/0.80ct-madagascar-cushion-yellowish-green-sapphire-s34297/
S34305,200.0,328.0,0.61,4.71,4.67,3.29,Yellowish Green,Intense,Very Very Slightly Included,Cushion,Mixed Brilliant Cut,No Enhancement,Madagascar,https://www.thenaturalsapphirecompany.com/yellow-sapphires/0.61ct-madagascar-cushion-yellowish-green-sapphire-s34305/
S34306,150.0,294.0,0.51,4.5,4.48,3.09,Yellowish Green,Intense,Very Very Slightly Included,Cushion,Mixed Brilliant Cut,No Enhancement,Madagascar,https://www.thenaturalsapphirecompany.com/yellow-sapphires/0.51ct-madagascar-cushion-yellowish-green-sapphire-s34306/
S34308,200.0,357.0,0.56,4.73,4.56,3.09,Yellowish Green,Intense,Very Slightly Included,Cushion,Mixed Brilliant Cut,No Enhancement,Madagascar,https://www.thenaturalsapphirecompany.com/yellow-sapphires/0.56ct-madagascar-cushion-yellowish-green-sapphire-s34308/
S34312,270.0,403.0,0.67,5.14,4.51,3.25,Yellowish Green,Medium,Very Very Slightly Included,Cushion,Mixed Brilliant Cut,No Enhancement,Madagascar,https://www.thenaturalsapphirecompany.com/yellow-sapphires/0.67ct-madagascar-cushion-yellowish-green-sapphire-s34312/
S34368,440.0,667.0,0.66,5.06,5.02,2.69,Orangish Yellow,Vivid,Included,Cushion,Mixed Brilliant Cut,No Enhancement,Ceylon (Sri Lanka),https://www.thenaturalsapphirecompany.com/yellow-sapphires/0.66ct-ceylon-sri-lankan-cushion-orangish-yellow-sapphire-s34368/
S34381,170.0,152.0,1.12,5.92,4.82,3.94,Yellow,Medium,Slightly Included,Cushion,Mixed Brilliant Cut,No Enhancement,Ceylon (Sri Lanka),https://www.thenaturalsapphirecompany.com/yellow-sapphires/1.12ct-ceylon-sri-lankan-cushion-yellow-sapphire-s34381/
S34383,170.0,152.0,1.12,6.73,5.26,3.99,Orangish Yellow,Vivid,Very Slightly Included,Oval,Mixed Brilliant Cut,Heat Treated,Ceylon (Sri Lanka),https://www.thenaturalsapphirecompany.com/yellow-sapphires/1.12ct-ceylon-sri-lankan-oval-orangish-yellow-sapphire-s34383/
S46821,2918.0,1158.0,2.52,10.15,7.21,4.88,Yellowish Orange,Intense,Eye Clean,Pear,Mixed Brilliant Cut,Heat Treated,Ceylon (Sri Lanka),https://www.thenaturalsapphirecompany.com/yellow-sapphires/2.52ct-ceylon-sri-lankan-pear-yellowish-orange-sapphire-s46821/
S46822,2550.0,825.0,3.09,9.2,6.64,5.8,Yellow,Light,Slightly Included,Cushion,Mixed Brilliant Cut,Heat Treated,Ceylon (Sri Lanka),https://www.thenaturalsapphirecompany.com/yellow-sapphires/3.09ct-ceylon-sri-lankan-cushion-yellow-sapphire-s46822/
S37787,170.0,340.0,0.5,4.4,4.27,3.22,Yellowish Green,Intense,Very Very Slightly Included,Fancy,Mixed Brilliant Cut,No Enhancement,Madagascar,https://www.thenaturalsapphirecompany.com/yellow-sapphires/0.50ct-madagascar-fancy-yellowish-green-sapphire-s37787/
S40852,2919.0,2100.0,1.39,8.06,6.15,3.8,Greenish Yellow,Medium,Very Slightly Included,Oval,Mixed Brilliant Cut,No Enhancement,Montana,https://www.thenaturalsapphirecompany.com/yellow-sapphires/1.39ct-montana-oval-greenish-yellow-sapphire-s40852/
S40858,3960.0,1500.0,2.64,9.6,6.66,4.43,Yellow,Light,Very Very Slightly Included,Radiant,Radiant Cut,No Enhancement,Tanzania,https://www.thenaturalsapphirecompany.com/yellow-sapphires/2.64ct-tanzanian-radiant-yellow-sapphire-s40858/
S48839,3160.0,2000.0,1.58,11.29,5.28,3.56,Yellow,Intense,Very Very Slightly Included,Marquise,Mixed Brilliant Cut,Heat Treated,Ceylon (Sri Lanka),https://www.thenaturalsapphirecompany.com/yellow-sapphires/1.58ct-ceylon-sri-lankan-marquise-yellow-sapphire-s48839/
S43582,318.0,300.0,1.06,7.28,5.45,3.29,Greenish Yellow,Medium,Very Very Slightly Included,Pear,Mixed Brilliant Cut,Heat Treated,Madagascar,https://www.thenaturalsapphirecompany.com/yellow-sapphires/1.06ct-madagascar-pear-greenish-yellow-sapphire-s43582/
S43583,264.0,300.0,0.88,6.86,6.2,3.65,Yellowish Green,Medium,Very Slightly Included,Fancy,Mixed Brilliant Cut,No Enhancement,Madagascar,https://www.thenaturalsapphirecompany.com/yellow-sapphires/0.88ct-madagascar-fancy-yellowish-green-sapphire-s43583/
S43591,608.0,800.0,0.76,5.64,5.62,3.34,Yellow,Intense,Very Slightly Included,Heart,Mixed Brilliant Cut,No Enhancement,Madagascar,https://www.thenaturalsapphirecompany.com/yellow-sapphires/0.76ct-madagascar-heart-yellow-sapphire-s43591/
S43834,2976.0,960.0,3.1,9.49,7.16,5.13,Yellowish Green,Medium,Very Slightly Included,Oval,Mixed Brilliant Cut,No Enhancement,Madagascar,https://www.thenaturalsapphirecompany.com/yellow-sapphires/3.10ct-madagascar-oval-yellowish-green-sapphire-s43834/
S15359,2895.0,1500.0,1.93,7.43,6.54,5.32,Yellowish Green,Intense,Very Very Slightly Included,Fancy,Mixed Brilliant Cut,No Enhancement,Madagascar,https://www.thenaturalsapphirecompany.com/yellow-sapphires/1.93ct-madagascar-fancy-yellowish-green-sapphire-s15359/
S15366,1998.0,1218.0,1.64,8.2,6.1,4.2,Yellow,Intense,Very Slightly Included,Oval,Mixed Brilliant Cut,Heat Treated,Tanzania,https://www.thenaturalsapphirecompany.com/yellow-sapphires/1.64ct-tanzanian-oval-yellow-sapphire-s15366/
S15371,3394.0,834.0,4.07,9.96,8.16,6.17,Orangish Yellow,Intense,Very Slightly Included,Oval,Mixed Brilliant Cut,Heat Treated,Tanzania,https://www.thenaturalsapphirecompany.com/yellow-sapphires/4.07ct-tanzanian-oval-orangish-yellow-sapphire-s15371/
S43836,1274.0,640.0,1.99,6.86,6.4,4.68,Yellowish Green,Intense,Very Slightly Included,Radiant,Radiant Cut,No Enhancement,Madagascar,https://www.thenaturalsapphirecompany.com/yellow-sapphires/1.99ct-madagascar-radiant-yellowish-green-sapphire-s43836/
S15394,1560.0,1000.0,1.56,6.71,6.36,4.06,Yellowish Green,Intense,Very Slightly Included,Cushion,Mixed Brilliant Cut,No Enhancement,Ceylon (Sri Lanka),https://www.thenaturalsapphirecompany.com/yellow-sapphires/1.56ct-ceylon-sri-lankan-cushion-yellowish-green-sapphire-s15394/
S15403,1858.0,920.0,2.02,8.67,6.28,4.29,Yellow,Medium,Very Slightly Included,Oval,Mixed Brilliant Cut,Heat Treated,Ceylon (Sri Lanka),https://www.thenaturalsapphirecompany.com/yellow-sapphires/2.02ct-ceylon-sri-lankan-oval-yellow-sapphire-s15403/
S30425,146.0,190.0,0.77,7.23,3.48,2.74,Yellow,Intense,Very Slightly Included,Emerald Cut,Emerald Cut,No Enhancement,Ceylon (Sri Lanka),https://www.thenaturalsapphirecompany.com/yellow-sapphires/0.77ct-ceylon-sri-lankan-emerald-cut-yellow-sapphire-s30425/
S30442,1648.0,800.0,2.06,7.69,6.22,5.05,Yellow,Intense,Very Slightly Included,Oval,Mixed Brilliant Cut,Heat Treated,Ceylon (Sri Lanka),https://www.thenaturalsapphirecompany.com/yellow-sapphires/2.06ct-ceylon-sri-lankan-oval-yellow-sapphire-s30442/
S30443,1680.0,1000.0,1.68,8.18,6.61,3.63,Yellow,Medium,Very Very Slightly Included,Cushion,Mixed Brilliant Cut,No Enhancement,Ceylon (Sri Lanka),https://www.thenaturalsapphirecompany.com/yellow-sapphires/1.68ct-ceylon-sri-lankan-cushion-yellow-sapphire-s30443/
S17016,6446.0,2127.0,3.03,8.71,7.29,5.91,Yellow,Medium,Very Slightly Included,Oval,Mixed Brilliant Cut,No Enhancement,Ceylon (Sri Lanka),https://www.thenaturalsapphirecompany.com/yellow-sapphires/3.03ct-ceylon-sri-lankan-oval-yellow-sapphire-s17016/
S17020,1866.0,600.0,3.11,10.11,7.98,4.8,Yellow,Intense,Very Very Slightly Included,Oval,Mixed Brilliant Cut,Heat Treated,Ceylon (Sri Lanka),https://www.thenaturalsapphirecompany.com/yellow-sapphires/3.11ct-ceylon-sri-lankan-oval-yellow-sapphire-s17020/
S22526,142.0,249.0,0.57,6.16,4.19,2.81,Orangish Yellow,Intense,Very Very Slightly Included,Oval,Mixed Brilliant Cut,Heat Treated,Ceylon (Sri Lanka),https://www.thenaturalsapphirecompany.com/yellow-sapphires/0.57ct-ceylon-sri-lankan-oval-orangish-yellow-sapphire-s22526/
S22527,145.0,250.0,0.58,6.07,4.19,2.95,Yellowish Orange,Intense,Eye Clean,Oval,Mixed Brilliant Cut,Heat Treated,Ceylon (Sri Lanka),https://www.thenaturalsapphirecompany.com/yellow-sapphires/0.58ct-ceylon-sri-lankan-oval-yellowish-orange-sapphire-s22527/
S22528,326.0,351.0,0.93,7.04,4.99,3.46,Yellow,Medium,Eye Clean,Oval,Mixed Brilliant Cut,Heat Treated,Ceylon (Sri Lanka),https://www.thenaturalsapphirecompany.com/yellow-sapphires/0.93ct-ceylon-sri-lankan-oval-yellow-sapphire-s22528/
S22529,96.0,200.0,0.48,6.15,3.96,2.7,Yellow,Faint,Very Very Slightly Included,Oval,Mixed Brilliant Cut,Heat Treated,Ceylon (Sri Lanka),https://www.thenaturalsapphirecompany.com/yellow-sapphires/0.48ct-ceylon-sri-lankan-oval-yellow-sapphire-s22529/
S22530,121.0,220.0,0.55,5.96,4.06,3.06,Yellow,Medium,Eye Clean,Oval,Mixed Brilliant Cut,Heat Treated,Ceylon (Sri Lanka),https://www.thenaturalsapphirecompany.com/yellow-sapphires/0.55ct-ceylon-sri-lankan-oval-yellow-sapphire-s22530/
S22531,123.0,220.0,0.56,6.06,4.11,3.06,Yellow,Light,Eye Clean,Oval,Mixed Brilliant Cut,Heat Treated,Ceylon (Sri Lanka),https://www.thenaturalsapphirecompany.com/yellow-sapphires/0.56ct-ceylon-sri-lankan-oval-yellow-sapphire-s22531/
S22532,114.0,219.0,0.52,6.1,4.03,2.76,Yellow,Medium,Eye Clean,Oval,Mixed Brilliant Cut,Heat Treated,Ceylon (Sri Lanka),https://www.thenaturalsapphirecompany.com/yellow-sapphires/0.52ct-ceylon-sri-lankan-oval-yellow-sapphire-s22532/
S22533,156.0,260.0,0.6,6.09,4.05,3.15,Yellowish Orange,Intense,Eye Clean,Oval,Mixed Brilliant Cut,Heat Treated,Ceylon (Sri Lanka),https://www.thenaturalsapphirecompany.com/yellow-sapphires/0.60ct-ceylon-sri-lankan-oval-yellowish-orange-sapphire-s22533/
S22534,140.0,250.0,0.56,6.08,4.18,2.93,Orangish Yellow,Medium,Very Very Slightly Included,Oval,Mixed Brilliant Cut,Heat Treated,Ceylon (Sri Lanka),https://www.thenaturalsapphirecompany.com/yellow-sapphires/0.56ct-ceylon-sri-lankan-oval-orangish-yellow-sapphire-s22534/
S22536,145.0,250.0,0.58,6.12,4.16,2.85,Orangish Yellow,Medium,Eye Clean,Oval,Mixed Brilliant Cut,Heat Treated,Ceylon (Sri Lanka),https://www.thenaturalsapphirecompany.com/yellow-sapphires/0.58ct-ceylon-sri-lankan-oval-orangish-yellow-sapphire-s22536/
S22537,122.0,249.0,0.49,6.06,3.98,2.69,Orangish Yellow,Medium,Eye Clean,Oval,Mixed Brilliant Cut,Heat Treated,Ceylon (Sri Lanka),https://www.thenaturalsapphirecompany.com/yellow-sapphires/0.49ct-ceylon-sri-lankan-oval-orangish-yellow-sapphire-s22537/
S22539,308.0,350.0,0.88,7.07,5.1,3.24,Yellow,Medium,Eye Clean,Oval,Mixed Brilliant Cut,Heat Treated,Ceylon (Sri Lanka),https://www.thenaturalsapphirecompany.com/yellow-sapphires/0.88ct-ceylon-sri-lankan-oval-yellow-sapphire-s22539/
S22540,294.0,350.0,0.84,6.87,5.01,3.12,Orangish Yellow,Medium,Eye Clean,Oval,Mixed Brilliant Cut,Heat Treated,Ceylon (Sri Lanka),https://www.thenaturalsapphirecompany.com/yellow-sapphires/0.84ct-ceylon-sri-lankan-oval-orangish-yellow-sapphire-s22540/
S22541,315.0,350.0,0.9,7.0,4.99,3.46,Yellow,Light,Eye Clean,Oval,Mixed Brilliant Cut,Heat Treated,Ceylon (Sri Lanka),https://www.thenaturalsapphirecompany.com/yellow-sapphires/0.90ct-ceylon-sri-lankan-oval-yellow-sapphire-s22541/
S22542,377.0,370.0,1.02,7.01,5.06,3.79,Yellow,Light,Eye Clean,Oval,Mixed Brilliant Cut,Heat Treated,Ceylon (Sri Lanka),https://www.thenaturalsapphirecompany.com/yellow-sapphires/1.02ct-ceylon-sri-lankan-oval-yellow-sapphire-s22542/
S22543,312.0,351.0,0.89,7.05,5.06,3.24,Yellow,Light,Eye Clean,Oval,Mixed Brilliant Cut,Heat Treated,Ceylon (Sri Lanka),https://www.thenaturalsapphirecompany.com/yellow-sapphires/0.89ct-ceylon-sri-lankan-oval-yellow-sapphire-s22543/
S27395,5616.0,2400.0,2.34,7.08,7.06,5.37,Yellowish Green,Faint,Very Slightly Included,Cushion,Mixed Brilliant Cut,No Enhancement,Montana,https://www.thenaturalsapphirecompany.com/yellow-sapphires/2.34ct-montana-cushion-yellowish-green-sapphire-s27395/
S31850,3030.0,1500.0,2.02,8.32,6.32,4.86,Yellowish Green,Intense,Very Slightly Included,Oval,Mixed Brilliant Cut,Heat Treated,Ceylon (Sri Lanka),https://www.thenaturalsapphirecompany.com/yellow-sapphires/2.02ct-ceylon-sri-lankan-oval-yellowish-green-sapphire-s31850/
S31884,153.0,300.0,0.51,5.72,4.06,2.97,Yellowish Green,Medium,Eye Clean,Pear,Mixed Brilliant Cut,Heat Treated,Madagascar,https://www.thenaturalsapphirecompany.com/yellow-sapphires/0.51ct-madagascar-pear-yellowish-green-sapphire-s31884/
S35670,3855.0,1500.0,2.57,9.8,6.76,4.96,Orangish Yellow,Intense,Very Slightly Included,Pear,Mixed Brilliant Cut,Heat Treated,Ceylon (Sri Lanka),https://www.thenaturalsapphirecompany.com/yellow-sapphires/2.57ct-ceylon-sri-lankan-pear-orangish-yellow-sapphire-s35670/
S35684,6475.0,1850.0,3.5,7.78,7.59,5.87,Yellowish Green,Intense,Eye Clean,Asscher - Octagon,Asscher Cut,Heat Treated,Madagascar,https://www.thenaturalsapphirecompany.com/yellow-sapphires/3.50ct-madagascar-asscher-octagon-yellowish-green-sapphire-s35684/
S38927,322.0,700.0,0.46,4.64,4.64,2.81,Yellowish Green,Intense,Slightly Included,Round,Mixed Brilliant Cut,Heat Treated,Montana,https://www.thenaturalsapphirecompany.com/yellow-sapphires/0.46ct-montana-round-yellowish-green-sapphire-s38927/
S38938,6274.0,1572.0,3.99,9.36,9.19,5.81,Yellow,Vivid,Very Slightly Included,Round,Emerald Cut,Heat Treated,Ceylon (Sri Lanka),https://www.thenaturalsapphirecompany.com/yellow-sapphires/3.99ct-ceylon-sri-lankan-round-yellow-sapphire-s38938/
S11357,2799.0,996.0,2.81,8.48,8.25,5.18,Yellow,Intense,Very Slightly Included,Heart,Mixed Brilliant Cut,No Enhancement,Ceylon (Sri Lanka),https://www.thenaturalsapphirecompany.com/yellow-sapphires/2.81ct-ceylon-sri-lankan-heart-yellow-sapphire-s11357/
S11360,1624.0,800.0,2.03,7.32,5.9,4.72,Yellowish Orange,Vivid,Very Very Slightly Included,Emerald Cut,Emerald Cut,Heat Treated,Ceylon (Sri Lanka),https://www.thenaturalsapphirecompany.com/yellow-sapphires/2.03ct-ceylon-sri-lankan-emerald-cut-yellowish-orange-sapphire-s11360/
S11362,2304.0,900.0,2.56,9.84,6.26,4.89,Orangish Yellow,Intense,Very Slightly Included,Pear,Mixed Brilliant Cut,Heat Treated,Ceylon (Sri Lanka),https://www.thenaturalsapphirecompany.com/yellow-sapphires/2.56ct-ceylon-sri-lankan-pear-orangish-yellow-sapphire-s11362/
S16612,441.0,432.0,1.02,6.04,4.84,3.91,Yellow,Light,Very Slightly Included,Cushion,Mixed Brilliant Cut,No Enhancement,Ceylon (Sri Lanka),https://www.thenaturalsapphirecompany.com/yellow-sapphires/1.02ct-ceylon-sri-lankan-cushion-yellow-sapphire-s16612/
S22236,401.0,378.0,1.06,6.34,6.3,3.55,Yellow,Light,Very Slightly Included,Round,Mixed Brilliant Cut,No Enhancement,Ceylon (Sri Lanka),https://www.thenaturalsapphirecompany.com/yellow-sapphires/1.06ct-ceylon-sri-lankan-round-yellow-sapphire-s22236/
S22238,167.0,380.0,0.44,4.97,4.27,2.82,Yellow,Faint,Eye Clean,Oval,Mixed Brilliant Cut,No Enhancement,Ceylon (Sri Lanka),https://www.thenaturalsapphirecompany.com/yellow-sapphires/0.44ct-ceylon-sri-lankan-oval-yellow-sapphire-s22238/
S22245,228.0,380.0,0.6,6.31,4.39,2.86,Yellow,Faint,Very Slightly Included,Oval,Mixed Brilliant Cut,No Enhancement,Ceylon (Sri Lanka),https://www.thenaturalsapphirecompany.com/yellow-sapphires/0.60ct-ceylon-sri-lankan-oval-yellow-sapphire-s22245/
S31435,279.0,190.0,1.47,6.62,6.59,3.46,Orangish Yellow,Vivid,Very Slightly Included,Cushion,Mixed Brilliant Cut,Lattice Diffused,Ceylon (Sri Lanka),https://www.thenaturalsapphirecompany.com/yellow-sapphires/1.47ct-ceylon-sri-lankan-cushion-orangish-yellow-sapphire-s31435/
S31436,885.0,380.0,2.33,8.7,6.67,4.53,Yellow,Intense,Very Very Slightly Included,Oval,Mixed Brilliant Cut,Lattice Diffused,Ceylon (Sri Lanka),https://www.thenaturalsapphirecompany.com/yellow-sapphires/2.33ct-ceylon-sri-lankan-oval-yellow-sapphire-s31436/
S31437,783.0,380.0,2.06,7.66,7.05,4.4,Yellow,Medium,Very Very Slightly Included,Oval,Mixed Brilliant Cut,Lattice Diffused,Ceylon (Sri Lanka),https://www.thenaturalsapphirecompany.com/yellow-sapphires/2.06ct-ceylon-sri-lankan-oval-yellow-sapphire-s31437/
S31438,950.0,380.0,2.5,8.71,7.13,5.03,Yellow,Intense,Very Very Slightly Included,Oval,Mixed Brilliant Cut,Lattice Diffused,Ceylon (Sri Lanka),https://www.thenaturalsapphirecompany.com/yellow-sapphires/2.50ct-ceylon-sri-lankan-oval-yellow-sapphire-s31438/
S31440,745.0,360.0,2.07,7.21,7.1,3.95,Orangish Yellow,Intense,Very Very Slightly Included,Princess,Princess Cut,Lattice Diffused,Ceylon (Sri Lanka),https://www.thenaturalsapphirecompany.com/yellow-sapphires/2.07ct-ceylon-sri-lankan-princess-orangish-yellow-sapphire-s31440/
S31449,775.0,380.0,2.04,8.59,6.55,4.21,Yellow,Medium,Very Slightly Included,Oval,Mixed Brilliant Cut,Lattice Diffused,Ceylon (Sri Lanka),https://www.thenaturalsapphirecompany.com/yellow-sapphires/2.04ct-ceylon-sri-lankan-oval-yellow-sapphire-s31449/
S31451,3751.0,463.0,8.11,11.67,11.66,7.84,Orangish Yellow,Intense,Very Very Slightly Included,Round,Mixed Brilliant Cut,Lattice Diffused,Ceylon (Sri Lanka),https://www.thenaturalsapphirecompany.com/yellow-sapphires/8.11ct-ceylon-sri-lankan-round-orangish-yellow-sapphire-s31451/
S31452,173.0,190.0,0.91,5.71,5.76,3.4,Yellow,Medium,Very Very Slightly Included,Round,Mixed Brilliant Cut,Lattice Diffused,Ceylon (Sri Lanka),https://www.thenaturalsapphirecompany.com/yellow-sapphires/0.91ct-ceylon-sri-lankan-round-yellow-sapphire-s31452/
S31453,144.0,189.0,0.76,5.52,5.53,2.98,Yellow,Intense,Very Very Slightly Included,Round,Mixed Brilliant Cut,Lattice Diffused,Ceylon (Sri Lanka),https://www.thenaturalsapphirecompany.com/yellow-sapphires/0.76ct-ceylon-sri-lankan-round-yellow-sapphire-s31453/
S31454,192.0,190.0,1.01,5.71,5.73,3.91,Yellow,Intense,Very Very Slightly Included,Round,Mixed Brilliant Cut,Lattice Diffused,Ceylon (Sri Lanka),https://www.thenaturalsapphirecompany.com/yellow-sapphires/1.01ct-ceylon-sri-lankan-round-yellow-sapphire-s31454/
S31456,152.0,190.0,0.8,5.57,5.57,3.03,Yellow,Vivid,Very Very Slightly Included,Round,Mixed Brilliant Cut,Lattice Diffused,Ceylon (Sri Lanka),https://www.thenaturalsapphirecompany.com/yellow-sapphires/0.80ct-ceylon-sri-lankan-round-yellow-sapphire-s31456/
S31457,163.0,190.0,0.86,5.26,5.26,3.77,Yellow,Vivid,Very Very Slightly Included,Round,Mixed Brilliant Cut,Lattice Diffused,Ceylon (Sri Lanka),https://www.thenaturalsapphirecompany.com/yellow-sapphires/0.86ct-ceylon-sri-lankan-round-yellow-sapphire-s31457/
S31458,165.0,190.0,0.87,5.42,5.27,3.69,Orangish Yellow,Intense,Very Very Slightly Included,Round,Mixed Brilliant Cut,Lattice Diffused,Ceylon (Sri Lanka),https://www.thenaturalsapphirecompany.com/yellow-sapphires/0.87ct-ceylon-sri-lankan-round-orangish-yellow-sapphire-s31458/
S31459,146.0,190.0,0.77,5.35,5.38,3.27,Yellow,Intense,Very Very Slightly Included,Round,Mixed Brilliant Cut,Lattice Diffused,Ceylon (Sri Lanka),https://www.thenaturalsapphirecompany.com/yellow-sapphires/0.77ct-ceylon-sri-lankan-round-yellow-sapphire-s31459/
S38643,1449.0,900.0,1.61,6.61,6.0,4.02,Yellowish Green,Intense,Very Slightly Included,Cushion,Mixed Brilliant Cut,No Enhancement,Madagascar,https://www.thenaturalsapphirecompany.com/yellow-sapphires/1.61ct-madagascar-cushion-yellowish-green-sapphire-s38643/
S38649,1071.0,900.0,1.19,6.54,4.55,4.07,Greenish Yellow,Intense,Very Slightly Included,Emerald Cut,Emerald Cut,No Enhancement,Madagascar,https://www.thenaturalsapphirecompany.com/yellow-sapphires/1.19ct-madagascar-emerald-cut-greenish-yellow-sapphire-s38649/
S38651,936.0,900.0,1.04,6.03,4.45,3.81,Yellowish Green,Intense,Very Very Slightly Included,Radiant,Radiant Cut,No Enhancement,Madagascar,https://www.thenaturalsapphirecompany.com/yellow-sapphires/1.04ct-madagascar-radiant-yellowish-green-sapphire-s38651/
S38652,1298.0,1100.0,1.18,5.47,5.18,4.32,Yellowish Green,Medium,Very Slightly Included,Radiant,Radiant Cut,No Enhancement,Madagascar,https://www.thenaturalsapphirecompany.com/yellow-sapphires/1.18ct-madagascar-radiant-yellowish-green-sapphire-s38652/
S38805,780.0,384.0,2.03,7.26,6.3,4.18,Yellowish Green,Intense,Very Slightly Included,Emerald Cut,Emerald Cut,No Enhancement,Ceylon (Sri Lanka),https://www.thenaturalsapphirecompany.com/yellow-sapphires/2.03ct-ceylon-sri-lankan-emerald-cut-yellowish-green-sapphire-s38805/
S38807,980.0,570.0,1.72,7.51,6.57,4.22,Yellow,Light,Very Slightly Included,Oval,Mixed Brilliant Cut,No Enhancement,Ceylon (Sri Lanka),https://www.thenaturalsapphirecompany.com/yellow-sapphires/1.72ct-ceylon-sri-lankan-oval-yellow-sapphire-s38807/
S38808,580.0,500.0,1.16,7.8,5.51,3.75,Yellow,Light,Very Slightly Included,Pear,Mixed Brilliant Cut,No Enhancement,Ceylon (Sri Lanka),https://www.thenaturalsapphirecompany.com/yellow-sapphires/1.16ct-ceylon-sri-lankan-pear-yellow-sapphire-s38808/
S38817,456.0,800.0,0.57,6.5,4.13,2.85,Yellowish Brown,Intense,Slightly Included,Pear,Mixed Brilliant Cut,Heat Treated,Montana,https://www.thenaturalsapphirecompany.com/yellow-sapphires/0.57ct-montana-pear-yellowish-brown-sapphire-s38817/
S11293,3201.0,1100.0,2.91,10.15,7.28,5.24,Yellow,Intense,Very Slightly Included,Pear,Mixed Brilliant Cut,No Enhancement,Ceylon (Sri Lanka),https://www.thenaturalsapphirecompany.com/yellow-sapphires/2.91ct-ceylon-sri-lankan-pear-yellow-sapphire-s11293/
S11295,1037.0,720.0,1.44,9.72,6.57,3.23,Yellow,Light,Very Slightly Included,Pear,Mixed Brilliant Cut,No Enhancement,Ceylon (Sri Lanka),https://www.thenaturalsapphirecompany.com/yellow-sapphires/1.44ct-ceylon-sri-lankan-pear-yellow-sapphire-s11295/
S22492,110.0,220.0,0.5,5.94,4.2,2.74,Orangish Yellow,Intense,Very Very Slightly Included,Oval,Mixed Brilliant Cut,Heat Treated,Ceylon (Sri Lanka),https://www.thenaturalsapphirecompany.com/yellow-sapphires/0.50ct-ceylon-sri-lankan-oval-orangish-yellow-sapphire-s22492/
S22493,147.0,300.0,0.49,6.01,3.99,2.68,Yellow,Medium,Eye Clean,Oval,Mixed Brilliant Cut,Heat Treated,Ceylon (Sri Lanka),https://www.thenaturalsapphirecompany.com/yellow-sapphires/0.49ct-ceylon-sri-lankan-oval-yellow-sapphire-s22493/
S22494,135.0,250.0,0.54,5.99,4.26,2.9,Orangish Yellow,Medium,Eye Clean,Oval,Mixed Brilliant Cut,Heat Treated,Ceylon (Sri Lanka),https://www.thenaturalsapphirecompany.com/yellow-sapphires/0.54ct-ceylon-sri-lankan-oval-orangish-yellow-sapphire-s22494/
S22495,249.0,300.0,0.83,7.03,5.09,3.22,Yellow,Medium,Eye Clean,Oval,Mixed Brilliant Cut,Heat Treated,Ceylon (Sri Lanka),https://www.thenaturalsapphirecompany.com/yellow-sapphires/0.83ct-ceylon-sri-lankan-oval-yellow-sapphire-s22495/
S22496,83.0,180.0,0.46,5.96,3.99,2.59,Yellow,Light,Very Very Slightly Included,Oval,Mixed Brilliant Cut,Heat Treated,Ceylon (Sri Lanka),https://www.thenaturalsapphirecompany.com/yellow-sapphires/0.46ct-ceylon-sri-lankan-oval-yellow-sapphire-s22496/
S22497,165.0,220.0,0.75,6.49,4.59,3.28,Orangish Yellow,Vivid,Very Very Slightly Included,Oval,Mixed Brilliant Cut,Heat Treated,Ceylon (Sri Lanka),https://www.thenaturalsapphirecompany.com/yellow-sapphires/0.75ct-ceylon-sri-lankan-oval-orangish-yellow-sapphire-s22497/
S22499,360.0,350.0,1.03,7.03,5.06,3.57,Yellow,Medium,Very Slightly Included,Oval,Mixed Brilliant Cut,Heat Treated,Ceylon (Sri Lanka),https://www.thenaturalsapphirecompany.com/yellow-sapphires/1.03ct-ceylon-sri-lankan-oval-yellow-sapphire-s22499/
S22500,276.0,300.0,0.92,7.1,5.01,3.1,Yellow,Medium,Eye Clean,Oval,Mixed Brilliant Cut,Heat Treated,Ceylon (Sri Lanka),https://www.thenaturalsapphirecompany.com/yellow-sapphires/0.92ct-ceylon-sri-lankan-oval-yellow-sapphire-s22500/
S22502,119.0,220.0,0.54,6.09,4.12,2.77,Orangish Yellow,Intense,Eye Clean,Oval,Mixed Brilliant Cut,Heat Treated,Ceylon (Sri Lanka),https://www.thenaturalsapphirecompany.com/yellow-sapphires/0.54ct-ceylon-sri-lankan-oval-orangish-yellow-sapphire-s22502/
S22504,132.0,220.0,0.6,6.14,4.18,2.88,Orangish Yellow,Intense,Eye Clean,Oval,Mixed Brilliant Cut,Heat Treated,Ceylon (Sri Lanka),https://www.thenaturalsapphirecompany.com/yellow-sapphires/0.60ct-ceylon-sri-lankan-oval-orangish-yellow-sapphire-s22504/
S22505,121.0,220.0,0.55,6.17,4.04,2.73,Yellow,Medium,Eye Clean,Oval,Mixed Brilliant Cut,Heat Treated,Ceylon (Sri Lanka),https://www.thenaturalsapphirecompany.com/yellow-sapphires/0.55ct-ceylon-sri-lankan-oval-yellow-sapphire-s22505/
S22506,100.0,200.0,0.5,5.97,4.11,2.65,Yellow,Light,Eye Clean,Oval,Mixed Brilliant Cut,Heat Treated,Ceylon (Sri Lanka),https://www.thenaturalsapphirecompany.com/yellow-sapphires/0.50ct-ceylon-sri-lankan-oval-yellow-sapphire-s22506/
S22507,99.0,220.0,0.45,6.03,4.13,2.39,Orangish Yellow,Intense,Eye Clean,Oval,Mixed Brilliant Cut,Heat Treated,Ceylon (Sri Lanka),https://www.thenaturalsapphirecompany.com/yellow-sapphires/0.45ct-ceylon-sri-lankan-oval-orangish-yellow-sapphire-s22507/
S22508,184.0,271.0,0.68,5.13,5.06,3.64,Yellow,Medium,Very Very Slightly Included,Round,Mixed Brilliant Cut,Heat Treated,Ceylon (Sri Lanka),https://www.thenaturalsapphirecompany.com/yellow-sapphires/0.68ct-ceylon-sri-lankan-round-yellow-sapphire-s22508/
S22509,174.0,300.0,0.58,5.07,5.1,3.23,Orangish Yellow,Intense,Very Very Slightly Included,Round,Mixed Brilliant Cut,Heat Treated,Ceylon (Sri Lanka),https://www.thenaturalsapphirecompany.com/yellow-sapphires/0.58ct-ceylon-sri-lankan-round-orangish-yellow-sapphire-s22509/
S22510,162.0,270.0,0.6,6.39,4.48,2.91,Orangish Yellow,Vivid,Eye Clean,Oval,Mixed Brilliant Cut,Heat Treated,Ceylon (Sri Lanka),https://www.thenaturalsapphirecompany.com/yellow-sapphires/0.60ct-ceylon-sri-lankan-oval-orangish-yellow-sapphire-s22510/
S22511,203.0,290.0,0.7,6.59,4.47,3.11,Yellow,Intense,Eye Clean,Oval,Mixed Brilliant Cut,Heat Treated,Ceylon (Sri Lanka),https://www.thenaturalsapphirecompany.com/yellow-sapphires/0.70ct-ceylon-sri-lankan-oval-yellow-sapphire-s22511/
S22513,167.0,269.0,0.62,6.44,4.6,2.87,Yellow,Medium,Eye Clean,Oval,Mixed Brilliant Cut,Heat Treated,Ceylon (Sri Lanka),https://www.thenaturalsapphirecompany.com/yellow-sapphires/0.62ct-ceylon-sri-lankan-oval-yellow-sapphire-s22513/
S22514,262.0,349.0,0.75,6.35,4.64,3.42,Yellowish Orange,Intense,Very Very Slightly Included,Oval,Mixed Brilliant Cut,Heat Treated,Ceylon (Sri Lanka),https://www.thenaturalsapphirecompany.com/yellow-sapphires/0.75ct-ceylon-sri-lankan-oval-yellowish-orange-sapphire-s22514/
S22515,340.0,370.0,0.92,7.01,5.02,3.42,Yellow,Light,Eye Clean,Oval,Mixed Brilliant Cut,Heat Treated,Ceylon (Sri Lanka),https://www.thenaturalsapphirecompany.com/yellow-sapphires/0.92ct-ceylon-sri-lankan-oval-yellow-sapphire-s22515/
S22516,318.0,370.0,0.86,7.08,5.09,3.36,Yellow,Medium,Eye Clean,Oval,Mixed Brilliant Cut,Heat Treated,Ceylon (Sri Lanka),https://www.thenaturalsapphirecompany.com/yellow-sapphires/0.86ct-ceylon-sri-lankan-oval-yellow-sapphire-s22516/
S22517,312.0,351.0,0.89,7.08,5.05,3.34,Yellow,Light,Eye Clean,Oval,Mixed Brilliant Cut,Heat Treated,Ceylon (Sri Lanka),https://www.thenaturalsapphirecompany.com/yellow-sapphires/0.89ct-ceylon-sri-lankan-oval-yellow-sapphire-s22517/
S22518,99.0,220.0,0.45,5.94,3.96,2.56,Orangish Yellow,Medium,Eye Clean,Oval,Mixed Brilliant Cut,Heat Treated,Ceylon (Sri Lanka),https://www.thenaturalsapphirecompany.com/yellow-sapphires/0.45ct-ceylon-sri-lankan-oval-orangish-yellow-sapphire-s22518/
S22519,130.0,220.0,0.59,6.11,4.11,3.04,Yellow,Medium,Eye Clean,Oval,Mixed Brilliant Cut,Heat Treated,Ceylon (Sri Lanka),https://www.thenaturalsapphirecompany.com/yellow-sapphires/0.59ct-ceylon-sri-lankan-oval-yellow-sapphire-s22519/
S22520,151.0,290.0,0.52,4.55,4.43,2.9,Orangish Yellow,Intense,Eye Clean,Princess,Princess Cut,Heat Treated,Ceylon (Sri Lanka),https://www.thenaturalsapphirecompany.com/yellow-sapphires/0.52ct-ceylon-sri-lankan-princess-orangish-yellow-sapphire-s22520/
S22522,146.0,270.0,0.54,4.48,4.48,3.0,Orangish Yellow,Medium,Eye Clean,Princess,Princess Cut,Heat Treated,Ceylon (Sri Lanka),https://www.thenaturalsapphirecompany.com/yellow-sapphires/0.54ct-ceylon-sri-lankan-princess-orangish-yellow-sapphire-s22522/
S35632,588.0,550.0,1.07,6.79,5.53,3.47,Yellowish Green,Light,Very Slightly Included,Oval,Mixed Brilliant Cut,No Enhancement,Ceylon (Sri Lanka),https://www.thenaturalsapphirecompany.com/yellow-sapphires/1.07ct-ceylon-sri-lankan-oval-yellowish-green-sapphire-s35632/
S35633,688.0,550.0,1.25,8.18,5.25,3.34,Yellowish Orange,Medium,Very Slightly Included,Oval,Mixed Brilliant Cut,No Enhancement,Ceylon (Sri Lanka),https://www.thenaturalsapphirecompany.com/yellow-sapphires/1.25ct-ceylon-sri-lankan-oval-yellowish-orange-sapphire-s35633/
S35636,517.0,550.0,0.94,6.88,5.17,3.03,Orangish Yellow,Light,Slightly Included,Oval,Mixed Brilliant Cut,No Enhancement,Ceylon (Sri Lanka),https://www.thenaturalsapphirecompany.com/yellow-sapphires/0.94ct-ceylon-sri-lankan-oval-orangish-yellow-sapphire-s35636/
S16649,1430.0,1202.0,1.19,7.31,5.14,3.44,Yellowish Brown,Intense,Very Slightly Included,Oval,Mixed Brilliant Cut,No Enhancement,Ceylon (Sri Lanka),https://www.thenaturalsapphirecompany.com/yellow-sapphires/1.19ct-ceylon-sri-lankan-oval-yellowish-brown-sapphire-s16649/
S22258,15326.0,2550.0,6.01,9.96,9.91,6.65,Yellow,Medium,Very Slightly Included,Cushion,Mixed Brilliant Cut,No Enhancement,Ceylon (Sri Lanka),https://www.thenaturalsapphirecompany.com/yellow-sapphires/6.01ct-ceylon-sri-lankan-cushion-yellow-sapphire-s22258/
S22259,12043.0,1955.0,6.16,11.48,9.64,6.21,Yellow,Vivid,Very Slightly Included,Cushion,Mixed Brilliant Cut,Heat Treated,Ceylon (Sri Lanka),https://www.thenaturalsapphirecompany.com/yellow-sapphires/6.16ct-ceylon-sri-lankan-cushion-yellow-sapphire-s22259/
S22260,10608.0,2040.0,5.2,10.67,7.78,6.22,Yellow,Medium,Eye Clean,Emerald Cut,Emerald Cut,No Enhancement,Ceylon (Sri Lanka),https://www.thenaturalsapphirecompany.com/yellow-sapphires/5.20ct-ceylon-sri-lankan-emerald-cut-yellow-sapphire-s22260/
S22261,14560.0,2550.0,5.71,10.61,8.62,6.22,Yellow,Intense,Very Slightly Included,Emerald Cut,Emerald Cut,No Enhancement,Ceylon (Sri Lanka),https://www.thenaturalsapphirecompany.com/yellow-sapphires/5.71ct-ceylon-sri-lankan-emerald-cut-yellow-sapphire-s22261/
S22262,10608.0,2040.0,5.2,13.61,9.98,5.11,Yellow,Vivid,Very Slightly Included,Pear,Mixed Brilliant Cut,No Enhancement,Ceylon (Sri Lanka),https://www.thenaturalsapphirecompany.com/yellow-sapphires/5.20ct-ceylon-sri-lankan-pear-yellow-sapphire-s22262/
S22263,22384.0,2805.0,7.98,14.86,9.92,6.69,Yellow,Vivid,Eye Clean,Pear,Mixed Brilliant Cut,Heat Treated,Ceylon (Sri Lanka),https://www.thenaturalsapphirecompany.com/yellow-sapphires/7.98ct-ceylon-sri-lankan-pear-yellow-sapphire-s22263/
S22264,9110.0,1942.0,4.69,9.15,9.11,6.1,Yellow,Medium,Very Slightly Included,Asscher - Octagon,Asscher Cut,Heat Treated,Ceylon (Sri Lanka),https://www.thenaturalsapphirecompany.com/yellow-sapphires/4.69ct-ceylon-sri-lankan-asscher-octagon-yellow-sapphire-s22264/
S22265,13728.0,2125.0,6.46,10.31,10.2,7.97,Yellow,Vivid,Very Slightly Included,Round,Mixed Brilliant Cut,No Enhancement,Ceylon (Sri Lanka),https://www.thenaturalsapphirecompany.com/yellow-sapphires/6.46ct-ceylon-sri-lankan-round-yellow-sapphire-s22265/
S22266,15875.0,1955.0,8.12,11.35,11.25,8.01,Yellow,Vivid,Very Slightly Included,Round,Mixed Brilliant Cut,Heat Treated,Ceylon (Sri Lanka),https://www.thenaturalsapphirecompany.com/yellow-sapphires/8.12ct-ceylon-sri-lankan-round-yellow-sapphire-s22266/
S22268,10710.0,2125.0,5.04,10.07,11.41,5.69,Yellow,Intense,Eye Clean,Heart,Mixed Brilliant Cut,Heat Treated,Ceylon (Sri Lanka),https://www.thenaturalsapphirecompany.com/yellow-sapphires/5.04ct-ceylon-sri-lankan-heart-yellow-sapphire-s22268/
U14683,351.0,266.0,1.32,7.51,6.49,3.63,Yellowish Green,Intense,Eye Clean,Oval,Mixed Brilliant Cut,No Enhancement,Nigeria,https://www.thenaturalsapphirecompany.com/yellow-sapphires/1.32ct-nigerian-oval-yellowish-green-sapphire-u14683/
S27006,140.0,250.0,0.56,5.04,4.99,3.02,Yellow,Intense,Eye Clean,Round,Mixed Brilliant Cut,Heat Treated,Ceylon (Sri Lanka),https://www.thenaturalsapphirecompany.com/yellow-sapphires/0.56ct-ceylon-sri-lankan-round-yellow-sapphire-s27006/
S27007,140.0,237.0,0.59,5.0,4.12,2.86,Yellow,Light,Eye Clean,Emerald Cut,Emerald Cut,Heat Treated,Ceylon (Sri Lanka),https://www.thenaturalsapphirecompany.com/yellow-sapphires/0.59ct-ceylon-sri-lankan-emerald-cut-yellow-sapphire-s27007/
S27008,140.0,250.0,0.56,4.99,4.99,3.0,Yellow,Intense,Eye Clean,Round,Mixed Brilliant Cut,Heat Treated,Ceylon (Sri Lanka),https://www.thenaturalsapphirecompany.com/yellow-sapphires/0.56ct-ceylon-sri-lankan-round-yellow-sapphire-s27008/
S27009,140.0,237.0,0.59,6.06,4.11,2.8,Yellow,Medium,Eye Clean,Oval,Mixed Brilliant Cut,Heat Treated,Ceylon (Sri Lanka),https://www.thenaturalsapphirecompany.com/yellow-sapphires/0.59ct-ceylon-sri-lankan-oval-yellow-sapphire-s27009/
S27010,160.0,208.0,0.77,5.5,5.49,3.57,Yellow,Intense,Very Very Slightly Included,Round,Mixed Brilliant Cut,Heat Treated,Ceylon (Sri Lanka),https://www.thenaturalsapphirecompany.com/yellow-sapphires/0.77ct-ceylon-sri-lankan-round-yellow-sapphire-s27010/
S27011,140.0,246.0,0.57,6.07,4.12,2.64,Yellow,Medium,Eye Clean,Oval,Mixed Brilliant Cut,Heat Treated,Ceylon (Sri Lanka),https://www.thenaturalsapphirecompany.com/yellow-sapphires/0.57ct-ceylon-sri-lankan-oval-yellow-sapphire-s27011/
S27012,140.0,241.0,0.58,5.9,4.01,2.84,Yellow,Medium,Very Very Slightly Included,Oval,Mixed Brilliant Cut,Heat Treated,Ceylon (Sri Lanka),https://www.thenaturalsapphirecompany.com/yellow-sapphires/0.58ct-ceylon-sri-lankan-oval-yellow-sapphire-s27012/
S27013,160.0,195.0,0.82,5.47,5.49,3.65,Yellow,Medium,Eye Clean,Round,Mixed Brilliant Cut,Heat Treated,Ceylon (Sri Lanka),https://www.thenaturalsapphirecompany.com/yellow-sapphires/0.82ct-ceylon-sri-lankan-round-yellow-sapphire-s27013/
S27014,140.0,241.0,0.58,6.03,4.15,2.85,Yellow,Intense,Eye Clean,Oval,Mixed Brilliant Cut,Heat Treated,Ceylon (Sri Lanka),https://www.thenaturalsapphirecompany.com/yellow-sapphires/0.58ct-ceylon-sri-lankan-oval-yellow-sapphire-s27014/
S27015,140.0,259.0,0.54,6.04,4.09,2.68,Yellow,Medium,Eye Clean,Oval,Mixed Brilliant Cut,Heat Treated,Ceylon (Sri Lanka),https://www.thenaturalsapphirecompany.com/yellow-sapphires/0.54ct-ceylon-sri-lankan-oval-yellow-sapphire-s27015/
S27016,140.0,246.0,0.57,6.07,4.02,2.67,Yellow,Medium,Eye Clean,Oval,Mixed Brilliant Cut,Heat Treated,Ceylon (Sri Lanka),https://www.thenaturalsapphirecompany.com/yellow-sapphires/0.57ct-ceylon-sri-lankan-oval-yellow-sapphire-s27016/
S31460,215.0,190.0,1.13,6.48,5.91,3.95,Yellowish Orange,Light,Very Very Slightly Included,Round,Mixed Brilliant Cut,Lattice Diffused,Ceylon (Sri Lanka),https://www.thenaturalsapphirecompany.com/yellow-sapphires/1.13ct-ceylon-sri-lankan-round-yellowish-orange-sapphire-s31460/
S31461,175.0,190.0,0.92,6.01,5.99,3.1,Yellow,Intense,Very Very Slightly Included,Round,Mixed Brilliant Cut,Lattice Diffused,Ceylon (Sri Lanka),https://www.thenaturalsapphirecompany.com/yellow-sapphires/0.92ct-ceylon-sri-lankan-round-yellow-sapphire-s31461/
S31462,127.0,190.0,0.67,6.39,4.34,2.89,Yellow,Light,Very Very Slightly Included,Oval,Mixed Brilliant Cut,Lattice Diffused,Ceylon (Sri Lanka),https://www.thenaturalsapphirecompany.com/yellow-sapphires/0.67ct-ceylon-sri-lankan-oval-yellow-sapphire-s31462/
S31463,152.0,190.0,0.8,5.83,5.84,3.16,Orangish Yellow,Medium,Slightly Included,Round,Mixed Brilliant Cut,Lattice Diffused,Ceylon (Sri Lanka),https://www.thenaturalsapphirecompany.com/yellow-sapphires/0.80ct-ceylon-sri-lankan-round-orangish-yellow-sapphire-s31463/
S31464,160.0,190.0,0.84,6.38,4.38,3.02,Yellow,Light,Very Slightly Included,Emerald Cut,Radiant Cut,Lattice Diffused,Ceylon (Sri Lanka),https://www.thenaturalsapphirecompany.com/yellow-sapphires/0.84ct-ceylon-sri-lankan-emerald-cut-yellow-sapphire-s31464/
S31465,118.0,190.0,0.62,4.99,4.85,2.89,Yellow,Light,Very Very Slightly Included,Radiant,Radiant Cut,Lattice Diffused,Ceylon (Sri Lanka),https://www.thenaturalsapphirecompany.com/yellow-sapphires/0.62ct-ceylon-sri-lankan-radiant-yellow-sapphire-s31465/
S31466,175.0,190.0,0.92,5.94,5.94,3.46,Yellow,Medium,Very Slightly Included,Round,Mixed Brilliant Cut,Lattice Diffused,Ceylon (Sri Lanka),https://www.thenaturalsapphirecompany.com/yellow-sapphires/0.92ct-ceylon-sri-lankan-round-yellow-sapphire-s31466/
S31467,218.0,190.0,1.15,7.2,5.23,3.26,Yellow,Medium,Very Very Slightly Included,Oval,Mixed Brilliant Cut,Lattice Diffused,Ceylon (Sri Lanka),https://www.thenaturalsapphirecompany.com/yellow-sapphires/1.15ct-ceylon-sri-lankan-oval-yellow-sapphire-s31467/
S31468,182.0,190.0,0.96,6.91,5.03,3.01,Yellow,Medium,Very Slightly Included,Oval,Mixed Brilliant Cut,Lattice Diffused,Ceylon (Sri Lanka),https://www.thenaturalsapphirecompany.com/yellow-sapphires/0.96ct-ceylon-sri-lankan-oval-yellow-sapphire-s31468/
S31469,177.0,190.0,0.93,6.27,6.29,3.35,Yellow,Medium,Eye Clean,Round,Mixed Brilliant Cut,Lattice Diffused,Ceylon (Sri Lanka),https://www.thenaturalsapphirecompany.com/yellow-sapphires/0.93ct-ceylon-sri-lankan-round-yellow-sapphire-s31469/
S31472,213.0,190.0,1.12,6.31,5.91,3.81,Orangish Yellow,Medium,Very Very Slightly Included,Round,Mixed Brilliant Cut,Lattice Diffused,Ceylon (Sri Lanka),https://www.thenaturalsapphirecompany.com/yellow-sapphires/1.12ct-ceylon-sri-lankan-round-orangish-yellow-sapphire-s31472/
S31473,180.0,189.0,0.95,5.62,5.59,3.27,Yellow,Vivid,Very Slightly Included,Cushion,Mixed Brilliant Cut,Lattice Diffused,Ceylon (Sri Lanka),https://www.thenaturalsapphirecompany.com/yellow-sapphires/0.95ct-ceylon-sri-lankan-cushion-yellow-sapphire-s31473/
S31474,141.0,191.0,0.74,6.79,4.81,2.71,Orangish Yellow,Intense,Eye Clean,Oval,Mixed Brilliant Cut,Lattice Diffused,Ceylon (Sri Lanka),https://www.thenaturalsapphirecompany.com/yellow-sapphires/0.74ct-ceylon-sri-lankan-oval-orangish-yellow-sapphire-s31474/
S31475,171.0,190.0,0.9,6.85,4.91,3.19,Yellow,Medium,Very Very Slightly Included,Oval,Mixed Brilliant Cut,Lattice Diffused,Ceylon (Sri Lanka),https://www.thenaturalsapphirecompany.com/yellow-sapphires/0.90ct-ceylon-sri-lankan-oval-yellow-sapphire-s31475/
S31476,175.0,190.0,0.92,5.64,5.47,3.48,Orangish Yellow,Intense,Very Very Slightly Included,Cushion,Mixed Brilliant Cut,Lattice Diffused,Ceylon (Sri Lanka),https://www.thenaturalsapphirecompany.com/yellow-sapphires/0.92ct-ceylon-sri-lankan-cushion-orangish-yellow-sapphire-s31476/
S31477,198.0,190.0,1.04,5.99,6.02,3.62,Yellow,Intense,Slightly Included,Round,Mixed Brilliant Cut,Lattice Diffused,Ceylon (Sri Lanka),https://www.thenaturalsapphirecompany.com/yellow-sapphires/1.04ct-ceylon-sri-lankan-round-yellow-sapphire-s31477/
S31479,207.0,190.0,1.09,7.07,5.08,3.5,Yellowish Orange,Light,Very Slightly Included,Oval,Mixed Brilliant Cut,Lattice Diffused,Ceylon (Sri Lanka),https://www.thenaturalsapphirecompany.com/yellow-sapphires/1.09ct-ceylon-sri-lankan-oval-yellowish-orange-sapphire-s31479/
S38686,400.0,370.0,1.08,5.67,5.53,3.4,Yellowish Green,Intense,Very Slightly Included,Cushion,Mixed Brilliant Cut,Heat Treated,Madagascar,https://www.thenaturalsapphirecompany.com/yellow-sapphires/1.08ct-madagascar-cushion-yellowish-green-sapphire-s38686/
S38687,600.0,387.0,1.55,7.14,5.73,4.38,Yellow,Medium,Slightly Included,Oval,Mixed Brilliant Cut,Heat Treated,Ceylon (Sri Lanka),https://www.thenaturalsapphirecompany.com/yellow-sapphires/1.55ct-ceylon-sri-lankan-oval-yellow-sapphire-s38687/
S41610,1980.0,1200.0,1.65,6.75,5.66,4.45,Yellowish Green,Intense,Very Slightly Included,Emerald Cut,Emerald Cut,No Enhancement,Australia,https://www.thenaturalsapphirecompany.com/yellow-sapphires/1.65ct-australian-emerald-cut-yellowish-green-sapphire-s41610/
S41611,1260.0,1000.0,1.26,6.35,5.09,3.88,Yellowish Green,Intense,Very Very Slightly Included,Emerald Cut,Emerald Cut,No Enhancement,Australia,https://www.thenaturalsapphirecompany.com/yellow-sapphires/1.26ct-australian-emerald-cut-yellowish-green-sapphire-s41611/
S41615,960.0,800.0,1.2,5.74,5.06,4.58,Yellowish Green,Intense,Very Slightly Included,Asscher - Octagon,Asscher Cut,No Enhancement,Australia,https://www.thenaturalsapphirecompany.com/yellow-sapphires/1.20ct-australian-asscher-octagon-yellowish-green-sapphire-s41615/
S41616,936.0,800.0,1.17,6.51,4.87,3.76,Yellowish Green,Intense,Very Slightly Included,Emerald Cut,Emerald Cut,No Enhancement,Australia,https://www.thenaturalsapphirecompany.com/yellow-sapphires/1.17ct-australian-emerald-cut-yellowish-green-sapphire-s41616/
S41617,972.0,900.0,1.08,5.98,5.4,3.43,Yellowish Green,Intense,Slightly Included,Asscher - Octagon,Asscher Cut,No Enhancement,Australia,https://www.thenaturalsapphirecompany.com/yellow-sapphires/1.08ct-australian-asscher-octagon-yellowish-green-sapphire-s41617/
S41624,1140.0,1009.0,1.13,6.97,5.76,3.37,Yellow,Light,Very Slightly Included,Oval,Mixed Brilliant Cut,No Enhancement,Tanzania,https://www.thenaturalsapphirecompany.com/yellow-sapphires/1.13ct-tanzanian-oval-yellow-sapphire-s41624/
S41625,3952.0,1382.0,2.86,9.66,7.11,5.11,Yellow,Faint,Very Slightly Included,Oval,Mixed Brilliant Cut,No Enhancement,Tanzania,https://www.thenaturalsapphirecompany.com/yellow-sapphires/2.86ct-tanzanian-oval-yellow-sapphire-s41625/
S16654,654.0,600.0,1.09,6.12,5.17,3.77,Yellow,Intense,Slightly Included,Oval,Mixed Brilliant Cut,No Enhancement,Ceylon (Sri Lanka),https://www.thenaturalsapphirecompany.com/yellow-sapphires/1.09ct-ceylon-sri-lankan-oval-yellow-sapphire-s16654/
S16659,1741.0,1116.0,1.56,7.26,5.25,4.77,Greenish Yellow,Intense,Very Slightly Included,Oval,Mixed Brilliant Cut,No Enhancement,Ceylon (Sri Lanka),https://www.thenaturalsapphirecompany.com/yellow-sapphires/1.56ct-ceylon-sri-lankan-oval-greenish-yellow-sapphire-s16659/
S16660,612.0,600.0,1.02,5.94,5.9,3.46,Yellow,Light,Eye Clean,Cushion,Mixed Brilliant Cut,No Enhancement,Ceylon (Sri Lanka),https://www.thenaturalsapphirecompany.com/yellow-sapphires/1.02ct-ceylon-sri-lankan-cushion-yellow-sapphire-s16660/
S31702,210.0,200.0,1.05,5.11,4.84,4.12,Yellowish Orange,Intense,Very Very Slightly Included,Asscher - Octagon,Asscher Cut,Heat Treated,Ceylon (Sri Lanka),https://www.thenaturalsapphirecompany.com/yellow-sapphires/1.05ct-ceylon-sri-lankan-asscher-octagon-yellowish-orange-sapphire-s31702/
S16795,700.0,500.0,1.4,7.89,5.64,3.46,Yellow,Intense,Very Slightly Included,Oval,Mixed Brilliant Cut,Lattice Diffused,Ceylon (Sri Lanka),https://www.thenaturalsapphirecompany.com/yellow-sapphires/1.40ct-ceylon-sri-lankan-oval-yellow-sapphire-s16795/
S27197,65800.0,2343.0,28.08,18.53,18.11,11.19,Yellow,Medium,Eye Clean,Heart,Mixed Brilliant Cut,No Enhancement,Ceylon (Sri Lanka),https://www.thenaturalsapphirecompany.com/yellow-sapphires/28.08ct-ceylon-sri-lankan-heart-yellow-sapphire-s27197/
S27198,24750.0,2919.0,8.48,14.13,9.62,8.42,Yellow,Medium,Eye Clean,Pear,Mixed Brilliant Cut,No Enhancement,Ceylon (Sri Lanka),https://www.thenaturalsapphirecompany.com/yellow-sapphires/8.48ct-ceylon-sri-lankan-pear-yellow-sapphire-s27198/
S27199,18150.0,1727.0,10.51,13.06,13.12,8.0,Yellow,Medium,Very Very Slightly Included,Round,Mixed Brilliant Cut,No Enhancement,Ceylon (Sri Lanka),https://www.thenaturalsapphirecompany.com/yellow-sapphires/10.51ct-ceylon-sri-lankan-round-yellow-sapphire-s27199/
S27201,9250.0,1560.0,5.93,11.04,11.49,5.85,Orangish Yellow,Medium,Eye Clean,Heart,Mixed Brilliant Cut,Heat Treated,Ceylon (Sri Lanka),https://www.thenaturalsapphirecompany.com/yellow-sapphires/5.93ct-ceylon-sri-lankan-heart-orangish-yellow-sapphire-s27201/
S31718,512.0,250.0,2.05,7.77,5.54,4.66,Yellow,Light,Slightly Included,Radiant,Radiant Cut,No Enhancement,Ceylon (Sri Lanka),https://www.thenaturalsapphirecompany.com/yellow-sapphires/2.05ct-ceylon-sri-lankan-radiant-yellow-sapphire-s31718/
S31732,316.0,301.0,1.05,6.77,5.25,3.22,Yellow,Medium,Very Very Slightly Included,Cushion,Mixed Brilliant Cut,No Enhancement,Ceylon (Sri Lanka),https://www.thenaturalsapphirecompany.com/yellow-sapphires/1.05ct-ceylon-sri-lankan-cushion-yellow-white-opal-s31732/
S35467,310.0,500.0,0.62,5.53,5.48,2.84,Yellowish Green,Intense,Very Slightly Included,Oval,Mixed Brilliant Cut,Heat Treated,Madagascar,https://www.thenaturalsapphirecompany.com/yellow-sapphires/0.62ct-madagascar-oval-yellowish-green-sapphire-s35467/
S35475,326.0,502.0,0.65,5.65,5.54,3.11,Yellowish Green,Intense,Very Very Slightly Included,Round,Mixed Brilliant Cut,Heat Treated,Madagascar,https://www.thenaturalsapphirecompany.com/yellow-sapphires/0.65ct-madagascar-round-yellowish-green-sapphire-s35475/
S35487,595.0,500.0,1.19,6.75,6.3,3.96,Yellowish Green,Intense,Very Slightly Included,Heart,Mixed Brilliant Cut,Heat Treated,Madagascar,https://www.thenaturalsapphirecompany.com/yellow-sapphires/1.19ct-madagascar-heart-yellowish-green-sapphire-s35487/
S35498,484.0,400.0,1.21,7.15,6.33,3.57,Yellowish Green,Intense,Slightly Included,Trillion,Trillion Cut,Heat Treated,Madagascar,https://www.thenaturalsapphirecompany.com/yellow-sapphires/1.21ct-madagascar-trillion-yellowish-green-sapphire-s35498/
S35953,220.0,182.0,1.21,8.94,5.77,3.55,Yellow,Medium,Very Slightly Included,Pear,Mixed Brilliant Cut,No Enhancement,Ceylon (Sri Lanka),https://www.thenaturalsapphirecompany.com/yellow-sapphires/1.21ct-ceylon-sri-lankan-pear-yellow-sapphire-s35953/
S35965,320.0,208.0,1.54,7.47,6.24,4.26,Yellow,Intense,Very Slightly Included,Oval,Mixed Brilliant Cut,No Enhancement,Ceylon (Sri Lanka),https://www.thenaturalsapphirecompany.com/yellow-sapphires/1.54ct-ceylon-sri-lankan-oval-yellow-sapphire-s35965/
S38821,870.0,1000.0,0.87,5.73,4.5,3.43,Yellow,Light,Very Slightly Included,Emerald Cut,Emerald Cut,Heat Treated,Tanzania,https://www.thenaturalsapphirecompany.com/yellow-sapphires/0.87ct-tanzanian-emerald-cut-yellow-sapphire-s38821/
S38830,496.0,800.0,0.62,6.49,4.65,2.89,Orangish Yellow,Medium,Very Very Slightly Included,Pear,Mixed Brilliant Cut,Heat Treated,Montana,https://www.thenaturalsapphirecompany.com/yellow-sapphires/0.62ct-montana-pear-orangish-yellow-sapphire-s38830/
S38831,576.0,900.0,0.64,6.14,4.67,3.11,Greenish Yellow,Intense,Very Very Slightly Included,Pear,Mixed Brilliant Cut,Heat Treated,Montana,https://www.thenaturalsapphirecompany.com/yellow-sapphires/0.64ct-montana-pear-greenish-yellow-sapphire-s38831/
S11211,267.0,300.0,0.89,5.78,5.79,3.46,Yellow,Medium,Very Slightly Included,Round,Mixed Brilliant Cut,No Enhancement,Ceylon (Sri Lanka),https://www.thenaturalsapphirecompany.com/yellow-sapphires/0.89ct-ceylon-sri-lankan-round-yellow-sapphire-s11211/
S11213,393.0,300.0,1.31,6.48,6.59,4.04,Yellow,Medium,Very Slightly Included,Round,Mixed Brilliant Cut,No Enhancement,Ceylon (Sri Lanka),https://www.thenaturalsapphirecompany.com/yellow-sapphires/1.31ct-ceylon-sri-lankan-round-yellow-sapphire-s11213/
S11216,366.0,300.0,1.22,6.0,6.02,4.31,Yellow,Medium,Very Slightly Included,Round,Mixed Brilliant Cut,No Enhancement,Ceylon (Sri Lanka),https://www.thenaturalsapphirecompany.com/yellow-sapphires/1.22ct-ceylon-sri-lankan-round-yellow-sapphire-s11216/
S16867,328.0,400.0,0.82,5.69,4.84,3.66,Yellow,Light,Very Slightly Included,Oval,Mixed Brilliant Cut,No Enhancement,Ceylon (Sri Lanka),https://www.thenaturalsapphirecompany.com/yellow-sapphires/0.82ct-ceylon-sri-lankan-oval-yellow-sapphire-s16867/
S22442,13362.0,1700.0,7.86,13.63,9.81,6.37,Yellowish Orange,Intense,Eye Clean,Radiant,Emerald Cut,Heat Treated,Ceylon (Sri Lanka),https://www.thenaturalsapphirecompany.com/yellow-sapphires/7.86ct-ceylon-sri-lankan-radiant-yellowish-orange-sapphire-s22442/
S22460,11847.0,1955.0,6.06,10.99,9.93,5.81,Yellow,Vivid,Very Slightly Included,Emerald Cut,Emerald Cut,Heat Treated,Ceylon (Sri Lanka),https://www.thenaturalsapphirecompany.com/yellow-sapphires/6.06ct-ceylon-sri-lankan-emerald-cut-yellow-sapphire-s22460/
S27211,9250.0,2372.0,3.9,9.01,10.03,5.62,Yellowish Green,Medium,Eye Clean,Heart,Mixed Brilliant Cut,No Enhancement,Ceylon (Sri Lanka),https://www.thenaturalsapphirecompany.com/yellow-sapphires/3.90ct-ceylon-sri-lankan-heart-yellowish-green-sapphire-s27211/
S27214,3997.0,1098.0,3.64,8.39,9.23,5.82,Yellow,Light,Very Slightly Included,Heart,Mixed Brilliant Cut,No Enhancement,Ceylon (Sri Lanka),https://www.thenaturalsapphirecompany.com/yellow-sapphires/3.64ct-ceylon-sri-lankan-heart-yellow-sapphire-s27214/
S35510,352.0,320.0,1.1,7.3,5.36,3.35,Greenish Yellow,Intense,Slightly Included,Oval,Mixed Brilliant Cut,Heat Treated,Madagascar,https://www.thenaturalsapphirecompany.com/yellow-sapphires/1.10ct-madagascar-oval-greenish-yellow-sapphire-s35510/
S38853,544.0,800.0,0.68,6.58,4.58,3.25,Yellowish Green,Medium,Very Very Slightly Included,Pear,Mixed Brilliant Cut,Heat Treated,Montana,https://www.thenaturalsapphirecompany.com/yellow-sapphires/0.68ct-montana-pear-yellowish-green-sapphire-s38853/
S38854,533.0,264.0,2.02,7.88,5.78,4.34,Yellow,Light,Slightly Included,Radiant,Radiant Cut,No Enhancement,Ceylon (Sri Lanka),https://www.thenaturalsapphirecompany.com/yellow-sapphires/2.02ct-ceylon-sri-lankan-radiant-yellow-sapphire-s38854/
S38856,267.0,241.0,1.11,6.63,6.55,3.34,Yellow,Light,Very Very Slightly Included,Round,Mixed Brilliant Cut,Heat Treated,Ceylon (Sri Lanka),https://www.thenaturalsapphirecompany.com/yellow-sapphires/1.11ct-ceylon-sri-lankan-round-yellow-sapphire-s38856/
S38858,300.0,229.0,1.31,6.99,4.89,3.98,Yellow,Intense,Very Slightly Included,Emerald Cut,Emerald Cut,Heat Treated,Ceylon (Sri Lanka),https://www.thenaturalsapphirecompany.com/yellow-sapphires/1.31ct-ceylon-sri-lankan-emerald-cut-yellow-sapphire-s38858/
S38868,340.0,286.0,1.19,6.34,5.74,4.14,Yellowish Orange,Intense,Slightly Included,Oval,Mixed Brilliant Cut,Heat Treated,Ceylon (Sri Lanka),https://www.thenaturalsapphirecompany.com/yellow-sapphires/1.19ct-ceylon-sri-lankan-oval-yellowish-orange-sapphire-s38868/
S38875,600.0,294.0,2.04,6.99,6.46,4.32,Yellow,Medium,Very Slightly Included,Cushion,Mixed Brilliant Cut,No Enhancement,Ceylon (Sri Lanka),https://www.thenaturalsapphirecompany.com/yellow-sapphires/2.04ct-ceylon-sri-lankan-cushion-yellow-sapphire-s38875/
S39070,2178.0,1100.0,1.98,7.62,5.94,4.23,Yellow,Intense,Very Slightly Included,Emerald Cut,Emerald Cut,Heat Treated,Ceylon (Sri Lanka),https://www.thenaturalsapphirecompany.com/yellow-sapphires/1.98ct-ceylon-sri-lankan-emerald-cut-yellow-sapphire-s39070/
S11247,230.0,200.0,1.15,6.34,5.3,3.4,Yellow,Medium,Very Slightly Included,Emerald Cut,Emerald Cut,No Enhancement,Ceylon (Sri Lanka),https://www.thenaturalsapphirecompany.com/yellow-sapphires/1.15ct-ceylon-sri-lankan-emerald-cut-yellow-sapphire-s11247/
S11248,118.0,200.0,0.59,4.37,4.33,3.43,Yellow,Medium,Very Slightly Included,Princess,Princess Cut,No Enhancement,Ceylon (Sri Lanka),https://www.thenaturalsapphirecompany.com/yellow-sapphires/0.59ct-ceylon-sri-lankan-princess-yellow-sapphire-s11248/
S11267,10336.0,1360.0,7.6,11.19,10.06,6.51,Yellowish Green,Medium,Very Slightly Included,Radiant,Radiant Cut,No Enhancement,Ceylon (Sri Lanka),https://www.thenaturalsapphirecompany.com/yellow-sapphires/7.60ct-ceylon-sri-lankan-radiant-yellowish-green-sapphire-s11267/
S16935,1190.0,1000.0,1.19,7.52,6.08,3.36,Yellowish Green,Light,Eye Clean,Pear,Mixed Brilliant Cut,No Enhancement,Ceylon (Sri Lanka),https://www.thenaturalsapphirecompany.com/yellow-sapphires/1.19ct-ceylon-sri-lankan-pear-yellowish-green-sapphire-s16935/
S16937,1199.0,1100.0,1.09,5.91,5.13,3.62,Greenish Yellow,Medium,Very Slightly Included,Radiant,Radiant Cut,No Enhancement,Ceylon (Sri Lanka),https://www.thenaturalsapphirecompany.com/yellow-sapphires/1.09ct-ceylon-sri-lankan-radiant-greenish-yellow-sapphire-s16937/
S16939,1221.0,1100.0,1.11,5.94,5.52,3.41,Yellowish Green,Medium,Very Slightly Included,Asscher - Octagon,Asscher Cut,No Enhancement,Ceylon (Sri Lanka),https://www.thenaturalsapphirecompany.com/yellow-sapphires/1.11ct-ceylon-sri-lankan-asscher-octagon-yellowish-green-sapphire-s16939/
S22472,8279.0,1156.0,7.16,10.89,9.67,8.11,Yellow,Light,Very Very Slightly Included,Cushion,Mixed Brilliant Cut,No Enhancement,Ceylon (Sri Lanka),https://www.thenaturalsapphirecompany.com/yellow-sapphires/7.16ct-ceylon-sri-lankan-cushion-yellow-sapphire-s22472/
S22477,360.0,350.0,1.03,7.01,5.01,3.71,Yellow,Medium,Very Very Slightly Included,Oval,Mixed Brilliant Cut,Heat Treated,Ceylon (Sri Lanka),https://www.thenaturalsapphirecompany.com/yellow-sapphires/1.03ct-ceylon-sri-lankan-oval-yellow-sapphire-s22477/
S22478,147.0,219.0,0.67,6.56,4.57,2.86,Yellow,Medium,Eye Clean,Oval,Mixed Brilliant Cut,Heat Treated,Ceylon (Sri Lanka),https://www.thenaturalsapphirecompany.com/yellow-sapphires/0.67ct-ceylon-sri-lankan-oval-yellow-sapphire-s22478/
S22479,130.0,220.0,0.59,6.01,4.14,3.16,Yellow,Intense,Eye Clean,Oval,Mixed Brilliant Cut,Heat Treated,Ceylon (Sri Lanka),https://www.thenaturalsapphirecompany.com/yellow-sapphires/0.59ct-ceylon-sri-lankan-oval-yellow-sapphire-s22479/
S22480,150.0,221.0,0.68,6.51,4.44,3.12,Yellow,Vivid,Eye Clean,Oval,Mixed Brilliant Cut,Heat Treated,Ceylon (Sri Lanka),https://www.thenaturalsapphirecompany.com/yellow-sapphires/0.68ct-ceylon-sri-lankan-oval-yellow-sapphire-s22480/
S22481,198.0,251.0,0.79,6.66,4.63,3.22,Yellow,Intense,Eye Clean,Oval,Mixed Brilliant Cut,Heat Treated,Ceylon (Sri Lanka),https://www.thenaturalsapphirecompany.com/yellow-sapphires/0.79ct-ceylon-sri-lankan-oval-yellow-sapphire-s22481/
S22482,187.0,240.0,0.78,6.65,4.6,3.21,Yellow,Intense,Very Very Slightly Included,Oval,Mixed Brilliant Cut,Heat Treated,Ceylon (Sri Lanka),https://www.thenaturalsapphirecompany.com/yellow-sapphires/0.78ct-ceylon-sri-lankan-oval-yellow-sapphire-s22482/
S22483,97.0,220.0,0.44,5.18,4.14,2.81,Orangish Yellow,Intense,Very Very Slightly Included,Oval,Mixed Brilliant Cut,Heat Treated,Ceylon (Sri Lanka),https://www.thenaturalsapphirecompany.com/yellow-sapphires/0.44ct-ceylon-sri-lankan-oval-orangish-yellow-sapphire-s22483/
S22484,95.0,221.0,0.43,4.96,4.11,2.78,Yellow,Medium,Eye Clean,Oval,Mixed Brilliant Cut,Heat Treated,Ceylon (Sri Lanka),https://www.thenaturalsapphirecompany.com/yellow-sapphires/0.43ct-ceylon-sri-lankan-oval-yellow-sapphire-s22484/
S22485,74.0,180.0,0.41,5.05,4.16,2.67,Yellow,Light,Eye Clean,Oval,Mixed Brilliant Cut,Heat Treated,Ceylon (Sri Lanka),https://www.thenaturalsapphirecompany.com/yellow-sapphires/0.41ct-ceylon-sri-lankan-oval-yellow-sapphire-s22485/
S22486,78.0,200.0,0.39,5.04,4.07,2.66,Yellow,Intense,Eye Clean,Oval,Mixed Brilliant Cut,Heat Treated,Ceylon (Sri Lanka),https://www.thenaturalsapphirecompany.com/yellow-sapphires/0.39ct-ceylon-sri-lankan-oval-yellow-sapphire-s22486/
S22487,88.0,220.0,0.4,5.07,4.11,2.68,Yellow,Medium,Very Very Slightly Included,Oval,Mixed Brilliant Cut,Heat Treated,Ceylon (Sri Lanka),https://www.thenaturalsapphirecompany.com/yellow-sapphires/0.40ct-ceylon-sri-lankan-oval-yellow-sapphire-s22487/
S22488,132.0,300.0,0.44,6.07,4.08,2.37,Yellowish Orange,Intense,Eye Clean,Oval,Mixed Brilliant Cut,Heat Treated,Ceylon (Sri Lanka),https://www.thenaturalsapphirecompany.com/yellow-sapphires/0.44ct-ceylon-sri-lankan-oval-yellowish-orange-sapphire-s22488/
S22489,106.0,221.0,0.48,5.9,4.04,2.7,Yellow,Vivid,Eye Clean,Oval,Mixed Brilliant Cut,Heat Treated,Ceylon (Sri Lanka),https://www.thenaturalsapphirecompany.com/yellow-sapphires/0.48ct-ceylon-sri-lankan-oval-yellow-sapphire-s22489/
S22490,159.0,269.0,0.59,6.09,4.14,3.08,Orangish Yellow,Intense,Eye Clean,Oval,Mixed Brilliant Cut,Heat Treated,Ceylon (Sri Lanka),https://www.thenaturalsapphirecompany.com/yellow-sapphires/0.59ct-ceylon-sri-lankan-oval-orangish-yellow-sapphire-s22490/
S22491,172.0,249.0,0.69,6.16,4.22,3.22,Orangish Yellow,Medium,Eye Clean,Oval,Mixed Brilliant Cut,Heat Treated,Ceylon (Sri Lanka),https://www.thenaturalsapphirecompany.com/yellow-sapphires/0.69ct-ceylon-sri-lankan-oval-orangish-yellow-sapphire-s22491/
S27247,4000.0,1099.0,3.64,10.34,8.03,4.95,Yellowish Orange,Intense,Eye Clean,Oval,Mixed Brilliant Cut,Heat Treated,Ceylon (Sri Lanka),https://www.thenaturalsapphirecompany.com/yellow-sapphires/3.64ct-ceylon-sri-lankan-oval-yellowish-orange-sapphire-s27247/
S27262,430.0,250.0,1.72,7.87,6.15,4.01,Yellow,Faint,Very Slightly Included,Radiant,Radiant Cut,No Enhancement,Ceylon (Sri Lanka),https://www.thenaturalsapphirecompany.com/yellow-sapphires/1.72ct-ceylon-sri-lankan-radiant-yellow-sapphire-s27262/
S27279,3060.0,1821.0,1.68,7.24,7.29,4.62,Yellowish Orange,Vivid,Very Very Slightly Included,Round,Mixed Brilliant Cut,Heat Treated,Ceylon (Sri Lanka),https://www.thenaturalsapphirecompany.com/yellow-sapphires/1.68ct-ceylon-sri-lankan-round-yellowish-orange-sapphire-s27279/
S27282,1350.0,1174.0,1.15,5.91,5.19,3.93,Yellow,Intense,Very Very Slightly Included,Emerald Cut,Emerald Cut,Heat Treated,Ceylon (Sri Lanka),https://www.thenaturalsapphirecompany.com/yellow-sapphires/1.15ct-ceylon-sri-lankan-emerald-cut-yellow-sapphire-s27282/
S27285,1530.0,1254.0,1.22,5.9,5.44,3.96,Yellow,Vivid,Very Very Slightly Included,Asscher - Octagon,Asscher Cut,Heat Treated,Ceylon (Sri Lanka),https://www.thenaturalsapphirecompany.com/yellow-sapphires/1.22ct-ceylon-sri-lankan-asscher-octagon-yellow-sapphire-s27285/
S31813,2002.0,728.0,2.75,8.84,6.81,4.59,Yellowish Green,Intense,Very Slightly Included,Cushion,Mixed Brilliant Cut,Heat Treated,Australia,https://www.thenaturalsapphirecompany.com/yellow-sapphires/2.75ct-australian-cushion-yellowish-green-sapphire-s31813/
S11094,2110.0,1000.0,2.11,7.21,7.81,5.15,Orangish Yellow,Medium,Very Slightly Included,Trillion,Trillion Cut,Heat Treated,Ceylon (Sri Lanka),https://www.thenaturalsapphirecompany.com/yellow-sapphires/2.11ct-ceylon-sri-lankan-trillion-orangish-yellow-sapphire-s11094/
S46209,160.0,200.0,0.8,7.09,4.51,2.94,Orangish Yellow,Intense,Eye Clean,Oval,Mixed Brilliant Cut,Heat Treated,Ceylon (Sri Lanka),https://www.thenaturalsapphirecompany.com/yellow-sapphires/0.80ct-ceylon-sri-lankan-oval-orangish-yellow-sapphire-s46209/
S46242,400.0,784.0,0.51,6.6,4.92,2.05,Yellowish Brown,Intense,Slightly Included,Pear,Mixed Brilliant Cut,Heat Treated,Ceylon (Sri Lanka),https://www.thenaturalsapphirecompany.com/yellow-sapphires/0.51ct-ceylon-sri-lankan-pear-yellowish-brown-sapphire-s46242/
S46246,400.0,635.0,0.63,6.48,4.74,2.02,Yellow,Medium,Very Slightly Included,Cushion,Mixed Brilliant Cut,Heat Treated,Ceylon (Sri Lanka),https://www.thenaturalsapphirecompany.com/yellow-sapphires/0.63ct-ceylon-sri-lankan-cushion-yellow-sapphire-s46246/
S35427,1188.0,900.0,1.32,7.12,5.31,3.87,Yellowish Green,Medium,Slightly Included,Emerald Cut,Emerald Cut,No Enhancement,Tanzania,https://www.thenaturalsapphirecompany.com/yellow-sapphires/1.32ct-tanzanian-emerald-cut-yellowish-green-sapphire-s35427/
S35456,462.0,600.0,0.77,5.73,5.72,3.37,Yellowish Green,Intense,Very Very Slightly Included,Round,Mixed Brilliant Cut,Heat Treated,Madagascar,https://www.thenaturalsapphirecompany.com/yellow-sapphires/0.77ct-madagascar-round-yellowish-green-sapphire-s35456/
S10814,1296.0,900.0,1.44,7.57,6.0,3.86,Yellow,Medium,Eye Clean,Oval,Mixed Brilliant Cut,Heat Treated,Ceylon (Sri Lanka),https://www.thenaturalsapphirecompany.com/yellow-sapphires/1.44ct-ceylon-sri-lankan-oval-yellow-sapphire-s10814/
S10863,903.0,700.0,1.29,10.76,4.82,3.37,Orangish Yellow,Intense,Very Slightly Included,Marquise,Mixed Brilliant Cut,Heat Treated,Ceylon (Sri Lanka),https://www.thenaturalsapphirecompany.com/yellow-sapphires/1.29ct-ceylon-sri-lankan-marquise-orangish-yellow-sapphire-s10863/
S10867,2768.0,1350.0,2.05,9.43,7.21,4.11,Yellow,Medium,Very Very Slightly Included,Pear,Mixed Brilliant Cut,No Enhancement,Ceylon (Sri Lanka),https://www.thenaturalsapphirecompany.com/yellow-sapphires/2.05ct-ceylon-sri-lankan-pear-yellow-sapphire-s10867/
S10868,2717.0,1300.0,2.09,9.55,7.06,4.17,Orangish Yellow,Intense,Very Slightly Included,Fancy,Step Cut,Heat Treated,Ceylon (Sri Lanka),https://www.thenaturalsapphirecompany.com/yellow-sapphires/2.09ct-ceylon-sri-lankan-fancy-orangish-yellow-sapphire-s10868/
S16630,501.0,619.0,0.81,5.9,4.89,3.02,Yellow,Light,Very Slightly Included,Oval,Mixed Brilliant Cut,No Enhancement,Ceylon (Sri Lanka),https://www.thenaturalsapphirecompany.com/yellow-sapphires/0.81ct-ceylon-sri-lankan-oval-yellow-sapphire-s16630/
S16635,700.0,686.0,1.02,6.02,4.89,3.72,Yellow,Light,Very Slightly Included,Oval,Mixed Brilliant Cut,No Enhancement,Ceylon (Sri Lanka),https://www.thenaturalsapphirecompany.com/yellow-sapphires/1.02ct-ceylon-sri-lankan-oval-yellow-sapphire-s16635/
S16647,420.0,442.0,0.95,6.53,5.41,3.22,Greenish Yellow,Intense,Slightly Included,Oval,Mixed Brilliant Cut,No Enhancement,Ceylon (Sri Lanka),https://www.thenaturalsapphirecompany.com/yellow-sapphires/0.95ct-ceylon-sri-lankan-oval-greenish-yellow-sapphire-s16647/
S9574,78.0,170.0,0.46,5.08,5.14,2.89,Yellow,Medium,Very Slightly Included,Trillion,Trillion Cut,Heat Treated,Ceylon (Sri Lanka),https://www.thenaturalsapphirecompany.com/yellow-sapphires/0.46ct-ceylon-sri-lankan-trillion-yellow-sapphire-s9574/
S9580,60.0,171.0,0.35,4.55,4.56,2.67,Yellow,Medium,Very Slightly Included,Trillion,Trillion Cut,Heat Treated,Ceylon (Sri Lanka),https://www.thenaturalsapphirecompany.com/yellow-sapphires/0.35ct-ceylon-sri-lankan-trillion-yellow-sapphire-s9580/
S9581,66.0,169.0,0.39,4.58,4.43,2.88,Yellow,Intense,Very Slightly Included,Trillion,Trillion Cut,Heat Treated,Ceylon (Sri Lanka),https://www.thenaturalsapphirecompany.com/yellow-sapphires/0.39ct-ceylon-sri-lankan-trillion-yellow-sapphire-s9581/
S9587,74.0,180.0,0.41,4.71,4.6,3.0,Yellow,Intense,Very Slightly Included,Trillion,Trillion Cut,Heat Treated,Ceylon (Sri Lanka),https://www.thenaturalsapphirecompany.com/yellow-sapphires/0.41ct-ceylon-sri-lankan-trillion-yellow-sapphire-s9587/
S9594,120.0,200.0,0.6,6.13,4.09,2.99,Orangish Yellow,Intense,Very Slightly Included,Oval,Mixed Brilliant Cut,Heat Treated,Ceylon (Sri Lanka),https://www.thenaturalsapphirecompany.com/yellow-sapphires/0.60ct-ceylon-sri-lankan-oval-orangish-yellow-sapphire-s9594/
S5806,1178.0,866.0,1.36,6.65,5.43,3.86,Yellow,Medium,Very Slightly Included,Radiant,Radiant Cut,Heat Treated,Ceylon (Sri Lanka),https://www.thenaturalsapphirecompany.com/yellow-sapphires/1.36ct-ceylon-sri-lankan-radiant-yellow-sapphire-s5806/
S5817,1250.0,828.0,1.51,6.71,5.43,4.37,Orangish Yellow,Intense,Eye Clean,Radiant,Radiant Cut,Heat Treated,Ceylon (Sri Lanka),https://www.thenaturalsapphirecompany.com/yellow-sapphires/1.51ct-ceylon-sri-lankan-radiant-orangish-yellow-sapphire-s5817/
S5838,620.0,400.0,1.55,6.87,5.6,4.1,Yellow,Light,Very Slightly Included,Emerald Cut,Emerald Cut,No Enhancement,Ceylon (Sri Lanka),https://www.thenaturalsapphirecompany.com/yellow-sapphires/1.55ct-ceylon-sri-lankan-emerald-cut-yellow-sapphire-s5838/
S5842,472.0,400.0,1.18,5.58,5.49,4.28,Yellow,Light,Slightly Included,Radiant,Radiant Cut,No Enhancement,Ceylon (Sri Lanka),https://www.thenaturalsapphirecompany.com/yellow-sapphires/1.18ct-ceylon-sri-lankan-radiant-yellow-sapphire-s5842/
S5843,976.0,800.0,1.22,6.08,6.07,3.58,Yellow,Intense,Very Slightly Included,Princess,Princess Cut,No Enhancement,Ceylon (Sri Lanka),https://www.thenaturalsapphirecompany.com/yellow-sapphires/1.22ct-ceylon-sri-lankan-princess-yellow-sapphire-s5843/
S5731,961.0,608.0,1.58,6.58,6.32,3.84,Yellow,Intense,Eye Clean,Asscher - Octagon,Asscher Cut,Heat Treated,Ceylon (Sri Lanka),https://www.thenaturalsapphirecompany.com/yellow-sapphires/1.58ct-ceylon-sri-lankan-asscher-octagon-yellow-sapphire-s5731/
S5736,1109.0,940.0,1.18,6.98,5.34,3.53,Yellow,Intense,Eye Clean,Oval,Mixed Brilliant Cut,Heat Treated,Ceylon (Sri Lanka),https://www.thenaturalsapphirecompany.com/yellow-sapphires/1.18ct-ceylon-sri-lankan-oval-yellow-sapphire-s5736/
S5754,2147.0,950.0,2.26,7.75,6.89,4.71,Yellowish Green,Vivid,Eye Clean,Oval,Mixed Brilliant Cut,No Enhancement,Ceylon (Sri Lanka),https://www.thenaturalsapphirecompany.com/yellow-sapphires/2.26ct-ceylon-sri-lankan-oval-yellowish-green-sapphire-s5754/
S22623,207.0,300.0,0.69,4.6,4.58,3.74,Yellow,Medium,Eye Clean,Princess,Princess Cut,Heat Treated,Ceylon (Sri Lanka),https://www.thenaturalsapphirecompany.com/yellow-sapphires/0.69ct-ceylon-sri-lankan-princess-yellow-sapphire-s22623/
S22624,204.0,300.0,0.68,4.63,4.52,3.71,Yellow,Intense,Eye Clean,Princess,Princess Cut,Heat Treated,Ceylon (Sri Lanka),https://www.thenaturalsapphirecompany.com/yellow-sapphires/0.68ct-ceylon-sri-lankan-princess-yellow-sapphire-s22624/
S22625,228.0,300.0,0.76,4.61,4.61,3.83,Yellow,Medium,Eye Clean,Princess,Princess Cut,Heat Treated,Ceylon (Sri Lanka),https://www.thenaturalsapphirecompany.com/yellow-sapphires/0.76ct-ceylon-sri-lankan-princess-yellow-sapphire-s22625/
S22626,228.0,300.0,0.76,6.92,4.97,3.03,Yellow,Medium,Very Very Slightly Included,Oval,Mixed Brilliant Cut,Heat Treated,Ceylon (Sri Lanka),https://www.thenaturalsapphirecompany.com/yellow-sapphires/0.76ct-ceylon-sri-lankan-oval-yellow-sapphire-s22626/
S22627,270.0,300.0,0.9,7.89,5.41,3.21,Yellow,Medium,Very Very Slightly Included,Pear,Mixed Brilliant Cut,Heat Treated,Ceylon (Sri Lanka),https://www.thenaturalsapphirecompany.com/yellow-sapphires/0.90ct-ceylon-sri-lankan-pear-yellow-sapphire-s22627/
S22628,183.0,300.0,0.61,5.54,5.45,3.11,Yellow,Medium,Eye Clean,Trillion,Trillion Cut,Heat Treated,Ceylon (Sri Lanka),https://www.thenaturalsapphirecompany.com/yellow-sapphires/0.61ct-ceylon-sri-lankan-trillion-yellow-sapphire-s22628/
S22629,195.0,300.0,0.65,5.61,5.58,3.23,Yellow,Medium,Eye Clean,Trillion,Trillion Cut,Heat Treated,Ceylon (Sri Lanka),https://www.thenaturalsapphirecompany.com/yellow-sapphires/0.65ct-ceylon-sri-lankan-trillion-yellow-sapphire-s22629/
S22630,189.0,300.0,0.63,5.55,5.54,3.19,Yellow,Medium,Eye Clean,Trillion,Trillion Cut,Heat Treated,Ceylon (Sri Lanka),https://www.thenaturalsapphirecompany.com/yellow-sapphires/0.63ct-ceylon-sri-lankan-trillion-yellow-sapphire-s22630/
S22631,180.0,300.0,0.6,5.55,5.59,3.19,Yellow,Medium,Eye Clean,Trillion,Trillion Cut,Heat Treated,Ceylon (Sri Lanka),https://www.thenaturalsapphirecompany.com/yellow-sapphires/0.60ct-ceylon-sri-lankan-trillion-yellow-sapphire-s22631/
S22632,195.0,300.0,0.65,5.47,5.45,3.32,Yellow,Medium,Very Slightly Included,Trillion,Trillion Cut,Heat Treated,Ceylon (Sri Lanka),https://www.thenaturalsapphirecompany.com/yellow-sapphires/0.65ct-ceylon-sri-lankan-trillion-yellow-sapphire-s22632/
S22633,224.0,329.0,0.68,5.2,5.17,3.65,Yellowish Orange,Intense,Very Very Slightly Included,Round,Mixed Brilliant Cut,Heat Treated,Ceylon (Sri Lanka),https://www.thenaturalsapphirecompany.com/yellow-sapphires/0.68ct-ceylon-sri-lankan-round-yellowish-orange-sapphire-s22633/
S22635,195.0,300.0,0.65,5.17,5.13,3.56,Orangish Yellow,Medium,Eye Clean,Round,Mixed Brilliant Cut,Heat Treated,Ceylon (Sri Lanka),https://www.thenaturalsapphirecompany.com/yellow-sapphires/0.65ct-ceylon-sri-lankan-round-orangish-yellow-sapphire-s22635/
S22636,211.0,330.0,0.64,5.11,5.13,3.47,Orangish Yellow,Intense,Eye Clean,Round,Mixed Brilliant Cut,Heat Treated,Ceylon (Sri Lanka),https://www.thenaturalsapphirecompany.com/yellow-sapphires/0.64ct-ceylon-sri-lankan-round-orangish-yellow-sapphire-s22636/
S22637,198.0,330.0,0.6,5.17,5.14,3.33,Yellowish Orange,Vivid,Eye Clean,Round,Mixed Brilliant Cut,Heat Treated,Ceylon (Sri Lanka),https://www.thenaturalsapphirecompany.com/yellow-sapphires/0.60ct-ceylon-sri-lankan-round-yellowish-orange-sapphire-s22637/
S22638,214.0,329.0,0.65,5.23,5.18,3.49,Yellowish Orange,Intense,Eye Clean,Round,Mixed Brilliant Cut,Heat Treated,Ceylon (Sri Lanka),https://www.thenaturalsapphirecompany.com/yellow-sapphires/0.65ct-ceylon-sri-lankan-round-yellowish-orange-sapphire-s22638/
S22639,214.0,329.0,0.65,5.15,5.19,3.51,Yellowish Orange,Intense,Eye Clean,Round,Mixed Brilliant Cut,Heat Treated,Ceylon (Sri Lanka),https://www.thenaturalsapphirecompany.com/yellow-sapphires/0.65ct-ceylon-sri-lankan-round-yellowish-orange-sapphire-s22639/
S22640,221.0,330.0,0.67,5.11,5.12,3.61,Yellowish Orange,Intense,Eye Clean,Round,Mixed Brilliant Cut,Heat Treated,Ceylon (Sri Lanka),https://www.thenaturalsapphirecompany.com/yellow-sapphires/0.67ct-ceylon-sri-lankan-round-yellowish-orange-sapphire-s22640/
S22643,274.0,330.0,0.83,6.95,4.92,3.3,Yellow,Medium,Eye Clean,Oval,Mixed Brilliant Cut,Heat Treated,Ceylon (Sri Lanka),https://www.thenaturalsapphirecompany.com/yellow-sapphires/0.83ct-ceylon-sri-lankan-oval-yellow-sapphire-s22643/
S22644,251.0,330.0,0.76,7.07,4.98,2.97,Yellow,Light,Eye Clean,Oval,Mixed Brilliant Cut,Heat Treated,Ceylon (Sri Lanka),https://www.thenaturalsapphirecompany.com/yellow-sapphires/0.76ct-ceylon-sri-lankan-oval-yellow-sapphire-s22644/
S22646,322.0,350.0,0.92,7.06,5.06,3.41,Yellow,Medium,Eye Clean,Oval,Mixed Brilliant Cut,Heat Treated,Ceylon (Sri Lanka),https://www.thenaturalsapphirecompany.com/yellow-sapphires/0.92ct-ceylon-sri-lankan-oval-yellow-sapphire-s22646/
S22647,308.0,350.0,0.88,7.11,5.03,3.25,Yellow,Light,Eye Clean,Oval,Mixed Brilliant Cut,Heat Treated,Ceylon (Sri Lanka),https://www.thenaturalsapphirecompany.com/yellow-sapphires/0.88ct-ceylon-sri-lankan-oval-yellow-sapphire-s22647/
S22649,287.0,350.0,0.82,7.07,5.07,3.21,Yellow,Medium,Very Slightly Included,Oval,Mixed Brilliant Cut,Heat Treated,Ceylon (Sri Lanka),https://www.thenaturalsapphirecompany.com/yellow-sapphires/0.82ct-ceylon-sri-lankan-oval-yellow-sapphire-s22649/
S22650,304.0,349.0,0.87,7.01,5.11,3.2,Yellow,Medium,Eye Clean,Oval,Mixed Brilliant Cut,Heat Treated,Ceylon (Sri Lanka),https://www.thenaturalsapphirecompany.com/yellow-sapphires/0.87ct-ceylon-sri-lankan-oval-yellow-sapphire-s22650/
S22651,329.0,350.0,0.94,7.09,4.94,3.54,Yellow,Medium,Very Very Slightly Included,Oval,Mixed Brilliant Cut,Heat Treated,Ceylon (Sri Lanka),https://www.thenaturalsapphirecompany.com/yellow-sapphires/0.94ct-ceylon-sri-lankan-oval-yellow-sapphire-s22651/
S22652,322.0,350.0,0.92,7.13,4.92,3.48,Yellow,Intense,Eye Clean,Oval,Mixed Brilliant Cut,Heat Treated,Ceylon (Sri Lanka),https://www.thenaturalsapphirecompany.com/yellow-sapphires/0.92ct-ceylon-sri-lankan-oval-yellow-sapphire-s22652/
S35785,570.0,600.0,0.95,6.49,5.12,3.69,Yellowish Green,Intense,Slightly Included,Oval,Mixed Brilliant Cut,Heat Treated,Madagascar,https://www.thenaturalsapphirecompany.com/yellow-sapphires/0.95ct-madagascar-oval-yellowish-green-sapphire-s35785/
S35786,340.0,400.0,0.85,5.18,5.06,3.58,Yellowish Green,Intense,Slightly Included,Asscher - Octagon,Asscher Cut,Heat Treated,Madagascar,https://www.thenaturalsapphirecompany.com/yellow-sapphires/0.85ct-madagascar-asscher-octagon-yellowish-green-sapphire-s35786/
S35790,550.0,500.0,1.1,7.1,5.21,3.8,Yellowish Green,Intense,Very Slightly Included,Oval,Mixed Brilliant Cut,No Enhancement,Madagascar,https://www.thenaturalsapphirecompany.com/yellow-sapphires/1.10ct-madagascar-oval-yellowish-green-sapphire-s35790/
S35795,339.0,300.0,1.13,5.49,5.19,4.16,Yellowish Green,Intense,Slightly Included,Asscher - Octagon,Asscher Cut,Heat Treated,Madagascar,https://www.thenaturalsapphirecompany.com/yellow-sapphires/1.13ct-madagascar-asscher-octagon-yellowish-green-sapphire-s35795/
S35798,343.0,340.0,1.01,7.64,4.02,2.92,Yellowish Green,Intense,Very Slightly Included,Emerald Cut,Emerald Cut,Heat Treated,Madagascar,https://www.thenaturalsapphirecompany.com/yellow-sapphires/1.01ct-madagascar-emerald-cut-yellowish-green-sapphire-s35798/
S35799,410.0,500.0,0.82,6.09,4.67,2.99,Yellowish Green,Intense,Very Very Slightly Included,Emerald Cut,Emerald Cut,Heat Treated,Madagascar,https://www.thenaturalsapphirecompany.com/yellow-sapphires/0.82ct-madagascar-emerald-cut-yellowish-green-sapphire-s35799/
S35802,497.0,502.0,0.99,6.97,4.86,2.97,Yellowish Green,Intense,Very Slightly Included,Oval,Mixed Brilliant Cut,Heat Treated,Madagascar,https://www.thenaturalsapphirecompany.com/yellow-sapphires/0.99ct-madagascar-oval-yellowish-green-sapphire-s35802/
S35806,308.0,380.0,0.81,6.32,6.48,2.93,Yellowish Green,Medium,Very Very Slightly Included,Trillion,Trillion Cut,Heat Treated,Madagascar,https://www.thenaturalsapphirecompany.com/yellow-sapphires/0.81ct-madagascar-trillion-yellowish-green-sapphire-s35806/
S35810,3322.0,1100.0,3.02,8.16,8.05,5.97,Yellowish Green,Intense,Eye Clean,Round,Mixed Brilliant Cut,Heat Treated,Madagascar,https://www.thenaturalsapphirecompany.com/yellow-sapphires/3.02ct-madagascar-round-yellowish-green-sapphire-s35810/
S39029,56.0,181.0,0.31,4.2,3.99,2.36,Yellow,Medium,Very Slightly Included,Cushion,Mixed Brilliant Cut,Heat Treated,Ceylon (Sri Lanka),https://www.thenaturalsapphirecompany.com/yellow-sapphires/0.31ct-ceylon-sri-lankan-cushion-yellow-sapphire-s39029/
S39030,56.0,181.0,0.31,4.18,4.0,2.29,Yellow,Medium,Slightly Included,Cushion,Mixed Brilliant Cut,Heat Treated,Ceylon (Sri Lanka),https://www.thenaturalsapphirecompany.com/yellow-sapphires/0.31ct-ceylon-sri-lankan-cushion-yellow-sapphire-s39030/
S39046,316.0,400.0,0.79,5.95,4.42,3.41,Yellowish Green,Intense,Very Very Slightly Included,Oval,Mixed Brilliant Cut,No Enhancement,Madagascar,https://www.thenaturalsapphirecompany.com/yellow-sapphires/0.79ct-madagascar-oval-yellowish-green-sapphire-s39046/
S41892,300.0,167.0,1.8,9.31,6.31,3.44,Greenish Yellow,Faint,Slightly Included,Oval,Mixed Brilliant Cut,No Enhancement,Burma (Myanmar),https://www.thenaturalsapphirecompany.com/yellow-sapphires/1.80ct-burma-myanmar-oval-greenish-yellow-sapphire-s41892/
S41895,1700.0,490.0,3.47,11.01,7.32,4.62,Yellowish Brown,Medium,Slightly Included,Oval,Mixed Brilliant Cut,No Enhancement,Madagascar,https://www.thenaturalsapphirecompany.com/yellow-sapphires/3.47ct-madagascar-oval-yellowish-brown-sapphire-s41895/
S48199,920.0,920.0,1.0,6.2,5.49,3.72,Yellowish Green,Intense,Slightly Included,Fancy,Step Cut,Heat Treated,Australia,https://www.thenaturalsapphirecompany.com/yellow-sapphires/1.00ct-australian-fancy-yellowish-green-sapphire-s48199/
S41912,1971.0,900.0,2.19,7.52,5.27,5.67,Yellow,Intense,Very Slightly Included,Emerald Cut,Emerald Cut,Heat Treated,Ceylon (Sri Lanka),https://www.thenaturalsapphirecompany.com/yellow-sapphires/2.19ct-ceylon-sri-lankan-emerald-cut-yellow-sapphire-s41912/
S41913,3100.0,1000.0,3.1,7.92,7.29,5.59,Yellow,Vivid,Very Slightly Included,Asscher - Octagon,Asscher Cut,Heat Treated,Ceylon (Sri Lanka),https://www.thenaturalsapphirecompany.com/yellow-sapphires/3.10ct-ceylon-sri-lankan-asscher-octagon-yellow-sapphire-s41913/
S44167,2074.0,850.0,2.44,10.17,7.55,4.35,Yellow,Intense,Eye Clean,Fancy,Step Cut,Heat Treated,Ceylon (Sri Lanka),https://www.thenaturalsapphirecompany.com/yellow-sapphires/2.44ct-ceylon-sri-lankan-fancy-yellow-sapphire-s44167/
S44168,1326.0,850.0,1.56,9.66,7.39,3.65,Yellow,Intense,Very Slightly Included,Fancy,Step Cut,Heat Treated,Ceylon (Sri Lanka),https://www.thenaturalsapphirecompany.com/yellow-sapphires/1.56ct-ceylon-sri-lankan-fancy-yellow-sapphire-s44168/
S44170,2875.0,1150.0,2.5,8.98,7.09,5.06,Yellow,Medium,Slightly Included,Oval,Mixed Brilliant Cut,No Enhancement,Ceylon (Sri Lanka),https://www.thenaturalsapphirecompany.com/yellow-sapphires/2.50ct-ceylon-sri-lankan-oval-yellow-sapphire-s44170/
S44180,1240.0,500.0,2.48,7.6,7.55,4.97,Orangish Yellow,Intense,Included,Cushion,Mixed Brilliant Cut,Heat Treated,Ceylon (Sri Lanka),https://www.thenaturalsapphirecompany.com/yellow-sapphires/2.48ct-ceylon-sri-lankan-cushion-orangish-yellow-sapphire-s44180/
S44181,640.0,350.0,1.83,8.77,6.41,4.13,Orangish Yellow,Intense,Slightly Included,Oval,Mixed Brilliant Cut,Heat Treated,Ceylon (Sri Lanka),https://www.thenaturalsapphirecompany.com/yellow-sapphires/1.83ct-ceylon-sri-lankan-oval-orangish-yellow-sapphire-s44181/
S44182,1135.0,500.0,2.27,8.01,8.06,4.92,Yellow,Light,Included,Round,Mixed Brilliant Cut,No Enhancement,Ceylon (Sri Lanka),https://www.thenaturalsapphirecompany.com/yellow-sapphires/2.27ct-ceylon-sri-lankan-round-yellow-sapphire-s44182/
S44185,3116.0,950.0,3.28,8.42,8.49,5.86,Yellow,Light,Slightly Included,Round,Mixed Brilliant Cut,No Enhancement,Ceylon (Sri Lanka),https://www.thenaturalsapphirecompany.com/yellow-sapphires/3.28ct-ceylon-sri-lankan-round-yellow-sapphire-s44185/
S44187,2900.0,970.0,2.99,12.56,7.38,4.35,Yellow,Intense,Eye Clean,Pear,Mixed Brilliant Cut,Heat Treated,Ceylon (Sri Lanka),https://www.thenaturalsapphirecompany.com/yellow-sapphires/2.99ct-ceylon-sri-lankan-pear-yellow-sapphire-s44187/
S48161,2580.0,1271.0,2.03,8.15,5.55,4.4,Yellowish Green,Intense,Slightly Included,Emerald Cut,Emerald Cut,No Enhancement,Madagascar,https://www.thenaturalsapphirecompany.com/yellow-sapphires/2.03ct-madagascar-emerald-cut-yellowish-green-sapphire-s48161/
S22562,94.0,200.0,0.47,5.94,4.07,2.56,Yellow,Light,Eye Clean,Oval,Mixed Brilliant Cut,Heat Treated,Ceylon (Sri Lanka),https://www.thenaturalsapphirecompany.com/yellow-sapphires/0.47ct-ceylon-sri-lankan-oval-yellow-sapphire-s22562/
S22563,76.0,200.0,0.38,5.12,4.06,2.49,Yellow,Medium,Eye Clean,Oval,Mixed Brilliant Cut,Heat Treated,Ceylon (Sri Lanka),https://www.thenaturalsapphirecompany.com/yellow-sapphires/0.38ct-ceylon-sri-lankan-oval-yellow-sapphire-s22563/
S22564,117.0,221.0,0.53,5.94,4.16,2.86,Yellow,Light,Eye Clean,Oval,Mixed Brilliant Cut,Heat Treated,Ceylon (Sri Lanka),https://www.thenaturalsapphirecompany.com/yellow-sapphires/0.53ct-ceylon-sri-lankan-oval-yellow-sapphire-s22564/
S22565,99.0,220.0,0.45,5.89,3.94,2.72,Yellow,Medium,Eye Clean,Oval,Mixed Brilliant Cut,Heat Treated,Ceylon (Sri Lanka),https://www.thenaturalsapphirecompany.com/yellow-sapphires/0.45ct-ceylon-sri-lankan-oval-yellow-sapphire-s22565/
S22566,138.0,251.0,0.55,6.07,4.13,3.0,Yellowish Orange,Intense,Eye Clean,Oval,Mixed Brilliant Cut,Heat Treated,Ceylon (Sri Lanka),https://www.thenaturalsapphirecompany.com/yellow-sapphires/0.55ct-ceylon-sri-lankan-oval-yellowish-orange-sapphire-s22566/
S22567,152.0,249.0,0.61,6.11,4.15,3.13,Yellow,Medium,Eye Clean,Oval,Mixed Brilliant Cut,Heat Treated,Ceylon (Sri Lanka),https://www.thenaturalsapphirecompany.com/yellow-sapphires/0.61ct-ceylon-sri-lankan-oval-yellow-sapphire-s22567/
S22568,125.0,250.0,0.5,6.16,4.18,2.64,Yellowish Orange,Intense,Eye Clean,Oval,Mixed Brilliant Cut,Heat Treated,Ceylon (Sri Lanka),https://www.thenaturalsapphirecompany.com/yellow-sapphires/0.50ct-ceylon-sri-lankan-oval-yellowish-orange-sapphire-s22568/
S22569,132.0,249.0,0.53,6.11,4.22,2.95,Yellowish Orange,Intense,Eye Clean,Oval,Mixed Brilliant Cut,Heat Treated,Ceylon (Sri Lanka),https://www.thenaturalsapphirecompany.com/yellow-sapphires/0.53ct-ceylon-sri-lankan-oval-yellowish-orange-sapphire-s22569/
S22570,125.0,250.0,0.5,6.11,4.08,2.7,Yellowish Orange,Intense,Eye Clean,Oval,Mixed Brilliant Cut,Heat Treated,Ceylon (Sri Lanka),https://www.thenaturalsapphirecompany.com/yellow-sapphires/0.50ct-ceylon-sri-lankan-oval-yellowish-orange-sapphire-s22570/
S22571,128.0,251.0,0.51,6.04,4.16,2.78,Orangish Yellow,Medium,Slightly Included,Oval,Mixed Brilliant Cut,Heat Treated,Ceylon (Sri Lanka),https://www.thenaturalsapphirecompany.com/yellow-sapphires/0.51ct-ceylon-sri-lankan-oval-orangish-yellow-sapphire-s22571/
S22572,135.0,250.0,0.54,6.07,4.14,2.75,Orangish Yellow,Intense,Eye Clean,Oval,Mixed Brilliant Cut,Heat Treated,Ceylon (Sri Lanka),https://www.thenaturalsapphirecompany.com/yellow-sapphires/0.54ct-ceylon-sri-lankan-oval-orangish-yellow-sapphire-s22572/
S22574,128.0,251.0,0.51,6.03,4.18,2.67,Orangish Yellow,Intense,Very Very Slightly Included,Oval,Mixed Brilliant Cut,Heat Treated,Ceylon (Sri Lanka),https://www.thenaturalsapphirecompany.com/yellow-sapphires/0.51ct-ceylon-sri-lankan-oval-orangish-yellow-sapphire-s22574/
S22575,138.0,251.0,0.55,5.99,4.11,3.05,Yellow,Light,Very Very Slightly Included,Oval,Mixed Brilliant Cut,Heat Treated,Ceylon (Sri Lanka),https://www.thenaturalsapphirecompany.com/yellow-sapphires/0.55ct-ceylon-sri-lankan-oval-yellow-sapphire-s22575/
S22576,100.0,250.0,0.4,5.95,3.89,2.34,Orangish Yellow,Medium,Eye Clean,Oval,Mixed Brilliant Cut,Heat Treated,Ceylon (Sri Lanka),https://www.thenaturalsapphirecompany.com/yellow-sapphires/0.40ct-ceylon-sri-lankan-oval-orangish-yellow-sapphire-s22576/
S26739,4484.0,1480.0,3.03,8.46,8.51,5.41,Yellow,Intense,Eye Clean,Round,Mixed Brilliant Cut,Heat Treated,Ceylon (Sri Lanka),https://www.thenaturalsapphirecompany.com/yellow-sapphires/3.03ct-ceylon-sri-lankan-round-yellow-sapphire-s26739/
S27412,704.0,800.0,0.88,10.22,4.87,2.39,Yellowish Green,Intense,Very Slightly Included,Marquise,Mixed Brilliant Cut,Heat Treated,Ceylon (Sri Lanka),https://www.thenaturalsapphirecompany.com/yellow-sapphires/0.88ct-ceylon-sri-lankan-marquise-yellowish-green-sapphire-s27412/
S27419,885.0,750.0,1.18,10.03,4.95,3.02,Greenish Yellow,Intense,Eye Clean,Marquise,Mixed Brilliant Cut,Heat Treated,Ceylon (Sri Lanka),https://www.thenaturalsapphirecompany.com/yellow-sapphires/1.18ct-ceylon-sri-lankan-marquise-greenish-yellow-sapphire-s27419/
S27436,1000.0,794.0,1.26,6.58,5.43,3.75,Orangish Yellow,Intense,Slightly Included,Emerald Cut,Emerald Cut,Heat Treated,Africa,https://www.thenaturalsapphirecompany.com/yellow-sapphires/1.26ct-african-emerald-cut-orangish-yellow-sapphire-s27436/
S27443,800.0,567.0,1.41,6.63,5.57,3.92,Yellowish Orange,Vivid,Very Slightly Included,Emerald Cut,Emerald Cut,Heat Treated,Africa,https://www.thenaturalsapphirecompany.com/yellow-sapphires/1.41ct-african-emerald-cut-yellowish-orange-sapphire-s27443/
S31887,152.0,249.0,0.61,4.83,4.81,3.45,Yellowish Green,Medium,Very Slightly Included,Round,Mixed Brilliant Cut,Heat Treated,Madagascar,https://www.thenaturalsapphirecompany.com/yellow-sapphires/0.61ct-madagascar-round-yellowish-green-sapphire-s31887/
S31891,118.0,200.0,0.59,4.58,4.47,3.11,Yellowish Green,Dark,Very Very Slightly Included,Asscher - Octagon,Asscher Cut,Heat Treated,Madagascar,https://www.thenaturalsapphirecompany.com/yellow-sapphires/0.59ct-madagascar-asscher-octagon-yellowish-green-sapphire-s31891/
S31899,5067.0,1619.0,3.13,8.43,7.57,4.68,Yellow,Intense,Very Very Slightly Included,Emerald Cut,Emerald Cut,Heat Treated,Ceylon (Sri Lanka),https://www.thenaturalsapphirecompany.com/yellow-sapphires/3.13ct-ceylon-sri-lankan-emerald-cut-yellow-sapphire-s31899/
S31923,1200.0,1071.0,1.12,6.47,5.41,3.93,Yellowish Green,Intense,Very Slightly Included,Cushion,Mixed Brilliant Cut,No Enhancement,Ceylon (Sri Lanka),https://www.thenaturalsapphirecompany.com/yellow-sapphires/1.12ct-ceylon-sri-lankan-cushion-yellowish-green-sapphire-s31923/
S31926,1000.0,862.0,1.16,6.3,5.96,3.17,Yellowish Green,Light,Very Very Slightly Included,Radiant,Radiant Cut,No Enhancement,Madagascar,https://www.thenaturalsapphirecompany.com/yellow-sapphires/1.16ct-madagascar-radiant-yellowish-green-sapphire-s31926/
S31934,1199.0,1016.0,1.18,6.67,5.36,3.98,Yellowish Green,Medium,Very Slightly Included,Oval,Mixed Brilliant Cut,No Enhancement,Madagascar,https://www.thenaturalsapphirecompany.com/yellow-sapphires/1.18ct-madagascar-oval-yellowish-green-sapphire-s31934/
S35687,437.0,520.0,0.84,6.76,5.08,2.63,Yellowish Green,Intense,Very Slightly Included,Emerald Cut,Emerald Cut,Heat Treated,Madagascar,https://www.thenaturalsapphirecompany.com/yellow-sapphires/0.84ct-madagascar-emerald-cut-yellowish-green-sapphire-s35687/
S35688,436.0,400.0,1.09,8.22,5.05,2.99,Yellowish Green,Medium,Slightly Included,Fancy,Mixed Brilliant Cut,Heat Treated,Madagascar,https://www.thenaturalsapphirecompany.com/yellow-sapphires/1.09ct-madagascar-fancy-yellowish-green-sapphire-s35688/
S35694,412.0,400.0,1.03,9.55,5.55,2.67,Yellowish Green,Medium,Very Slightly Included,Pear,Mixed Brilliant Cut,Heat Treated,Madagascar,https://www.thenaturalsapphirecompany.com/yellow-sapphires/1.03ct-madagascar-pear-yellowish-green-sapphire-s35694/
S35696,620.0,500.0,1.24,6.04,7.62,3.85,Yellowish Green,Intense,Very Slightly Included,Trillion,Trillion Cut,Heat Treated,Madagascar,https://www.thenaturalsapphirecompany.com/yellow-sapphires/1.24ct-madagascar-trillion-yellowish-green-sapphire-s35696/
S35697,461.0,320.0,1.44,7.03,5.52,4.0,Yellowish Green,Intense,Slightly Included,Cushion,Mixed Brilliant Cut,Heat Treated,Madagascar,https://www.thenaturalsapphirecompany.com/yellow-sapphires/1.44ct-madagascar-cushion-yellowish-green-sapphire-s35697/
S35710,432.0,400.0,1.08,7.69,5.17,3.12,Yellowish Green,Intense,Very Very Slightly Included,Oval,Mixed Brilliant Cut,Heat Treated,Madagascar,https://www.thenaturalsapphirecompany.com/yellow-sapphires/1.08ct-madagascar-oval-yellowish-green-sapphire-s35710/
S11464,420.0,300.0,1.4,7.82,6.36,3.85,Yellow,Intense,Slightly Included,Oval,Mixed Brilliant Cut,No Enhancement,Ceylon (Sri Lanka),https://www.thenaturalsapphirecompany.com/yellow-sapphires/1.40ct-ceylon-sri-lankan-oval-yellow-sapphire-s11464/
S22577,150.0,250.0,0.6,6.09,4.19,3.04,Orangish Yellow,Medium,Eye Clean,Oval,Mixed Brilliant Cut,Heat Treated,Ceylon (Sri Lanka),https://www.thenaturalsapphirecompany.com/yellow-sapphires/0.60ct-ceylon-sri-lankan-oval-orangish-yellow-sapphire-s22577/
S22578,135.0,250.0,0.54,6.02,4.1,2.77,Yellow,Medium,Eye Clean,Oval,Mixed Brilliant Cut,Heat Treated,Ceylon (Sri Lanka),https://www.thenaturalsapphirecompany.com/yellow-sapphires/0.54ct-ceylon-sri-lankan-oval-yellow-sapphire-s22578/
S22579,108.0,251.0,0.43,5.98,3.97,2.45,Orangish Yellow,Medium,Very Very Slightly Included,Oval,Mixed Brilliant Cut,Heat Treated,Ceylon (Sri Lanka),https://www.thenaturalsapphirecompany.com/yellow-sapphires/0.43ct-ceylon-sri-lankan-oval-orangish-yellow-sapphire-s22579/
S22580,112.0,249.0,0.45,5.08,4.09,2.85,Yellow,Medium,Very Very Slightly Included,Oval,Mixed Brilliant Cut,Heat Treated,Ceylon (Sri Lanka),https://www.thenaturalsapphirecompany.com/yellow-sapphires/0.45ct-ceylon-sri-lankan-oval-yellow-sapphire-s22580/
S22582,178.0,251.0,0.71,5.54,5.6,3.43,Yellow,Light,Very Very Slightly Included,Round,Mixed Brilliant Cut,Heat Treated,Ceylon (Sri Lanka),https://www.thenaturalsapphirecompany.com/yellow-sapphires/0.71ct-ceylon-sri-lankan-round-yellow-sapphire-s22582/
S22583,155.0,250.0,0.62,5.06,5.07,3.45,Yellow,Light,Very Very Slightly Included,Round,Mixed Brilliant Cut,Heat Treated,Ceylon (Sri Lanka),https://www.thenaturalsapphirecompany.com/yellow-sapphires/0.62ct-ceylon-sri-lankan-round-yellow-sapphire-s22583/
S22586,85.0,250.0,0.34,4.18,4.14,2.66,Yellow,Light,Very Slightly Included,Cushion,Mixed Brilliant Cut,Heat Treated,Ceylon (Sri Lanka),https://www.thenaturalsapphirecompany.com/yellow-sapphires/0.34ct-ceylon-sri-lankan-cushion-yellow-sapphire-s22586/
S22587,151.0,270.0,0.56,4.66,4.65,3.43,Yellowish Orange,Vivid,Very Slightly Included,Round,Mixed Brilliant Cut,Heat Treated,Ceylon (Sri Lanka),https://www.thenaturalsapphirecompany.com/yellow-sapphires/0.56ct-ceylon-sri-lankan-round-yellowish-orange-sapphire-s22587/
S22588,165.0,270.0,0.61,5.06,5.03,3.55,Yellow,Medium,Eye Clean,Round,Mixed Brilliant Cut,Heat Treated,Ceylon (Sri Lanka),https://www.thenaturalsapphirecompany.com/yellow-sapphires/0.61ct-ceylon-sri-lankan-round-yellow-sapphire-s22588/
S22589,151.0,270.0,0.56,4.92,4.89,3.35,Orangish Yellow,Intense,Eye Clean,Round,Mixed Brilliant Cut,Heat Treated,Ceylon (Sri Lanka),https://www.thenaturalsapphirecompany.com/yellow-sapphires/0.56ct-ceylon-sri-lankan-round-orangish-yellow-sapphire-s22589/
S22590,167.0,269.0,0.62,5.17,5.07,3.44,Yellow,Medium,Eye Clean,Round,Mixed Brilliant Cut,Heat Treated,Ceylon (Sri Lanka),https://www.thenaturalsapphirecompany.com/yellow-sapphires/0.62ct-ceylon-sri-lankan-round-yellow-sapphire-s22590/
S22591,159.0,269.0,0.59,5.14,5.02,3.38,Yellow,Intense,Very Very Slightly Included,Round,Mixed Brilliant Cut,Heat Treated,Ceylon (Sri Lanka),https://www.thenaturalsapphirecompany.com/yellow-sapphires/0.59ct-ceylon-sri-lankan-round-yellow-sapphire-s22591/
S31937,1501.0,1230.0,1.22,6.39,5.31,4.22,Yellowish Green,Medium,Eye Clean,Emerald Cut,Emerald Cut,No Enhancement,Madagascar,https://www.thenaturalsapphirecompany.com/yellow-sapphires/1.22ct-madagascar-emerald-cut-yellowish-green-sapphire-s31937/
S31939,1691.0,1166.0,1.45,6.93,6.25,4.86,Yellowish Green,Intense,Very Slightly Included,Fancy,Step Cut,No Enhancement,Madagascar,https://www.thenaturalsapphirecompany.com/yellow-sapphires/1.45ct-madagascar-fancy-yellowish-green-sapphire-s31939/
S31940,1201.0,1122.0,1.07,5.56,5.49,4.38,Yellowish Green,Medium,Very Very Slightly Included,Cushion,Mixed Brilliant Cut,No Enhancement,Ceylon (Sri Lanka),https://www.thenaturalsapphirecompany.com/yellow-sapphires/1.07ct-ceylon-sri-lankan-cushion-yellowish-green-sapphire-s31940/
S31949,1200.0,1154.0,1.04,5.9,5.9,3.97,Yellowish Green,Medium,Very Slightly Included,Round,Mixed Brilliant Cut,No Enhancement,Ceylon (Sri Lanka),https://www.thenaturalsapphirecompany.com/yellow-sapphires/1.04ct-ceylon-sri-lankan-round-yellowish-green-sapphire-s31949/
S31950,1080.0,675.0,1.6,6.54,6.54,4.55,Yellow,Medium,Very Slightly Included,Round,Mixed Brilliant Cut,No Enhancement,Ceylon (Sri Lanka),https://www.thenaturalsapphirecompany.com/yellow-sapphires/1.60ct-ceylon-sri-lankan-round-yellow-sapphire-s31950/
S31951,1200.0,1081.0,1.11,7.34,5.12,3.7,Yellow,Medium,Very Very Slightly Included,Oval,Mixed Brilliant Cut,No Enhancement,Ceylon (Sri Lanka),https://www.thenaturalsapphirecompany.com/yellow-sapphires/1.11ct-ceylon-sri-lankan-oval-yellow-sapphire-s31951/
S35723,570.0,600.0,0.95,8.01,5.52,3.02,Yellowish Green,Intense,Very Very Slightly Included,Pear,Mixed Brilliant Cut,Heat Treated,Madagascar,https://www.thenaturalsapphirecompany.com/yellow-sapphires/0.95ct-madagascar-pear-yellowish-green-sapphire-s35723/
S35739,555.0,500.0,1.11,9.65,4.8,3.25,Yellowish Green,Intense,Slightly Included,Fancy,Step Cut,No Enhancement,Madagascar,https://www.thenaturalsapphirecompany.com/yellow-sapphires/1.11ct-madagascar-fancy-yellowish-green-sapphire-s35739/
U15379,840.0,1000.0,0.84,6.45,4.78,3.42,Yellowish Green,Medium,Very Slightly Included,Oval,Mixed Brilliant Cut,Heat Treated,Montana,https://www.thenaturalsapphirecompany.com/yellow-sapphires/0.84ct-montana-oval-yellowish-green-sapphire-u15379/
S38991,2712.0,800.0,3.39,10.08,7.39,6.13,Yellow,Medium,Very Very Slightly Included,Pear,Mixed Brilliant Cut,No Enhancement,Ceylon (Sri Lanka),https://www.thenaturalsapphirecompany.com/yellow-sapphires/3.39ct-ceylon-sri-lankan-pear-yellow-sapphire-s38991/
S38996,2640.0,880.0,3.0,10.68,8.64,4.9,Yellow,Light,Very Slightly Included,Pear,Mixed Brilliant Cut,No Enhancement,Ceylon (Sri Lanka),https://www.thenaturalsapphirecompany.com/yellow-sapphires/3.00ct-ceylon-sri-lankan-pear-yellow-sapphire-s38996/
S38998,2860.0,1040.0,2.75,10.22,7.29,4.96,Yellow,Medium,Very Slightly Included,Pear,Mixed Brilliant Cut,No Enhancement,Ceylon (Sri Lanka),https://www.thenaturalsapphirecompany.com/yellow-sapphires/2.75ct-ceylon-sri-lankan-pear-yellow-sapphire-s38998/
S41843,3830.0,1850.0,2.07,8.81,7.11,4.64,Yellowish Green,Intense,Very Slightly Included,Fancy,Fancy Cut,Heat Treated,Madagascar,https://www.thenaturalsapphirecompany.com/yellow-sapphires/2.07ct-madagascar-fancy-yellowish-green-sapphire-s41843/
S41848,4733.0,1572.0,3.01,7.79,6.98,5.62,Yellowish Green,Intense,Very Very Slightly Included,Cushion,Mixed Brilliant Cut,Heat Treated,Madagascar,https://www.thenaturalsapphirecompany.com/yellow-sapphires/3.01ct-madagascar-cushion-yellowish-green-sapphire-s41848/
S11489,691.0,440.0,1.57,8.64,6.54,3.67,Yellow,Medium,Very Slightly Included,Oval,Mixed Brilliant Cut,No Enhancement,Ceylon (Sri Lanka),https://www.thenaturalsapphirecompany.com/yellow-sapphires/1.57ct-ceylon-sri-lankan-oval-yellow-sapphire-s11489/
S11505,138.0,200.0,0.69,5.83,4.53,3.17,Yellow,Light,Very Slightly Included,Oval,Mixed Brilliant Cut,No Enhancement,Ceylon (Sri Lanka),https://www.thenaturalsapphirecompany.com/yellow-sapphires/0.69ct-ceylon-sri-lankan-oval-yellow-sapphire-s11505/
S11508,152.0,200.0,0.76,5.98,4.97,2.94,Yellow,Light,Very Slightly Included,Oval,Mixed Brilliant Cut,No Enhancement,Ceylon (Sri Lanka),https://www.thenaturalsapphirecompany.com/yellow-sapphires/0.76ct-ceylon-sri-lankan-oval-yellow-sapphire-s11508/
S17150,1040.0,912.0,1.14,6.32,4.67,3.84,Yellowish Green,Light,Very Slightly Included,Radiant,Radiant Cut,No Enhancement,Ceylon (Sri Lanka),https://www.thenaturalsapphirecompany.com/yellow-sapphires/1.14ct-ceylon-sri-lankan-radiant-yellowish-green-sapphire-s17150/
S17155,460.0,430.0,1.07,6.12,5.34,3.3,Greenish Yellow,Medium,Very Slightly Included,Radiant,Radiant Cut,No Enhancement,Ceylon (Sri Lanka),https://www.thenaturalsapphirecompany.com/yellow-sapphires/1.07ct-ceylon-sri-lankan-radiant-greenish-yellow-sapphire-s17155/
S17156,559.0,444.0,1.26,7.26,5.2,3.16,Yellow,Medium,Very Slightly Included,Emerald Cut,Emerald Cut,No Enhancement,Ceylon (Sri Lanka),https://www.thenaturalsapphirecompany.com/yellow-sapphires/1.26ct-ceylon-sri-lankan-emerald-cut-yellow-sapphire-s17156/
S17157,1440.0,1000.0,1.44,6.96,5.53,4.43,Yellow,Medium,Very Slightly Included,Oval,Mixed Brilliant Cut,No Enhancement,Ceylon (Sri Lanka),https://www.thenaturalsapphirecompany.com/yellow-sapphires/1.44ct-ceylon-sri-lankan-oval-yellow-sapphire-s17157/
S22595,173.0,270.0,0.64,5.12,5.09,3.52,Yellow,Intense,Very Very Slightly Included,Round,Mixed Brilliant Cut,Heat Treated,Ceylon (Sri Lanka),https://www.thenaturalsapphirecompany.com/yellow-sapphires/0.64ct-ceylon-sri-lankan-round-yellow-sapphire-s22595/
S22596,154.0,270.0,0.57,5.14,5.16,3.29,Yellow,Medium,Very Very Slightly Included,Trillion,Trillion Cut,Heat Treated,Ceylon (Sri Lanka),https://www.thenaturalsapphirecompany.com/yellow-sapphires/0.57ct-ceylon-sri-lankan-trillion-yellow-sapphire-s22596/
S22597,188.0,289.0,0.65,5.13,5.15,3.49,Yellowish Orange,Vivid,Eye Clean,Round,Mixed Brilliant Cut,Heat Treated,Ceylon (Sri Lanka),https://www.thenaturalsapphirecompany.com/yellow-sapphires/0.65ct-ceylon-sri-lankan-round-yellowish-orange-sapphire-s22597/
S22598,165.0,289.0,0.57,5.07,5.09,3.19,Yellowish Orange,Medium,Very Slightly Included,Round,Mixed Brilliant Cut,Heat Treated,Ceylon (Sri Lanka),https://www.thenaturalsapphirecompany.com/yellow-sapphires/0.57ct-ceylon-sri-lankan-round-yellowish-orange-sapphire-s22598/
S22599,157.0,291.0,0.54,5.11,5.05,3.16,Orangish Yellow,Medium,Very Very Slightly Included,Round,Mixed Brilliant Cut,Heat Treated,Ceylon (Sri Lanka),https://www.thenaturalsapphirecompany.com/yellow-sapphires/0.54ct-ceylon-sri-lankan-round-orangish-yellow-sapphire-s22599/
S22600,191.0,289.0,0.66,5.09,5.17,3.62,Orangish Yellow,Intense,Very Very Slightly Included,Round,Mixed Brilliant Cut,Heat Treated,Ceylon (Sri Lanka),https://www.thenaturalsapphirecompany.com/yellow-sapphires/0.66ct-ceylon-sri-lankan-round-orangish-yellow-sapphire-s22600/
S22601,165.0,289.0,0.57,5.02,4.95,3.31,Yellow,Medium,Eye Clean,Round,Mixed Brilliant Cut,Heat Treated,Ceylon (Sri Lanka),https://www.thenaturalsapphirecompany.com/yellow-sapphires/0.57ct-ceylon-sri-lankan-round-yellow-sapphire-s22601/
S22602,177.0,290.0,0.61,4.99,5.08,3.56,Orangish Yellow,Medium,Very Very Slightly Included,Round,Mixed Brilliant Cut,Heat Treated,Ceylon (Sri Lanka),https://www.thenaturalsapphirecompany.com/yellow-sapphires/0.61ct-ceylon-sri-lankan-round-orangish-yellow-sapphire-s22602/
S22603,183.0,290.0,0.63,4.61,4.56,3.41,Orangish Yellow,Medium,Eye Clean,Princess,Princess Cut,Heat Treated,Ceylon (Sri Lanka),https://www.thenaturalsapphirecompany.com/yellow-sapphires/0.63ct-ceylon-sri-lankan-princess-orangish-yellow-sapphire-s22603/
S22604,195.0,300.0,0.65,5.12,5.14,3.57,Orangish Yellow,Intense,Eye Clean,Round,Mixed Brilliant Cut,Heat Treated,Ceylon (Sri Lanka),https://www.thenaturalsapphirecompany.com/yellow-sapphires/0.65ct-ceylon-sri-lankan-round-orangish-yellow-sapphire-s22604/
S22606,177.0,300.0,0.59,5.07,5.0,3.33,Yellow,Intense,Eye Clean,Round,Mixed Brilliant Cut,Heat Treated,Ceylon (Sri Lanka),https://www.thenaturalsapphirecompany.com/yellow-sapphires/0.59ct-ceylon-sri-lankan-round-yellow-sapphire-s22606/
S22607,198.0,300.0,0.66,5.12,5.12,3.6,Orangish Yellow,Medium,Eye Clean,Round,Mixed Brilliant Cut,Heat Treated,Ceylon (Sri Lanka),https://www.thenaturalsapphirecompany.com/yellow-sapphires/0.66ct-ceylon-sri-lankan-round-orangish-yellow-sapphire-s22607/
S22608,165.0,300.0,0.55,4.99,5.09,3.13,Orangish Yellow,Intense,Eye Clean,Round,Mixed Brilliant Cut,Heat Treated,Ceylon (Sri Lanka),https://www.thenaturalsapphirecompany.com/yellow-sapphires/0.55ct-ceylon-sri-lankan-round-orangish-yellow-sapphire-s22608/
S22609,165.0,300.0,0.55,5.0,5.01,3.28,Orangish Yellow,Intense,Eye Clean,Round,Mixed Brilliant Cut,Heat Treated,Ceylon (Sri Lanka),https://www.thenaturalsapphirecompany.com/yellow-sapphires/0.55ct-ceylon-sri-lankan-round-orangish-yellow-sapphire-s22609/
S22610,180.0,300.0,0.6,5.04,5.02,3.48,Yellowish Orange,Intense,Eye Clean,Round,Mixed Brilliant Cut,Heat Treated,Ceylon (Sri Lanka),https://www.thenaturalsapphirecompany.com/yellow-sapphires/0.60ct-ceylon-sri-lankan-round-yellowish-orange-sapphire-s22610/
S22611,180.0,300.0,0.6,4.95,5.07,3.4,Yellow,Intense,Eye Clean,Round,Mixed Brilliant Cut,Heat Treated,Ceylon (Sri Lanka),https://www.thenaturalsapphirecompany.com/yellow-sapphires/0.60ct-ceylon-sri-lankan-round-yellow-sapphire-s22611/
S22612,177.0,300.0,0.59,5.07,5.05,3.3,Yellow,Intense,Eye Clean,Round,Mixed Brilliant Cut,Heat Treated,Ceylon (Sri Lanka),https://www.thenaturalsapphirecompany.com/yellow-sapphires/0.59ct-ceylon-sri-lankan-round-yellow-sapphire-s22612/
S22613,171.0,300.0,0.57,5.09,5.1,3.26,Yellow,Medium,Very Very Slightly Included,Round,Mixed Brilliant Cut,Heat Treated,Ceylon (Sri Lanka),https://www.thenaturalsapphirecompany.com/yellow-sapphires/0.57ct-ceylon-sri-lankan-round-yellow-sapphire-s22613/
S22614,171.0,300.0,0.57,5.05,5.06,3.31,Yellow,Medium,Eye Clean,Round,Mixed Brilliant Cut,Heat Treated,Ceylon (Sri Lanka),https://www.thenaturalsapphirecompany.com/yellow-sapphires/0.57ct-ceylon-sri-lankan-round-yellow-sapphire-s22614/
S22615,159.0,300.0,0.53,4.97,4.97,3.2,Orangish Yellow,Medium,Very Slightly Included,Round,Mixed Brilliant Cut,Heat Treated,Ceylon (Sri Lanka),https://www.thenaturalsapphirecompany.com/yellow-sapphires/0.53ct-ceylon-sri-lankan-round-orangish-yellow-sapphire-s22615/
S22616,204.0,300.0,0.68,5.08,5.02,3.67,Yellowish Orange,Intense,Slightly Included,Round,Mixed Brilliant Cut,Heat Treated,Ceylon (Sri Lanka),https://www.thenaturalsapphirecompany.com/yellow-sapphires/0.68ct-ceylon-sri-lankan-round-yellowish-orange-sapphire-s22616/
S22617,177.0,300.0,0.59,5.02,5.02,3.37,Yellow,Medium,Slightly Included,Round,Mixed Brilliant Cut,Heat Treated,Ceylon (Sri Lanka),https://www.thenaturalsapphirecompany.com/yellow-sapphires/0.59ct-ceylon-sri-lankan-round-yellow-sapphire-s22617/
S22618,183.0,300.0,0.61,5.1,5.14,3.41,Orangish Yellow,Intense,Eye Clean,Round,Mixed Brilliant Cut,Heat Treated,Ceylon (Sri Lanka),https://www.thenaturalsapphirecompany.com/yellow-sapphires/0.61ct-ceylon-sri-lankan-round-orangish-yellow-sapphire-s22618/
S22619,180.0,300.0,0.6,5.02,5.03,3.47,Yellow,Intense,Slightly Included,Round,Mixed Brilliant Cut,Heat Treated,Ceylon (Sri Lanka),https://www.thenaturalsapphirecompany.com/yellow-sapphires/0.60ct-ceylon-sri-lankan-round-yellow-sapphire-s22619/
S22620,264.0,300.0,0.88,5.98,5.97,3.56,Yellow,Light,Eye Clean,Round,Mixed Brilliant Cut,Heat Treated,Ceylon (Sri Lanka),https://www.thenaturalsapphirecompany.com/yellow-sapphires/0.88ct-ceylon-sri-lankan-round-yellow-sapphire-s22620/
S22621,189.0,300.0,0.63,4.6,4.57,3.49,Yellow,Medium,Very Very Slightly Included,Princess,Princess Cut,Heat Treated,Ceylon (Sri Lanka),https://www.thenaturalsapphirecompany.com/yellow-sapphires/0.63ct-ceylon-sri-lankan-princess-yellow-sapphire-s22621/
S22622,207.0,300.0,0.69,4.61,4.6,3.58,Yellow,Intense,Eye Clean,Princess,Princess Cut,Heat Treated,Ceylon (Sri Lanka),https://www.thenaturalsapphirecompany.com/yellow-sapphires/0.69ct-ceylon-sri-lankan-princess-yellow-sapphire-s22622/
S31965,680.0,544.0,1.25,7.63,5.55,3.59,Yellowish Green,Medium,Slightly Included,Oval,Mixed Brilliant Cut,Heat Treated,Madagascar,https://www.thenaturalsapphirecompany.com/yellow-sapphires/1.25ct-madagascar-oval-yellowish-green-sapphire-s31965/
S31987,1668.0,1200.0,1.39,7.01,7.01,3.99,Yellow,Medium,Very Very Slightly Included,Round,Mixed Brilliant Cut,Heat Treated,Ceylon (Sri Lanka),https://www.thenaturalsapphirecompany.com/yellow-sapphires/1.39ct-ceylon-sri-lankan-round-yellow-sapphire-s31987/
S31989,805.0,700.0,1.15,7.2,5.92,3.09,Yellow,Light,Slightly Included,Oval,Mixed Brilliant Cut,Heat Treated,Ceylon (Sri Lanka),https://www.thenaturalsapphirecompany.com/yellow-sapphires/1.15ct-ceylon-sri-lankan-oval-yellow-sapphire-s31989/
S35764,498.0,380.0,1.31,7.03,5.23,3.63,Yellowish Green,Intense,Slightly Included,Emerald Cut,Emerald Cut,No Enhancement,Madagascar,https://www.thenaturalsapphirecompany.com/yellow-sapphires/1.31ct-madagascar-emerald-cut-yellowish-green-sapphire-s35764/
S35765,269.0,302.0,0.89,5.66,5.48,3.16,Yellowish Green,Intense,Slightly Included,Cushion,Mixed Brilliant Cut,Heat Treated,Madagascar,https://www.thenaturalsapphirecompany.com/yellow-sapphires/0.89ct-madagascar-cushion-yellowish-green-sapphire-s35765/
S35780,492.0,400.0,1.23,6.96,5.37,3.84,Yellowish Green,Intense,Slightly Included,Oval,Mixed Brilliant Cut,Heat Treated,Madagascar,https://www.thenaturalsapphirecompany.com/yellow-sapphires/1.23ct-madagascar-oval-yellowish-green-sapphire-s35780/
S35783,464.0,400.0,1.16,6.15,5.23,4.16,Yellow,Medium,Very Slightly Included,Cushion,Mixed Brilliant Cut,No Enhancement,Madagascar,https://www.thenaturalsapphirecompany.com/yellow-sapphires/1.16ct-madagascar-cushion-yellow-sapphire-s35783/
S39001,1720.0,800.0,2.15,10.01,6.83,4.23,Yellowish Green,Intense,Very Slightly Included,Oval,Mixed Brilliant Cut,No Enhancement,Madagascar,https://www.thenaturalsapphirecompany.com/yellow-sapphires/2.15ct-madagascar-oval-yellowish-green-sapphire-s39001/
S39002,1864.0,800.0,2.33,10.38,5.57,4.86,Yellow,Medium,Very Very Slightly Included,Marquise,Mixed Brilliant Cut,No Enhancement,Ceylon (Sri Lanka),https://www.thenaturalsapphirecompany.com/yellow-sapphires/2.33ct-ceylon-sri-lankan-marquise-yellow-sapphire-s39002/
S39006,1664.0,800.0,2.08,10.25,5.57,4.66,Yellow,Medium,Very Very Slightly Included,Marquise,Mixed Brilliant Cut,No Enhancement,Ceylon (Sri Lanka),https://www.thenaturalsapphirecompany.com/yellow-sapphires/2.08ct-ceylon-sri-lankan-marquise-yellow-sapphire-s39006/
S39007,1074.0,600.0,1.79,6.33,8.09,5.26,Yellow,Medium,Slightly Included,Trillion,Trillion Cut,No Enhancement,Ceylon (Sri Lanka),https://www.thenaturalsapphirecompany.com/yellow-sapphires/1.79ct-ceylon-sri-lankan-trillion-yellow-sapphire-s39007/
S39011,1632.0,800.0,2.04,8.8,6.34,4.37,Yellowish Green,Intense,Very Slightly Included,Oval,Mixed Brilliant Cut,No Enhancement,Madagascar,https://www.thenaturalsapphirecompany.com/yellow-sapphires/2.04ct-madagascar-oval-yellowish-green-sapphire-s39011/
S39014,2056.0,800.0,2.57,9.88,7.1,5.08,Yellow,Medium,Very Slightly Included,Pear,Mixed Brilliant Cut,No Enhancement,Ceylon (Sri Lanka),https://www.thenaturalsapphirecompany.com/yellow-sapphires/2.57ct-ceylon-sri-lankan-pear-yellow-sapphire-s39014/
S39017,2144.0,800.0,2.68,10.37,6.77,4.57,Yellow,Intense,Very Slightly Included,Oval,Mixed Brilliant Cut,No Enhancement,Ceylon (Sri Lanka),https://www.thenaturalsapphirecompany.com/yellow-sapphires/2.68ct-ceylon-sri-lankan-oval-yellow-sapphire-s39017/
S39019,2224.0,800.0,2.78,10.81,8.33,4.75,Yellowish Green,Intense,Slightly Included,Pear,Mixed Brilliant Cut,No Enhancement,Madagascar,https://www.thenaturalsapphirecompany.com/yellow-sapphires/2.78ct-madagascar-pear-yellowish-green-sapphire-s39019/
S41865,735.0,700.0,1.05,6.08,6.01,3.22,Yellowish Green,Medium,Very Very Slightly Included,Asscher - Octagon,Asscher Cut,Heat Treated,Madagascar,https://www.thenaturalsapphirecompany.com/yellow-sapphires/1.05ct-madagascar-asscher-octagon-yellowish-green-sapphire-s41865/
S41868,2639.0,1300.0,2.03,7.08,7.11,4.96,Yellow,Medium,Very Slightly Included,Round,Mixed Brilliant Cut,No Enhancement,Ceylon (Sri Lanka),https://www.thenaturalsapphirecompany.com/yellow-sapphires/2.03ct-ceylon-sri-lankan-round-yellow-sapphire-s41868/
S17242,3120.0,1300.0,2.4,8.95,7.22,3.54,Yellow,Light,Eye Clean,Cushion,Mixed Brilliant Cut,No Enhancement,Ceylon (Sri Lanka),https://www.thenaturalsapphirecompany.com/yellow-sapphires/2.40ct-ceylon-sri-lankan-cushion-yellow-sapphire-s17242/
S16228,1690.0,1150.0,1.47,7.74,5.9,3.44,Yellowish Brown,Intense,Very Slightly Included,Oval,Mixed Brilliant Cut,No Enhancement,Ceylon (Sri Lanka),https://www.thenaturalsapphirecompany.com/yellow-sapphires/1.47ct-ceylon-sri-lankan-oval-yellowish-brown-sapphire-s16228/
S16230,1170.0,860.0,1.36,7.11,6.34,3.52,Yellowish Brown,Intense,Very Slightly Included,Oval,Mixed Brilliant Cut,No Enhancement,Ceylon (Sri Lanka),https://www.thenaturalsapphirecompany.com/yellow-sapphires/1.36ct-ceylon-sri-lankan-oval-yellowish-brown-sapphire-s16230/
S10267,342.0,600.0,0.57,5.26,3.94,2.87,Greenish Yellow,Medium,Slightly Included,Radiant,Radiant Cut,Heat Treated,Australia,https://www.thenaturalsapphirecompany.com/yellow-sapphires/0.57ct-australian-radiant-greenish-yellow-sapphire-s10267/
S16097,3998.0,2040.0,1.96,11.26,5.02,4.01,Yellowish Orange,Intense,Very Slightly Included,Marquise,Mixed Brilliant Cut,No Enhancement,Ceylon (Sri Lanka),https://www.thenaturalsapphirecompany.com/yellow-sapphires/1.96ct-ceylon-sri-lankan-marquise-yellowish-orange-sapphire-s16097/
S16110,2599.0,1666.0,1.56,12.0,4.91,3.35,Yellowish Orange,Medium,Very Slightly Included,Marquise,Mixed Brilliant Cut,No Enhancement,Ceylon (Sri Lanka),https://www.thenaturalsapphirecompany.com/yellow-sapphires/1.56ct-ceylon-sri-lankan-marquise-yellowish-orange-sapphire-s16110/
S16115,300.0,286.0,1.05,5.96,5.0,3.6,Yellowish Green,Medium,Very Slightly Included,Radiant,Radiant Cut,No Enhancement,Ceylon (Sri Lanka),https://www.thenaturalsapphirecompany.com/yellow-sapphires/1.05ct-ceylon-sri-lankan-radiant-yellowish-green-sapphire-s16115/
S16258,505.0,500.0,1.01,9.03,4.74,3.01,Yellow,Medium,Very Slightly Included,Marquise,Mixed Brilliant Cut,No Enhancement,Ceylon (Sri Lanka),https://www.thenaturalsapphirecompany.com/yellow-sapphires/1.01ct-ceylon-sri-lankan-marquise-yellow-sapphire-s16258/
S16260,780.0,876.0,0.89,5.5,4.95,3.35,Greenish Yellow,Intense,Very Slightly Included,Cushion,Mixed Brilliant Cut,No Enhancement,Ceylon (Sri Lanka),https://www.thenaturalsapphirecompany.com/yellow-sapphires/0.89ct-ceylon-sri-lankan-cushion-greenish-yellow-sapphire-s16260/
S16261,600.0,882.0,0.68,5.3,5.27,3.01,Yellow,Intense,Very Slightly Included,Round,Mixed Brilliant Cut,No Enhancement,Ceylon (Sri Lanka),https://www.thenaturalsapphirecompany.com/yellow-sapphires/0.68ct-ceylon-sri-lankan-round-yellow-sapphire-s16261/
S16263,292.0,400.0,0.73,5.89,4.96,3.01,Yellow,Faint,Very Slightly Included,Oval,Mixed Brilliant Cut,No Enhancement,Ceylon (Sri Lanka),https://www.thenaturalsapphirecompany.com/yellow-sapphires/0.73ct-ceylon-sri-lankan-oval-yellow-sapphire-s16263/
S16264,408.0,600.0,0.68,6.06,4.03,2.99,Yellow,Light,Very Slightly Included,Radiant,Radiant Cut,No Enhancement,Ceylon (Sri Lanka),https://www.thenaturalsapphirecompany.com/yellow-sapphires/0.68ct-ceylon-sri-lankan-radiant-yellow-sapphire-s16264/
S16267,909.0,928.0,0.98,9.76,4.93,2.57,Yellowish Orange,Intense,Very Slightly Included,Marquise,Mixed Brilliant Cut,No Enhancement,Ceylon (Sri Lanka),https://www.thenaturalsapphirecompany.com/yellow-sapphires/0.98ct-ceylon-sri-lankan-marquise-yellowish-orange-sapphire-s16267/
S16268,396.0,600.0,0.66,5.98,3.94,2.87,Orangish Yellow,Medium,Very Slightly Included,Radiant,Radiant Cut,No Enhancement,Ceylon (Sri Lanka),https://www.thenaturalsapphirecompany.com/yellow-sapphires/0.66ct-ceylon-sri-lankan-radiant-orangish-yellow-sapphire-s16268/
S16269,1301.0,856.0,1.52,6.84,6.76,3.77,Yellow,Faint,Very Slightly Included,Cushion,Mixed Brilliant Cut,No Enhancement,Ceylon (Sri Lanka),https://www.thenaturalsapphirecompany.com/yellow-sapphires/1.52ct-ceylon-sri-lankan-cushion-yellow-sapphire-s16269/
S16274,980.0,784.0,1.25,7.39,5.3,4.5,Yellowish Green,Intense,Very Slightly Included,Fancy,Step Cut,No Enhancement,Madagascar,https://www.thenaturalsapphirecompany.com/yellow-sapphires/1.25ct-madagascar-fancy-yellowish-green-sapphire-s16274/
S9199,504.0,400.0,1.26,7.07,4.57,4.14,Yellow,Light,Very Slightly Included,Radiant,Radiant Cut,Heat Treated,Ceylon (Sri Lanka),https://www.thenaturalsapphirecompany.com/yellow-sapphires/1.26ct-ceylon-sri-lankan-radiant-yellow-sapphire-s9199/
S9238,336.0,933.0,0.36,4.5,4.6,2.62,Yellowish Green,Medium,Very Slightly Included,Trillion,Trillion Cut,Heat Treated,Montana,https://www.thenaturalsapphirecompany.com/yellow-sapphires/0.36ct-montana-trillion-yellowish-green-sapphire-s9238/
S9252,4089.0,1778.0,2.3,7.23,7.2,5.23,Yellowish Green,Intense,Slightly Included,Cushion,Mixed Brilliant Cut,No Enhancement,Australia,https://www.thenaturalsapphirecompany.com/yellow-sapphires/2.30ct-australian-cushion-yellowish-green-sapphire-s9252/
S9253,1827.0,1226.0,1.49,7.95,4.66,3.57,Yellowish Green,Intense,Slightly Included,Radiant,Radiant Cut,No Enhancement,Australia,https://www.thenaturalsapphirecompany.com/yellow-sapphires/1.49ct-australian-radiant-yellowish-green-sapphire-s9253/
S10621,869.0,550.0,1.58,5.92,5.89,4.79,Yellow,Medium,Slightly Included,Radiant,Radiant Cut,No Enhancement,Ceylon (Sri Lanka),https://www.thenaturalsapphirecompany.com/yellow-sapphires/1.58ct-ceylon-sri-lankan-radiant-yellow-sapphire-s10621/
S10633,1749.0,888.0,1.97,6.06,6.05,5.42,Yellow,Light,Slightly Included,Radiant,Radiant Cut,No Enhancement,Ceylon (Sri Lanka),https://www.thenaturalsapphirecompany.com/yellow-sapphires/1.97ct-ceylon-sri-lankan-radiant-yellow-sapphire-s10633/
S10817,990.0,900.0,1.1,7.01,5.58,3.64,Yellow,Intense,Eye Clean,Oval,Mixed Brilliant Cut,Heat Treated,Ceylon (Sri Lanka),https://www.thenaturalsapphirecompany.com/yellow-sapphires/1.10ct-ceylon-sri-lankan-oval-yellow-sapphire-s10817/
S10818,1116.0,900.0,1.24,6.32,5.23,3.89,Yellow,Intense,Eye Clean,Radiant,Radiant Cut,Heat Treated,Ceylon (Sri Lanka),https://www.thenaturalsapphirecompany.com/yellow-sapphires/1.24ct-ceylon-sri-lankan-radiant-yellow-sapphire-s10818/
S10819,1098.0,900.0,1.22,5.8,5.49,4.2,Yellow,Intense,Very Slightly Included,Cushion,Mixed Brilliant Cut,Heat Treated,Ceylon (Sri Lanka),https://www.thenaturalsapphirecompany.com/yellow-sapphires/1.22ct-ceylon-sri-lankan-cushion-yellow-sapphire-s10819/
S10820,954.0,900.0,1.06,6.59,5.45,3.8,Yellow,Intense,Eye Clean,Oval,Mixed Brilliant Cut,Heat Treated,Ceylon (Sri Lanka),https://www.thenaturalsapphirecompany.com/yellow-sapphires/1.06ct-ceylon-sri-lankan-oval-yellow-sapphire-s10820/
S10821,1269.0,900.0,1.41,6.93,5.67,4.53,Yellow,Intense,Eye Clean,Oval,Mixed Brilliant Cut,Heat Treated,Ceylon (Sri Lanka),https://www.thenaturalsapphirecompany.com/yellow-sapphires/1.41ct-ceylon-sri-lankan-oval-yellow-sapphire-s10821/
S10822,1260.0,900.0,1.4,6.27,4.92,4.22,Yellow,Vivid,Eye Clean,Emerald Cut,Emerald Cut,Heat Treated,Ceylon (Sri Lanka),https://www.thenaturalsapphirecompany.com/yellow-sapphires/1.40ct-ceylon-sri-lankan-emerald-cut-yellow-sapphire-s10822/
S10823,1098.0,900.0,1.22,6.12,5.79,3.7,Yellow,Intense,Very Slightly Included,Radiant,Radiant Cut,Heat Treated,Ceylon (Sri Lanka),https://www.thenaturalsapphirecompany.com/yellow-sapphires/1.22ct-ceylon-sri-lankan-radiant-yellow-sapphire-s10823/
S16279,900.0,776.0,1.16,6.38,4.83,3.94,Yellow,Intense,Eye Clean,Emerald Cut,Emerald Cut,Heat Treated,Ceylon (Sri Lanka),https://www.thenaturalsapphirecompany.com/yellow-sapphires/1.16ct-ceylon-sri-lankan-emerald-cut-yellow-sapphire-s16279/
S21926,560.0,500.0,1.12,7.3,5.43,3.38,Yellow,Light,Very Slightly Included,Oval,Mixed Brilliant Cut,No Enhancement,Ceylon (Sri Lanka),https://www.thenaturalsapphirecompany.com/yellow-sapphires/1.12ct-ceylon-sri-lankan-oval-yellow-sapphire-s21926/
S21927,590.0,500.0,1.18,5.26,5.2,3.5,Yellow,Faint,Very Very Slightly Included,Asscher - Octagon,Asscher Cut,No Enhancement,Ceylon (Sri Lanka),https://www.thenaturalsapphirecompany.com/yellow-sapphires/1.18ct-ceylon-sri-lankan-asscher-octagon-yellow-sapphire-s21927/
S21941,1410.0,600.0,2.35,8.83,6.69,4.78,Yellow,Light,Very Slightly Included,Oval,Mixed Brilliant Cut,No Enhancement,Ceylon (Sri Lanka),https://www.thenaturalsapphirecompany.com/yellow-sapphires/2.35ct-ceylon-sri-lankan-oval-yellow-sapphire-s21941/
S21952,858.0,600.0,1.43,5.91,5.91,4.3,Yellow,Light,Very Very Slightly Included,Asscher - Octagon,Asscher Cut,No Enhancement,Ceylon (Sri Lanka),https://www.thenaturalsapphirecompany.com/yellow-sapphires/1.43ct-ceylon-sri-lankan-asscher-octagon-yellow-sapphire-s21952/
S21956,936.0,600.0,1.56,7.26,5.16,4.83,Yellow,Intense,Very Very Slightly Included,Oval,Mixed Brilliant Cut,No Enhancement,Ceylon (Sri Lanka),https://www.thenaturalsapphirecompany.com/yellow-sapphires/1.56ct-ceylon-sri-lankan-oval-yellow-sapphire-s21956/
S47030,400.0,308.0,1.3,6.81,5.56,3.18,Yellow,Medium,Very Slightly Included,Radiant,Radiant Cut,No Enhancement,Ceylon (Sri Lanka),https://www.thenaturalsapphirecompany.com/yellow-sapphires/1.30ct-ceylon-sri-lankan-radiant-yellow-sapphire-s47030/
S26738,4871.0,1388.0,3.51,9.09,6.81,5.44,Yellow,Vivid,Eye Clean,Emerald Cut,Emerald Cut,Heat Treated,Ceylon (Sri Lanka),https://www.thenaturalsapphirecompany.com/yellow-sapphires/3.51ct-ceylon-sri-lankan-emerald-cut-yellow-sapphire-s26738/
S47026,400.0,400.0,1.0,6.94,4.69,2.82,Yellow,Intense,Slightly Included,Emerald Cut,Emerald Cut,Heat Treated,Ceylon (Sri Lanka),https://www.thenaturalsapphirecompany.com/yellow-sapphires/1.00ct-ceylon-sri-lankan-emerald-cut-yellow-sapphire-s47026/
S47031,1500.0,566.0,2.65,7.46,6.73,4.88,Yellow,Intense,Slightly Included,Radiant,Radiant Cut,Heat Treated,Ceylon (Sri Lanka),https://www.thenaturalsapphirecompany.com/yellow-sapphires/2.65ct-ceylon-sri-lankan-radiant-yellow-sapphire-s47031/
S31281,899.0,796.0,1.13,5.85,5.68,4.28,Yellowish Green,Medium,Slightly Included,Cushion,Mixed Brilliant Cut,No Enhancement,Madagascar,https://www.thenaturalsapphirecompany.com/yellow-sapphires/1.13ct-madagascar-cushion-yellowish-green-sapphire-s31281/
S31286,294.0,190.0,1.55,8.16,5.96,4.25,Yellow,Vivid,Very Very Slightly Included,Pear,Mixed Brilliant Cut,Lattice Diffused,Ceylon (Sri Lanka),https://www.thenaturalsapphirecompany.com/yellow-sapphires/1.55ct-ceylon-sri-lankan-pear-yellow-sapphire-s31286/
S31288,222.0,190.0,1.17,6.83,5.83,4.0,Orangish Yellow,Light,Eye Clean,Oval,Mixed Brilliant Cut,Lattice Diffused,Ceylon (Sri Lanka),https://www.thenaturalsapphirecompany.com/yellow-sapphires/1.17ct-ceylon-sri-lankan-oval-orangish-yellow-sapphire-s31288/
S31290,236.0,190.0,1.24,8.24,5.07,3.72,Yellow,Intense,Very Very Slightly Included,Pear,Mixed Brilliant Cut,Lattice Diffused,Ceylon (Sri Lanka),https://www.thenaturalsapphirecompany.com/yellow-sapphires/1.24ct-ceylon-sri-lankan-pear-yellow-sapphire-s31290/
S31292,238.0,190.0,1.25,6.06,6.04,3.51,Yellow,Intense,Very Slightly Included,Cushion,Mixed Brilliant Cut,Lattice Diffused,Ceylon (Sri Lanka),https://www.thenaturalsapphirecompany.com/yellow-sapphires/1.25ct-ceylon-sri-lankan-cushion-yellow-sapphire-s31292/
S31293,238.0,190.0,1.25,6.02,6.02,3.59,Orangish Yellow,Medium,Eye Clean,Cushion,Mixed Brilliant Cut,Lattice Diffused,Ceylon (Sri Lanka),https://www.thenaturalsapphirecompany.com/yellow-sapphires/1.25ct-ceylon-sri-lankan-cushion-orangish-yellow-sapphire-s31293/
S31294,207.0,190.0,1.09,8.06,5.96,3.13,Yellow,Medium,Very Very Slightly Included,Pear,Mixed Brilliant Cut,Lattice Diffused,Ceylon (Sri Lanka),https://www.thenaturalsapphirecompany.com/yellow-sapphires/1.09ct-ceylon-sri-lankan-pear-yellow-sapphire-s31294/
S31295,260.0,190.0,1.37,7.98,5.96,3.7,Orangish Yellow,Vivid,Very Very Slightly Included,Pear,Mixed Brilliant Cut,Lattice Diffused,Ceylon (Sri Lanka),https://www.thenaturalsapphirecompany.com/yellow-sapphires/1.37ct-ceylon-sri-lankan-pear-orangish-yellow-sapphire-s31295/
S31297,203.0,190.0,1.07,5.91,5.83,3.46,Yellow,Intense,Very Very Slightly Included,Cushion,Mixed Brilliant Cut,Lattice Diffused,Ceylon (Sri Lanka),https://www.thenaturalsapphirecompany.com/yellow-sapphires/1.07ct-ceylon-sri-lankan-cushion-yellow-sapphire-s31297/
S31299,253.0,190.0,1.33,8.87,5.84,3.63,Yellow,Medium,Very Very Slightly Included,Pear,Mixed Brilliant Cut,Lattice Diffused,Ceylon (Sri Lanka),https://www.thenaturalsapphirecompany.com/yellow-sapphires/1.33ct-ceylon-sri-lankan-pear-yellow-sapphire-s31299/
S31300,238.0,190.0,1.25,7.94,5.89,3.61,Orangish Yellow,Intense,Very Slightly Included,Pear,Mixed Brilliant Cut,Lattice Diffused,Ceylon (Sri Lanka),https://www.thenaturalsapphirecompany.com/yellow-sapphires/1.25ct-ceylon-sri-lankan-pear-orangish-yellow-sapphire-s31300/
S31302,224.0,190.0,1.18,6.38,6.35,3.94,Orangish Yellow,Medium,Very Slightly Included,Round,Mixed Brilliant Cut,Lattice Diffused,Ceylon (Sri Lanka),https://www.thenaturalsapphirecompany.com/yellow-sapphires/1.18ct-ceylon-sri-lankan-round-orangish-yellow-sapphire-s31302/
S31303,211.0,190.0,1.11,6.05,6.08,3.65,Orangish Yellow,Intense,Very Slightly Included,Round,Mixed Brilliant Cut,Lattice Diffused,Ceylon (Sri Lanka),https://www.thenaturalsapphirecompany.com/yellow-sapphires/1.11ct-ceylon-sri-lankan-round-orangish-yellow-sapphire-s31303/
S35132,288.0,400.0,0.72,5.99,6.01,3.02,Yellowish Green,Medium,Very Slightly Included,Round,Mixed Brilliant Cut,No Enhancement,Madagascar,https://www.thenaturalsapphirecompany.com/yellow-sapphires/0.72ct-madagascar-round-yellowish-green-sapphire-s35132/
S35135,392.0,400.0,0.98,6.7,5.12,3.49,Yellowish Green,Intense,Very Slightly Included,Oval,Mixed Brilliant Cut,Heat Treated,Madagascar,https://www.thenaturalsapphirecompany.com/yellow-sapphires/0.98ct-madagascar-oval-yellowish-green-sapphire-s35135/
S35189,2001.0,1308.0,1.53,6.99,5.37,4.0,Orangish Yellow,Intense,Very Very Slightly Included,Emerald Cut,Emerald Cut,Heat Treated,Africa,https://www.thenaturalsapphirecompany.com/yellow-sapphires/1.53ct-african-emerald-cut-orangish-yellow-sapphire-s35189/
S38487,172.0,400.0,0.43,4.25,4.27,3.04,Yellow,Light,Very Slightly Included,Round,Mixed Brilliant Cut,No Enhancement,Ceylon (Sri Lanka),https://www.thenaturalsapphirecompany.com/yellow-sapphires/0.43ct-ceylon-sri-lankan-round-yellow-sapphire-s38487/
S38489,148.0,400.0,0.37,4.22,4.23,2.67,Yellow,Light,Very Slightly Included,Round,Mixed Brilliant Cut,No Enhancement,Ceylon (Sri Lanka),https://www.thenaturalsapphirecompany.com/yellow-sapphires/0.37ct-ceylon-sri-lankan-round-yellow-sapphire-s38489/
S38490,152.0,400.0,0.38,4.33,4.33,2.81,Yellow,Medium,Very Very Slightly Included,Round,Mixed Brilliant Cut,No Enhancement,Ceylon (Sri Lanka),https://www.thenaturalsapphirecompany.com/yellow-sapphires/0.38ct-ceylon-sri-lankan-round-yellow-sapphire-s38490/
S38500,1332.0,437.0,3.05,8.93,6.52,6.09,Orangish Yellow,Vivid,Very Very Slightly Included,Oval,Mixed Brilliant Cut,Heat Treated,Ceylon (Sri Lanka),https://www.thenaturalsapphirecompany.com/yellow-sapphires/3.05ct-ceylon-sri-lankan-oval-orangish-yellow-sapphire-s38500/
S41520,540.0,397.0,1.36,7.8,4.84,3.41,Yellow,Intense,Eye Clean,Emerald Cut,Emerald Cut,No Enhancement,Ceylon (Sri Lanka),https://www.thenaturalsapphirecompany.com/yellow-sapphires/1.36ct-ceylon-sri-lankan-emerald-cut-yellow-sapphire-s41520/
S46053,400.0,727.0,0.55,5.6,3.82,2.67,Yellowish Green,Light,Very Slightly Included,Radiant,Radiant Cut,Heat Treated,Madagascar,https://www.thenaturalsapphirecompany.com/yellow-sapphires/0.55ct-madagascar-radiant-yellowish-green-sapphire-s46053/
S16663,1560.0,1182.0,1.32,8.15,6.05,3.65,Greenish Yellow,Intense,Very Slightly Included,Pear,Mixed Brilliant Cut,No Enhancement,Ceylon (Sri Lanka),https://www.thenaturalsapphirecompany.com/yellow-sapphires/1.32ct-ceylon-sri-lankan-pear-greenish-yellow-sapphire-s16663/
S16664,801.0,852.0,0.94,6.99,4.98,2.98,Yellow,Intense,Eye Clean,Oval,Mixed Brilliant Cut,No Enhancement,Ceylon (Sri Lanka),https://www.thenaturalsapphirecompany.com/yellow-sapphires/0.94ct-ceylon-sri-lankan-oval-yellow-sapphire-s16664/
S16666,1760.0,1304.0,1.35,9.06,5.91,3.32,Greenish Yellow,Intense,Eye Clean,Pear,Mixed Brilliant Cut,No Enhancement,Ceylon (Sri Lanka),https://www.thenaturalsapphirecompany.com/yellow-sapphires/1.35ct-ceylon-sri-lankan-pear-greenish-yellow-sapphire-s16666/
S22291,499.0,438.0,1.14,6.88,4.54,3.53,Yellowish Green,Intense,Very Slightly Included,Emerald Cut,Emerald Cut,No Enhancement,Africa,https://www.thenaturalsapphirecompany.com/yellow-sapphires/1.14ct-african-emerald-cut-yellowish-green-sapphire-s22291/
S27017,160.0,203.0,0.79,5.6,5.62,3.42,Yellow,Medium,Eye Clean,Round,Mixed Brilliant Cut,Heat Treated,Ceylon (Sri Lanka),https://www.thenaturalsapphirecompany.com/yellow-sapphires/0.79ct-ceylon-sri-lankan-round-yellow-sapphire-s27017/
S27018,160.0,246.0,0.65,5.09,5.09,3.41,Yellow,Medium,Eye Clean,Round,Mixed Brilliant Cut,Heat Treated,Ceylon (Sri Lanka),https://www.thenaturalsapphirecompany.com/yellow-sapphires/0.65ct-ceylon-sri-lankan-round-yellow-sapphire-s27018/
S27019,160.0,246.0,0.65,5.08,5.06,3.3,Yellow,Medium,Very Slightly Included,Round,Mixed Brilliant Cut,Heat Treated,Ceylon (Sri Lanka),https://www.thenaturalsapphirecompany.com/yellow-sapphires/0.65ct-ceylon-sri-lankan-round-yellow-sapphire-s27019/
S27020,140.0,259.0,0.54,6.09,3.96,2.66,Yellow,Intense,Eye Clean,Oval,Mixed Brilliant Cut,Heat Treated,Ceylon (Sri Lanka),https://www.thenaturalsapphirecompany.com/yellow-sapphires/0.54ct-ceylon-sri-lankan-oval-yellow-sapphire-s27020/
S27021,140.0,222.0,0.63,6.15,4.11,2.89,Yellow,Medium,Eye Clean,Oval,Mixed Brilliant Cut,Heat Treated,Ceylon (Sri Lanka),https://www.thenaturalsapphirecompany.com/yellow-sapphires/0.63ct-ceylon-sri-lankan-oval-yellow-sapphire-s27021/
S27022,140.0,250.0,0.56,6.03,4.03,2.7,Yellow,Intense,Eye Clean,Oval,Mixed Brilliant Cut,Heat Treated,Ceylon (Sri Lanka),https://www.thenaturalsapphirecompany.com/yellow-sapphires/0.56ct-ceylon-sri-lankan-oval-yellow-sapphire-s27022/
S31480,158.0,190.0,0.83,6.78,4.86,2.68,Yellow,Medium,Very Very Slightly Included,Oval,Mixed Brilliant Cut,Lattice Diffused,Ceylon (Sri Lanka),https://www.thenaturalsapphirecompany.com/yellow-sapphires/0.83ct-ceylon-sri-lankan-oval-yellow-sapphire-s31480/
S31481,222.0,190.0,1.17,6.26,6.25,3.49,Yellowish Orange,Intense,Very Slightly Included,Round,Mixed Brilliant Cut,Lattice Diffused,Ceylon (Sri Lanka),https://www.thenaturalsapphirecompany.com/yellow-sapphires/1.17ct-ceylon-sri-lankan-round-yellowish-orange-sapphire-s31481/
S38717,2000.0,658.0,3.04,10.31,7.79,4.66,Orangish Yellow,Intense,Very Slightly Included,Oval,Mixed Brilliant Cut,Heat Treated,Ceylon (Sri Lanka),https://www.thenaturalsapphirecompany.com/yellow-sapphires/3.04ct-ceylon-sri-lankan-oval-orangish-yellow-sapphire-s38717/
S38718,600.0,380.0,1.58,6.71,6.26,4.47,Yellow,Intense,Very Very Slightly Included,Cushion,Mixed Brilliant Cut,Heat Treated,Ceylon (Sri Lanka),https://www.thenaturalsapphirecompany.com/yellow-sapphires/1.58ct-ceylon-sri-lankan-cushion-yellow-sapphire-s38718/
S41626,2340.0,1500.0,1.56,7.98,5.81,4.15,Yellow,Light,Very Slightly Included,Oval,Mixed Brilliant Cut,No Enhancement,Tanzania,https://www.thenaturalsapphirecompany.com/yellow-sapphires/1.56ct-tanzanian-oval-yellow-sapphire-s41626/
S41627,1638.0,1050.0,1.56,7.69,5.25,3.75,Yellow,Light,Very Very Slightly Included,Radiant,Radiant Cut,No Enhancement,Tanzania,https://www.thenaturalsapphirecompany.com/yellow-sapphires/1.56ct-tanzanian-radiant-yellow-sapphire-s41627/
S41629,2380.0,1301.0,1.83,8.21,5.84,3.84,Yellow,Light,Very Slightly Included,Radiant,Radiant Cut,No Enhancement,Tanzania,https://www.thenaturalsapphirecompany.com/yellow-sapphires/1.83ct-tanzanian-radiant-yellow-sapphire-s41629/
S41635,1308.0,1200.0,1.09,5.99,5.54,3.34,Yellowish Green,Medium,Very Slightly Included,Asscher - Octagon,Asscher Cut,Heat Treated,Ceylon (Sri Lanka),https://www.thenaturalsapphirecompany.com/yellow-sapphires/1.09ct-ceylon-sri-lankan-asscher-octagon-yellowish-green-sapphire-s41635/
S41638,2028.0,1200.0,1.69,7.6,5.89,4.0,Yellowish Green,Intense,Very Slightly Included,Radiant,Radiant Cut,No Enhancement,Ceylon (Sri Lanka),https://www.thenaturalsapphirecompany.com/yellow-sapphires/1.69ct-ceylon-sri-lankan-radiant-yellowish-green-sapphire-s41638/
S34821,465.0,500.0,0.93,5.8,5.65,3.48,Greenish Yellow,Intense,Very Slightly Included,Round,Mixed Brilliant Cut,Heat Treated,Ceylon (Sri Lanka),https://www.thenaturalsapphirecompany.com/yellow-sapphires/0.93ct-ceylon-sri-lankan-round-greenish-yellow-sapphire-s34821/
S16718,416.0,400.0,1.04,7.77,5.63,3.37,Yellow,Medium,Very Slightly Included,Pear,Mixed Brilliant Cut,No Enhancement,Ceylon (Sri Lanka),https://www.thenaturalsapphirecompany.com/yellow-sapphires/1.04ct-ceylon-sri-lankan-pear-yellow-sapphire-s16718/
S16727,435.0,500.0,0.87,6.49,4.81,3.62,Yellow,Light,Very Slightly Included,Pear,Mixed Brilliant Cut,No Enhancement,Ceylon (Sri Lanka),https://www.thenaturalsapphirecompany.com/yellow-sapphires/0.87ct-ceylon-sri-lankan-pear-yellow-sapphire-s16727/
S16730,539.0,428.0,1.26,10.86,4.26,3.86,Yellow,Medium,Very Slightly Included,Marquise,Mixed Brilliant Cut,No Enhancement,Ceylon (Sri Lanka),https://www.thenaturalsapphirecompany.com/yellow-sapphires/1.26ct-ceylon-sri-lankan-marquise-yellow-sapphire-s16730/
S35347,4125.0,1203.0,3.43,9.32,7.85,4.73,Yellow,Medium,Very Slightly Included,Cushion,Mixed Brilliant Cut,No Enhancement,Ceylon (Sri Lanka),https://www.thenaturalsapphirecompany.com/yellow-sapphires/3.43ct-ceylon-sri-lankan-cushion-yellow-sapphire-s35347/
S35350,3445.0,1300.0,2.65,9.87,8.08,3.91,Yellow,Medium,Very Very Slightly Included,Oval,Mixed Brilliant Cut,No Enhancement,Ceylon (Sri Lanka),https://www.thenaturalsapphirecompany.com/yellow-sapphires/2.65ct-ceylon-sri-lankan-oval-yellow-sapphire-s35350/
S38719,6475.0,717.0,9.03,16.09,9.61,7.72,Yellow,Intense,Very Slightly Included,Pear,Mixed Brilliant Cut,No Enhancement,Ceylon (Sri Lanka),https://www.thenaturalsapphirecompany.com/yellow-sapphires/9.03ct-ceylon-sri-lankan-pear-yellow-sapphire-s38719/
S38720,600.0,286.0,2.1,7.9,7.39,4.61,Yellow,Intense,Slightly Included,Oval,Mixed Brilliant Cut,Heat Treated,Ceylon (Sri Lanka),https://www.thenaturalsapphirecompany.com/yellow-sapphires/2.10ct-ceylon-sri-lankan-oval-yellow-sapphire-s38720/
S38721,2400.0,972.0,2.47,8.34,6.11,5.4,Orangish Yellow,Intense,Very Very Slightly Included,Oval,Mixed Brilliant Cut,No Enhancement,Ceylon (Sri Lanka),https://www.thenaturalsapphirecompany.com/yellow-sapphires/2.47ct-ceylon-sri-lankan-oval-orangish-yellow-sapphire-s38721/
S38723,700.0,438.0,1.6,7.33,6.21,3.82,Yellowish Orange,Medium,Slightly Included,Cushion,Mixed Brilliant Cut,No Enhancement,Ceylon (Sri Lanka),https://www.thenaturalsapphirecompany.com/yellow-sapphires/1.60ct-ceylon-sri-lankan-cushion-yellowish-orange-sapphire-s38723/
S38752,2399.0,1454.0,1.65,6.82,6.06,4.42,Yellowish Brown,Intense,Very Slightly Included,Radiant,Radiant Cut,No Enhancement,Ceylon (Sri Lanka),https://www.thenaturalsapphirecompany.com/yellow-sapphires/1.65ct-ceylon-sri-lankan-radiant-yellowish-brown-sapphire-s38752/
S41656,7311.0,2405.0,3.04,10.2,7.62,5.06,Yellowish Green,Intense,Very Slightly Included,Oval,Mixed Brilliant Cut,No Enhancement,Ceylon (Sri Lanka),https://www.thenaturalsapphirecompany.com/yellow-sapphires/3.04ct-ceylon-sri-lankan-oval-yellowish-green-sapphire-s41656/
S41659,9206.0,2550.0,3.61,9.74,7.45,5.82,Yellow,Intense,Very Slightly Included,Oval,Mixed Brilliant Cut,Heat Treated,Ceylon (Sri Lanka),https://www.thenaturalsapphirecompany.com/yellow-sapphires/3.61ct-ceylon-sri-lankan-oval-yellow-sapphire-s41659/
S41660,17394.0,3465.0,5.02,9.35,7.86,6.09,Yellowish Green,Intense,Very Slightly Included,Emerald Cut,Emerald Cut,No Enhancement,Ceylon (Sri Lanka),https://www.thenaturalsapphirecompany.com/yellow-sapphires/5.02ct-ceylon-sri-lankan-emerald-cut-yellowish-green-sapphire-s41660/
S16731,484.0,400.0,1.21,7.59,5.77,3.25,Yellow,Light,Very Slightly Included,Oval,Mixed Brilliant Cut,No Enhancement,Ceylon (Sri Lanka),https://www.thenaturalsapphirecompany.com/yellow-sapphires/1.21ct-ceylon-sri-lankan-oval-yellow-sapphire-s16731/
S16733,388.0,400.0,0.97,7.18,5.45,3.01,Yellow,Light,Very Slightly Included,Pear,Mixed Brilliant Cut,No Enhancement,Ceylon (Sri Lanka),https://www.thenaturalsapphirecompany.com/yellow-sapphires/0.97ct-ceylon-sri-lankan-pear-yellow-sapphire-s16733/
S16734,488.0,400.0,1.22,7.32,5.14,4.0,Yellow,Medium,Very Slightly Included,Oval,Mixed Brilliant Cut,No Enhancement,Ceylon (Sri Lanka),https://www.thenaturalsapphirecompany.com/yellow-sapphires/1.22ct-ceylon-sri-lankan-oval-yellow-sapphire-s16734/
S16735,260.0,394.0,0.66,7.23,4.19,2.9,Yellow,Intense,Very Slightly Included,Pear,Mixed Brilliant Cut,Heat Treated,Ceylon (Sri Lanka),https://www.thenaturalsapphirecompany.com/yellow-sapphires/0.66ct-ceylon-sri-lankan-pear-yellow-sapphire-s16735/
S16736,320.0,340.0,0.94,6.54,4.76,3.63,Yellow,Intense,Very Slightly Included,Oval,Mixed Brilliant Cut,Heat Treated,Ceylon (Sri Lanka),https://www.thenaturalsapphirecompany.com/yellow-sapphires/0.94ct-ceylon-sri-lankan-oval-yellow-sapphire-s16736/
S16737,280.0,400.0,0.7,6.22,4.53,2.97,Yellow,Intense,Very Slightly Included,Oval,Mixed Brilliant Cut,Heat Treated,Ceylon (Sri Lanka),https://www.thenaturalsapphirecompany.com/yellow-sapphires/0.70ct-ceylon-sri-lankan-oval-yellow-sapphire-s16737/
S16739,480.0,600.0,0.8,6.87,4.52,3.53,Yellowish Orange,Medium,Very Slightly Included,Pear,Mixed Brilliant Cut,No Enhancement,Ceylon (Sri Lanka),https://www.thenaturalsapphirecompany.com/yellow-sapphires/0.80ct-ceylon-sri-lankan-pear-yellowish-orange-sapphire-s16739/
S16741,3678.0,1194.0,3.08,8.84,7.57,4.8,Yellow,Intense,Eye Clean,Cushion,Mixed Brilliant Cut,Heat Treated,Ceylon (Sri Lanka),https://www.thenaturalsapphirecompany.com/yellow-sapphires/3.08ct-ceylon-sri-lankan-cushion-yellow-sapphire-s16741/
S16744,598.0,340.0,1.76,7.81,6.0,3.92,Yellow,Light,Very Slightly Included,Cushion,Mixed Brilliant Cut,No Enhancement,Ceylon (Sri Lanka),https://www.thenaturalsapphirecompany.com/yellow-sapphires/1.76ct-ceylon-sri-lankan-cushion-yellow-sapphire-s16744/
S16750,219.0,300.0,0.73,5.4,5.36,3.03,Yellow,Light,Very Slightly Included,Cushion,Mixed Brilliant Cut,No Enhancement,Ceylon (Sri Lanka),https://www.thenaturalsapphirecompany.com/yellow-sapphires/0.73ct-ceylon-sri-lankan-cushion-yellow-sapphire-s16750/
S16752,261.0,300.0,0.87,5.97,5.02,3.68,Yellow,Light,Very Slightly Included,Pear,Mixed Brilliant Cut,No Enhancement,Ceylon (Sri Lanka),https://www.thenaturalsapphirecompany.com/yellow-sapphires/0.87ct-ceylon-sri-lankan-pear-yellow-sapphire-s16752/
S16754,188.0,400.0,0.47,4.64,4.89,2.71,Yellow,Medium,Very Slightly Included,Trillion,Trillion Cut,No Enhancement,Ceylon (Sri Lanka),https://www.thenaturalsapphirecompany.com/yellow-sapphires/0.47ct-ceylon-sri-lankan-trillion-yellow-sapphire-s16754/
S16756,352.0,400.0,0.88,6.42,4.79,3.0,Yellow,Light,Very Slightly Included,Cushion,Mixed Brilliant Cut,No Enhancement,Ceylon (Sri Lanka),https://www.thenaturalsapphirecompany.com/yellow-sapphires/0.88ct-ceylon-sri-lankan-cushion-yellow-sapphire-s16756/
S16760,220.0,400.0,0.55,5.42,4.19,3.02,Yellow,Light,Very Slightly Included,Oval,Mixed Brilliant Cut,No Enhancement,Ceylon (Sri Lanka),https://www.thenaturalsapphirecompany.com/yellow-sapphires/0.55ct-ceylon-sri-lankan-oval-yellow-sapphire-s16760/
S16764,198.0,300.0,0.66,5.17,4.36,3.43,Yellow,Light,Very Slightly Included,Cushion,Mixed Brilliant Cut,No Enhancement,Ceylon (Sri Lanka),https://www.thenaturalsapphirecompany.com/yellow-sapphires/0.66ct-ceylon-sri-lankan-cushion-yellow-sapphire-s16764/
S22359,210.0,200.0,1.05,7.09,5.0,3.91,Greenish Yellow,Light,Very Slightly Included,Pear,Mixed Brilliant Cut,Heat Treated,Ceylon (Sri Lanka),https://www.thenaturalsapphirecompany.com/yellow-sapphires/1.05ct-ceylon-sri-lankan-pear-greenish-yellow-sapphire-s22359/
S34822,516.0,501.0,1.03,6.43,5.25,3.51,Yellowish Green,Intense,Slightly Included,Oval,Mixed Brilliant Cut,Heat Treated,Ceylon (Sri Lanka),https://www.thenaturalsapphirecompany.com/yellow-sapphires/1.03ct-ceylon-sri-lankan-oval-yellowish-green-sapphire-s34822/
S27119,2160.0,1412.0,1.53,6.99,7.01,3.91,Yellow,Intense,Eye Clean,Round,Mixed Brilliant Cut,Heat Treated,Ceylon (Sri Lanka),https://www.thenaturalsapphirecompany.com/yellow-sapphires/1.53ct-ceylon-sri-lankan-round-yellow-sapphire-s27119/
S27120,1981.0,1152.0,1.72,6.49,5.48,5.07,Orangish Yellow,Vivid,Very Very Slightly Included,Emerald Cut,Emerald Cut,Heat Treated,Ceylon (Sri Lanka),https://www.thenaturalsapphirecompany.com/yellow-sapphires/1.72ct-ceylon-sri-lankan-emerald-cut-orangish-yellow-sapphire-s27120/
S27121,2159.0,1576.0,1.37,7.4,5.82,3.9,Yellowish Green,Intense,Very Very Slightly Included,Oval,Mixed Brilliant Cut,No Enhancement,Tanzania,https://www.thenaturalsapphirecompany.com/yellow-sapphires/1.37ct-tanzanian-oval-yellowish-green-sapphire-s27121/
S27124,3961.0,1572.0,2.52,9.02,6.8,5.77,Orangish Yellow,Intense,Eye Clean,Pear,Mixed Brilliant Cut,Heat Treated,Ceylon (Sri Lanka),https://www.thenaturalsapphirecompany.com/yellow-sapphires/2.52ct-ceylon-sri-lankan-pear-orangish-yellow-sapphire-s27124/
S27128,2698.0,1384.0,1.95,6.92,5.62,4.85,Yellow,Vivid,Eye Clean,Emerald Cut,Emerald Cut,Heat Treated,Ceylon (Sri Lanka),https://www.thenaturalsapphirecompany.com/yellow-sapphires/1.95ct-ceylon-sri-lankan-emerald-cut-yellow-sapphire-s27128/
S27140,1531.0,1444.0,1.06,6.01,5.07,3.54,Greenish Yellow,Vivid,Very Very Slightly Included,Emerald Cut,Emerald Cut,No Enhancement,Madagascar,https://www.thenaturalsapphirecompany.com/yellow-sapphires/1.06ct-madagascar-emerald-cut-greenish-yellow-sapphire-s27140/
S27141,1619.0,1396.0,1.16,5.67,5.2,3.84,Yellowish Green,Medium,Very Very Slightly Included,Asscher - Octagon,Asscher Cut,No Enhancement,Tanzania,https://www.thenaturalsapphirecompany.com/yellow-sapphires/1.16ct-tanzanian-asscher-octagon-yellowish-green-sapphire-s27141/
S27142,404.0,400.0,1.01,6.41,5.01,3.64,Yellow,Light,Very Very Slightly Included,Cushion,Mixed Brilliant Cut,No Enhancement,Ceylon (Sri Lanka),https://www.thenaturalsapphirecompany.com/yellow-sapphires/1.01ct-ceylon-sri-lankan-cushion-yellow-sapphire-s27142/
S27143,298.0,250.0,1.19,7.56,5.09,4.14,Yellow,Light,Very Very Slightly Included,Pear,Mixed Brilliant Cut,No Enhancement,Ceylon (Sri Lanka),https://www.thenaturalsapphirecompany.com/yellow-sapphires/1.19ct-ceylon-sri-lankan-pear-yellow-sapphire-s27143/
S35377,240.0,242.0,0.99,5.56,6.59,3.5,Yellow,Faint,Very Very Slightly Included,Heart,Mixed Brilliant Cut,No Enhancement,Ceylon (Sri Lanka),https://www.thenaturalsapphirecompany.com/yellow-sapphires/0.99ct-ceylon-sri-lankan-heart-yellow-sapphire-s35377/
S35380,260.0,317.0,0.82,6.05,4.95,3.02,Yellow,Medium,Very Slightly Included,Emerald Cut,Emerald Cut,No Enhancement,Ceylon (Sri Lanka),https://www.thenaturalsapphirecompany.com/yellow-sapphires/0.82ct-ceylon-sri-lankan-emerald-cut-yellow-sapphire-s35380/
S35385,160.0,184.0,0.87,7.59,5.16,3.14,Yellow,Medium,Eye Clean,Pear,Mixed Brilliant Cut,Heat Treated,Ceylon (Sri Lanka),https://www.thenaturalsapphirecompany.com/yellow-sapphires/0.87ct-ceylon-sri-lankan-pear-yellow-sapphire-s35385/
S35390,372.0,400.0,0.93,5.66,5.7,3.79,Yellow,Intense,Very Slightly Included,Round,Mixed Brilliant Cut,No Enhancement,Ceylon (Sri Lanka),https://www.thenaturalsapphirecompany.com/yellow-sapphires/0.93ct-ceylon-sri-lankan-round-yellow-sapphire-s35390/
S35391,414.0,360.0,1.15,7.19,5.13,4.0,Yellowish Brown,Medium,Very Very Slightly Included,Pear,Mixed Brilliant Cut,No Enhancement,Ceylon (Sri Lanka),https://www.thenaturalsapphirecompany.com/yellow-sapphires/1.15ct-ceylon-sri-lankan-pear-yellowish-brown-sapphire-s35391/
S41681,100.0,200.0,0.5,4.99,3.99,2.7,Yellow,Light,Very Slightly Included,Radiant,Radiant Cut,No Enhancement,Ceylon (Sri Lanka),https://www.thenaturalsapphirecompany.com/yellow-sapphires/0.50ct-ceylon-sri-lankan-radiant-yellow-sapphire-s41681/
S41683,102.0,300.0,0.34,6.72,3.36,2.17,Yellow,Intense,Very Slightly Included,Marquise,Mixed Brilliant Cut,No Enhancement,Ceylon (Sri Lanka),https://www.thenaturalsapphirecompany.com/yellow-sapphires/0.34ct-ceylon-sri-lankan-marquise-yellow-sapphire-s41683/
S41686,106.0,200.0,0.53,6.01,4.11,2.61,Yellow,Medium,Slightly Included,Oval,Mixed Brilliant Cut,No Enhancement,Ceylon (Sri Lanka),https://www.thenaturalsapphirecompany.com/yellow-sapphires/0.53ct-ceylon-sri-lankan-oval-yellow-sapphire-s41686/
S41691,86.0,200.0,0.43,5.08,4.16,2.52,Yellow,Light,Very Slightly Included,Oval,Mixed Brilliant Cut,No Enhancement,Ceylon (Sri Lanka),https://www.thenaturalsapphirecompany.com/yellow-sapphires/0.43ct-ceylon-sri-lankan-oval-yellow-sapphire-s41691/
S41693,112.0,200.0,0.56,5.03,5.09,2.97,Yellow,Light,Very Slightly Included,Round,Mixed Brilliant Cut,No Enhancement,Ceylon (Sri Lanka),https://www.thenaturalsapphirecompany.com/yellow-sapphires/0.56ct-ceylon-sri-lankan-round-yellow-sapphire-s41693/
S41694,70.0,175.0,0.4,4.32,4.38,2.78,Yellow,Intense,Slightly Included,Round,Mixed Brilliant Cut,No Enhancement,Ceylon (Sri Lanka),https://www.thenaturalsapphirecompany.com/yellow-sapphires/0.40ct-ceylon-sri-lankan-round-yellow-sapphire-s41694/
S41696,88.0,200.0,0.44,5.12,3.98,2.68,Yellow,Light,Slightly Included,Oval,Mixed Brilliant Cut,No Enhancement,Ceylon (Sri Lanka),https://www.thenaturalsapphirecompany.com/yellow-sapphires/0.44ct-ceylon-sri-lankan-oval-yellow-sapphire-s41696/
S41697,152.0,200.0,0.76,6.45,4.65,2.57,Yellow,Light,Very Slightly Included,Emerald Cut,Emerald Cut,No Enhancement,Ceylon (Sri Lanka),https://www.thenaturalsapphirecompany.com/yellow-sapphires/0.76ct-ceylon-sri-lankan-emerald-cut-yellow-sapphire-s41697/
S41698,107.0,160.0,0.67,6.48,4.64,2.67,Yellow,Faint,Very Slightly Included,Oval,Mixed Brilliant Cut,No Enhancement,Ceylon (Sri Lanka),https://www.thenaturalsapphirecompany.com/yellow-sapphires/0.67ct-ceylon-sri-lankan-oval-yellow-sapphire-s41698/
S41701,99.0,160.0,0.62,5.99,4.58,2.9,Yellow,Light,Slightly Included,Oval,Mixed Brilliant Cut,No Enhancement,Ceylon (Sri Lanka),https://www.thenaturalsapphirecompany.com/yellow-sapphires/0.62ct-ceylon-sri-lankan-oval-yellow-sapphire-s41701/
S41706,107.0,160.0,0.67,6.31,4.43,2.76,Yellow,Faint,Very Slightly Included,Oval,Mixed Brilliant Cut,No Enhancement,Ceylon (Sri Lanka),https://www.thenaturalsapphirecompany.com/yellow-sapphires/0.67ct-ceylon-sri-lankan-oval-yellow-sapphire-s41706/
S16766,144.0,300.0,0.48,6.12,4.17,2.51,Yellow,Light,Very Slightly Included,Pear,Mixed Brilliant Cut,No Enhancement,Ceylon (Sri Lanka),https://www.thenaturalsapphirecompany.com/yellow-sapphires/0.48ct-ceylon-sri-lankan-pear-yellow-sapphire-s16766/
S16788,363.0,550.0,0.66,5.61,5.61,3.03,Yellow,Intense,Very Slightly Included,Round,Mixed Brilliant Cut,Lattice Diffused,Ceylon (Sri Lanka),https://www.thenaturalsapphirecompany.com/yellow-sapphires/0.66ct-ceylon-sri-lankan-round-yellow-sapphire-s16788/
S16789,303.0,370.0,0.82,5.78,5.82,3.02,Yellow,Intense,Very Slightly Included,Round,Mixed Brilliant Cut,Lattice Diffused,Ceylon (Sri Lanka),https://www.thenaturalsapphirecompany.com/yellow-sapphires/0.82ct-ceylon-sri-lankan-round-yellow-sapphire-s16789/
S16790,332.0,400.0,0.83,5.83,5.87,3.49,Yellow,Intense,Slightly Included,Round,Mixed Brilliant Cut,Lattice Diffused,Ceylon (Sri Lanka),https://www.thenaturalsapphirecompany.com/yellow-sapphires/0.83ct-ceylon-sri-lankan-round-yellow-sapphire-s16790/
S16792,300.0,300.0,1.0,5.62,5.54,4.04,Yellow,Intense,Very Slightly Included,Round,Mixed Brilliant Cut,Lattice Diffused,Ceylon (Sri Lanka),https://www.thenaturalsapphirecompany.com/yellow-sapphires/1.00ct-ceylon-sri-lankan-round-yellow-sapphire-s16792/
S16793,675.0,500.0,1.35,5.92,5.87,4.67,Orangish Yellow,Medium,Very Slightly Included,Round,Mixed Brilliant Cut,Heat Treated,Ceylon (Sri Lanka),https://www.thenaturalsapphirecompany.com/yellow-sapphires/1.35ct-ceylon-sri-lankan-round-orangish-yellow-sapphire-s16793/
S16794,650.0,570.0,1.14,6.99,5.47,3.42,Yellow,Intense,Very Slightly Included,Oval,Mixed Brilliant Cut,Lattice Diffused,Ceylon (Sri Lanka),https://www.thenaturalsapphirecompany.com/yellow-sapphires/1.14ct-ceylon-sri-lankan-oval-yellow-sapphire-s16794/
S27145,220.0,250.0,0.88,6.45,4.86,3.5,Yellow,Faint,Very Very Slightly Included,Oval,Mixed Brilliant Cut,No Enhancement,Ceylon (Sri Lanka),https://www.thenaturalsapphirecompany.com/yellow-sapphires/0.88ct-ceylon-sri-lankan-oval-yellow-sapphire-s27145/
S27146,356.0,400.0,0.89,6.73,4.94,3.3,Yellow,Light,Very Very Slightly Included,Oval,Mixed Brilliant Cut,No Enhancement,Ceylon (Sri Lanka),https://www.thenaturalsapphirecompany.com/yellow-sapphires/0.89ct-ceylon-sri-lankan-oval-yellow-sapphire-s27146/
S27148,306.0,300.0,1.02,5.93,5.89,3.58,Yellow,Light,Very Very Slightly Included,Cushion,Mixed Brilliant Cut,No Enhancement,Ceylon (Sri Lanka),https://www.thenaturalsapphirecompany.com/yellow-sapphires/1.02ct-ceylon-sri-lankan-cushion-yellow-sapphire-s27148/
S27152,7400.0,1800.0,4.11,8.0,6.68,7.06,Yellow,Light,Eye Clean,Emerald Cut,Emerald Cut,No Enhancement,Ceylon (Sri Lanka),https://www.thenaturalsapphirecompany.com/yellow-sapphires/4.11ct-ceylon-sri-lankan-emerald-cut-yellow-sapphire-s27152/
S27153,2999.0,1428.0,2.1,6.75,7.62,5.66,Yellow,Medium,Very Slightly Included,Heart,Mixed Brilliant Cut,Heat Treated,Ceylon (Sri Lanka),https://www.thenaturalsapphirecompany.com/yellow-sapphires/2.10ct-ceylon-sri-lankan-heart-yellow-sapphire-s27153/
S11084,792.0,400.0,1.98,11.57,7.69,3.72,Yellow,Medium,Very Slightly Included,Fancy,Step Cut,No Enhancement,Ceylon (Sri Lanka),https://www.thenaturalsapphirecompany.com/yellow-sapphires/1.98ct-ceylon-sri-lankan-fancy-yellow-sapphire-s11084/
S11085,2290.0,1000.0,2.29,8.86,7.32,4.82,Yellow,Light,Very Slightly Included,Pear,Mixed Brilliant Cut,No Enhancement,Ceylon (Sri Lanka),https://www.thenaturalsapphirecompany.com/yellow-sapphires/2.29ct-ceylon-sri-lankan-pear-yellow-sapphire-s11085/
S16317,959.0,872.0,1.1,5.74,5.08,3.62,Orangish Yellow,Medium,Very Slightly Included,Emerald Cut,Emerald Cut,Heat Treated,Ceylon (Sri Lanka),https://www.thenaturalsapphirecompany.com/yellow-sapphires/1.10ct-ceylon-sri-lankan-emerald-cut-orangish-yellow-sapphire-s16317/
S38400,4444.0,2200.0,2.02,8.33,6.5,4.81,Yellowish Green,Intense,Very Very Slightly Included,Fancy,Mixed Brilliant Cut,No Enhancement,Montana,https://www.thenaturalsapphirecompany.com/yellow-sapphires/2.02ct-montana-fancy-yellowish-green-sapphire-s38400/
S38408,2715.0,1500.0,1.81,8.01,5.46,4.24,Greenish Yellow,Medium,Slightly Included,Cushion,Mixed Brilliant Cut,No Enhancement,Montana,https://www.thenaturalsapphirecompany.com/yellow-sapphires/1.81ct-montana-cushion-greenish-yellow-sapphire-s38408/
S3841,234.0,360.0,0.65,5.02,4.55,3.07,Yellowish Green,Intense,Very Slightly Included,Emerald Cut,Emerald Cut,No Enhancement,Ceylon (Sri Lanka),https://www.thenaturalsapphirecompany.com/yellow-sapphires/0.65ct-ceylon-sri-lankan-emerald-cut-yellowish-green-sapphire-s3841/
S38426,1905.0,1500.0,1.27,6.6,6.64,3.77,Yellowish Green,Light,Very Very Slightly Included,Round,Mixed Brilliant Cut,No Enhancement,Montana,https://www.thenaturalsapphirecompany.com/yellow-sapphires/1.27ct-montana-round-yellowish-green-sapphire-s38426/
S16184,1903.0,1260.0,1.51,6.75,7.57,4.12,Yellow,Intense,Very Very Slightly Included,Heart,Mixed Brilliant Cut,Heat Treated,Ceylon (Sri Lanka),https://www.thenaturalsapphirecompany.com/yellow-sapphires/1.51ct-ceylon-sri-lankan-heart-yellow-sapphire-s16184/
S16219,1301.0,936.0,1.39,6.38,6.04,3.6,Yellowish Brown,Intense,Very Slightly Included,Radiant,Radiant Cut,No Enhancement,Ceylon (Sri Lanka),https://www.thenaturalsapphirecompany.com/yellow-sapphires/1.39ct-ceylon-sri-lankan-radiant-yellowish-brown-sapphire-s16219/
S36369,58.0,200.0,0.29,4.28,3.64,2.4,Yellow,Intense,Slightly Included,Oval,Mixed Brilliant Cut,No Enhancement,Ceylon (Sri Lanka),https://www.thenaturalsapphirecompany.com/yellow-sapphires/0.29ct-ceylon-sri-lankan-oval-yellow-sapphire-s36369/
S31213,2826.0,1800.0,1.57,10.44,5.27,3.54,Yellowish Orange,Vivid,Very Slightly Included,Fancy,Mixed Brilliant Cut,Heat Treated,Montana,https://www.thenaturalsapphirecompany.com/yellow-sapphires/1.57ct-montana-fancy-yellowish-orange-sapphire-s31213/
S35063,1270.0,1000.0,1.27,6.85,5.04,3.78,Yellow,Medium,Very Slightly Included,Radiant,Radiant Cut,Heat Treated,Montana,https://www.thenaturalsapphirecompany.com/yellow-sapphires/1.27ct-montana-radiant-yellow-sapphire-s35063/
S35078,1317.0,442.0,2.98,10.45,7.56,4.67,Yellowish Green,Intense,Very Slightly Included,Oval,Mixed Brilliant Cut,Heat Treated,Madagascar,https://www.thenaturalsapphirecompany.com/yellow-sapphires/2.98ct-madagascar-oval-yellowish-green-sapphire-s35078/
S38437,5280.0,2400.0,2.2,8.43,6.4,4.9,Yellowish Green,Light,Eye Clean,Oval,Mixed Brilliant Cut,No Enhancement,Montana,https://www.thenaturalsapphirecompany.com/yellow-sapphires/2.20ct-montana-oval-yellowish-green-sapphire-s38437/
S38438,1080.0,1000.0,1.08,6.85,4.85,3.89,Yellowish Green,Medium,Very Slightly Included,Oval,Mixed Brilliant Cut,No Enhancement,Montana,https://www.thenaturalsapphirecompany.com/yellow-sapphires/1.08ct-montana-oval-yellowish-green-sapphire-s38438/
S38444,1469.0,1300.0,1.13,6.79,5.62,3.81,Yellowish Green,Light,Very Very Slightly Included,Oval,Mixed Brilliant Cut,No Enhancement,Montana,https://www.thenaturalsapphirecompany.com/yellow-sapphires/1.13ct-montana-oval-yellowish-green-sapphire-s38444/
S38454,1488.0,1200.0,1.24,7.01,5.37,3.96,Yellowish Green,Light,Slightly Included,Oval,Mixed Brilliant Cut,No Enhancement,Montana,https://www.thenaturalsapphirecompany.com/yellow-sapphires/1.24ct-montana-oval-yellowish-green-sapphire-s38454/
S38459,1368.0,1200.0,1.14,6.68,5.28,3.9,Yellowish Green,Light,Eye Clean,Oval,Mixed Brilliant Cut,No Enhancement,Montana,https://www.thenaturalsapphirecompany.com/yellow-sapphires/1.14ct-montana-oval-yellowish-green-sapphire-s38459/
S41530,6843.0,1665.0,4.11,9.2,8.16,5.74,Orangish Yellow,Intense,Very Slightly Included,Emerald Cut,Emerald Cut,Heat Treated,Ceylon (Sri Lanka),https://www.thenaturalsapphirecompany.com/yellow-sapphires/4.11ct-ceylon-sri-lankan-emerald-cut-orangish-yellow-sapphire-s41530/
S41543,2160.0,1846.0,1.17,6.2,5.2,4.0,Yellowish Green,Medium,Very Slightly Included,Radiant,Radiant Cut,Heat Treated,Madagascar,https://www.thenaturalsapphirecompany.com/yellow-sapphires/1.17ct-madagascar-radiant-yellowish-green-sapphire-s41543/
S41544,2232.0,1800.0,1.24,5.86,5.72,4.08,Yellowish Green,Intense,Eye Clean,Asscher - Octagon,Asscher Cut,No Enhancement,Madagascar,https://www.thenaturalsapphirecompany.com/yellow-sapphires/1.24ct-madagascar-asscher-octagon-yellowish-green-sapphire-s41544/
S41557,134.0,114.0,1.18,6.01,5.52,3.76,Yellow,Faint,Very Very Slightly Included,Cushion,Mixed Brilliant Cut,No Enhancement,Ceylon (Sri Lanka),https://www.thenaturalsapphirecompany.com/yellow-sapphires/1.18ct-ceylon-sri-lankan-cushion-yellow-sapphire-s41557/
S41562,234.0,203.0,1.15,6.77,5.04,3.61,Yellow,Intense,Very Slightly Included,Cushion,Mixed Brilliant Cut,No Enhancement,Ceylon (Sri Lanka),https://www.thenaturalsapphirecompany.com/yellow-sapphires/1.15ct-ceylon-sri-lankan-cushion-yellow-sapphire-s41562/
S41563,239.0,196.0,1.22,8.72,5.17,3.53,Yellow,Intense,Slightly Included,Fancy,Step Cut,No Enhancement,Ceylon (Sri Lanka),https://www.thenaturalsapphirecompany.com/yellow-sapphires/1.22ct-ceylon-sri-lankan-fancy-yellow-sapphire-s41563/
S41571,1800.0,1800.0,1.0,6.19,5.19,3.37,Yellowish Green,Medium,Very Slightly Included,Radiant,Radiant Cut,No Enhancement,Madagascar,https://www.thenaturalsapphirecompany.com/yellow-sapphires/1.00ct-madagascar-radiant-yellowish-green-sapphire-s41571/
S41572,2880.0,1920.0,1.5,9.05,6.09,3.79,Yellowish Green,Medium,Very Slightly Included,Pear,Mixed Brilliant Cut,No Enhancement,Madagascar,https://www.thenaturalsapphirecompany.com/yellow-sapphires/1.50ct-madagascar-pear-yellowish-green-sapphire-s41572/
S41575,2520.0,2400.0,1.05,7.3,6.18,3.29,Yellowish Green,Medium,Eye Clean,Oval,Mixed Brilliant Cut,No Enhancement,Montana,https://www.thenaturalsapphirecompany.com/yellow-sapphires/1.05ct-montana-oval-yellowish-green-sapphire-s41575/
S43981,899.0,810.0,1.11,6.21,6.2,3.82,Yellowish Green,Intense,Very Slightly Included,Round,Mixed Brilliant Cut,No Enhancement,Madagascar,https://www.thenaturalsapphirecompany.com/yellow-sapphires/1.11ct-madagascar-round-yellowish-green-sapphire-s43981/
S46071,500.0,526.0,0.95,7.47,5.12,3.03,Yellow,Light,Slightly Included,Oval,Mixed Brilliant Cut,Heat Treated,Ceylon (Sri Lanka),https://www.thenaturalsapphirecompany.com/yellow-sapphires/0.95ct-ceylon-sri-lankan-oval-yellow-sapphire-s46071/
S46073,400.0,500.0,0.8,6.23,3.94,3.32,Yellow,Light,Very Slightly Included,Emerald Cut,Emerald Cut,Heat Treated,Ceylon (Sri Lanka),https://www.thenaturalsapphirecompany.com/yellow-sapphires/0.80ct-ceylon-sri-lankan-emerald-cut-yellow-sapphire-s46073/
S46084,400.0,426.0,0.94,5.6,5.25,3.5,Yellow,Faint,Slightly Included,Radiant,Radiant Cut,Heat Treated,Ceylon (Sri Lanka),https://www.thenaturalsapphirecompany.com/yellow-sapphires/0.94ct-ceylon-sri-lankan-radiant-yellow-sapphire-s46084/
S41580,2161.0,1816.0,1.19,6.86,4.66,3.77,Yellowish Green,Intense,Very Slightly Included,Radiant,Radiant Cut,Heat Treated,Madagascar,https://www.thenaturalsapphirecompany.com/yellow-sapphires/1.19ct-madagascar-radiant-yellowish-green-sapphire-s41580/
S41586,3600.0,1651.0,2.18,7.23,7.21,5.61,Yellowish Green,Medium,Eye Clean,Round,Mixed Brilliant Cut,No Enhancement,Madagascar,https://www.thenaturalsapphirecompany.com/yellow-sapphires/2.18ct-madagascar-round-yellowish-green-sapphire-s41586/
S41587,2700.0,1812.0,1.49,7.91,6.49,3.61,Yellowish Green,Intense,Very Very Slightly Included,Oval,Mixed Brilliant Cut,No Enhancement,Madagascar,https://www.thenaturalsapphirecompany.com/yellow-sapphires/1.49ct-madagascar-oval-yellowish-green-sapphire-s41587/
S41588,2701.0,1986.0,1.36,6.98,5.79,3.58,Yellowish Green,Medium,Very Very Slightly Included,Emerald Cut,Emerald Cut,No Enhancement,Madagascar,https://www.thenaturalsapphirecompany.com/yellow-sapphires/1.36ct-madagascar-emerald-cut-yellowish-green-sapphire-s41588/
S41593,1980.0,985.0,2.01,11.62,5.6,3.77,Yellow,Intense,Very Very Slightly Included,Marquise,Mixed Brilliant Cut,Heat Treated,Ceylon (Sri Lanka),https://www.thenaturalsapphirecompany.com/yellow-sapphires/2.01ct-ceylon-sri-lankan-marquise-yellow-sapphire-s41593/
S46110,400.0,597.0,0.67,6.56,5.1,2.26,Yellow,Medium,Very Very Slightly Included,Oval,Mixed Brilliant Cut,Heat Treated,Ceylon (Sri Lanka),https://www.thenaturalsapphirecompany.com/yellow-sapphires/0.67ct-ceylon-sri-lankan-oval-yellow-sapphire-s46110/
S46111,600.0,278.0,2.16,8.64,6.57,4.35,Yellow,Light,Included,Oval,Mixed Brilliant Cut,Heat Treated,Ceylon (Sri Lanka),https://www.thenaturalsapphirecompany.com/yellow-sapphires/2.16ct-ceylon-sri-lankan-oval-yellow-sapphire-s46111/
S48342,4625.0,1321.0,3.5,10.11,7.07,4.8,Yellow,Intense,Slightly Included,Emerald Cut,Emerald Cut,Heat Treated,Ceylon (Sri Lanka),https://www.thenaturalsapphirecompany.com/yellow-sapphires/3.50ct-ceylon-sri-lankan-emerald-cut-yellow-sapphire-s48342/
S48343,5550.0,1856.0,2.99,10.2,7.0,4.01,Yellowish Green,Intense,Very Slightly Included,Emerald Cut,Emerald Cut,Heat Treated,Madagascar,https://www.thenaturalsapphirecompany.com/yellow-sapphires/2.99ct-madagascar-emerald-cut-yellowish-green-sapphire-s48343/
S48345,4625.0,1186.0,3.9,8.98,7.67,5.72,Yellow,Intense,Slightly Included,Emerald Cut,Emerald Cut,Heat Treated,Ceylon (Sri Lanka),https://www.thenaturalsapphirecompany.com/yellow-sapphires/3.90ct-ceylon-sri-lankan-emerald-cut-yellow-sapphire-s48345/
S48347,9250.0,1427.0,6.48,11.58,9.09,6.09,Orangish Yellow,Intense,Very Slightly Included,Emerald Cut,Emerald Cut,Heat Treated,Ceylon (Sri Lanka),https://www.thenaturalsapphirecompany.com/yellow-sapphires/6.48ct-ceylon-sri-lankan-emerald-cut-orangish-yellow-sapphire-s48347/
S5136,2370.0,1500.0,1.58,6.53,6.47,4.64,Yellowish Green,Light,Very Slightly Included,Asscher - Octagon,Asscher Cut,No Enhancement,Montana,https://www.thenaturalsapphirecompany.com/yellow-sapphires/1.58ct-montana-asscher-octagon-yellowish-green-sapphire-s5136/
S31304,218.0,190.0,1.15,8.0,5.99,3.24,Orangish Yellow,Vivid,Very Very Slightly Included,Pear,Mixed Brilliant Cut,Lattice Diffused,Ceylon (Sri Lanka),https://www.thenaturalsapphirecompany.com/yellow-sapphires/1.15ct-ceylon-sri-lankan-pear-orangish-yellow-sapphire-s31304/
S31305,238.0,190.0,1.25,7.93,5.87,3.28,Yellow,Intense,Very Very Slightly Included,Pear,Mixed Brilliant Cut,Lattice Diffused,Ceylon (Sri Lanka),https://www.thenaturalsapphirecompany.com/yellow-sapphires/1.25ct-ceylon-sri-lankan-pear-yellow-sapphire-s31305/
S31306,253.0,190.0,1.33,7.17,6.06,3.94,Yellow,Light,Very Very Slightly Included,Oval,Mixed Brilliant Cut,Lattice Diffused,Ceylon (Sri Lanka),https://www.thenaturalsapphirecompany.com/yellow-sapphires/1.33ct-ceylon-sri-lankan-oval-yellow-sapphire-s31306/
S31307,218.0,190.0,1.15,6.44,6.48,3.84,Yellowish Orange,Intense,Very Very Slightly Included,Round,Mixed Brilliant Cut,Lattice Diffused,Ceylon (Sri Lanka),https://www.thenaturalsapphirecompany.com/yellow-sapphires/1.15ct-ceylon-sri-lankan-round-yellowish-orange-sapphire-s31307/
S31308,182.0,190.0,0.96,6.01,5.97,3.23,Yellowish Orange,Intense,Eye Clean,Cushion,Mixed Brilliant Cut,Lattice Diffused,Ceylon (Sri Lanka),https://www.thenaturalsapphirecompany.com/yellow-sapphires/0.96ct-ceylon-sri-lankan-cushion-yellowish-orange-sapphire-s31308/
S31309,205.0,190.0,1.08,5.88,5.8,3.44,Orangish Yellow,Intense,Very Very Slightly Included,Cushion,Mixed Brilliant Cut,Lattice Diffused,Ceylon (Sri Lanka),https://www.thenaturalsapphirecompany.com/yellow-sapphires/1.08ct-ceylon-sri-lankan-cushion-orangish-yellow-sapphire-s31309/
S31311,228.0,190.0,1.2,5.99,5.93,3.59,Orangish Yellow,Intense,Very Slightly Included,Cushion,Mixed Brilliant Cut,Lattice Diffused,Ceylon (Sri Lanka),https://www.thenaturalsapphirecompany.com/yellow-sapphires/1.20ct-ceylon-sri-lankan-cushion-orangish-yellow-sapphire-s31311/
S31312,249.0,190.0,1.31,6.02,5.97,3.98,Orangish Yellow,Intense,Very Slightly Included,Cushion,Mixed Brilliant Cut,Lattice Diffused,Ceylon (Sri Lanka),https://www.thenaturalsapphirecompany.com/yellow-sapphires/1.31ct-ceylon-sri-lankan-cushion-orangish-yellow-sapphire-s31312/
S31313,213.0,190.0,1.12,5.92,5.84,3.52,Orangish Yellow,Intense,Very Slightly Included,Cushion,Mixed Brilliant Cut,Lattice Diffused,Ceylon (Sri Lanka),https://www.thenaturalsapphirecompany.com/yellow-sapphires/1.12ct-ceylon-sri-lankan-cushion-orangish-yellow-sapphire-s31313/
S31314,186.0,190.0,0.98,6.65,4.75,3.0,Yellow,Medium,Very Very Slightly Included,Emerald Cut,Emerald Cut,Lattice Diffused,Ceylon (Sri Lanka),https://www.thenaturalsapphirecompany.com/yellow-sapphires/0.98ct-ceylon-sri-lankan-emerald-cut-yellow-sapphire-s31314/
S31315,184.0,190.0,0.97,6.9,4.92,2.95,Yellow,Intense,Eye Clean,Emerald Cut,Emerald Cut,Lattice Diffused,Ceylon (Sri Lanka),https://www.thenaturalsapphirecompany.com/yellow-sapphires/0.97ct-ceylon-sri-lankan-emerald-cut-yellow-sapphire-s31315/
S31316,245.0,190.0,1.29,6.13,6.12,3.76,Orangish Yellow,Intense,Very Slightly Included,Cushion,Mixed Brilliant Cut,Lattice Diffused,Ceylon (Sri Lanka),https://www.thenaturalsapphirecompany.com/yellow-sapphires/1.29ct-ceylon-sri-lankan-cushion-orangish-yellow-sapphire-s31316/
S31317,215.0,190.0,1.13,5.93,5.89,3.72,Orangish Yellow,Intense,Very Slightly Included,Cushion,Mixed Brilliant Cut,Lattice Diffused,Ceylon (Sri Lanka),https://www.thenaturalsapphirecompany.com/yellow-sapphires/1.13ct-ceylon-sri-lankan-cushion-orangish-yellow-sapphire-s31317/
S31318,209.0,190.0,1.1,6.82,4.98,3.11,Orangish Yellow,Vivid,Very Slightly Included,Emerald Cut,Emerald Cut,Lattice Diffused,Ceylon (Sri Lanka),https://www.thenaturalsapphirecompany.com/yellow-sapphires/1.10ct-ceylon-sri-lankan-emerald-cut-orangish-yellow-sapphire-s31318/
S31320,184.0,190.0,0.97,6.91,5.09,3.24,Yellow,Intense,Very Slightly Included,Radiant,Radiant Cut,Lattice Diffused,Ceylon (Sri Lanka),https://www.thenaturalsapphirecompany.com/yellow-sapphires/0.97ct-ceylon-sri-lankan-radiant-yellow-sapphire-s31320/
S16247,300.0,536.0,0.56,6.21,4.69,2.64,Yellow,Light,Eye Clean,Pear,Mixed Brilliant Cut,No Enhancement,Ceylon (Sri Lanka),https://www.thenaturalsapphirecompany.com/yellow-sapphires/0.56ct-ceylon-sri-lankan-pear-yellow-sapphire-s16247/
S16250,600.0,882.0,0.68,5.05,5.03,3.37,Orangish Yellow,Intense,Slightly Included,Round,Mixed Brilliant Cut,No Enhancement,Ceylon (Sri Lanka),https://www.thenaturalsapphirecompany.com/yellow-sapphires/0.68ct-ceylon-sri-lankan-round-orangish-yellow-sapphire-s16250/
S16251,1170.0,1136.0,1.03,6.95,4.88,3.56,Yellow,Light,Very Slightly Included,Oval,Mixed Brilliant Cut,No Enhancement,Ceylon (Sri Lanka),https://www.thenaturalsapphirecompany.com/yellow-sapphires/1.03ct-ceylon-sri-lankan-oval-yellow-sapphire-s16251/
S16252,408.0,600.0,0.68,5.97,3.99,3.12,Yellow,Light,Slightly Included,Fancy,Mixed Brilliant Cut,No Enhancement,Ceylon (Sri Lanka),https://www.thenaturalsapphirecompany.com/yellow-sapphires/0.68ct-ceylon-sri-lankan-fancy-yellow-sapphire-s16252/
S16254,2000.0,1258.0,1.59,7.45,5.54,3.92,Yellow,Intense,Very Slightly Included,Cushion,Mixed Brilliant Cut,No Enhancement,Ceylon (Sri Lanka),https://www.thenaturalsapphirecompany.com/yellow-sapphires/1.59ct-ceylon-sri-lankan-cushion-yellow-sapphire-s16254/
S16255,630.0,900.0,0.7,5.68,5.68,2.57,Orangish Yellow,Intense,Very Slightly Included,Round,Mixed Brilliant Cut,No Enhancement,Ceylon (Sri Lanka),https://www.thenaturalsapphirecompany.com/yellow-sapphires/0.70ct-ceylon-sri-lankan-round-orangish-yellow-sapphire-s16255/
S16256,564.0,600.0,0.94,6.77,5.05,3.24,Yellow,Light,Very Slightly Included,Oval,Mixed Brilliant Cut,No Enhancement,Ceylon (Sri Lanka),https://www.thenaturalsapphirecompany.com/yellow-sapphires/0.94ct-ceylon-sri-lankan-oval-yellow-sapphire-s16256/
S21919,440.0,400.0,1.1,7.36,5.48,3.38,Yellowish Green,Faint,Eye Clean,Oval,Mixed Brilliant Cut,No Enhancement,Ceylon (Sri Lanka),https://www.thenaturalsapphirecompany.com/yellow-sapphires/1.10ct-ceylon-sri-lankan-oval-yellowish-green-sapphire-s21919/
S41485,3536.0,1700.0,2.08,6.19,6.04,5.21,Yellow,Intense,Very Slightly Included,Asscher - Octagon,Asscher Cut,No Enhancement,Ceylon (Sri Lanka),https://www.thenaturalsapphirecompany.com/yellow-sapphires/2.08ct-ceylon-sri-lankan-asscher-octagon-yellow-sapphire-s41485/
S43994,1001.0,910.0,1.1,6.11,4.86,3.86,Yellowish Green,Intense,Slightly Included,Cushion,Mixed Brilliant Cut,No Enhancement,Madagascar,https://www.thenaturalsapphirecompany.com/yellow-sapphires/1.10ct-madagascar-cushion-yellowish-green-sapphire-s43994/
S43996,919.0,578.0,1.59,6.46,6.33,4.76,Yellow,Light,Slightly Included,Round,Mixed Brilliant Cut,Heat Treated,Ceylon (Sri Lanka),https://www.thenaturalsapphirecompany.com/yellow-sapphires/1.59ct-ceylon-sri-lankan-round-yellow-sapphire-s43996/
S43999,1200.0,1132.0,1.06,6.13,5.03,3.47,Yellowish Green,Intense,Very Slightly Included,Cushion,Mixed Brilliant Cut,No Enhancement,Madagascar,https://www.thenaturalsapphirecompany.com/yellow-sapphires/1.06ct-madagascar-cushion-yellowish-green-sapphire-s43999/
S44002,681.0,528.0,1.29,6.09,5.5,4.03,Yellow,Light,Slightly Included,Radiant,Radiant Cut,No Enhancement,Ceylon (Sri Lanka),https://www.thenaturalsapphirecompany.com/yellow-sapphires/1.29ct-ceylon-sri-lankan-radiant-yellow-sapphire-s44002/
S44005,740.0,574.0,1.29,7.75,5.17,3.94,Yellow,Light,Slightly Included,Oval,Mixed Brilliant Cut,No Enhancement,Ceylon (Sri Lanka),https://www.thenaturalsapphirecompany.com/yellow-sapphires/1.29ct-ceylon-sri-lankan-oval-yellow-sapphire-s44005/
S44009,979.0,576.0,1.7,7.97,5.83,4.33,Yellow,Light,Slightly Included,Oval,Mixed Brilliant Cut,Heat Treated,Ceylon (Sri Lanka),https://www.thenaturalsapphirecompany.com/yellow-sapphires/1.70ct-ceylon-sri-lankan-oval-yellow-sapphire-s44009/
S44013,449.0,412.0,1.09,6.42,5.49,3.13,Yellow,Light,Very Slightly Included,Asscher - Octagon,Asscher Cut,Heat Treated,Ceylon (Sri Lanka),https://www.thenaturalsapphirecompany.com/yellow-sapphires/1.09ct-ceylon-sri-lankan-asscher-octagon-yellow-sapphire-s44013/
S44015,86.0,239.0,0.36,5.31,3.54,2.64,Yellow,Faint,Very Slightly Included,Pear,Mixed Brilliant Cut,No Enhancement,Ceylon (Sri Lanka),https://www.thenaturalsapphirecompany.com/yellow-sapphires/0.36ct-ceylon-sri-lankan-pear-yellow-sapphire-s44015/
S4402,552.0,800.0,0.69,6.28,4.52,2.87,Yellowish Orange,Intense,Very Slightly Included,Oval,Mixed Brilliant Cut,Heat Treated,Ceylon (Sri Lanka),https://www.thenaturalsapphirecompany.com/yellow-sapphires/0.69ct-ceylon-sri-lankan-oval-yellowish-orange-sapphire-s4402/
S26626,142.0,249.0,0.57,6.04,3.93,2.33,Yellow,Light,Slightly Included,Radiant,Radiant Cut,No Enhancement,Ceylon (Sri Lanka),https://www.thenaturalsapphirecompany.com/yellow-sapphires/0.57ct-ceylon-sri-lankan-radiant-yellow-sapphire-s26626/
S26628,690.0,600.0,1.15,7.31,5.47,3.54,Yellow,Light,Very Very Slightly Included,Oval,Mixed Brilliant Cut,No Enhancement,Ceylon (Sri Lanka),https://www.thenaturalsapphirecompany.com/yellow-sapphires/1.15ct-ceylon-sri-lankan-oval-yellow-sapphire-s26628/
S26639,470.0,270.0,1.74,7.62,6.25,4.15,Orangish Yellow,Intense,Very Very Slightly Included,Cushion,Mixed Brilliant Cut,Heat Treated,Ceylon (Sri Lanka),https://www.thenaturalsapphirecompany.com/yellow-sapphires/1.74ct-ceylon-sri-lankan-cushion-orangish-yellow-sapphire-s26639/
S26645,584.0,400.0,1.46,7.82,5.25,4.36,Yellow,Faint,Very Slightly Included,Pear,Mixed Brilliant Cut,No Enhancement,Ceylon (Sri Lanka),https://www.thenaturalsapphirecompany.com/yellow-sapphires/1.46ct-ceylon-sri-lankan-pear-yellow-sapphire-s26645/
S26646,575.0,500.0,1.15,7.07,5.23,3.7,Yellow,Medium,Very Slightly Included,Oval,Mixed Brilliant Cut,No Enhancement,Ceylon (Sri Lanka),https://www.thenaturalsapphirecompany.com/yellow-sapphires/1.15ct-ceylon-sri-lankan-oval-yellow-sapphire-s26646/
S26647,140.0,200.0,0.7,5.53,4.4,3.46,Yellow,Faint,Slightly Included,Oval,Mixed Brilliant Cut,No Enhancement,Ceylon (Sri Lanka),https://www.thenaturalsapphirecompany.com/yellow-sapphires/0.70ct-ceylon-sri-lankan-oval-yellow-sapphire-s26647/
S26648,188.0,251.0,0.75,6.68,4.84,3.21,Yellow,Light,Very Slightly Included,Pear,Mixed Brilliant Cut,No Enhancement,Ceylon (Sri Lanka),https://www.thenaturalsapphirecompany.com/yellow-sapphires/0.75ct-ceylon-sri-lankan-pear-yellow-sapphire-s26648/
S26649,190.0,250.0,0.76,6.35,4.7,3.14,Yellow,Faint,Very Slightly Included,Oval,Mixed Brilliant Cut,No Enhancement,Ceylon (Sri Lanka),https://www.thenaturalsapphirecompany.com/yellow-sapphires/0.76ct-ceylon-sri-lankan-oval-yellow-sapphire-s26649/
S31144,1980.0,1500.0,1.32,11.05,6.67,3.47,Yellowish Green,Light,Very Very Slightly Included,Fancy,Step Cut,No Enhancement,Montana,https://www.thenaturalsapphirecompany.com/yellow-sapphires/1.32ct-montana-fancy-yellowish-green-sapphire-s31144/
S31145,1320.0,1000.0,1.32,6.8,4.84,3.8,Yellowish Green,Medium,Very Slightly Included,Emerald Cut,Emerald Cut,No Enhancement,Montana,https://www.thenaturalsapphirecompany.com/yellow-sapphires/1.32ct-montana-emerald-cut-yellowish-green-sapphire-s31145/
S35018,322.0,460.0,0.7,5.13,5.02,3.5,Yellowish Green,Intense,Very Slightly Included,Round,Mixed Brilliant Cut,Heat Treated,Madagascar,https://www.thenaturalsapphirecompany.com/yellow-sapphires/0.70ct-madagascar-round-yellowish-green-sapphire-s35018/
S38383,500.0,521.0,0.96,6.43,5.81,2.99,Greenish Yellow,Intense,Eye Clean,Oval,Mixed Brilliant Cut,No Enhancement,Tanzania,https://www.thenaturalsapphirecompany.com/yellow-sapphires/0.96ct-tanzanian-oval-greenish-yellow-sapphire-s38383/
S38387,300.0,366.0,0.82,7.24,4.62,2.68,Yellowish Green,Medium,Very Very Slightly Included,Oval,Mixed Brilliant Cut,No Enhancement,Tanzania,https://www.thenaturalsapphirecompany.com/yellow-sapphires/0.82ct-tanzanian-oval-yellowish-green-sapphire-s38387/
S38683,800.0,494.0,1.62,8.42,5.21,3.58,Orangish Yellow,Intense,Very Very Slightly Included,Emerald Cut,Emerald Cut,Heat Treated,Ceylon (Sri Lanka),https://www.thenaturalsapphirecompany.com/yellow-sapphires/1.62ct-ceylon-sri-lankan-emerald-cut-orangish-yellow-sapphire-s38683/
S35042,437.0,502.0,0.87,6.45,4.31,3.3,Yellowish Brown,Medium,Very Very Slightly Included,Cushion,Mixed Brilliant Cut,No Enhancement,Madagascar,https://www.thenaturalsapphirecompany.com/yellow-sapphires/0.87ct-madagascar-cushion-yellowish-brown-sapphire-s35042/
S35043,269.0,302.0,0.89,7.3,4.24,2.75,Yellowish Green,Intense,Very Slightly Included,Emerald Cut,Emerald Cut,No Enhancement,Madagascar,https://www.thenaturalsapphirecompany.com/yellow-sapphires/0.89ct-madagascar-emerald-cut-yellowish-green-sapphire-s35043/
S16296,1931.0,1296.0,1.49,7.64,5.64,4.45,Greenish Yellow,Intense,Very Slightly Included,Oval,Mixed Brilliant Cut,No Enhancement,Ceylon (Sri Lanka),https://www.thenaturalsapphirecompany.com/yellow-sapphires/1.49ct-ceylon-sri-lankan-oval-greenish-yellow-sapphire-s16296/
S16302,3985.0,1828.0,2.18,8.59,6.4,5.14,Yellowish Green,Dark,Slightly Included,Oval,Mixed Brilliant Cut,No Enhancement,Ceylon (Sri Lanka),https://www.thenaturalsapphirecompany.com/yellow-sapphires/2.18ct-ceylon-sri-lankan-oval-yellowish-green-sapphire-s16302/
S16304,1848.0,1232.0,1.5,7.54,6.04,4.25,Yellowish Green,Intense,Very Slightly Included,Cushion,Mixed Brilliant Cut,No Enhancement,Ceylon (Sri Lanka),https://www.thenaturalsapphirecompany.com/yellow-sapphires/1.50ct-ceylon-sri-lankan-cushion-yellowish-green-sapphire-s16304/
S16305,2468.0,1496.0,1.65,8.92,6.5,4.34,Yellowish Green,Intense,Very Slightly Included,Pear,Mixed Brilliant Cut,No Enhancement,Ceylon (Sri Lanka),https://www.thenaturalsapphirecompany.com/yellow-sapphires/1.65ct-ceylon-sri-lankan-pear-yellowish-green-sapphire-s16305/
S16354,1133.0,1122.0,1.01,6.84,5.8,3.65,Yellowish Green,Light,Very Slightly Included,Cushion,Mixed Brilliant Cut,Heat Treated,Ceylon (Sri Lanka),https://www.thenaturalsapphirecompany.com/yellow-sapphires/1.01ct-ceylon-sri-lankan-cushion-yellowish-green-sapphire-s16354/
S21986,744.0,600.0,1.24,6.42,6.46,3.84,Yellow,Light,Eye Clean,Round,Mixed Brilliant Cut,No Enhancement,Ceylon (Sri Lanka),https://www.thenaturalsapphirecompany.com/yellow-sapphires/1.24ct-ceylon-sri-lankan-round-yellow-sapphire-s21986/
S21987,822.0,600.0,1.37,6.08,6.1,4.36,Yellow,Light,Very Slightly Included,Round,Mixed Brilliant Cut,No Enhancement,Ceylon (Sri Lanka),https://www.thenaturalsapphirecompany.com/yellow-sapphires/1.37ct-ceylon-sri-lankan-round-yellow-sapphire-s21987/
S21990,840.0,600.0,1.4,6.82,6.81,3.96,Yellow,Light,Very Slightly Included,Round,Mixed Brilliant Cut,No Enhancement,Ceylon (Sri Lanka),https://www.thenaturalsapphirecompany.com/yellow-sapphires/1.40ct-ceylon-sri-lankan-round-yellow-sapphire-s21990/
S21992,1116.0,600.0,1.86,7.56,7.56,4.65,Yellow,Light,Very Slightly Included,Round,Mixed Brilliant Cut,No Enhancement,Ceylon (Sri Lanka),https://www.thenaturalsapphirecompany.com/yellow-sapphires/1.86ct-ceylon-sri-lankan-round-yellow-sapphire-s21992/
S22033,2043.0,900.0,2.27,7.24,7.23,5.31,Yellow,Faint,Very Very Slightly Included,Round,Mixed Brilliant Cut,No Enhancement,Ceylon (Sri Lanka),https://www.thenaturalsapphirecompany.com/yellow-sapphires/2.27ct-ceylon-sri-lankan-round-yellow-sapphire-s22033/
S26831,801.0,900.0,0.89,7.08,5.13,3.14,Yellow,Medium,Very Very Slightly Included,Oval,Mixed Brilliant Cut,Heat Treated,Ceylon (Sri Lanka),https://www.thenaturalsapphirecompany.com/yellow-sapphires/0.89ct-ceylon-sri-lankan-oval-yellow-sapphire-s26831/
S26832,702.0,900.0,0.78,5.24,5.18,3.41,Yellow,Medium,Eye Clean,Cushion,Mixed Brilliant Cut,Heat Treated,Ceylon (Sri Lanka),https://www.thenaturalsapphirecompany.com/yellow-sapphires/0.78ct-ceylon-sri-lankan-cushion-yellow-sapphire-s26832/
S26833,1530.0,1101.0,1.39,8.19,4.54,3.44,Yellow,Medium,Very Slightly Included,Emerald Cut,Emerald Cut,Heat Treated,Ceylon (Sri Lanka),https://www.thenaturalsapphirecompany.com/yellow-sapphires/1.39ct-ceylon-sri-lankan-emerald-cut-yellow-sapphire-s26833/
S26839,1080.0,1200.0,0.9,6.02,5.93,3.74,Yellow,Intense,Very Very Slightly Included,Round,Mixed Brilliant Cut,Heat Treated,Ceylon (Sri Lanka),https://www.thenaturalsapphirecompany.com/yellow-sapphires/0.90ct-ceylon-sri-lankan-round-yellow-sapphire-s26839/
S26840,1450.0,1450.0,1.0,6.18,6.09,3.96,Yellow,Intense,Very Very Slightly Included,Round,Mixed Brilliant Cut,No Enhancement,Ceylon (Sri Lanka),https://www.thenaturalsapphirecompany.com/yellow-sapphires/1.00ct-ceylon-sri-lankan-round-yellow-sapphire-s26840/
S26841,1800.0,1500.0,1.2,6.52,6.44,4.03,Yellow,Medium,Eye Clean,Round,Mixed Brilliant Cut,Heat Treated,Ceylon (Sri Lanka),https://www.thenaturalsapphirecompany.com/yellow-sapphires/1.20ct-ceylon-sri-lankan-round-yellow-sapphire-s26841/
S26842,1840.0,1600.0,1.15,6.61,6.44,3.65,Yellow,Intense,Very Very Slightly Included,Round,Mixed Brilliant Cut,Heat Treated,Ceylon (Sri Lanka),https://www.thenaturalsapphirecompany.com/yellow-sapphires/1.15ct-ceylon-sri-lankan-round-yellow-sapphire-s26842/
S26843,3410.0,2200.0,1.55,6.81,6.75,4.02,Yellow,Intense,Eye Clean,Round,Mixed Brilliant Cut,No Enhancement,Ceylon (Sri Lanka),https://www.thenaturalsapphirecompany.com/yellow-sapphires/1.55ct-ceylon-sri-lankan-round-yellow-sapphire-s26843/
S26844,2355.0,1500.0,1.57,7.19,7.16,4.14,Yellow,Intense,Very Slightly Included,Round,Mixed Brilliant Cut,No Enhancement,Ceylon (Sri Lanka),https://www.thenaturalsapphirecompany.com/yellow-sapphires/1.57ct-ceylon-sri-lankan-round-yellow-sapphire-s26844/
S26845,2873.0,1700.0,1.69,7.03,6.91,4.47,Yellow,Medium,Very Very Slightly Included,Round,Mixed Brilliant Cut,No Enhancement,Ceylon (Sri Lanka),https://www.thenaturalsapphirecompany.com/yellow-sapphires/1.69ct-ceylon-sri-lankan-round-yellow-sapphire-s26845/
S26846,3866.0,1757.0,2.2,7.56,7.47,5.13,Yellow,Medium,Very Very Slightly Included,Round,Mixed Brilliant Cut,No Enhancement,Ceylon (Sri Lanka),https://www.thenaturalsapphirecompany.com/yellow-sapphires/2.20ct-ceylon-sri-lankan-round-yellow-sapphire-s26846/
S26847,3910.0,1700.0,2.3,8.41,8.34,4.27,Yellow,Medium,Very Very Slightly Included,Round,Mixed Brilliant Cut,Heat Treated,Ceylon (Sri Lanka),https://www.thenaturalsapphirecompany.com/yellow-sapphires/2.30ct-ceylon-sri-lankan-round-yellow-sapphire-s26847/
S26852,1793.0,1100.0,1.63,6.88,7.22,4.61,Yellow,Light,Eye Clean,Heart,Mixed Brilliant Cut,No Enhancement,Ceylon (Sri Lanka),https://www.thenaturalsapphirecompany.com/yellow-sapphires/1.63ct-ceylon-sri-lankan-heart-yellow-sapphire-s26852/
S26853,36185.0,2713.0,13.34,14.02,17.41,7.99,Yellow,Vivid,Eye Clean,Heart,Mixed Brilliant Cut,Heat Treated,Ceylon (Sri Lanka),https://www.thenaturalsapphirecompany.com/yellow-sapphires/13.34ct-ceylon-sri-lankan-heart-yellow-sapphire-s26853/
S26886,968.0,800.0,1.21,6.21,6.22,4.14,Yellow,Medium,Very Very Slightly Included,Round,Mixed Brilliant Cut,No Enhancement,Ceylon (Sri Lanka),https://www.thenaturalsapphirecompany.com/yellow-sapphires/1.21ct-ceylon-sri-lankan-round-yellow-sapphire-s26886/
S26891,904.0,800.0,1.13,6.43,5.09,4.09,Orangish Yellow,Vivid,Very Slightly Included,Cushion,Mixed Brilliant Cut,Heat Treated,Ceylon (Sri Lanka),https://www.thenaturalsapphirecompany.com/yellow-sapphires/1.13ct-ceylon-sri-lankan-cushion-orangish-yellow-sapphire-s26891/
S31337,232.0,135.0,1.72,6.68,5.94,4.94,Yellow,Light,Very Very Slightly Included,Oval,Mixed Brilliant Cut,No Enhancement,Ceylon (Sri Lanka),https://www.thenaturalsapphirecompany.com/yellow-sapphires/1.72ct-ceylon-sri-lankan-oval-yellow-sapphire-s31337/
S31340,598.0,340.0,1.76,6.38,5.3,5.29,Orangish Yellow,Medium,Very Very Slightly Included,Cushion,Mixed Brilliant Cut,No Enhancement,Ceylon (Sri Lanka),https://www.thenaturalsapphirecompany.com/yellow-sapphires/1.76ct-ceylon-sri-lankan-cushion-orangish-yellow-sapphire-s31340/
S31343,200.0,144.0,1.39,8.88,5.45,3.7,Yellow,Medium,Slightly Included,Pear,Mixed Brilliant Cut,No Enhancement,Ceylon (Sri Lanka),https://www.thenaturalsapphirecompany.com/yellow-sapphires/1.39ct-ceylon-sri-lankan-pear-yellow-sapphire-s31343/
S31346,180.0,150.0,1.2,6.39,5.72,3.78,Yellow,Medium,Slightly Included,Cushion,Mixed Brilliant Cut,No Enhancement,Ceylon (Sri Lanka),https://www.thenaturalsapphirecompany.com/yellow-sapphires/1.20ct-ceylon-sri-lankan-cushion-yellow-sapphire-s31346/
S31347,146.0,114.0,1.28,6.23,5.97,3.58,Yellow,Faint,Very Slightly Included,Cushion,Mixed Brilliant Cut,No Enhancement,Ceylon (Sri Lanka),https://www.thenaturalsapphirecompany.com/yellow-sapphires/1.28ct-ceylon-sri-lankan-cushion-yellow-sapphire-s31347/
S31348,120.0,160.0,0.75,6.18,4.15,3.03,Yellow,Faint,Very Slightly Included,Radiant,Radiant Cut,No Enhancement,Ceylon (Sri Lanka),https://www.thenaturalsapphirecompany.com/yellow-sapphires/0.75ct-ceylon-sri-lankan-radiant-yellow-sapphire-s31348/
S31349,174.0,150.0,1.16,7.29,5.93,3.01,Yellow,Light,Very Very Slightly Included,Oval,Mixed Brilliant Cut,No Enhancement,Ceylon (Sri Lanka),https://www.thenaturalsapphirecompany.com/yellow-sapphires/1.16ct-ceylon-sri-lankan-oval-yellow-sapphire-s31349/
S31351,200.0,194.0,1.03,6.88,5.33,3.39,Yellow,Medium,Slightly Included,Oval,Mixed Brilliant Cut,No Enhancement,Ceylon (Sri Lanka),https://www.thenaturalsapphirecompany.com/yellow-sapphires/1.03ct-ceylon-sri-lankan-oval-yellow-sapphire-s31351/
S31353,94.0,134.0,0.7,5.13,4.57,3.09,Yellow,Faint,Very Very Slightly Included,Emerald Cut,Emerald Cut,No Enhancement,Ceylon (Sri Lanka),https://www.thenaturalsapphirecompany.com/yellow-sapphires/0.70ct-ceylon-sri-lankan-emerald-cut-yellow-sapphire-s31353/
S31356,224.0,190.0,1.18,6.15,6.12,3.45,Orangish Yellow,Vivid,Very Slightly Included,Cushion,Mixed Brilliant Cut,Lattice Diffused,Ceylon (Sri Lanka),https://www.thenaturalsapphirecompany.com/yellow-sapphires/1.18ct-ceylon-sri-lankan-cushion-orangish-yellow-sapphire-s31356/
S31357,203.0,190.0,1.07,6.93,4.9,2.94,Orangish Yellow,Intense,Very Slightly Included,Emerald Cut,Emerald Cut,Lattice Diffused,Ceylon (Sri Lanka),https://www.thenaturalsapphirecompany.com/yellow-sapphires/1.07ct-ceylon-sri-lankan-emerald-cut-orangish-yellow-sapphire-s31357/
S31358,180.0,189.0,0.95,6.91,4.93,3.03,Orangish Yellow,Intense,Very Slightly Included,Radiant,Radiant Cut,Lattice Diffused,Ceylon (Sri Lanka),https://www.thenaturalsapphirecompany.com/yellow-sapphires/0.95ct-ceylon-sri-lankan-radiant-orangish-yellow-sapphire-s31358/
S31360,192.0,190.0,1.01,6.06,5.07,3.6,Orangish Yellow,Intense,Very Very Slightly Included,Radiant,Radiant Cut,Lattice Diffused,Ceylon (Sri Lanka),https://www.thenaturalsapphirecompany.com/yellow-sapphires/1.01ct-ceylon-sri-lankan-radiant-orangish-yellow-sapphire-s31360/
S31361,218.0,190.0,1.15,7.12,4.96,3.49,Orangish Yellow,Intense,Very Slightly Included,Radiant,Radiant Cut,Lattice Diffused,Ceylon (Sri Lanka),https://www.thenaturalsapphirecompany.com/yellow-sapphires/1.15ct-ceylon-sri-lankan-radiant-orangish-yellow-sapphire-s31361/
S31363,215.0,190.0,1.13,7.1,5.07,3.07,Yellow,Intense,Very Very Slightly Included,Emerald Cut,Emerald Cut,Lattice Diffused,Ceylon (Sri Lanka),https://www.thenaturalsapphirecompany.com/yellow-sapphires/1.13ct-ceylon-sri-lankan-emerald-cut-yellow-sapphire-s31363/
S31364,222.0,190.0,1.17,6.42,5.07,3.92,Yellowish Brown,Medium,Very Slightly Included,Radiant,Radiant Cut,Lattice Diffused,Ceylon (Sri Lanka),https://www.thenaturalsapphirecompany.com/yellow-sapphires/1.17ct-ceylon-sri-lankan-radiant-yellowish-brown-sapphire-s31364/
S31365,220.0,190.0,1.16,6.96,5.07,3.31,Orangish Yellow,Vivid,Very Slightly Included,Radiant,Radiant Cut,Lattice Diffused,Ceylon (Sri Lanka),https://www.thenaturalsapphirecompany.com/yellow-sapphires/1.16ct-ceylon-sri-lankan-radiant-orangish-yellow-sapphire-s31365/
S31366,236.0,190.0,1.24,6.08,6.04,3.86,Orangish Yellow,Intense,Very Slightly Included,Radiant,Radiant Cut,Lattice Diffused,Ceylon (Sri Lanka),https://www.thenaturalsapphirecompany.com/yellow-sapphires/1.24ct-ceylon-sri-lankan-radiant-orangish-yellow-sapphire-s31366/
S31368,224.0,190.0,1.18,6.93,5.06,3.26,Orangish Yellow,Intense,Very Very Slightly Included,Emerald Cut,Emerald Cut,Lattice Diffused,Ceylon (Sri Lanka),https://www.thenaturalsapphirecompany.com/yellow-sapphires/1.18ct-ceylon-sri-lankan-emerald-cut-orangish-yellow-sapphire-s31368/
S31369,196.0,190.0,1.03,6.94,4.99,2.86,Yellow,Vivid,Very Slightly Included,Emerald Cut,Emerald Cut,Lattice Diffused,Ceylon (Sri Lanka),https://www.thenaturalsapphirecompany.com/yellow-sapphires/1.03ct-ceylon-sri-lankan-emerald-cut-yellow-sapphire-s31369/
S26892,800.0,800.0,1.0,7.26,4.2,3.37,Yellow,Intense,Very Slightly Included,Radiant,Radiant Cut,Heat Treated,Ceylon (Sri Lanka),https://www.thenaturalsapphirecompany.com/yellow-sapphires/1.00ct-ceylon-sri-lankan-radiant-yellow-sapphire-s26892/
S26906,100.0,192.0,0.52,5.14,4.18,3.07,Yellowish Green,Light,Eye Clean,Oval,Mixed Brilliant Cut,No Enhancement,Ceylon (Sri Lanka),https://www.thenaturalsapphirecompany.com/yellow-sapphires/0.52ct-ceylon-sri-lankan-oval-yellowish-green-sapphire-s26906/
S10811,3598.0,1400.0,2.57,7.92,9.8,4.75,Yellow,Medium,Very Slightly Included,Fancy,Step Cut,Heat Treated,Ceylon (Sri Lanka),https://www.thenaturalsapphirecompany.com/yellow-sapphires/2.57ct-ceylon-sri-lankan-fancy-yellow-sapphire-s10811/
S16529,440.0,800.0,0.55,4.92,4.92,3.07,Yellow,Medium,Very Slightly Included,Round,Mixed Brilliant Cut,Heat Treated,Montana,https://www.thenaturalsapphirecompany.com/yellow-sapphires/0.55ct-montana-round-yellow-sapphire-s16529/
S16532,680.0,800.0,0.85,5.65,5.65,3.69,Yellow,Medium,Very Slightly Included,Round,Mixed Brilliant Cut,Heat Treated,Montana,https://www.thenaturalsapphirecompany.com/yellow-sapphires/0.85ct-montana-round-yellow-sapphire-s16532/
S22097,10341.0,1870.0,5.53,10.26,9.6,5.81,Yellow,Vivid,Very Slightly Included,Radiant,Radiant Cut,Heat Treated,Ceylon (Sri Lanka),https://www.thenaturalsapphirecompany.com/yellow-sapphires/5.53ct-ceylon-sri-lankan-radiant-yellow-sapphire-s22097/
S22098,15727.0,2465.0,6.38,10.61,9.73,6.24,Yellow,Medium,Very Slightly Included,Radiant,Radiant Cut,No Enhancement,Ceylon (Sri Lanka),https://www.thenaturalsapphirecompany.com/yellow-sapphires/6.38ct-ceylon-sri-lankan-radiant-yellow-sapphire-s22098/
S22099,18454.0,2640.0,6.99,11.01,10.94,6.43,Yellow,Intense,Very Slightly Included,Radiant,Radiant Cut,No Enhancement,Ceylon (Sri Lanka),https://www.thenaturalsapphirecompany.com/yellow-sapphires/6.99ct-ceylon-sri-lankan-radiant-yellow-sapphire-s22099/
S22101,14569.0,1700.0,8.57,11.64,9.35,8.41,Yellow,Intense,Very Very Slightly Included,Cushion,Mixed Brilliant Cut,No Enhancement,Ceylon (Sri Lanka),https://www.thenaturalsapphirecompany.com/yellow-sapphires/8.57ct-ceylon-sri-lankan-cushion-yellow-sapphire-s22101/
S22102,24111.0,2888.0,8.35,11.38,10.85,7.76,Yellow,Intense,Very Slightly Included,Cushion,Mixed Brilliant Cut,No Enhancement,Ceylon (Sri Lanka),https://www.thenaturalsapphirecompany.com/yellow-sapphires/8.35ct-ceylon-sri-lankan-cushion-yellow-sapphire-s22102/
S22104,18364.0,2310.0,7.95,11.07,10.85,7.71,Orangish Yellow,Medium,Very Slightly Included,Cushion,Mixed Brilliant Cut,No Enhancement,Ceylon (Sri Lanka),https://www.thenaturalsapphirecompany.com/yellow-sapphires/7.95ct-ceylon-sri-lankan-cushion-orangish-yellow-sapphire-s22104/
S18333,708.0,300.0,2.36,9.38,6.85,3.96,Yellow,Faint,Very Slightly Included,Cushion,Mixed Brilliant Cut,No Enhancement,Ceylon (Sri Lanka),https://www.thenaturalsapphirecompany.com/yellow-sapphires/2.36ct-ceylon-sri-lankan-cushion-yellow-sapphire-s18333/
S22114,83426.0,2860.0,29.17,18.88,14.99,10.98,Yellow,Intense,Very Slightly Included,Cushion,Mixed Brilliant Cut,No Enhancement,Ceylon (Sri Lanka),https://www.thenaturalsapphirecompany.com/yellow-sapphires/29.17ct-ceylon-sri-lankan-cushion-yellow-sapphire-s22114/
S22186,3553.0,1100.0,3.23,8.52,8.56,5.47,Yellowish Orange,Vivid,Slightly Included,Round,Mixed Brilliant Cut,No Enhancement,East Africa,https://www.thenaturalsapphirecompany.com/yellow-sapphires/3.23ct-east-african-round-yellowish-orange-sapphire-s22186/
S26936,400.0,377.0,1.06,7.56,5.16,3.44,Yellow,Intense,Very Very Slightly Included,Pear,Mixed Brilliant Cut,No Enhancement,Ceylon (Sri Lanka),https://www.thenaturalsapphirecompany.com/yellow-sapphires/1.06ct-ceylon-sri-lankan-pear-yellow-sapphire-s26936/
S26938,140.0,255.0,0.55,5.11,4.21,3.13,Yellow,Medium,Eye Clean,Oval,Mixed Brilliant Cut,No Enhancement,Ceylon (Sri Lanka),https://www.thenaturalsapphirecompany.com/yellow-sapphires/0.55ct-ceylon-sri-lankan-oval-yellow-sapphire-s26938/
S26939,140.0,246.0,0.57,4.5,4.43,3.2,Yellow,Light,Eye Clean,Asscher - Octagon,Asscher Cut,No Enhancement,Ceylon (Sri Lanka),https://www.thenaturalsapphirecompany.com/yellow-sapphires/0.57ct-ceylon-sri-lankan-asscher-octagon-yellow-sapphire-s26939/
S26940,140.0,200.0,0.7,5.06,5.06,3.25,Yellow,Light,Eye Clean,Cushion,Mixed Brilliant Cut,No Enhancement,Ceylon (Sri Lanka),https://www.thenaturalsapphirecompany.com/yellow-sapphires/0.70ct-ceylon-sri-lankan-cushion-yellow-sapphire-s26940/
S26941,300.0,400.0,0.75,5.13,5.11,3.17,Yellow,Medium,Slightly Included,Cushion,Mixed Brilliant Cut,No Enhancement,Ceylon (Sri Lanka),https://www.thenaturalsapphirecompany.com/yellow-sapphires/0.75ct-ceylon-sri-lankan-cushion-yellow-sapphire-s26941/
S26943,400.0,385.0,1.04,5.96,5.92,3.81,Yellow,Medium,Very Very Slightly Included,Heart,Mixed Brilliant Cut,No Enhancement,Ceylon (Sri Lanka),https://www.thenaturalsapphirecompany.com/yellow-sapphires/1.04ct-ceylon-sri-lankan-heart-yellow-sapphire-s26943/
S31409,205.0,190.0,1.08,7.01,4.86,3.15,Orangish Yellow,Vivid,Very Very Slightly Included,Emerald Cut,Emerald Cut,Lattice Diffused,Ceylon (Sri Lanka),https://www.thenaturalsapphirecompany.com/yellow-sapphires/1.08ct-ceylon-sri-lankan-emerald-cut-orangish-yellow-sapphire-s31409/
S31410,182.0,190.0,0.96,6.05,4.94,3.69,Yellow,Intense,Very Very Slightly Included,Radiant,Radiant Cut,Lattice Diffused,Ceylon (Sri Lanka),https://www.thenaturalsapphirecompany.com/yellow-sapphires/0.96ct-ceylon-sri-lankan-radiant-yellow-sapphire-s31410/
S31411,285.0,190.0,1.5,7.39,7.6,3.89,Yellow,Medium,Very Very Slightly Included,Trillion,Trillion Cut,Lattice Diffused,Ceylon (Sri Lanka),https://www.thenaturalsapphirecompany.com/yellow-sapphires/1.50ct-ceylon-sri-lankan-trillion-yellow-sapphire-s31411/
S31412,272.0,190.0,1.43,7.86,5.87,3.65,Yellow,Intense,Very Very Slightly Included,Oval,Mixed Brilliant Cut,Lattice Diffused,Ceylon (Sri Lanka),https://www.thenaturalsapphirecompany.com/yellow-sapphires/1.43ct-ceylon-sri-lankan-oval-yellow-sapphire-s31412/
S31413,285.0,190.0,1.5,7.94,5.62,3.72,Yellow,Vivid,Very Very Slightly Included,Radiant,Radiant Cut,Lattice Diffused,Ceylon (Sri Lanka),https://www.thenaturalsapphirecompany.com/yellow-sapphires/1.50ct-ceylon-sri-lankan-radiant-yellow-sapphire-s31413/
S31414,302.0,190.0,1.59,7.56,5.81,4.07,Yellow,Vivid,Very Slightly Included,Radiant,Radiant Cut,Lattice Diffused,Ceylon (Sri Lanka),https://www.thenaturalsapphirecompany.com/yellow-sapphires/1.59ct-ceylon-sri-lankan-radiant-yellow-sapphire-s31414/
S31415,331.0,190.0,1.74,6.6,6.59,4.13,Orangish Yellow,Vivid,Slightly Included,Cushion,Mixed Brilliant Cut,Lattice Diffused,Ceylon (Sri Lanka),https://www.thenaturalsapphirecompany.com/yellow-sapphires/1.74ct-ceylon-sri-lankan-cushion-orangish-yellow-sapphire-s31415/
S31416,298.0,190.0,1.57,8.06,6.09,3.65,Yellow,Intense,Very Slightly Included,Oval,Mixed Brilliant Cut,Lattice Diffused,Ceylon (Sri Lanka),https://www.thenaturalsapphirecompany.com/yellow-sapphires/1.57ct-ceylon-sri-lankan-oval-yellow-sapphire-s31416/
S31417,289.0,190.0,1.52,6.67,6.03,3.76,Yellow,Intense,Eye Clean,Radiant,Radiant Cut,Lattice Diffused,Ceylon (Sri Lanka),https://www.thenaturalsapphirecompany.com/yellow-sapphires/1.52ct-ceylon-sri-lankan-radiant-yellow-sapphire-s31417/
S31420,215.0,190.0,1.13,6.03,5.99,3.36,Yellowish Orange,Intense,Very Slightly Included,Princess,Princess Cut,Lattice Diffused,Ceylon (Sri Lanka),https://www.thenaturalsapphirecompany.com/yellow-sapphires/1.13ct-ceylon-sri-lankan-princess-yellowish-orange-sapphire-s31420/
S31421,190.0,190.0,1.0,5.88,5.86,3.28,Yellowish Orange,Intense,Very Very Slightly Included,Princess,Princess Cut,Lattice Diffused,Ceylon (Sri Lanka),https://www.thenaturalsapphirecompany.com/yellow-sapphires/1.00ct-ceylon-sri-lankan-princess-yellowish-orange-sapphire-s31421/
S31422,266.0,190.0,1.4,6.5,6.44,3.69,Orangish Yellow,Vivid,Very Very Slightly Included,Cushion,Mixed Brilliant Cut,Lattice Diffused,Ceylon (Sri Lanka),https://www.thenaturalsapphirecompany.com/yellow-sapphires/1.40ct-ceylon-sri-lankan-cushion-orangish-yellow-sapphire-s31422/
S31424,230.0,190.0,1.21,7.13,5.1,3.19,Yellow,Intense,Very Very Slightly Included,Emerald Cut,Emerald Cut,Lattice Diffused,Ceylon (Sri Lanka),https://www.thenaturalsapphirecompany.com/yellow-sapphires/1.21ct-ceylon-sri-lankan-emerald-cut-yellow-sapphire-s31424/
S31425,327.0,190.0,1.72,7.06,7.06,4.57,Yellowish Orange,Intense,Very Very Slightly Included,Round,Mixed Brilliant Cut,Lattice Diffused,Ceylon (Sri Lanka),https://www.thenaturalsapphirecompany.com/yellow-sapphires/1.72ct-ceylon-sri-lankan-round-yellowish-orange-sapphire-s31425/
S31426,348.0,190.0,1.83,7.79,5.98,4.48,Yellow,Intense,Very Very Slightly Included,Oval,Mixed Brilliant Cut,Lattice Diffused,Ceylon (Sri Lanka),https://www.thenaturalsapphirecompany.com/yellow-sapphires/1.83ct-ceylon-sri-lankan-oval-yellow-sapphire-s31426/
S31427,260.0,190.0,1.37,6.61,6.59,3.29,Orangish Yellow,Vivid,Eye Clean,Cushion,Mixed Brilliant Cut,Lattice Diffused,Ceylon (Sri Lanka),https://www.thenaturalsapphirecompany.com/yellow-sapphires/1.37ct-ceylon-sri-lankan-cushion-orangish-yellow-sapphire-s31427/
S31429,266.0,190.0,1.4,6.26,6.23,3.55,Yellowish Orange,Intense,Very Very Slightly Included,Princess,Princess Cut,Lattice Diffused,Ceylon (Sri Lanka),https://www.thenaturalsapphirecompany.com/yellow-sapphires/1.40ct-ceylon-sri-lankan-princess-yellowish-orange-sapphire-s31429/
S31430,253.0,190.0,1.33,8.0,5.98,3.36,Orangish Yellow,Intense,Very Very Slightly Included,Oval,Mixed Brilliant Cut,Lattice Diffused,Ceylon (Sri Lanka),https://www.thenaturalsapphirecompany.com/yellow-sapphires/1.33ct-ceylon-sri-lankan-oval-orangish-yellow-sapphire-s31430/
S31431,312.0,190.0,1.64,8.78,6.72,3.65,Orangish Yellow,Intense,Very Very Slightly Included,Pear,Mixed Brilliant Cut,Lattice Diffused,Ceylon (Sri Lanka),https://www.thenaturalsapphirecompany.com/yellow-sapphires/1.64ct-ceylon-sri-lankan-pear-orangish-yellow-sapphire-s31431/
S35240,3060.0,1500.0,2.04,8.0,6.71,4.02,Yellowish Green,Intense,Very Slightly Included,Emerald Cut,Emerald Cut,No Enhancement,Ceylon (Sri Lanka),https://www.thenaturalsapphirecompany.com/yellow-sapphires/2.04ct-ceylon-sri-lankan-emerald-cut-yellowish-green-sapphire-s35240/
S6527,665.0,500.0,1.33,10.79,4.63,3.41,Yellow,Medium,Eye Clean,Marquise,Mixed Brilliant Cut,No Enhancement,Ceylon (Sri Lanka),https://www.thenaturalsapphirecompany.com/yellow-sapphires/1.33ct-ceylon-sri-lankan-marquise-yellow-sapphire-s6527/
S6568,780.0,600.0,1.3,6.99,7.47,3.5,Yellowish Green,Light,Very Slightly Included,Fancy,Step Cut,Heat Treated,Ceylon (Sri Lanka),https://www.thenaturalsapphirecompany.com/yellow-sapphires/1.30ct-ceylon-sri-lankan-fancy-yellowish-green-sapphire-s6568/
S6570,715.0,500.0,1.43,7.24,5.27,3.8,Yellowish Green,Medium,Slightly Included,Cushion,Mixed Brilliant Cut,Heat Treated,Ceylon (Sri Lanka),https://www.thenaturalsapphirecompany.com/yellow-sapphires/1.43ct-ceylon-sri-lankan-cushion-yellowish-green-sapphire-s6570/
U5919,491.0,353.0,1.39,6.55,6.45,4.09,Yellowish Orange,Vivid,Very Slightly Included,Cushion,Mixed Brilliant Cut,Heat Treated,Ceylon (Sri Lanka),https://www.thenaturalsapphirecompany.com/yellow-sapphires/1.39ct-ceylon-sri-lankan-cushion-yellowish-orange-sapphire-u5919/
U5940,374.0,550.0,0.68,5.35,4.99,3.34,Orangish Yellow,Vivid,Very Slightly Included,Cushion,Mixed Brilliant Cut,Heat Treated,Ceylon (Sri Lanka),https://www.thenaturalsapphirecompany.com/yellow-sapphires/0.68ct-ceylon-sri-lankan-cushion-orangish-yellow-sapphire-u5940/
U5942,721.0,700.0,1.03,7.0,4.97,3.22,Orangish Yellow,Vivid,Eye Clean,Radiant,Radiant Cut,Heat Treated,Ceylon (Sri Lanka),https://www.thenaturalsapphirecompany.com/yellow-sapphires/1.03ct-ceylon-sri-lankan-radiant-orangish-yellow-sapphire-u5942/
U5951,518.0,450.0,1.15,7.1,5.06,3.65,Orangish Yellow,Intense,Very Slightly Included,Radiant,Radiant Cut,Heat Treated,Ceylon (Sri Lanka),https://www.thenaturalsapphirecompany.com/yellow-sapphires/1.15ct-ceylon-sri-lankan-radiant-orangish-yellow-sapphire-u5951/
U5958,728.0,650.0,1.12,6.04,5.94,3.87,Orangish Yellow,Vivid,Very Slightly Included,Cushion,Mixed Brilliant Cut,Heat Treated,Ceylon (Sri Lanka),https://www.thenaturalsapphirecompany.com/yellow-sapphires/1.12ct-ceylon-sri-lankan-cushion-orangish-yellow-sapphire-u5958/
U5959,143.0,251.0,0.57,5.1,4.5,3.1,Orangish Yellow,Vivid,Very Slightly Included,Cushion,Mixed Brilliant Cut,Heat Treated,Ceylon (Sri Lanka),https://www.thenaturalsapphirecompany.com/yellow-sapphires/0.57ct-ceylon-sri-lankan-cushion-orangish-yellow-sapphire-u5959/
U5961,806.0,650.0,1.24,7.0,5.0,4.0,Orangish Yellow,Intense,Eye Clean,Radiant,Radiant Cut,Heat Treated,Ceylon (Sri Lanka),https://www.thenaturalsapphirecompany.com/yellow-sapphires/1.24ct-ceylon-sri-lankan-radiant-orangish-yellow-sapphire-u5961/
U5962,272.0,400.0,0.68,6.02,4.09,3.03,Orangish Yellow,Intense,Very Slightly Included,Radiant,Radiant Cut,Heat Treated,Ceylon (Sri Lanka),https://www.thenaturalsapphirecompany.com/yellow-sapphires/0.68ct-ceylon-sri-lankan-radiant-orangish-yellow-sapphire-u5962/
U5963,390.0,325.0,1.2,6.9,5.02,3.74,Orangish Yellow,Intense,Eye Clean,Radiant,Radiant Cut,Heat Treated,Ceylon (Sri Lanka),https://www.thenaturalsapphirecompany.com/yellow-sapphires/1.20ct-ceylon-sri-lankan-radiant-orangish-yellow-sapphire-u5963/
U5965,743.0,751.0,0.99,6.03,6.03,3.47,Orangish Yellow,Intense,Eye Clean,Cushion,Mixed Brilliant Cut,Heat Treated,Ceylon (Sri Lanka),https://www.thenaturalsapphirecompany.com/yellow-sapphires/0.99ct-ceylon-sri-lankan-cushion-orangish-yellow-sapphire-u5965/
U6043,552.0,400.0,1.38,6.6,6.48,4.17,Yellowish Green,Intense,Very Slightly Included,Cushion,Mixed Brilliant Cut,No Enhancement,Ceylon (Sri Lanka),https://www.thenaturalsapphirecompany.com/yellow-sapphires/1.38ct-ceylon-sri-lankan-cushion-yellowish-green-sapphire-u6043/
U6070,593.0,751.0,0.79,5.49,5.44,3.7,Yellowish Brown,Intense,Very Slightly Included,Round,Brilliant Cut,No Enhancement,Ceylon (Sri Lanka),https://www.thenaturalsapphirecompany.com/yellow-sapphires/0.79ct-ceylon-sri-lankan-round-yellowish-brown-sapphire-u6070/
U6265,556.0,400.0,1.39,7.52,7.39,5.2,Yellow,Light,Very Slightly Included,Round,Mixed Brilliant Cut,No Enhancement,Ceylon (Sri Lanka),https://www.thenaturalsapphirecompany.com/yellow-sapphires/1.39ct-ceylon-sri-lankan-round-yellow-sapphire-u6265/
S46773,700.0,446.0,1.57,7.16,5.86,4.69,Yellow,Intense,Very Very Slightly Included,Oval,Mixed Brilliant Cut,Heat Treated,Ceylon (Sri Lanka),https://www.thenaturalsapphirecompany.com/yellow-sapphires/1.57ct-ceylon-sri-lankan-oval-yellow-sapphire-s46773/
S46772,700.0,530.0,1.32,8.04,5.29,4.36,Yellow,Intense,Eye Clean,Pear,Mixed Brilliant Cut,Heat Treated,Ceylon (Sri Lanka),https://www.thenaturalsapphirecompany.com/yellow-sapphires/1.32ct-ceylon-sri-lankan-pear-yellow-sapphire-s46772/
S41576,4596.0,2231.0,2.06,6.95,6.71,4.87,Orangish Yellow,Intense,Eye Clean,Asscher - Octagon,Asscher Cut,Heat Treated,Ceylon (Sri Lanka),https://www.thenaturalsapphirecompany.com/yellow-sapphires/2.06ct-ceylon-sri-lankan-asscher-octagon-orangish-yellow-sapphire-s41576/
S38990,1278.0,600.0,2.13,8.63,7.04,5.1,Greenish Yellow,Intense,Very Very Slightly Included,Pear,Mixed Brilliant Cut,No Enhancement,Ceylon (Sri Lanka),https://www.thenaturalsapphirecompany.com/yellow-sapphires/2.13ct-ceylon-sri-lankan-pear-greenish-yellow-sapphire-s38990/
S18064,1300.0,616.0,2.11,9.5,6.37,4.43,Yellow,Intense,Very Slightly Included,Pear,Mixed Brilliant Cut,Heat Treated,Ceylon (Sri Lanka),https://www.thenaturalsapphirecompany.com/yellow-sapphires/2.11ct-ceylon-sri-lankan-pear-yellow-sapphire-s18064/
S18059,1725.0,858.0,2.01,8.22,7.12,4.23,Yellowish Orange,Intense,Eye Clean,Oval,Mixed Brilliant Cut,Heat Treated,Ceylon (Sri Lanka),https://www.thenaturalsapphirecompany.com/yellow-sapphires/2.01ct-ceylon-sri-lankan-oval-yellowish-orange-sapphire-s18059/
S18060,1801.0,870.0,2.07,7.67,5.31,5.26,Yellowish Orange,Intense,Very Slightly Included,Radiant,Radiant Cut,Heat Treated,Ceylon (Sri Lanka),https://www.thenaturalsapphirecompany.com/yellow-sapphires/2.07ct-ceylon-sri-lankan-radiant-yellowish-orange-sapphire-s18060/
S18061,1399.0,828.0,1.69,8.01,6.1,4.29,Yellow,Intense,Very Slightly Included,Oval,Mixed Brilliant Cut,Heat Treated,Ceylon (Sri Lanka),https://www.thenaturalsapphirecompany.com/yellow-sapphires/1.69ct-ceylon-sri-lankan-oval-yellow-sapphire-s18061/
S47369,180.0,300.0,0.6,5.89,3.87,2.83,Greenish Yellow,Intense,Slightly Included,Emerald Cut,Emerald Cut,No Enhancement,Ceylon (Sri Lanka),https://www.thenaturalsapphirecompany.com/yellow-sapphires/0.60ct-ceylon-sri-lankan-emerald-cut-greenish-yellow-sapphire-s47369/
S39999,400.0,284.0,1.41,7.86,5.52,3.66,Yellowish Green,Intense,Very Slightly Included,Oval,Mixed Brilliant Cut,No Enhancement,Tanzania,https://www.thenaturalsapphirecompany.com/yellow-sapphires/1.41ct-tanzanian-oval-yellowish-green-sapphire-s39999/
S48021,1002.0,396.0,2.53,7.26,6.44,5.36,Yellow,Light,Very Slightly Included,Asscher - Octagon,Asscher Cut,Heat Treated,Ceylon (Sri Lanka),https://www.thenaturalsapphirecompany.com/yellow-sapphires/2.53ct-ceylon-sri-lankan-asscher-octagon-yellow-sapphire-s48021/
S47006,400.0,381.0,1.05,6.82,5.43,3.33,Yellow,Intense,Slightly Included,Oval,Mixed Brilliant Cut,Heat Treated,Ceylon (Sri Lanka),https://www.thenaturalsapphirecompany.com/yellow-sapphires/1.05ct-ceylon-sri-lankan-oval-yellow-sapphire-s47006/
S23276,10961.0,1353.0,8.1,11.15,9.98,7.42,Yellowish Green,Dark,Eye Clean,Emerald Cut,Emerald Cut,Heat Treated,Africa,https://www.thenaturalsapphirecompany.com/yellow-sapphires/8.10ct-african-emerald-cut-yellowish-green-sapphire-s23276/
S32475,800.0,777.0,1.03,6.82,5.47,3.45,Yellowish Green,Intense,Very Slightly Included,Oval,Mixed Brilliant Cut,Heat Treated,Madagascar,https://www.thenaturalsapphirecompany.com/yellow-sapphires/1.03ct-madagascar-oval-yellowish-green-sapphire-s32475/
S3248,303.0,300.0,1.01,6.79,4.92,3.36,Yellow,Light,Slightly Included,Emerald Cut,Emerald Cut,No Enhancement,Ceylon (Sri Lanka),https://www.thenaturalsapphirecompany.com/yellow-sapphires/1.01ct-ceylon-sri-lankan-emerald-cut-yellow-sapphire-s3248/
S3249,202.0,200.0,1.01,6.68,4.71,3.59,Yellow,Light,Very Slightly Included,Emerald Cut,Emerald Cut,No Enhancement,Ceylon (Sri Lanka),https://www.thenaturalsapphirecompany.com/yellow-sapphires/1.01ct-ceylon-sri-lankan-emerald-cut-yellow-sapphire-s3249/
S36295,620.0,292.0,2.12,9.99,7.0,3.75,Yellow,Light,Slightly Included,Fancy,Step Cut,No Enhancement,Ceylon (Sri Lanka),https://www.thenaturalsapphirecompany.com/yellow-sapphires/2.12ct-ceylon-sri-lankan-fancy-yellow-white-opal-s36295/
S36296,320.0,234.0,1.37,8.11,6.56,3.52,Yellow,Intense,Slightly Included,Fancy,Step Cut,No Enhancement,Ceylon (Sri Lanka),https://www.thenaturalsapphirecompany.com/yellow-sapphires/1.37ct-ceylon-sri-lankan-fancy-yellow-white-opal-s36296/
S39484,600.0,545.0,1.1,5.71,5.34,3.75,Yellowish Green,Intense,Very Very Slightly Included,Asscher - Octagon,Asscher Cut,No Enhancement,Madagascar,https://www.thenaturalsapphirecompany.com/yellow-sapphires/1.10ct-madagascar-asscher-octagon-yellowish-green-sapphire-s39484/
S39530,1806.0,600.0,3.01,8.47,6.66,5.3,Orangish Yellow,Vivid,Very Very Slightly Included,Radiant,Radiant Cut,Heat Treated,Ceylon (Sri Lanka),https://www.thenaturalsapphirecompany.com/yellow-sapphires/3.01ct-ceylon-sri-lankan-radiant-orangish-yellow-sapphire-s39530/
S42250,1344.0,800.0,1.68,8.14,4.67,4.03,Yellowish Green,Intense,Eye Clean,Emerald Cut,Emerald Cut,No Enhancement,Ceylon (Sri Lanka),https://www.thenaturalsapphirecompany.com/yellow-sapphires/1.68ct-ceylon-sri-lankan-emerald-cut-yellowish-green-sapphire-s42250/
S42252,1800.0,1000.0,1.8,7.29,7.32,4.86,Yellowish Green,Intense,Very Slightly Included,Round,Mixed Brilliant Cut,Heat Treated,Ceylon (Sri Lanka),https://www.thenaturalsapphirecompany.com/yellow-sapphires/1.80ct-ceylon-sri-lankan-round-yellowish-green-sapphire-s42252/
S4227,145.0,500.0,0.29,4.23,3.67,2.74,Yellow,Intense,Included,Fancy,Step Cut,Heat Treated,Ceylon (Sri Lanka),https://www.thenaturalsapphirecompany.com/yellow-sapphires/0.29ct-ceylon-sri-lankan-fancy-yellow-sapphire-s4227/
S44579,240.0,353.0,0.68,5.15,5.16,3.58,Yellow,Intense,Very Very Slightly Included,Round,Mixed Brilliant Cut,Heat Treated,Ceylon (Sri Lanka),https://www.thenaturalsapphirecompany.com/yellow-sapphires/0.68ct-ceylon-sri-lankan-round-yellow-sapphire-s44579/
S46512,781.0,550.0,1.42,6.77,6.24,3.84,Yellow,Light,Very Slightly Included,Cushion,Mixed Brilliant Cut,No Enhancement,Ceylon (Sri Lanka),https://www.thenaturalsapphirecompany.com/yellow-sapphires/1.42ct-ceylon-sri-lankan-cushion-yellow-sapphire-s46512/
S46513,290.0,212.0,1.37,7.62,6.23,3.65,Yellow,Light,Very Slightly Included,Oval,Mixed Brilliant Cut,No Enhancement,Ceylon (Sri Lanka),https://www.thenaturalsapphirecompany.com/yellow-sapphires/1.37ct-ceylon-sri-lankan-oval-yellow-sapphire-s46513/
S6519,906.0,600.0,1.51,6.64,6.2,4.05,Yellow,Intense,Eye Clean,Cushion,Mixed Brilliant Cut,Heat Treated,Ceylon (Sri Lanka),https://www.thenaturalsapphirecompany.com/yellow-sapphires/1.51ct-ceylon-sri-lankan-cushion-yellow-sapphire-s6519/
U10234,1110.0,1000.0,1.11,6.9,5.81,3.7,Yellowish Green,Medium,Very Slightly Included,Oval,Mixed Brilliant Cut,Heat Treated,Montana,https://www.thenaturalsapphirecompany.com/yellow-sapphires/1.11ct-montana-oval-yellowish-green-sapphire-u10234/
U10235,737.0,1100.0,0.67,5.56,4.87,3.42,Yellowish Green,Medium,Eye Clean,Oval,Mixed Brilliant Cut,Heat Treated,Montana,https://www.thenaturalsapphirecompany.com/yellow-sapphires/0.67ct-montana-oval-yellowish-green-sapphire-u10235/
U10255,1056.0,1100.0,0.96,6.49,5.29,3.71,Yellowish Green,Medium,Very Slightly Included,Oval,Mixed Brilliant Cut,Heat Treated,Montana,https://www.thenaturalsapphirecompany.com/yellow-sapphires/0.96ct-montana-oval-yellowish-green-sapphire-u10255/
U10291,1094.0,1351.0,0.81,6.05,4.97,3.67,Greenish Yellow,Intense,Eye Clean,Oval,Mixed Brilliant Cut,Heat Treated,Montana,https://www.thenaturalsapphirecompany.com/yellow-sapphires/0.81ct-montana-oval-greenish-yellow-sapphire-u10291/
S12664,1442.0,1400.0,1.03,6.41,6.31,3.92,Yellowish Green,Intense,Very Slightly Included,Trillion,Trillion Cut,No Enhancement,Montana,https://www.thenaturalsapphirecompany.com/yellow-sapphires/1.03ct-montana-trillion-yellowish-green-sapphire-s12664/
S17935,8584.0,1850.0,4.64,9.45,11.57,5.49,Yellow,Faint,Very Slightly Included,Heart,Mixed Brilliant Cut,No Enhancement,Madagascar,https://www.thenaturalsapphirecompany.com/yellow-sapphires/4.64ct-madagascar-heart-yellow-sapphire-s17935/
S17939,14537.0,2890.0,5.03,10.07,8.13,6.2,Yellow,Light,Eye Clean,Cushion,Mixed Brilliant Cut,No Enhancement,Madagascar,https://www.thenaturalsapphirecompany.com/yellow-sapphires/5.03ct-madagascar-cushion-yellow-sapphire-s17939/
U10383,560.0,1000.0,0.56,4.85,4.78,3.36,Yellowish Green,Intense,Eye Clean,Round,Mixed Brilliant Cut,Heat Treated,Montana,https://www.thenaturalsapphirecompany.com/yellow-sapphires/0.56ct-montana-round-yellowish-green-sapphire-u10383/
U10424,590.0,1000.0,0.59,4.94,4.87,3.4,Yellowish Green,Medium,Very Slightly Included,Round,Mixed Brilliant Cut,Heat Treated,Montana,https://www.thenaturalsapphirecompany.com/yellow-sapphires/0.59ct-montana-round-yellowish-green-sapphire-u10424/
U10436,756.0,1200.0,0.63,5.07,5.03,3.61,Yellowish Green,Medium,Eye Clean,Round,Modified Brilliant Cut,Heat Treated,Montana,https://www.thenaturalsapphirecompany.com/yellow-sapphires/0.63ct-montana-round-yellowish-green-sapphire-u10436/
U10462,875.0,1250.0,0.7,4.83,4.43,3.61,Yellowish Green,Medium,Eye Clean,Asscher - Octagon,Asscher Cut,Heat Treated,Montana,https://www.thenaturalsapphirecompany.com/yellow-sapphires/0.70ct-montana-asscher-octagon-yellowish-green-sapphire-u10462/
U10463,900.0,1200.0,0.75,5.09,4.66,3.8,Yellowish Green,Medium,Eye Clean,Asscher - Octagon,Asscher Cut,Heat Treated,Montana,https://www.thenaturalsapphirecompany.com/yellow-sapphires/0.75ct-montana-asscher-octagon-yellowish-green-sapphire-u10463/
U10469,704.0,1100.0,0.64,5.02,4.43,3.36,Yellowish Green,Intense,Very Slightly Included,Asscher - Octagon,Asscher Cut,Heat Treated,Montana,https://www.thenaturalsapphirecompany.com/yellow-sapphires/0.64ct-montana-asscher-octagon-yellowish-green-sapphire-u10469/
U10475,909.0,1151.0,0.79,4.98,4.86,3.87,Yellowish Green,Medium,Eye Clean,Asscher - Octagon,Asscher Cut,Heat Treated,Montana,https://www.thenaturalsapphirecompany.com/yellow-sapphires/0.79ct-montana-asscher-octagon-yellowish-green-sapphire-u10475/
U17301,1826.0,1660.0,1.1,6.51,5.44,4.24,Yellowish Green,Intense,Slightly Included,Oval,Mixed Brilliant Cut,No Enhancement,Madagascar,https://www.thenaturalsapphirecompany.com/yellow-sapphires/1.10ct-madagascar-oval-yellowish-green-sapphire-u17301/
S47381,429.0,300.0,1.43,7.23,5.59,4.35,Orangish Yellow,Intense,Slightly Included,Oval,Mixed Brilliant Cut,Heat Treated,Ceylon (Sri Lanka),https://www.thenaturalsapphirecompany.com/yellow-sapphires/1.43ct-ceylon-sri-lankan-oval-orangish-yellow-sapphire-s47381/
S17866,12814.0,2125.0,6.03,9.99,9.23,6.34,Yellow,Medium,Very Slightly Included,Cushion,Mixed Brilliant Cut,No Enhancement,Ceylon (Sri Lanka),https://www.thenaturalsapphirecompany.com/yellow-sapphires/6.03ct-ceylon-sri-lankan-cushion-yellow-sapphire-s17866/
S3237,336.0,400.0,0.84,6.5,4.59,3.25,Yellow,Intense,Very Slightly Included,Emerald Cut,Emerald Cut,No Enhancement,Ceylon (Sri Lanka),https://www.thenaturalsapphirecompany.com/yellow-sapphires/0.84ct-ceylon-sri-lankan-emerald-cut-yellow-sapphire-s3237/
S3238,305.0,351.0,0.87,6.4,4.52,3.29,Yellow,Light,Very Slightly Included,Emerald Cut,Emerald Cut,No Enhancement,Ceylon (Sri Lanka),https://www.thenaturalsapphirecompany.com/yellow-sapphires/0.87ct-ceylon-sri-lankan-emerald-cut-yellow-sapphire-s3238/
S32380,701.0,708.0,0.99,6.14,5.16,4.03,Yellowish Green,Intense,Very Slightly Included,Oval,Mixed Brilliant Cut,Heat Treated,Madagascar,https://www.thenaturalsapphirecompany.com/yellow-sapphires/0.99ct-madagascar-oval-yellowish-green-sapphire-s32380/
S32389,368.0,350.0,1.05,6.7,5.11,3.1,Yellow,Medium,Very Slightly Included,Emerald Cut,Emerald Cut,Heat Treated,Ceylon (Sri Lanka),https://www.thenaturalsapphirecompany.com/yellow-sapphires/1.05ct-ceylon-sri-lankan-emerald-cut-yellow-sapphire-s32389/
S3239,264.0,300.0,0.88,6.5,4.57,3.29,Yellow,Light,Very Slightly Included,Emerald Cut,Emerald Cut,No Enhancement,Ceylon (Sri Lanka),https://www.thenaturalsapphirecompany.com/yellow-sapphires/0.88ct-ceylon-sri-lankan-emerald-cut-yellow-sapphire-s3239/
S36195,168.0,600.0,0.28,5.09,3.13,2.02,Greenish Yellow,Intense,Eye Clean,Oval,Mixed Brilliant Cut,Heat Treated,Montana,https://www.thenaturalsapphirecompany.com/yellow-sapphires/0.28ct-montana-oval-greenish-yellow-sapphire-s36195/
S36196,186.0,600.0,0.31,4.94,3.62,2.22,Yellowish Green,Medium,Very Slightly Included,Oval,Mixed Brilliant Cut,Heat Treated,Montana,https://www.thenaturalsapphirecompany.com/yellow-sapphires/0.31ct-montana-oval-yellowish-green-sapphire-s36196/
S36197,272.0,800.0,0.34,5.02,3.58,2.48,Greenish Yellow,Intense,Very Slightly Included,Oval,Mixed Brilliant Cut,Heat Treated,Montana,https://www.thenaturalsapphirecompany.com/yellow-sapphires/0.34ct-montana-oval-greenish-yellow-sapphire-s36197/
S36201,161.0,700.0,0.23,4.9,3.12,1.85,Greenish Yellow,Intense,Very Very Slightly Included,Oval,Mixed Brilliant Cut,Heat Treated,Montana,https://www.thenaturalsapphirecompany.com/yellow-sapphires/0.23ct-montana-oval-greenish-yellow-sapphire-s36201/
S36203,312.0,800.0,0.39,5.54,3.5,2.52,Yellowish Green,Medium,Very Very Slightly Included,Oval,Mixed Brilliant Cut,Heat Treated,Montana,https://www.thenaturalsapphirecompany.com/yellow-sapphires/0.39ct-montana-oval-yellowish-green-sapphire-s36203/
S36209,344.0,800.0,0.43,5.03,4.06,2.74,Yellow,Medium,Very Very Slightly Included,Oval,Mixed Brilliant Cut,Heat Treated,Montana,https://www.thenaturalsapphirecompany.com/yellow-sapphires/0.43ct-montana-oval-yellow-sapphire-s36209/
S36210,352.0,800.0,0.44,5.64,3.67,2.49,Greenish Yellow,Medium,Very Slightly Included,Oval,Mixed Brilliant Cut,Heat Treated,Montana,https://www.thenaturalsapphirecompany.com/yellow-sapphires/0.44ct-montana-oval-greenish-yellow-sapphire-s36210/
S36213,322.0,700.0,0.46,5.6,4.17,2.53,Yellowish Green,Medium,Very Very Slightly Included,Oval,Mixed Brilliant Cut,Heat Treated,Montana,https://www.thenaturalsapphirecompany.com/yellow-sapphires/0.46ct-montana-oval-yellowish-green-sapphire-s36213/
S36214,368.0,800.0,0.46,5.1,4.14,2.8,Yellow,Light,Slightly Included,Oval,Mixed Brilliant Cut,Heat Treated,Montana,https://www.thenaturalsapphirecompany.com/yellow-sapphires/0.46ct-montana-oval-yellow-sapphire-s36214/
S36215,368.0,800.0,0.46,5.53,4.13,2.51,Greenish Yellow,Medium,Very Slightly Included,Oval,Mixed Brilliant Cut,No Enhancement,Montana,https://www.thenaturalsapphirecompany.com/yellow-sapphires/0.46ct-montana-oval-greenish-yellow-sapphire-s36215/
S36216,376.0,800.0,0.47,5.51,4.03,2.72,Yellow,Light,Very Slightly Included,Oval,Mixed Brilliant Cut,Heat Treated,Montana,https://www.thenaturalsapphirecompany.com/yellow-sapphires/0.47ct-montana-oval-yellow-sapphire-s36216/
S36218,384.0,800.0,0.48,5.52,4.16,2.62,Yellow,Intense,Very Very Slightly Included,Oval,Mixed Brilliant Cut,Heat Treated,Montana,https://www.thenaturalsapphirecompany.com/yellow-sapphires/0.48ct-montana-oval-yellow-sapphire-s36218/
S36220,528.0,1100.0,0.48,5.86,4.23,2.58,Yellowish Brown,Intense,Very Very Slightly Included,Oval,Mixed Brilliant Cut,Heat Treated,Montana,https://www.thenaturalsapphirecompany.com/yellow-sapphires/0.48ct-montana-oval-yellowish-brown-sapphire-s36220/
S36224,450.0,900.0,0.5,5.33,4.18,2.9,Yellowish Green,Intense,Very Slightly Included,Oval,Mixed Brilliant Cut,Heat Treated,Montana,https://www.thenaturalsapphirecompany.com/yellow-sapphires/0.50ct-montana-oval-yellowish-green-sapphire-s36224/
S44639,3756.0,1200.0,3.13,9.28,7.02,4.79,Orangish Yellow,Medium,Very Very Slightly Included,Radiant,Radiant Cut,Heat Treated,Ceylon (Sri Lanka),https://www.thenaturalsapphirecompany.com/yellow-sapphires/3.13ct-ceylon-sri-lankan-radiant-orangish-yellow-sapphire-s44639/
S39359,1128.0,550.0,2.05,7.75,6.2,4.29,Yellowish Green,Medium,Very Very Slightly Included,Cushion,Mixed Brilliant Cut,Heat Treated,Africa,https://www.thenaturalsapphirecompany.com/yellow-sapphires/2.05ct-african-cushion-yellowish-green-sapphire-s39359/
S39369,420.0,350.0,1.2,5.87,5.84,3.83,Yellow,Intense,Very Slightly Included,Cushion,Mixed Brilliant Cut,Heat Treated,Ceylon (Sri Lanka),https://www.thenaturalsapphirecompany.com/yellow-sapphires/1.20ct-ceylon-sri-lankan-cushion-yellow-sapphire-s39369/
S39376,358.0,320.0,1.12,5.87,5.86,3.62,Yellow,Intense,Slightly Included,Cushion,Mixed Brilliant Cut,Heat Treated,Ceylon (Sri Lanka),https://www.thenaturalsapphirecompany.com/yellow-sapphires/1.12ct-ceylon-sri-lankan-cushion-yellow-sapphire-s39376/
S39380,384.0,340.0,1.13,6.01,5.73,3.67,Yellow,Intense,Very Very Slightly Included,Cushion,Mixed Brilliant Cut,Heat Treated,Ceylon (Sri Lanka),https://www.thenaturalsapphirecompany.com/yellow-sapphires/1.13ct-ceylon-sri-lankan-cushion-yellow-sapphire-s39380/
S17930,346.0,349.0,0.99,6.37,5.34,3.22,Yellowish Green,Intense,Slightly Included,Cushion,Mixed Brilliant Cut,No Enhancement,Africa,https://www.thenaturalsapphirecompany.com/yellow-sapphires/0.99ct-african-cushion-yellowish-green-sapphire-s17930/
S3240,352.0,400.0,0.88,6.56,4.53,3.12,Yellow,Light,Very Slightly Included,Emerald Cut,Emerald Cut,No Enhancement,Ceylon (Sri Lanka),https://www.thenaturalsapphirecompany.com/yellow-sapphires/0.88ct-ceylon-sri-lankan-emerald-cut-yellow-sapphire-s3240/
S3241,308.0,350.0,0.88,6.52,4.48,3.34,Yellow,Light,Very Slightly Included,Emerald Cut,Emerald Cut,No Enhancement,Ceylon (Sri Lanka),https://www.thenaturalsapphirecompany.com/yellow-sapphires/0.88ct-ceylon-sri-lankan-emerald-cut-yellow-sapphire-s3241/
S36227,416.0,800.0,0.52,6.04,4.11,2.68,Yellow,Medium,Very Slightly Included,Oval,Mixed Brilliant Cut,Heat Treated,Montana,https://www.thenaturalsapphirecompany.com/yellow-sapphires/0.52ct-montana-oval-yellow-sapphire-s36227/
S36230,424.0,800.0,0.53,5.5,4.08,3.01,Greenish Yellow,Medium,Very Slightly Included,Oval,Mixed Brilliant Cut,Heat Treated,Montana,https://www.thenaturalsapphirecompany.com/yellow-sapphires/0.53ct-montana-oval-greenish-yellow-sapphire-s36230/
S36233,378.0,700.0,0.54,5.61,3.97,2.95,Yellowish Green,Medium,Very Slightly Included,Oval,Mixed Brilliant Cut,Heat Treated,Montana,https://www.thenaturalsapphirecompany.com/yellow-sapphires/0.54ct-montana-oval-yellowish-green-sapphire-s36233/
S36236,440.0,800.0,0.55,5.54,4.14,3.05,Greenish Yellow,Light,Slightly Included,Oval,Mixed Brilliant Cut,Heat Treated,Montana,https://www.thenaturalsapphirecompany.com/yellow-sapphires/0.55ct-montana-oval-greenish-yellow-sapphire-s36236/
S36237,448.0,800.0,0.56,6.05,4.23,2.69,Greenish Yellow,Medium,Very Very Slightly Included,Oval,Mixed Brilliant Cut,Heat Treated,Montana,https://www.thenaturalsapphirecompany.com/yellow-sapphires/0.56ct-montana-oval-greenish-yellow-sapphire-s36237/
S36238,456.0,800.0,0.57,6.02,4.11,2.81,Yellowish Green,Intense,Very Very Slightly Included,Oval,Mixed Brilliant Cut,Heat Treated,Montana,https://www.thenaturalsapphirecompany.com/yellow-sapphires/0.57ct-montana-oval-yellowish-green-sapphire-s36238/
S36239,522.0,900.0,0.58,5.95,4.56,2.72,Greenish Yellow,Intense,Very Very Slightly Included,Oval,Mixed Brilliant Cut,Heat Treated,Montana,https://www.thenaturalsapphirecompany.com/yellow-sapphires/0.58ct-montana-oval-greenish-yellow-sapphire-s36239/
S36241,464.0,800.0,0.58,5.58,4.52,3.07,Greenish Yellow,Intense,Very Slightly Included,Oval,Mixed Brilliant Cut,Heat Treated,Montana,https://www.thenaturalsapphirecompany.com/yellow-sapphires/0.58ct-montana-oval-greenish-yellow-sapphire-s36241/
S36242,464.0,800.0,0.58,5.52,4.56,3.21,Greenish Yellow,Intense,Eye Clean,Oval,Mixed Brilliant Cut,Heat Treated,Montana,https://www.thenaturalsapphirecompany.com/yellow-sapphires/0.58ct-montana-oval-greenish-yellow-sapphire-s36242/
S36244,531.0,900.0,0.59,5.71,4.49,3.07,Yellowish Orange,Intense,Very Slightly Included,Oval,Mixed Brilliant Cut,Heat Treated,Montana,https://www.thenaturalsapphirecompany.com/yellow-sapphires/0.59ct-montana-oval-yellowish-orange-sapphire-s36244/
S36246,472.0,800.0,0.59,5.59,4.59,2.96,Greenish Yellow,Medium,Very Very Slightly Included,Oval,Mixed Brilliant Cut,Heat Treated,Montana,https://www.thenaturalsapphirecompany.com/yellow-sapphires/0.59ct-montana-oval-greenish-yellow-sapphire-s36246/
S39402,998.0,780.0,1.28,7.31,5.01,3.55,Orangish Yellow,Medium,Slightly Included,Emerald Cut,Emerald Cut,No Enhancement,Ceylon (Sri Lanka),https://www.thenaturalsapphirecompany.com/yellow-sapphires/1.28ct-ceylon-sri-lankan-emerald-cut-orangish-yellow-sapphire-s39402/
S39403,999.0,892.0,1.12,6.28,4.78,3.72,Yellow,Intense,Very Slightly Included,Radiant,Radiant Cut,Heat Treated,Ceylon (Sri Lanka),https://www.thenaturalsapphirecompany.com/yellow-sapphires/1.12ct-ceylon-sri-lankan-radiant-yellow-sapphire-s39403/
S39418,1590.0,1000.0,1.59,7.04,7.02,4.02,Yellowish Brown,Intense,Very Very Slightly Included,Cushion,Mixed Brilliant Cut,No Enhancement,Ceylon (Sri Lanka),https://www.thenaturalsapphirecompany.com/yellow-sapphires/1.59ct-ceylon-sri-lankan-cushion-yellowish-brown-sapphire-s39418/
S39420,2188.0,990.0,2.21,8.25,7.82,3.93,Yellowish Green,Intense,Very Slightly Included,Cushion,Mixed Brilliant Cut,No Enhancement,Ceylon (Sri Lanka),https://www.thenaturalsapphirecompany.com/yellow-sapphires/2.21ct-ceylon-sri-lankan-cushion-yellowish-green-sapphire-s39420/
S39422,2772.0,1200.0,2.31,9.81,7.06,3.33,Yellowish Brown,Intense,Slightly Included,Emerald Cut,Emerald Cut,No Enhancement,Ceylon (Sri Lanka),https://www.thenaturalsapphirecompany.com/yellow-sapphires/2.31ct-ceylon-sri-lankan-emerald-cut-yellowish-brown-sapphire-s39422/
S39423,2515.0,990.0,2.54,8.68,7.3,4.94,Yellowish Brown,Intense,Slightly Included,Cushion,Mixed Brilliant Cut,No Enhancement,Ceylon (Sri Lanka),https://www.thenaturalsapphirecompany.com/yellow-sapphires/2.54ct-ceylon-sri-lankan-cushion-yellowish-brown-sapphire-s39423/
S39425,2205.0,1050.0,2.1,8.57,6.45,4.65,Yellowish Brown,Intense,Slightly Included,Oval,Mixed Brilliant Cut,No Enhancement,Ceylon (Sri Lanka),https://www.thenaturalsapphirecompany.com/yellow-sapphires/2.10ct-ceylon-sri-lankan-oval-yellowish-brown-sapphire-s39425/
S39426,2259.0,900.0,2.51,10.17,7.51,3.53,Greenish Yellow,Intense,Slightly Included,Emerald Cut,Emerald Cut,No Enhancement,Ceylon (Sri Lanka),https://www.thenaturalsapphirecompany.com/yellow-sapphires/2.51ct-ceylon-sri-lankan-emerald-cut-greenish-yellow-sapphire-s39426/
S39428,2020.0,990.0,2.04,9.82,7.1,3.62,Yellowish Brown,Intense,Very Slightly Included,Oval,Mixed Brilliant Cut,No Enhancement,Ceylon (Sri Lanka),https://www.thenaturalsapphirecompany.com/yellow-sapphires/2.04ct-ceylon-sri-lankan-oval-yellowish-brown-sapphire-s39428/
S39430,2277.0,900.0,2.53,9.47,7.35,4.57,Yellow,Intense,Slightly Included,Oval,Mixed Brilliant Cut,No Enhancement,Ceylon (Sri Lanka),https://www.thenaturalsapphirecompany.com/yellow-sapphires/2.53ct-ceylon-sri-lankan-oval-yellow-sapphire-s39430/
S39432,1901.0,990.0,1.92,8.65,6.07,3.96,Yellow,Medium,Very Slightly Included,Cushion,Mixed Brilliant Cut,No Enhancement,Ceylon (Sri Lanka),https://www.thenaturalsapphirecompany.com/yellow-sapphires/1.92ct-ceylon-sri-lankan-cushion-yellow-sapphire-s39432/
S39433,2184.0,1200.0,1.82,8.8,6.4,3.8,Yellowish Green,Intense,Very Slightly Included,Oval,Mixed Brilliant Cut,No Enhancement,Ceylon (Sri Lanka),https://www.thenaturalsapphirecompany.com/yellow-sapphires/1.82ct-ceylon-sri-lankan-oval-yellowish-green-sapphire-s39433/
S39434,2564.0,990.0,2.59,9.07,7.12,4.86,Greenish Yellow,Medium,Slightly Included,Oval,Mixed Brilliant Cut,No Enhancement,Ceylon (Sri Lanka),https://www.thenaturalsapphirecompany.com/yellow-sapphires/2.59ct-ceylon-sri-lankan-oval-greenish-yellow-sapphire-s39434/
S39435,1950.0,990.0,1.97,9.11,7.15,2.96,Yellowish Green,Medium,Very Slightly Included,Emerald Cut,Emerald Cut,No Enhancement,Ceylon (Sri Lanka),https://www.thenaturalsapphirecompany.com/yellow-sapphires/1.97ct-ceylon-sri-lankan-emerald-cut-yellowish-green-sapphire-s39435/
S39436,2484.0,1200.0,2.07,8.27,6.42,4.01,Yellowish Green,Medium,Slightly Included,Radiant,Radiant Cut,No Enhancement,Ceylon (Sri Lanka),https://www.thenaturalsapphirecompany.com/yellow-sapphires/2.07ct-ceylon-sri-lankan-radiant-yellowish-green-sapphire-s39436/
S42198,8503.0,1632.0,5.21,8.75,8.53,6.7,Yellowish Green,Medium,Very Slightly Included,Radiant,Radiant Cut,No Enhancement,Madagascar,https://www.thenaturalsapphirecompany.com/yellow-sapphires/5.21ct-madagascar-radiant-yellowish-green-sapphire-s42198/
S6304,884.0,400.0,2.21,7.12,7.13,4.63,Yellow,Light,Very Slightly Included,Asscher - Octagon,Asscher Cut,No Enhancement,Ceylon (Sri Lanka),https://www.thenaturalsapphirecompany.com/yellow-sapphires/2.21ct-ceylon-sri-lankan-asscher-octagon-yellow-sapphire-s6304/
S6305,985.0,500.0,1.97,6.98,6.94,4.46,Yellow,Light,Very Slightly Included,Asscher - Octagon,Asscher Cut,No Enhancement,Ceylon (Sri Lanka),https://www.thenaturalsapphirecompany.com/yellow-sapphires/1.97ct-ceylon-sri-lankan-asscher-octagon-yellow-sapphire-s6305/
S6401,2532.0,1200.0,2.11,10.11,5.71,4.33,Yellow,Medium,Very Very Slightly Included,Marquise,Mixed Brilliant Cut,No Enhancement,Ceylon (Sri Lanka),https://www.thenaturalsapphirecompany.com/yellow-sapphires/2.11ct-ceylon-sri-lankan-marquise-yellow-sapphire-s6401/
S12625,1577.0,950.0,1.66,7.61,10.15,3.83,Yellow,Medium,Very Slightly Included,Fancy,Fancy Cut,No Enhancement,Ceylon (Sri Lanka),https://www.thenaturalsapphirecompany.com/yellow-sapphires/1.66ct-ceylon-sri-lankan-fancy-yellow-sapphire-s12625/
S32331,960.0,800.0,1.2,7.75,6.05,3.16,Orangish Yellow,Medium,Very Very Slightly Included,Oval,Mixed Brilliant Cut,Heat Treated,Madagascar,https://www.thenaturalsapphirecompany.com/yellow-sapphires/1.20ct-madagascar-oval-orangish-yellow-sapphire-s32331/
S36139,1100.0,780.0,1.41,7.24,5.07,3.72,Yellow,Intense,Very Very Slightly Included,Cushion,Mixed Brilliant Cut,Heat Treated,Ceylon (Sri Lanka),https://www.thenaturalsapphirecompany.com/yellow-sapphires/1.41ct-ceylon-sri-lankan-cushion-yellow-sapphire-s36139/
S36156,700.0,574.0,1.22,5.51,5.44,4.06,Yellow,Light,Very Very Slightly Included,Asscher - Octagon,Asscher Cut,Heat Treated,Ceylon (Sri Lanka),https://www.thenaturalsapphirecompany.com/yellow-sapphires/1.22ct-ceylon-sri-lankan-asscher-octagon-yellow-sapphire-s36156/
S47377,346.0,330.0,1.05,6.39,4.64,3.28,Yellow,Intense,Very Slightly Included,Emerald Cut,Emerald Cut,Heat Treated,Ceylon (Sri Lanka),https://www.thenaturalsapphirecompany.com/yellow-sapphires/1.05ct-ceylon-sri-lankan-emerald-cut-yellow-sapphire-s47377/
S12490,408.0,300.0,1.36,6.84,6.03,3.6,Yellow,Medium,Slightly Included,Cushion,Mixed Brilliant Cut,No Enhancement,Ceylon (Sri Lanka),https://www.thenaturalsapphirecompany.com/yellow-sapphires/1.36ct-ceylon-sri-lankan-cushion-yellow-sapphire-s12490/
S12491,258.0,200.0,1.29,5.98,4.93,4.62,Yellow,Faint,Slightly Included,Cushion,Mixed Brilliant Cut,No Enhancement,Ceylon (Sri Lanka),https://www.thenaturalsapphirecompany.com/yellow-sapphires/1.29ct-ceylon-sri-lankan-cushion-yellow-sapphire-s12491/
S17816,2171.0,1300.0,1.67,7.29,6.32,3.81,Yellowish Green,Medium,Very Slightly Included,Asscher - Octagon,Asscher Cut,No Enhancement,Madagascar,https://www.thenaturalsapphirecompany.com/yellow-sapphires/1.67ct-madagascar-asscher-octagon-yellowish-green-sapphire-s17816/
S3234,243.0,300.0,0.81,6.43,4.41,3.16,Yellow,Light,Very Slightly Included,Emerald Cut,Emerald Cut,No Enhancement,Ceylon (Sri Lanka),https://www.thenaturalsapphirecompany.com/yellow-sapphires/0.81ct-ceylon-sri-lankan-emerald-cut-yellow-sapphire-s3234/
S3235,249.0,300.0,0.83,5.63,5.56,3.84,Yellow,Faint,Very Slightly Included,Round,Mixed Brilliant Cut,No Enhancement,Ceylon (Sri Lanka),https://www.thenaturalsapphirecompany.com/yellow-sapphires/0.83ct-ceylon-sri-lankan-round-yellow-sapphire-s3235/
S32356,599.0,540.0,1.11,7.05,5.22,3.6,Yellow,Light,Very Very Slightly Included,Oval,Mixed Brilliant Cut,No Enhancement,Ceylon (Sri Lanka),https://www.thenaturalsapphirecompany.com/yellow-sapphires/1.11ct-ceylon-sri-lankan-oval-yellow-sapphire-s32356/
S32357,600.0,600.0,1.0,6.79,5.46,3.32,Yellow,Light,Very Slightly Included,Oval,Mixed Brilliant Cut,No Enhancement,Ceylon (Sri Lanka),https://www.thenaturalsapphirecompany.com/yellow-sapphires/1.00ct-ceylon-sri-lankan-oval-yellow-sapphire-s32357/
S36170,1100.0,1089.0,1.01,6.93,5.4,3.44,Yellowish Green,Medium,Slightly Included,Oval,Mixed Brilliant Cut,Heat Treated,Ceylon (Sri Lanka),https://www.thenaturalsapphirecompany.com/yellow-sapphires/1.01ct-ceylon-sri-lankan-oval-yellowish-green-sapphire-s36170/
S36178,1100.0,1048.0,1.05,6.13,6.69,3.73,Yellowish Green,Medium,Very Slightly Included,Heart,Mixed Brilliant Cut,Heat Treated,Ceylon (Sri Lanka),https://www.thenaturalsapphirecompany.com/yellow-sapphires/1.05ct-ceylon-sri-lankan-heart-yellowish-green-sapphire-s36178/
S36191,192.0,800.0,0.24,4.94,2.99,2.12,Yellow,Light,Very Very Slightly Included,Oval,Mixed Brilliant Cut,Heat Treated,Montana,https://www.thenaturalsapphirecompany.com/yellow-sapphires/0.24ct-montana-oval-yellow-sapphire-s36191/
S36192,162.0,600.0,0.27,4.87,3.11,2.15,Greenish Yellow,Medium,Very Slightly Included,Oval,Mixed Brilliant Cut,Heat Treated,Montana,https://www.thenaturalsapphirecompany.com/yellow-sapphires/0.27ct-montana-oval-greenish-yellow-sapphire-s36192/
S39340,190.0,365.0,0.52,4.96,4.67,2.86,Yellow,Medium,Very Very Slightly Included,Cushion,Mixed Brilliant Cut,No Enhancement,Ceylon (Sri Lanka),https://www.thenaturalsapphirecompany.com/yellow-sapphires/0.52ct-ceylon-sri-lankan-cushion-yellow-sapphire-s39340/
S4216,115.0,500.0,0.23,4.06,3.5,2.17,Yellowish Green,Intense,Slightly Included,Fancy,Step Cut,Heat Treated,Ceylon (Sri Lanka),https://www.thenaturalsapphirecompany.com/yellow-sapphires/0.23ct-ceylon-sri-lankan-fancy-yellowish-green-sapphire-s4216/
S23708,711.0,300.0,2.37,10.16,8.07,4.08,Yellow,Light,Very Slightly Included,Pear,Mixed Brilliant Cut,Heat Treated,Madagascar,https://www.thenaturalsapphirecompany.com/yellow-sapphires/2.37ct-madagascar-pear-yellow-sapphire-s23708/
S44458,5698.0,1018.0,5.6,11.06,7.02,6.26,Yellow,Medium,Slightly Included,Emerald Cut,Emerald Cut,No Enhancement,Ceylon (Sri Lanka),https://www.thenaturalsapphirecompany.com/yellow-sapphires/5.60ct-ceylon-sri-lankan-emerald-cut-yellow-sapphire-s44458/
S44506,2698.0,1088.0,2.48,8.39,6.89,5.38,Yellow,Light,Very Slightly Included,Oval,Mixed Brilliant Cut,No Enhancement,Ceylon (Sri Lanka),https://www.thenaturalsapphirecompany.com/yellow-sapphires/2.48ct-ceylon-sri-lankan-oval-yellow-sapphire-s44506/
S46431,580.0,574.0,1.01,7.28,4.39,3.06,Yellow,Light,Very Slightly Included,Emerald Cut,Emerald Cut,No Enhancement,Ceylon (Sri Lanka),https://www.thenaturalsapphirecompany.com/yellow-sapphires/1.01ct-ceylon-sri-lankan-emerald-cut-yellow-sapphire-s46431/
S46434,760.0,576.0,1.32,6.9,6.03,4.05,Yellow,Light,Slightly Included,Oval,Mixed Brilliant Cut,No Enhancement,Ceylon (Sri Lanka),https://www.thenaturalsapphirecompany.com/yellow-sapphires/1.32ct-ceylon-sri-lankan-oval-yellow-sapphire-s46434/
S46444,998.0,612.0,1.63,9.29,5.9,4.09,Greenish Yellow,Intense,Slightly Included,Fancy,Fancy Cut,No Enhancement,Madagascar,https://www.thenaturalsapphirecompany.com/yellow-sapphires/1.63ct-madagascar-fancy-greenish-yellow-sapphire-s46444/
S44637,3885.0,1295.0,3.0,8.87,7.18,4.72,Yellow,Light,Very Very Slightly Included,Radiant,Radiant Cut,Heat Treated,Ceylon (Sri Lanka),https://www.thenaturalsapphirecompany.com/yellow-sapphires/3.00ct-ceylon-sri-lankan-radiant-yellow-sapphire-s44637/
S46447,333.0,314.0,1.06,5.93,4.66,3.57,Yellowish Green,Intense,Slightly Included,Emerald Cut,Emerald Cut,No Enhancement,Madagascar,https://www.thenaturalsapphirecompany.com/yellow-sapphires/1.06ct-madagascar-emerald-cut-yellowish-green-sapphire-s46447/
U10037,377.0,650.0,0.58,4.96,4.89,3.48,Yellowish Green,Medium,Very Slightly Included,Round,Brilliant Cut,No Enhancement,Montana,https://www.thenaturalsapphirecompany.com/yellow-sapphires/0.58ct-montana-round-yellowish-green-sapphire-u10037/
S23224,1573.0,1100.0,1.43,6.96,5.08,3.94,Yellow,Medium,Slightly Included,Emerald Cut,Emerald Cut,No Enhancement,Ceylon (Sri Lanka),https://www.thenaturalsapphirecompany.com/yellow-sapphires/1.43ct-ceylon-sri-lankan-emerald-cut-yellow-sapphire-s23224/
S23228,1617.0,1100.0,1.47,7.52,5.22,4.01,Yellowish Green,Medium,Slightly Included,Cushion,Mixed Brilliant Cut,No Enhancement,Ceylon (Sri Lanka),https://www.thenaturalsapphirecompany.com/yellow-sapphires/1.47ct-ceylon-sri-lankan-cushion-yellowish-green-sapphire-s23228/
S23229,738.0,900.0,0.82,5.05,4.97,3.55,Greenish Yellow,Medium,Slightly Included,Princess,Princess Cut,No Enhancement,Ceylon (Sri Lanka),https://www.thenaturalsapphirecompany.com/yellow-sapphires/0.82ct-ceylon-sri-lankan-princess-greenish-yellow-sapphire-s23229/
S23239,1452.0,1100.0,1.32,7.5,5.22,3.69,Yellowish Green,Intense,Very Slightly Included,Oval,Mixed Brilliant Cut,Heat Treated,Australia,https://www.thenaturalsapphirecompany.com/yellow-sapphires/1.32ct-australian-oval-yellowish-green-sapphire-s23239/
S23243,1276.0,1100.0,1.16,6.57,5.28,3.7,Yellowish Green,Intense,Eye Clean,Oval,Mixed Brilliant Cut,Heat Treated,Australia,https://www.thenaturalsapphirecompany.com/yellow-sapphires/1.16ct-australian-oval-yellowish-green-sapphire-s23243/
S23251,1342.0,1100.0,1.22,6.61,5.66,3.82,Yellowish Green,Intense,Very Slightly Included,Cushion,Mixed Brilliant Cut,Heat Treated,Australia,https://www.thenaturalsapphirecompany.com/yellow-sapphires/1.22ct-australian-cushion-yellowish-green-sapphire-s23251/
S3243,273.0,300.0,0.91,6.56,4.55,3.23,Yellow,Light,Slightly Included,Emerald Cut,Emerald Cut,No Enhancement,Ceylon (Sri Lanka),https://www.thenaturalsapphirecompany.com/yellow-sapphires/0.91ct-ceylon-sri-lankan-emerald-cut-yellow-sapphire-s3243/
S3244,368.0,400.0,0.92,6.5,4.56,3.42,Yellow,Light,Very Slightly Included,Emerald Cut,Emerald Cut,No Enhancement,Ceylon (Sri Lanka),https://www.thenaturalsapphirecompany.com/yellow-sapphires/0.92ct-ceylon-sri-lankan-emerald-cut-yellow-sapphire-s3244/
S32461,1000.0,1000.0,1.0,5.72,5.67,3.53,Yellowish Green,Intense,Very Slightly Included,Round,Mixed Brilliant Cut,Heat Treated,Madagascar,https://www.thenaturalsapphirecompany.com/yellow-sapphires/1.00ct-madagascar-round-yellowish-green-sapphire-s32461/
S32467,900.0,811.0,1.11,5.61,5.04,4.42,Greenish Yellow,Intense,Very Very Slightly Included,Radiant,Radiant Cut,Heat Treated,Madagascar,https://www.thenaturalsapphirecompany.com/yellow-sapphires/1.11ct-madagascar-radiant-greenish-yellow-sapphire-s32467/
S36279,238.0,700.0,0.34,5.42,3.64,2.08,Yellowish Green,Medium,Very Very Slightly Included,Oval,Mixed Brilliant Cut,Heat Treated,Montana,https://www.thenaturalsapphirecompany.com/yellow-sapphires/0.34ct-montana-oval-yellowish-green-sapphire-s36279/
S39446,142.0,200.0,0.71,6.35,4.48,2.98,Yellow,Light,Slightly Included,Oval,Mixed Brilliant Cut,No Enhancement,Ceylon (Sri Lanka),https://www.thenaturalsapphirecompany.com/yellow-sapphires/0.71ct-ceylon-sri-lankan-oval-yellow-sapphire-s39446/
S39452,404.0,240.0,1.68,8.11,5.6,4.54,Yellow,Medium,Very Slightly Included,Oval,Mixed Brilliant Cut,No Enhancement,Ceylon (Sri Lanka),https://www.thenaturalsapphirecompany.com/yellow-sapphires/1.68ct-ceylon-sri-lankan-oval-yellow-sapphire-s39452/
S39454,434.0,240.0,1.81,6.75,6.64,4.62,Yellow,Light,Slightly Included,Cushion,Mixed Brilliant Cut,No Enhancement,Ceylon (Sri Lanka),https://www.thenaturalsapphirecompany.com/yellow-sapphires/1.81ct-ceylon-sri-lankan-cushion-yellow-sapphire-s39454/
S39455,168.0,150.0,1.12,5.57,5.56,4.24,Yellow,Light,Slightly Included,Cushion,Mixed Brilliant Cut,No Enhancement,Ceylon (Sri Lanka),https://www.thenaturalsapphirecompany.com/yellow-sapphires/1.12ct-ceylon-sri-lankan-cushion-yellow-sapphire-s39455/
S39458,274.0,240.0,1.14,5.56,5.5,4.03,Yellow,Medium,Very Slightly Included,Cushion,Mixed Brilliant Cut,No Enhancement,Ceylon (Sri Lanka),https://www.thenaturalsapphirecompany.com/yellow-sapphires/1.14ct-ceylon-sri-lankan-cushion-yellow-sapphire-s39458/
S39468,176.0,400.0,0.44,7.66,3.92,1.88,Orangish Yellow,Intense,Very Slightly Included,Marquise,Mixed Brilliant Cut,No Enhancement,Ceylon (Sri Lanka),https://www.thenaturalsapphirecompany.com/yellow-sapphires/0.44ct-ceylon-sri-lankan-marquise-orangish-yellow-sapphire-s39468/
S41852,1212.0,1200.0,1.01,6.33,5.09,3.06,Yellowish Green,Intense,Very Slightly Included,Cushion,Mixed Brilliant Cut,Heat Treated,Madagascar,https://www.thenaturalsapphirecompany.com/yellow-sapphires/1.01ct-madagascar-cushion-yellowish-green-sapphire-s41852/
S46483,303.0,300.0,1.01,6.57,4.91,2.87,Yellow,Intense,Slightly Included,Radiant,Radiant Cut,Heat Treated,Tanzania,https://www.thenaturalsapphirecompany.com/yellow-sapphires/1.01ct-tanzanian-radiant-yellow-sapphire-s46483/
S46484,309.0,300.0,1.03,6.7,4.8,3.18,Yellow,Intense,Slightly Included,Radiant,Radiant Cut,Heat Treated,Ceylon (Sri Lanka),https://www.thenaturalsapphirecompany.com/yellow-sapphires/1.03ct-ceylon-sri-lankan-radiant-yellow-sapphire-s46484/
S46486,250.0,240.0,1.04,5.76,5.47,3.53,Yellow,Intense,Slightly Included,Cushion,Mixed Brilliant Cut,Heat Treated,Ceylon (Sri Lanka),https://www.thenaturalsapphirecompany.com/yellow-sapphires/1.04ct-ceylon-sri-lankan-cushion-yellow-sapphire-s46486/
S46487,238.0,240.0,0.99,6.13,6.59,3.18,Yellow,Medium,Very Slightly Included,Heart,Mixed Brilliant Cut,Heat Treated,Ceylon (Sri Lanka),https://www.thenaturalsapphirecompany.com/yellow-sapphires/0.99ct-ceylon-sri-lankan-heart-yellow-sapphire-s46487/
S46507,640.0,542.0,1.18,7.76,5.76,3.3,Yellow,Intense,Very Very Slightly Included,Oval,Mixed Brilliant Cut,No Enhancement,Ceylon (Sri Lanka),https://www.thenaturalsapphirecompany.com/yellow-sapphires/1.18ct-ceylon-sri-lankan-oval-yellow-sapphire-s46507/
S46509,181.0,152.0,1.19,7.17,5.48,3.96,Yellow,Light,Slightly Included,Oval,Mixed Brilliant Cut,No Enhancement,Ceylon (Sri Lanka),https://www.thenaturalsapphirecompany.com/yellow-sapphires/1.19ct-ceylon-sri-lankan-oval-yellow-sapphire-s46509/
S6441,948.0,600.0,1.58,7.39,6.54,3.37,Yellowish Brown,Intense,Very Slightly Included,Cushion,Mixed Brilliant Cut,Heat Treated,Ceylon (Sri Lanka),https://www.thenaturalsapphirecompany.com/yellow-sapphires/1.58ct-ceylon-sri-lankan-cushion-yellowish-brown-sapphire-s6441/
U10190,730.0,1000.0,0.73,5.81,5.41,3.37,Yellowish Green,Light,Slightly Included,Fancy,Fancy Brilliant Cut,No Enhancement,Montana,https://www.thenaturalsapphirecompany.com/yellow-sapphires/0.73ct-montana-fancy-yellowish-green-sapphire-u10190/
U7038,978.0,1151.0,0.85,6.03,4.84,3.46,Yellowish Green,Intense,Very Slightly Included,Cushion,Mixed Brilliant Cut,Heat Treated,Montana,https://www.thenaturalsapphirecompany.com/yellow-sapphires/0.85ct-montana-cushion-yellowish-green-sapphire-u7038/
U7213,4830.0,1500.0,3.22,8.33,6.97,5.91,Yellow,Light,Eye Clean,Cushion,Mixed Brilliant Cut,No Enhancement,Ceylon (Sri Lanka),https://www.thenaturalsapphirecompany.com/yellow-sapphires/3.22ct-ceylon-sri-lankan-cushion-yellow-sapphire-u7213/
S14854,4163.0,1388.0,3.0,9.04,7.44,5.52,Yellow,Medium,Eye Clean,Oval,Mixed Brilliant Cut,Heat Treated,Ceylon (Sri Lanka),https://www.thenaturalsapphirecompany.com/yellow-sapphires/3.00ct-ceylon-sri-lankan-oval-yellow-sapphire-s14854/
S42011,500.0,556.0,0.9,9.35,4.37,3.04,Yellowish Green,Intense,Very Very Slightly Included,Marquise,Mixed Brilliant Cut,No Enhancement,Ceylon (Sri Lanka),https://www.thenaturalsapphirecompany.com/yellow-sapphires/0.90ct-ceylon-sri-lankan-marquise-yellowish-green-sapphire-s42011/
S42012,599.0,624.0,0.96,5.92,5.13,3.59,Yellowish Green,Intense,Slightly Included,Oval,Mixed Brilliant Cut,No Enhancement,Ceylon (Sri Lanka),https://www.thenaturalsapphirecompany.com/yellow-sapphires/0.96ct-ceylon-sri-lankan-oval-yellowish-green-sapphire-s42012/
U17418,3654.0,1800.0,2.03,7.4,6.7,4.82,Yellowish Green,Medium,Very Slightly Included,Cushion,Mixed Brilliant Cut,No Enhancement,Montana,https://www.thenaturalsapphirecompany.com/yellow-sapphires/2.03ct-montana-cushion-yellowish-green-sapphire-u17418/
U6885,774.0,600.0,1.29,6.15,6.99,4.59,Yellowish Green,Light,Slightly Included,Trillion,Trillion Cut,No Enhancement,Montana,https://www.thenaturalsapphirecompany.com/yellow-sapphires/1.29ct-montana-trillion-yellowish-green-sapphire-u6885/
U6937,2412.0,1800.0,1.34,5.87,5.58,4.53,Yellowish Green,Intense,Very Very Slightly Included,Cushion,Mixed Brilliant Cut,No Enhancement,Montana,https://www.thenaturalsapphirecompany.com/yellow-sapphires/1.34ct-montana-cushion-yellowish-green-sapphire-u6937/
S6788,3230.0,1000.0,3.23,11.02,7.33,5.59,Yellow,Medium,Very Slightly Included,Pear,Mixed Brilliant Cut,No Enhancement,Ceylon (Sri Lanka),https://www.thenaturalsapphirecompany.com/yellow-sapphires/3.23ct-ceylon-sri-lankan-pear-yellow-sapphire-s6788/
S6790,1663.0,720.0,2.31,10.41,7.37,3.94,Yellow,Light,Eye Clean,Pear,Mixed Brilliant Cut,No Enhancement,Ceylon (Sri Lanka),https://www.thenaturalsapphirecompany.com/yellow-sapphires/2.31ct-ceylon-sri-lankan-pear-yellow-sapphire-s6790/
S6797,1230.0,600.0,2.05,10.21,5.48,3.46,Yellow,Intense,Eye Clean,Emerald Cut,Emerald Cut,No Enhancement,Ceylon (Sri Lanka),https://www.thenaturalsapphirecompany.com/yellow-sapphires/2.05ct-ceylon-sri-lankan-emerald-cut-yellow-sapphire-s6797/
S6675,1872.0,960.0,1.95,9.6,6.0,4.49,Yellow,Medium,Very Slightly Included,Pear,Mixed Brilliant Cut,No Enhancement,Ceylon (Sri Lanka),https://www.thenaturalsapphirecompany.com/yellow-sapphires/1.95ct-ceylon-sri-lankan-pear-yellow-sapphire-s6675/
S48499,50.0,179.0,0.28,4.13,4.05,2.4,Yellowish Green,Medium,Eye Clean,Round,Mixed Brilliant Cut,No Enhancement,Ceylon (Sri Lanka),https://www.thenaturalsapphirecompany.com/yellow-sapphires/0.28ct-ceylon-sri-lankan-round-yellowish-green-sapphire-s48499/
S48896,13801.0,3060.0,4.51,9.75,8.81,4.99,Yellow,Light,Eye Clean,Asscher - Octagon,Asscher Cut,Heat Treated,Ceylon (Sri Lanka),https://www.thenaturalsapphirecompany.com/yellow-sapphires/4.51ct-ceylon-sri-lankan-asscher-octagon-yellow-sapphire-s48896/
S18172,206.0,200.0,1.03,6.13,6.1,4.02,Greenish Yellow,Light,Very Slightly Included,Round,Mixed Brilliant Cut,No Enhancement,Ceylon (Sri Lanka),https://www.thenaturalsapphirecompany.com/yellow-sapphires/1.03ct-ceylon-sri-lankan-round-greenish-yellow-sapphire-s18172/
S23375,1606.0,1100.0,1.46,7.51,5.72,3.9,Yellowish Green,Medium,Very Very Slightly Included,Oval,Mixed Brilliant Cut,Heat Treated,Australia,https://www.thenaturalsapphirecompany.com/yellow-sapphires/1.46ct-australian-oval-yellowish-green-sapphire-s23375/
S32545,70.0,304.0,0.23,3.7,3.69,1.93,Yellow,Medium,Slightly Included,Round,Mixed Brilliant Cut,Heat Treated,Madagascar,https://www.thenaturalsapphirecompany.com/yellow-sapphires/0.23ct-madagascar-round-yellow-sapphire-s32545/
S32547,70.0,333.0,0.21,3.77,3.8,1.61,Yellow,Medium,Slightly Included,Round,Mixed Brilliant Cut,Heat Treated,Madagascar,https://www.thenaturalsapphirecompany.com/yellow-sapphires/0.21ct-madagascar-round-yellow-sapphire-s32547/
S32558,147.0,300.0,0.49,5.37,4.13,2.77,Yellowish Green,Medium,Very Very Slightly Included,Oval,Mixed Brilliant Cut,Heat Treated,Madagascar,https://www.thenaturalsapphirecompany.com/yellow-sapphires/0.49ct-madagascar-oval-yellowish-green-sapphire-s32558/
S36346,208.0,400.0,0.52,6.15,3.98,2.71,Orangish Yellow,Medium,Eye Clean,Oval,Mixed Brilliant Cut,No Enhancement,Ceylon (Sri Lanka),https://www.thenaturalsapphirecompany.com/yellow-sapphires/0.52ct-ceylon-sri-lankan-oval-orangish-yellow-sapphire-s36346/
S36371,117.0,300.0,0.39,5.01,4.3,2.45,Orangish Yellow,Intense,Very Very Slightly Included,Oval,Mixed Brilliant Cut,No Enhancement,Ceylon (Sri Lanka),https://www.thenaturalsapphirecompany.com/yellow-sapphires/0.39ct-ceylon-sri-lankan-oval-orangish-yellow-sapphire-s36371/
S39585,4484.0,1480.0,3.03,9.17,7.54,5.02,Yellowish Green,Intense,Very Slightly Included,Oval,Mixed Brilliant Cut,Heat Treated,Australia,https://www.thenaturalsapphirecompany.com/yellow-sapphires/3.03ct-australian-oval-yellowish-green-sapphire-s39585/
S39587,2568.0,1200.0,2.14,8.29,6.36,4.16,Yellowish Green,Intense,Very Slightly Included,Emerald Cut,Emerald Cut,Heat Treated,Australia,https://www.thenaturalsapphirecompany.com/yellow-sapphires/2.14ct-australian-emerald-cut-yellowish-green-sapphire-s39587/
S42313,400.0,412.0,0.97,6.26,5.0,3.71,Greenish Yellow,Intense,Very Slightly Included,Oval,Mixed Brilliant Cut,No Enhancement,Tanzania,https://www.thenaturalsapphirecompany.com/yellow-sapphires/0.97ct-tanzanian-oval-greenish-yellow-sapphire-s42313/
S44613,300.0,288.0,1.04,6.3,4.62,3.46,Yellow,Medium,Slightly Included,Emerald Cut,Emerald Cut,Heat Treated,Ceylon (Sri Lanka),https://www.thenaturalsapphirecompany.com/yellow-sapphires/1.04ct-ceylon-sri-lankan-emerald-cut-yellow-sapphire-s44613/
S44626,2070.0,1000.0,2.07,7.31,6.88,4.34,Yellow,Light,Very Slightly Included,Asscher - Octagon,Asscher Cut,No Enhancement,Ceylon (Sri Lanka),https://www.thenaturalsapphirecompany.com/yellow-sapphires/2.07ct-ceylon-sri-lankan-asscher-octagon-yellow-sapphire-s44626/
S44627,2712.0,1200.0,2.26,7.96,6.18,4.94,Yellow,Medium,Very Very Slightly Included,Emerald Cut,Emerald Cut,Heat Treated,Ceylon (Sri Lanka),https://www.thenaturalsapphirecompany.com/yellow-sapphires/2.26ct-ceylon-sri-lankan-emerald-cut-yellow-sapphire-s44627/
S44628,3003.0,1300.0,2.31,6.68,6.65,5.55,Yellow,Light,Very Very Slightly Included,Radiant,Radiant Cut,No Enhancement,Ceylon (Sri Lanka),https://www.thenaturalsapphirecompany.com/yellow-sapphires/2.31ct-ceylon-sri-lankan-radiant-yellow-sapphire-s44628/
S44629,3730.0,1480.0,2.52,7.87,7.79,4.95,Yellow,Medium,Very Very Slightly Included,Round,Mixed Brilliant Cut,Heat Treated,Ceylon (Sri Lanka),https://www.thenaturalsapphirecompany.com/yellow-sapphires/2.52ct-ceylon-sri-lankan-round-yellow-sapphire-s44629/
S44630,3024.0,1200.0,2.52,7.38,6.99,4.96,Yellow,Light,Very Very Slightly Included,Asscher - Octagon,Asscher Cut,Heat Treated,Ceylon (Sri Lanka),https://www.thenaturalsapphirecompany.com/yellow-sapphires/2.52ct-ceylon-sri-lankan-asscher-octagon-yellow-sapphire-s44630/
S44631,3048.0,1200.0,2.54,8.39,6.74,4.45,Yellow,Medium,Very Slightly Included,Emerald Cut,Emerald Cut,Heat Treated,Ceylon (Sri Lanka),https://www.thenaturalsapphirecompany.com/yellow-sapphires/2.54ct-ceylon-sri-lankan-emerald-cut-yellow-sapphire-s44631/
S44632,3048.0,1200.0,2.54,8.07,6.58,4.51,Yellow,Medium,Eye Clean,Emerald Cut,Emerald Cut,Heat Treated,Ceylon (Sri Lanka),https://www.thenaturalsapphirecompany.com/yellow-sapphires/2.54ct-ceylon-sri-lankan-emerald-cut-yellow-sapphire-s44632/
S44633,3060.0,1200.0,2.55,8.28,6.7,4.55,Yellow,Light,Eye Clean,Emerald Cut,Emerald Cut,Heat Treated,Ceylon (Sri Lanka),https://www.thenaturalsapphirecompany.com/yellow-sapphires/2.55ct-ceylon-sri-lankan-emerald-cut-yellow-sapphire-s44633/
S44634,2560.0,1000.0,2.56,8.07,6.13,4.79,Yellow,Light,Very Very Slightly Included,Emerald Cut,Emerald Cut,Heat Treated,Ceylon (Sri Lanka),https://www.thenaturalsapphirecompany.com/yellow-sapphires/2.56ct-ceylon-sri-lankan-emerald-cut-yellow-sapphire-s44634/
S44635,3738.0,1400.0,2.67,8.16,6.91,4.78,Yellow,Light,Very Very Slightly Included,Radiant,Radiant Cut,No Enhancement,Ceylon (Sri Lanka),https://www.thenaturalsapphirecompany.com/yellow-sapphires/2.67ct-ceylon-sri-lankan-radiant-yellow-sapphire-s44635/
S44636,3857.0,1387.0,2.78,8.56,8.39,5.13,Yellow,Light,Eye Clean,Round,Mixed Brilliant Cut,Heat Treated,Ceylon (Sri Lanka),https://www.thenaturalsapphirecompany.com/yellow-sapphires/2.78ct-ceylon-sri-lankan-round-yellow-sapphire-s44636/
S44638,3900.0,1300.0,3.0,8.34,7.31,4.99,Yellow,Medium,Very Slightly Included,Emerald Cut,Emerald Cut,Heat Treated,Ceylon (Sri Lanka),https://www.thenaturalsapphirecompany.com/yellow-sapphires/3.00ct-ceylon-sri-lankan-emerald-cut-yellow-sapphire-s44638/
S44640,3996.0,1110.0,3.6,9.14,7.14,5.09,Yellow,Medium,Very Very Slightly Included,Emerald Cut,Emerald Cut,Heat Treated,Ceylon (Sri Lanka),https://www.thenaturalsapphirecompany.com/yellow-sapphires/3.60ct-ceylon-sri-lankan-emerald-cut-yellow-sapphire-s44640/
S6614,2136.0,1200.0,1.78,6.7,7.9,4.04,Yellow,Medium,Very Slightly Included,Heart,Mixed Brilliant Cut,No Enhancement,Ceylon (Sri Lanka),https://www.thenaturalsapphirecompany.com/yellow-sapphires/1.78ct-ceylon-sri-lankan-heart-yellow-sapphire-s6614/
S6615,1896.0,1200.0,1.58,9.9,6.17,3.54,Yellow,Light,Eye Clean,Pear,Mixed Brilliant Cut,No Enhancement,Ceylon (Sri Lanka),https://www.thenaturalsapphirecompany.com/yellow-sapphires/1.58ct-ceylon-sri-lankan-pear-yellow-sapphire-s6615/
U10583,809.0,1051.0,0.77,5.94,4.98,3.43,Yellowish Green,Intense,Very Slightly Included,Cushion,Mixed Brilliant Cut,Heat Treated,Montana,https://www.thenaturalsapphirecompany.com/yellow-sapphires/0.77ct-montana-cushion-yellowish-green-sapphire-u10583/
U10585,770.0,1100.0,0.7,5.75,4.22,3.42,Yellowish Green,Medium,Very Slightly Included,Cushion,Mixed Brilliant Cut,Heat Treated,Montana,https://www.thenaturalsapphirecompany.com/yellow-sapphires/0.70ct-montana-cushion-yellowish-green-sapphire-u10585/
U10596,948.0,1200.0,0.79,6.15,4.85,3.32,Yellowish Green,Medium,Eye Clean,Cushion,Mixed Brilliant Cut,Heat Treated,Montana,https://www.thenaturalsapphirecompany.com/yellow-sapphires/0.79ct-montana-cushion-yellowish-green-sapphire-u10596/
S6651,600.0,484.0,1.24,6.71,4.81,4.01,Yellowish Green,Intense,Very Slightly Included,Radiant,Radiant Cut,No Enhancement,Madagascar,https://www.thenaturalsapphirecompany.com/yellow-sapphires/1.24ct-madagascar-radiant-yellowish-green-sapphire-s6651/
U10610,855.0,950.0,0.9,6.54,4.6,3.4,Yellowish Green,Medium,Very Slightly Included,Cushion,Mixed Brilliant Cut,Heat Treated,Montana,https://www.thenaturalsapphirecompany.com/yellow-sapphires/0.90ct-montana-cushion-yellowish-green-sapphire-u10610/
U10637,744.0,1200.0,0.62,5.1,4.41,3.32,Yellowish Green,Medium,Eye Clean,Cushion,Mixed Brilliant Cut,Heat Treated,Montana,https://www.thenaturalsapphirecompany.com/yellow-sapphires/0.62ct-montana-cushion-yellowish-green-sapphire-u10637/
U10644,730.0,1000.0,0.73,5.48,4.24,3.69,Yellowish Green,Medium,Eye Clean,Cushion,Mixed Brilliant Cut,Heat Treated,Montana,https://www.thenaturalsapphirecompany.com/yellow-sapphires/0.73ct-montana-cushion-yellowish-green-sapphire-u10644/
U17445,740.0,1000.0,0.74,6.37,4.52,3.27,Yellowish Green,Intense,Slightly Included,Oval,Mixed Brilliant Cut,Heat Treated,Montana,https://www.thenaturalsapphirecompany.com/yellow-sapphires/0.74ct-montana-oval-yellowish-green-sapphire-u17445/
S42378,580.0,500.0,1.16,6.29,6.35,4.05,Orangish Yellow,Intense,Slightly Included,Round,Mixed Brilliant Cut,No Enhancement,Madagascar,https://www.thenaturalsapphirecompany.com/yellow-sapphires/1.16ct-madagascar-round-orangish-yellow-sapphire-s42378/
S42010,500.0,526.0,0.95,6.74,5.34,2.81,Yellowish Green,Intense,Slightly Included,Oval,Mixed Brilliant Cut,No Enhancement,Ceylon (Sri Lanka),https://www.thenaturalsapphirecompany.com/yellow-sapphires/0.95ct-ceylon-sri-lankan-oval-yellowish-green-sapphire-s42010/
S6764,1178.0,950.0,1.24,6.43,5.25,3.8,Yellowish Green,Intense,Eye Clean,Emerald Cut,Emerald Cut,Heat Treated,Ceylon (Sri Lanka),https://www.thenaturalsapphirecompany.com/yellow-sapphires/1.24ct-ceylon-sri-lankan-emerald-cut-yellowish-green-sapphire-s6764/
U10651,792.0,1100.0,0.72,5.69,4.51,3.42,Yellowish Green,Light,Eye Clean,Cushion,Mixed Brilliant Cut,Heat Treated,Montana,https://www.thenaturalsapphirecompany.com/yellow-sapphires/0.72ct-montana-cushion-yellowish-green-sapphire-u10651/
U10652,809.0,1051.0,0.77,6.44,4.97,3.02,Yellowish Green,Medium,Very Slightly Included,Cushion,Mixed Brilliant Cut,Heat Treated,Montana,https://www.thenaturalsapphirecompany.com/yellow-sapphires/0.77ct-montana-cushion-yellowish-green-sapphire-u10652/
U10656,510.0,1000.0,0.51,5.2,4.02,3.0,Greenish Yellow,Medium,Very Slightly Included,Cushion,Mixed Brilliant Cut,Heat Treated,Montana,https://www.thenaturalsapphirecompany.com/yellow-sapphires/0.51ct-montana-cushion-greenish-yellow-sapphire-u10656/
U10674,660.0,1100.0,0.6,5.48,4.28,3.12,Yellow,Faint,Very Slightly Included,Cushion,Mixed Brilliant Cut,Heat Treated,Montana,https://www.thenaturalsapphirecompany.com/yellow-sapphires/0.60ct-montana-cushion-yellow-sapphire-u10674/
U10737,897.0,1150.0,0.78,5.0,4.51,3.88,Yellowish Green,Medium,Eye Clean,Asscher - Octagon,Asscher Cut,Heat Treated,Montana,https://www.thenaturalsapphirecompany.com/yellow-sapphires/0.78ct-montana-asscher-octagon-yellowish-green-sapphire-u10737/
U10793,3657.0,1150.0,3.18,8.15,6.8,5.52,Yellowish Orange,Medium,Very Slightly Included,Emerald Cut,Emerald Cut,No Enhancement,Ceylon (Sri Lanka),https://www.thenaturalsapphirecompany.com/yellow-sapphires/3.18ct-ceylon-sri-lankan-emerald-cut-yellowish-orange-sapphire-u10793/
S23719,1077.0,300.0,3.59,10.29,7.03,5.43,Yellow,Faint,Slightly Included,Oval,Mixed Brilliant Cut,Heat Treated,Madagascar,https://www.thenaturalsapphirecompany.com/yellow-sapphires/3.59ct-madagascar-oval-yellow-sapphire-s23719/
S23722,423.0,300.0,1.41,6.85,6.12,3.62,Orangish Yellow,Intense,Very Slightly Included,Cushion,Mixed Brilliant Cut,Heat Treated,Madagascar,https://www.thenaturalsapphirecompany.com/yellow-sapphires/1.41ct-madagascar-cushion-orangish-yellow-sapphire-s23722/
S23726,606.0,300.0,2.02,8.95,6.85,4.18,Orangish Yellow,Intense,Very Slightly Included,Pear,Mixed Brilliant Cut,Lattice Diffused,Madagascar,https://www.thenaturalsapphirecompany.com/yellow-sapphires/2.02ct-madagascar-pear-orangish-yellow-sapphire-s23726/
S23727,603.0,300.0,2.01,7.8,6.93,3.74,Yellow,Light,Very Slightly Included,Radiant,Radiant Cut,Heat Treated,Madagascar,https://www.thenaturalsapphirecompany.com/yellow-sapphires/2.01ct-madagascar-radiant-yellow-sapphire-s23727/
S23730,504.0,300.0,1.68,8.78,6.95,3.41,Yellowish Orange,Medium,Slightly Included,Pear,Mixed Brilliant Cut,Heat Treated,Madagascar,https://www.thenaturalsapphirecompany.com/yellow-sapphires/1.68ct-madagascar-pear-yellowish-orange-sapphire-s23730/
S23737,588.0,300.0,1.96,9.05,6.98,3.86,Yellow,Medium,Very Very Slightly Included,Pear,Mixed Brilliant Cut,Heat Treated,Madagascar,https://www.thenaturalsapphirecompany.com/yellow-sapphires/1.96ct-madagascar-pear-yellow-sapphire-s23737/
U17632,1107.0,858.0,1.29,7.71,5.64,4.07,Yellowish Green,Intense,Very Slightly Included,Pear,Mixed Brilliant Cut,No Enhancement,Ceylon (Sri Lanka),https://www.thenaturalsapphirecompany.com/yellow-sapphires/1.29ct-ceylon-sri-lankan-pear-yellowish-green-sapphire-u17632/
S44836,1100.0,545.0,2.02,7.07,7.06,5.3,Yellow,Medium,Very Very Slightly Included,Cushion,Mixed Brilliant Cut,No Enhancement,Ceylon (Sri Lanka),https://www.thenaturalsapphirecompany.com/yellow-sapphires/2.02ct-ceylon-sri-lankan-cushion-yellow-sapphire-s44836/
S44846,2200.0,606.0,3.63,8.27,7.51,6.39,Yellow,Light,Very Very Slightly Included,Cushion,Mixed Brilliant Cut,No Enhancement,Ceylon (Sri Lanka),https://www.thenaturalsapphirecompany.com/yellow-sapphires/3.63ct-ceylon-sri-lankan-cushion-yellow-sapphire-s44846/
S39607,3000.0,1676.0,1.79,8.47,6.46,4.03,Yellowish Green,Intense,Very Slightly Included,Oval,Mixed Brilliant Cut,Heat Treated,Madagascar,https://www.thenaturalsapphirecompany.com/yellow-sapphires/1.79ct-madagascar-oval-yellowish-green-sapphire-s39607/
S39608,1672.0,1100.0,1.52,7.02,6.01,4.29,Orangish Yellow,Intense,Very Very Slightly Included,Oval,Mixed Brilliant Cut,Heat Treated,Ceylon (Sri Lanka),https://www.thenaturalsapphirecompany.com/yellow-sapphires/1.52ct-ceylon-sri-lankan-oval-orangish-yellow-sapphire-s39608/
S39625,1174.0,1140.0,1.03,5.85,5.58,3.41,Yellowish Green,Intense,Very Slightly Included,Asscher - Octagon,Asscher Cut,No Enhancement,Nigeria,https://www.thenaturalsapphirecompany.com/yellow-sapphires/1.03ct-nigerian-asscher-octagon-yellowish-green-sapphire-s39625/
