Item_ID,Total_Price,Price_Per_Carat,Weight,Length,Width,Height,Color,Intensity,Clarity,Shape,Cut,Treatment,Origin,URL
S11898,"$6,349","$4,070",1.56 Ct.,7.06,7.02,4.27,Blue,Vivid,Eye Clean,Round,Mixed Brilliant Cut,Heat Treated,Ceylon (Sri Lanka),https://www.thenaturalsapphirecompany.com/blue-sapphires/1.56ct-ceylon-sri-lankan-round-blue-sapphire-s11898/
S12301,"$13,841","$4,692",2.95 Ct.,11.77,7.31,4.41,Blue,Vivid,Eye Clean,Pear,Mixed Brilliant Cut,Heat Treated,Ceylon (Sri Lanka),https://www.thenaturalsapphirecompany.com/blue-sapphires/2.95ct-ceylon-sri-lankan-pear-blue-sapphire-s12301/
S23913,"$34,660","$4,573",7.58 Ct.,11.43,11.32,7.02,Blue,Vivid,Eye Clean,Round,Modified Brilliant Cut,Heat Treated,Ceylon (Sri Lanka),https://www.thenaturalsapphirecompany.com/blue-sapphires/7.58ct-ceylon-sri-lankan-round-blue-sapphire-s23913/
S24093,"$93,744","$5,070",18.49 Ct.,15.45,19.09,9.37,Blue,Vivid,Eye Clean,Heart,Mixed Brilliant Cut,Heat Treated,Madagascar,https://www.thenaturalsapphirecompany.com/blue-sapphires/18.49ct-madagascar-heart-blue-sapphire-s24093/
S9498,"$1,330","$1,900",0.70 Ct.,5.94,4.1,3.21,Blue,Intense,Eye Clean,Oval,Mixed Brilliant Cut,Heat Treated,Ceylon (Sri Lanka),https://www.thenaturalsapphirecompany.com/blue-sapphires/0.70ct-ceylon-sri-lankan-oval-blue-sapphire-s9498/
S21681,"$6,660","$3,217",2.07 Ct.,12.53,5.98,2.93,Blue,Vivid,Eye Clean,Marquise,Mixed Brilliant Cut,No Enhancement,Ceylon (Sri Lanka),https://www.thenaturalsapphirecompany.com/blue-sapphires/2.07ct-ceylon-sri-lankan-marquise-blue-sapphire-s21681/
S23917,"$19,602","$4,538",4.32 Ct.,9.43,9.31,5.58,Blue,Vivid,Very Very Slightly Included,Round,Modified Brilliant Cut,Heat Treated,Ceylon (Sri Lanka),https://www.thenaturalsapphirecompany.com/blue-sapphires/4.32ct-ceylon-sri-lankan-round-blue-sapphire-s23917/
S23926,"$8,786","$2,890",3.04 Ct.,11.46,8.25,4.78,Blue,Intense,Eye Clean,Pear,Modified Brilliant Cut,Heat Treated,Ceylon (Sri Lanka),https://www.thenaturalsapphirecompany.com/blue-sapphires/3.04ct-ceylon-sri-lankan-pear-blue-sapphire-s23926/
S21038,"$2,214","$2,700",0.82 Ct.,5.52,5.42,3.72,Blue,Vivid,Eye Clean,Round,Mixed Brilliant Cut,Heat Treated,Ceylon (Sri Lanka),https://www.thenaturalsapphirecompany.com/blue-sapphires/0.82ct-ceylon-sri-lankan-round-blue-sapphire-s21038/
S24217,"$5,844","$4,995",1.17 Ct.,6.65,5.09,3.72,Blue,Vivid,Eye Clean,Emerald Cut,Emerald Cut,No Enhancement,Madagascar,https://www.thenaturalsapphirecompany.com/blue-sapphires/1.17ct-madagascar-emerald-cut-blue-sapphire-s24217/
S17351,"$8,408","$2,775",3.03 Ct.,8.91,9.51,4.6,Blue,Vivid,Eye Clean,Heart,Mixed Brilliant Cut,Heat Treated,Ceylon (Sri Lanka),https://www.thenaturalsapphirecompany.com/blue-sapphires/3.03ct-ceylon-sri-lankan-heart-blue-sapphire-s17351/
B12923,"$23,562","$5,775",4.08 Ct.,8.53,8.41,5.86,Blue,Vivid,Eye Clean,Asscher - Octagon,Asscher Cut,Heat Treated,Ceylon (Sri Lanka),https://www.thenaturalsapphirecompany.com/blue-sapphires/4.08ct-ceylon-sri-lankan-asscher-octagon-blue-sapphire-b12923/
B13758,"$5,127","$2,127",2.41 Ct.,6.81,9.71,5.41,Blue,Vivid,Eye Clean,Fancy,Step Cut,Heat Treated,Ceylon (Sri Lanka),https://www.thenaturalsapphirecompany.com/blue-sapphires/2.41ct-ceylon-sri-lankan-fancy-blue-sapphire-b13758/
S21524,"$6,105","$2,220",2.75 Ct.,8.58,9,5.04,Blue,Intense,Eye Clean,Heart,Mixed Brilliant Cut,No Enhancement,Ceylon (Sri Lanka),https://www.thenaturalsapphirecompany.com/blue-sapphires/2.75ct-ceylon-sri-lankan-heart-blue-sapphire-s21524/
S18451,"$2,100","$1,750",1.20 Ct.,6.45,6.75,3.96,Blue,Intense,Eye Clean,Heart,Mixed Brilliant Cut,Heat Treated,Ceylon (Sri Lanka),https://www.thenaturalsapphirecompany.com/blue-sapphires/1.20ct-ceylon-sri-lankan-heart-blue-sapphire-s18451/
S15435,"$4,047","$2,313",1.75 Ct.,8.91,6.06,4.57,Blue,Intense,Eye Clean,Pear,Mixed Brilliant Cut,Heat Treated,Ceylon (Sri Lanka),https://www.thenaturalsapphirecompany.com/blue-sapphires/1.75ct-ceylon-sri-lankan-pear-blue-sapphire-s15435/
S12548,"$13,908","$4,590",3.03 Ct.,8.46,9.83,4.82,Blue,Vivid,Eye Clean,Heart,Mixed Brilliant Cut,Heat Treated,Ceylon (Sri Lanka),https://www.thenaturalsapphirecompany.com/blue-sapphires/3.03ct-ceylon-sri-lankan-heart-blue-sapphire-s12548/
S27218,"$9,250","$4,557",2.03 Ct.,7.52,5.83,5.04,Blue,Vivid,Eye Clean,Cushion,Mixed Brilliant Cut,No Enhancement,Ceylon (Sri Lanka),https://www.thenaturalsapphirecompany.com/blue-sapphires/2.03ct-ceylon-sri-lankan-cushion-blue-sapphire-s27218/
S12815,"$9,065","$3,238",2.80 Ct.,8.08,7.94,5.62,Blue,Vivid,Eye Clean,Round,Mixed Brilliant Cut,Heat Treated,Ceylon (Sri Lanka),https://www.thenaturalsapphirecompany.com/blue-sapphires/2.80ct-ceylon-sri-lankan-round-blue-sapphire-s12815/
S8857,"$20,938","$4,950",4.23 Ct.,8.47,8.31,6.15,Blue,Vivid,Very Slightly Included,Asscher - Octagon,Asscher Cut,Heat Treated,Madagascar,https://www.thenaturalsapphirecompany.com/blue-sapphires/4.23ct-madagascar-asscher-octagon-blue-sapphire-s8857/
S14065,"$16,755","$4,760",3.52 Ct.,8.81,7.43,4.99,Blue,Medium,Eye Clean,Emerald Cut,Emerald Cut,No Enhancement,Ceylon (Sri Lanka),https://www.thenaturalsapphirecompany.com/blue-sapphires/3.52ct-ceylon-sri-lankan-emerald-cut-blue-sapphire-s14065/
S11741,"$3,885","$2,775",1.40 Ct.,9.17,6.44,3.08,Blue,Vivid,Very Very Slightly Included,Fancy,Fancy Cut,Heat Treated,Ceylon (Sri Lanka),https://www.thenaturalsapphirecompany.com/blue-sapphires/1.40ct-ceylon-sri-lankan-fancy-blue-sapphire-s11741/
S23824,"$6,896","$3,238",2.13 Ct.,9.31,6.35,4.64,Blue,Vivid,Eye Clean,Pear,Mixed Brilliant Cut,Heat Treated,Ceylon (Sri Lanka),https://www.thenaturalsapphirecompany.com/blue-sapphires/2.13ct-ceylon-sri-lankan-pear-blue-sapphire-s23824/
B16894,$979,"$1,100",0.89 Ct.,5.14,5.13,3.24,Blue,Intense,Eye Clean,Princess,Princess Cut,Heat Treated,Ceylon (Sri Lanka),https://www.thenaturalsapphirecompany.com/blue-sapphires/0.89ct-ceylon-sri-lankan-princess-blue-sapphire-b16894/
S13722,"$3,230","$1,900",1.70 Ct.,6.32,7.55,4.71,Blue,Vivid,Eye Clean,Heart,Mixed Brilliant Cut,Heat Treated,Ceylon (Sri Lanka),https://www.thenaturalsapphirecompany.com/blue-sapphires/1.70ct-ceylon-sri-lankan-heart-blue-sapphire-s13722/
S27225,"$7,400","$3,379",2.19 Ct.,7.27,7.19,3.91,Blue,Medium,Eye Clean,Cushion,Mixed Brilliant Cut,No Enhancement,Ceylon (Sri Lanka),https://www.thenaturalsapphirecompany.com/blue-sapphires/2.19ct-ceylon-sri-lankan-cushion-blue-sapphire-s27225/
S23679,$846,$900,0.94 Ct.,7.18,5.07,3.4,Blue,Intense,Eye Clean,Pear,Mixed Brilliant Cut,Heat Treated,Ceylon (Sri Lanka),https://www.thenaturalsapphirecompany.com/blue-sapphires/0.94ct-ceylon-sri-lankan-pear-blue-sapphire-s23679/
S8564,"$19,567","$9,735",2.01 Ct.,9.68,6.9,3.68,Blue,Vivid,Eye Clean,Pear,Mixed Brilliant Cut,No Enhancement,Ceylon (Sri Lanka),https://www.thenaturalsapphirecompany.com/blue-sapphires/2.01ct-ceylon-sri-lankan-pear-blue-sapphire-s8564/
B17368,"$4,509","$3,607",1.25 Ct.,6.16,5.45,3.83,Blue,Vivid,Eye Clean,Asscher - Octagon,Asscher Cut,No Enhancement,Madagascar,https://www.thenaturalsapphirecompany.com/blue-sapphires/1.25ct-madagascar-asscher-octagon-blue-sapphire-b17368/
B10362,"$4,256","$3,200",1.33 Ct.,5.92,5.86,3.67,Blue,Vivid,Eye Clean,Princess,Step Cut,Heat Treated,Ceylon (Sri Lanka),https://www.thenaturalsapphirecompany.com/blue-sapphires/1.33ct-ceylon-sri-lankan-princess-blue-sapphire-b10362/
S30469,"$22,275","$4,950",4.50 Ct.,9.55,9.41,6.19,Blue,Vivid,Eye Clean,Round,Mixed Brilliant Cut,No Enhancement,Thailand,https://www.thenaturalsapphirecompany.com/blue-sapphires/4.50ct-thai-round-blue-sapphire-s30469/
S15708,"$3,818","$1,480",2.58 Ct.,8.25,7.59,4.18,Blue,Intense,Very Slightly Included,Asscher - Octagon,Asscher Cut,Heat Treated,Ceylon (Sri Lanka),https://www.thenaturalsapphirecompany.com/blue-sapphires/2.58ct-ceylon-sri-lankan-asscher-octagon-blue-sapphire-s15708/
S5641,"$3,116","$1,900",1.64 Ct.,6.33,6.33,4.51,Blue,Medium,Eye Clean,Asscher - Octagon,Asscher Cut,Heat Treated,Ceylon (Sri Lanka),https://www.thenaturalsapphirecompany.com/blue-sapphires/1.64ct-ceylon-sri-lankan-asscher-octagon-blue-sapphire-s5641/
S10613,"$2,310","$2,200",1.05 Ct.,6.63,5.13,3.09,Blue,Intense,Very Slightly Included,Cushion,Mixed Brilliant Cut,Heat Treated,Ceylon (Sri Lanka),https://www.thenaturalsapphirecompany.com/blue-sapphires/1.05ct-ceylon-sri-lankan-cushion-blue-sapphire-s10613/
S10375,"$2,112","$1,200",1.76 Ct.,6.48,6.47,4.37,Blue,Intense,Very Slightly Included,Asscher - Octagon,Asscher Cut,No Enhancement,Ceylon (Sri Lanka),https://www.thenaturalsapphirecompany.com/blue-sapphires/1.76ct-ceylon-sri-lankan-asscher-octagon-blue-sapphire-s10375/
S17313,"$1,540","$1,400",1.10 Ct.,6.44,6.5,3.68,Color Change,Intense,Eye Clean,Round,Mixed Brilliant Cut,No Enhancement,Madagascar,https://www.thenaturalsapphirecompany.com/blue-sapphires/1.10ct-madagascar-round-color-change-sapphire-s17313/
S12538,"$7,234","$4,255",1.70 Ct.,6.69,6.31,4.3,Blue,Intense,Eye Clean,Asscher - Octagon,Asscher Cut,Heat Treated,Ceylon (Sri Lanka),https://www.thenaturalsapphirecompany.com/blue-sapphires/1.70ct-ceylon-sri-lankan-asscher-octagon-blue-sapphire-s12538/
S23195,$920,$800,1.15 Ct.,9.82,5.13,3.18,Blue,Intense,Eye Clean,Pear,Mixed Brilliant Cut,No Enhancement,Ceylon (Sri Lanka),https://www.thenaturalsapphirecompany.com/blue-sapphires/1.15ct-ceylon-sri-lankan-pear-blue-sapphire-s23195/
S11927,"$1,938","$1,700",1.14 Ct.,6.28,5.16,3.59,Blue,Intense,Eye Clean,Emerald Cut,Emerald Cut,Heat Treated,Ceylon (Sri Lanka),https://www.thenaturalsapphirecompany.com/blue-sapphires/1.14ct-ceylon-sri-lankan-emerald-cut-blue-sapphire-s11927/
S24944,"$2,064","$1,600",1.29 Ct.,6.56,5.62,3.86,Blue,Intense,Very Very Slightly Included,Radiant,Radiant Cut,Heat Treated,Ceylon (Sri Lanka),https://www.thenaturalsapphirecompany.com/blue-sapphires/1.29ct-ceylon-sri-lankan-radiant-blue-sapphire-s24944/
S14799,"$1,116",$900,1.24 Ct.,7.14,5.64,3.93,Color Change,Intense,Eye Clean,Oval,Mixed Brilliant Cut,Heat Treated,Madagascar,https://www.thenaturalsapphirecompany.com/blue-sapphires/1.24ct-madagascar-oval-color-change-sapphire-s14799/
S7930,"$5,840","$2,035",2.87 Ct.,10.55,6.98,5.47,Blue,Intense,Very Slightly Included,Pear,Mixed Brilliant Cut,Heat Treated,Ceylon (Sri Lanka),https://www.thenaturalsapphirecompany.com/blue-sapphires/2.87ct-ceylon-sri-lankan-pear-blue-sapphire-s7930/
S5452,"$4,274","$3,053",1.40 Ct.,6.08,6.01,4.32,Blue,Intense,Eye Clean,Asscher - Octagon,Asscher Cut,Heat Treated,Ceylon (Sri Lanka),https://www.thenaturalsapphirecompany.com/blue-sapphires/1.40ct-ceylon-sri-lankan-asscher-octagon-blue-sapphire-s5452/
S7319,"$8,829","$3,187",2.77 Ct.,9.56,7.39,5.51,Blue,Dark,Eye Clean,Pear,Mixed Brilliant Cut,Heat Treated,Ceylon (Sri Lanka),https://www.thenaturalsapphirecompany.com/blue-sapphires/2.77ct-ceylon-sri-lankan-pear-blue-sapphire-s7319/
S7232,"$3,210","$1,500",2.14 Ct.,7.62,7.48,5.15,Bluish Green,Intense,Eye Clean,Round,Mixed Brilliant Cut,No Enhancement,Madagascar,https://www.thenaturalsapphirecompany.com/blue-sapphires/2.14ct-madagascar-round-bluish-green-sapphire-s7232/
B14803,"$8,830","$3,422",2.58 Ct.,8,8.26,4.92,Blue,Intense,Eye Clean,Heart,Mixed Brilliant Cut,Heat Treated,Ceylon (Sri Lanka),https://www.thenaturalsapphirecompany.com/blue-sapphires/2.58ct-ceylon-sri-lankan-heart-blue-sapphire-b14803/
B14611,"$41,122","$5,425",7.58 Ct.,11.72,11.65,6.97,Blue,Vivid,Eye Clean,Round,Mixed Brilliant Cut,Heat Treated,Ceylon (Sri Lanka),https://www.thenaturalsapphirecompany.com/blue-sapphires/7.58ct-ceylon-sri-lankan-round-blue-sapphire-b14611/
B15406,"$31,268","$8,250",3.79 Ct.,9.05,8.99,5.7,Blue,Vivid,Eye Clean,Round,Mixed Brilliant Cut,No Enhancement,Thailand,https://www.thenaturalsapphirecompany.com/blue-sapphires/3.79ct-thai-round-blue-sapphire-b15406/
S20413,"$2,916","$2,700",1.08 Ct.,7.04,5.02,3.19,Blue,Intense,Eye Clean,Cushion,Mixed Brilliant Cut,Heat Treated,Ceylon (Sri Lanka),https://www.thenaturalsapphirecompany.com/blue-sapphires/1.08ct-ceylon-sri-lankan-cushion-blue-sapphire-s20413/
S20536,"$1,360","$1,700",0.80 Ct.,6.37,4.49,2.8,Blue,Medium,Eye Clean,Emerald Cut,Emerald Cut,Heat Treated,Ceylon (Sri Lanka),https://www.thenaturalsapphirecompany.com/blue-sapphires/0.80ct-ceylon-sri-lankan-emerald-cut-blue-sapphire-s20536/
B15758,"$40,316","$13,175",3.06 Ct.,8.47,8.29,5.57,Blue,Vivid,Very Slightly Included,Round,Mixed Brilliant Cut,No Enhancement,Madagascar,https://www.thenaturalsapphirecompany.com/blue-sapphires/3.06ct-madagascar-round-blue-sapphire-b15758/
S8339,"$5,361","$2,590",2.07 Ct.,7.33,7.84,4.88,Blue,Vivid,Eye Clean,Heart,Mixed Brilliant Cut,Heat Treated,Ceylon (Sri Lanka),https://www.thenaturalsapphirecompany.com/blue-sapphires/2.07ct-ceylon-sri-lankan-heart-blue-sapphire-s8339/
B16135,"$1,000","$1,000",1.00 Ct.,7.42,4.8,3.18,Blue,Medium,Very Slightly Included,Cushion,Mixed Brilliant Cut,Heat Treated,Ceylon (Sri Lanka),https://www.thenaturalsapphirecompany.com/blue-sapphires/1.00ct-ceylon-sri-lankan-cushion-blue-sapphire-b16135/
S11923,"$9,758","$4,760",2.05 Ct.,6.93,6.9,4.43,Blue,Vivid,Eye Clean,Asscher - Octagon,Asscher Cut,Heat Treated,Ceylon (Sri Lanka),https://www.thenaturalsapphirecompany.com/blue-sapphires/2.05ct-ceylon-sri-lankan-asscher-octagon-blue-sapphire-s11923/
S11925,"$5,617","$4,070",1.38 Ct.,6.36,6.34,3.84,Blue,Vivid,Eye Clean,Asscher - Octagon,Asscher Cut,Heat Treated,Ceylon (Sri Lanka),https://www.thenaturalsapphirecompany.com/blue-sapphires/1.38ct-ceylon-sri-lankan-asscher-octagon-blue-sapphire-s11925/
S12014,"$22,481","$4,125",5.45 Ct.,11.5,8.41,5.77,Blue,Vivid,Very Slightly Included,Radiant,Radiant Cut,Heat Treated,Ceylon (Sri Lanka),https://www.thenaturalsapphirecompany.com/blue-sapphires/5.45ct-ceylon-sri-lankan-radiant-blue-sapphire-s12014/
B12390,"$24,720","$3,630",6.81 Ct.,12.82,9.54,5.59,Blue,Intense,Very Slightly Included,Cushion,Mixed Brilliant Cut,Heat Treated,Ceylon (Sri Lanka),https://www.thenaturalsapphirecompany.com/blue-sapphires/6.81ct-ceylon-sri-lankan-cushion-blue-sapphire-b12390/
S17628,"$1,972","$1,700",1.16 Ct.,7.54,7.69,2.94,Blue,Dark,Very Slightly Included,Trillion,Trillion Cut,Heat Treated,Ceylon (Sri Lanka),https://www.thenaturalsapphirecompany.com/blue-sapphires/1.16ct-ceylon-sri-lankan-trillion-blue-sapphire-s17628/
B16659,"$16,970","$4,675",3.63 Ct.,12.71,9.81,5.06,Blue,Vivid,Eye Clean,Fancy,Step Cut,Heat Treated,Ceylon (Sri Lanka),https://www.thenaturalsapphirecompany.com/blue-sapphires/3.63ct-ceylon-sri-lankan-fancy-blue-sapphire-b16659/
S20529,"$4,496","$2,498",1.80 Ct.,6.99,6.96,3.94,Blue,Medium,Eye Clean,Asscher - Octagon,Asscher Cut,Heat Treated,Ceylon (Sri Lanka),https://www.thenaturalsapphirecompany.com/blue-sapphires/1.80ct-ceylon-sri-lankan-asscher-octagon-blue-sapphire-s20529/
S5717,"$4,403","$3,238",1.36 Ct.,6.18,6.17,4.08,Blue,Vivid,Eye Clean,Asscher - Octagon,Asscher Cut,Heat Treated,Ceylon (Sri Lanka),https://www.thenaturalsapphirecompany.com/blue-sapphires/1.36ct-ceylon-sri-lankan-asscher-octagon-blue-sapphire-s5717/
S12542,"$27,695","$7,425",3.73 Ct.,11.07,7.98,5.79,Blue,Intense,Eye Clean,Pear,Mixed Brilliant Cut,No Enhancement,Ceylon (Sri Lanka),https://www.thenaturalsapphirecompany.com/blue-sapphires/3.73ct-ceylon-sri-lankan-pear-blue-sapphire-s12542/
S12549,"$8,650","$4,080",2.12 Ct.,6.76,6.41,4.91,Blue,Vivid,Eye Clean,Asscher - Octagon,Asscher Cut,Heat Treated,Ceylon (Sri Lanka),https://www.thenaturalsapphirecompany.com/blue-sapphires/2.12ct-ceylon-sri-lankan-asscher-octagon-blue-sapphire-s12549/
S12547,"$6,566","$3,885",1.69 Ct.,6.53,6.52,4.27,Blue,Intense,Eye Clean,Asscher - Octagon,Asscher Cut,Heat Treated,Ceylon (Sri Lanka),https://www.thenaturalsapphirecompany.com/blue-sapphires/1.69ct-ceylon-sri-lankan-asscher-octagon-blue-sapphire-s12547/
S17850,"$3,300","$3,300",1.00 Ct.,5.46,5.44,3.69,Blue,Vivid,Very Slightly Included,Asscher - Octagon,Asscher Cut,Heat Treated,Ceylon (Sri Lanka),https://www.thenaturalsapphirecompany.com/blue-sapphires/1.00ct-ceylon-sri-lankan-asscher-octagon-blue-sapphire-s17850/
S12601,"$13,566","$8,925",1.52 Ct.,8.12,5.88,3.5,Blue,Intense,Eye Clean,Oval,Mixed Brilliant Cut,No Enhancement,Burma (Myanmar),https://www.thenaturalsapphirecompany.com/blue-sapphires/1.52ct-burma-myanmar-oval-blue-sapphire-s12601/
S17877,"$23,094","$3,547",6.51 Ct.,10.55,8.24,7.42,Blue,Vivid,Very Slightly Included,Radiant,Radiant Cut,Heat Treated,Ceylon (Sri Lanka),https://www.thenaturalsapphirecompany.com/blue-sapphires/6.51ct-ceylon-sri-lankan-radiant-blue-sapphire-s17877/
S9494,"$4,798","$3,608",1.33 Ct.,6.03,6.02,4.17,Blue,Vivid,Eye Clean,Asscher - Octagon,Asscher Cut,Heat Treated,Ceylon (Sri Lanka),https://www.thenaturalsapphirecompany.com/blue-sapphires/1.33ct-ceylon-sri-lankan-asscher-octagon-blue-sapphire-s9494/
S11811,"$16,646","$4,080",4.08 Ct.,11.97,8.46,5.49,Blue,Vivid,Eye Clean,Pear,Mixed Brilliant Cut,Heat Treated,Ceylon (Sri Lanka),https://www.thenaturalsapphirecompany.com/blue-sapphires/4.08ct-ceylon-sri-lankan-pear-blue-sapphire-s11811/
S7400,"$31,538","$6,270",5.03 Ct.,13.68,7.62,5.7,Blue,Intense,Very Slightly Included,Pear,Mixed Brilliant Cut,No Enhancement,Madagascar,https://www.thenaturalsapphirecompany.com/blue-sapphires/5.03ct-madagascar-pear-blue-sapphire-s7400/
S16912,"$15,028","$5,780",2.60 Ct.,9.97,7.6,3.43,Blue,Medium,Very Slightly Included,Radiant,Radiant Cut,No Enhancement,Madagascar,https://www.thenaturalsapphirecompany.com/blue-sapphires/2.60ct-madagascar-radiant-blue-sapphire-s16912/
S11303,"$11,240","$3,230",3.48 Ct.,11.01,8.07,4.6,Blue,Intense,Very Slightly Included,Oval,Mixed Brilliant Cut,Heat Treated,Ceylon (Sri Lanka),https://www.thenaturalsapphirecompany.com/blue-sapphires/3.48ct-ceylon-sri-lankan-oval-blue-sapphire-s11303/
S5710,"$3,731","$3,423",1.09 Ct.,5.97,5.95,3.65,Blue,Vivid,Very Very Slightly Included,Asscher - Octagon,Asscher Cut,Heat Treated,Ceylon (Sri Lanka),https://www.thenaturalsapphirecompany.com/blue-sapphires/1.09ct-ceylon-sri-lankan-asscher-octagon-blue-sapphire-s5710/
S9555,"$19,607","$4,208",4.66 Ct.,9.88,8.11,5.69,Blue,Vivid,Very Slightly Included,Emerald Cut,Emerald Cut,Heat Treated,Ceylon (Sri Lanka),https://www.thenaturalsapphirecompany.com/blue-sapphires/4.66ct-ceylon-sri-lankan-emerald-cut-blue-sapphire-s9555/
S11663,"$27,242","$5,363",5.08 Ct.,10.72,7.63,5.92,Blue,Vivid,Very Slightly Included,Emerald Cut,Emerald Cut,Heat Treated,Madagascar,https://www.thenaturalsapphirecompany.com/blue-sapphires/5.08ct-madagascar-emerald-cut-blue-sapphire-s11663/
S11701,"$8,584","$3,700",2.32 Ct.,6.97,6.95,5.01,Blue,Vivid,Very Slightly Included,Asscher - Octagon,Asscher Cut,Heat Treated,Ceylon (Sri Lanka),https://www.thenaturalsapphirecompany.com/blue-sapphires/2.32ct-ceylon-sri-lankan-asscher-octagon-blue-sapphire-s11701/
S5708,"$3,820","$3,237",1.18 Ct.,5.88,5.63,3.87,Blue,Intense,Eye Clean,Asscher - Octagon,Asscher Cut,Heat Treated,Ceylon (Sri Lanka),https://www.thenaturalsapphirecompany.com/blue-sapphires/1.18ct-ceylon-sri-lankan-asscher-octagon-blue-sapphire-s5708/
S5715,"$3,025","$2,500",1.21 Ct.,6.1,6,3.93,Blue,Intense,Eye Clean,Asscher - Octagon,Asscher Cut,Heat Treated,Ceylon (Sri Lanka),https://www.thenaturalsapphirecompany.com/blue-sapphires/1.21ct-ceylon-sri-lankan-asscher-octagon-blue-sapphire-s5715/
S11657,"$30,113","$5,692",5.29 Ct.,10.91,8.42,6.5,Blue,Vivid,Eye Clean,Oval,Mixed Brilliant Cut,Heat Treated,Ceylon (Sri Lanka),https://www.thenaturalsapphirecompany.com/blue-sapphires/5.29ct-ceylon-sri-lankan-oval-blue-sapphire-s11657/
S17276,"$3,519","$1,700",2.07 Ct.,7.07,6.81,5.28,Bluish Green,Intense,Very Slightly Included,Round,Mixed Brilliant Cut,No Enhancement,Madagascar,https://www.thenaturalsapphirecompany.com/blue-sapphires/2.07ct-madagascar-round-bluish-green-sapphire-s17276/
S17869,"$32,782","$3,642",9.00 Ct.,11.2,11.12,7.57,Blue,Intense,Very Slightly Included,Radiant,Radiant Cut,Heat Treated,Ceylon (Sri Lanka),https://www.thenaturalsapphirecompany.com/blue-sapphires/9.00ct-ceylon-sri-lankan-radiant-blue-sapphire-s17869/
S6440,"$2,028","$1,200",1.69 Ct.,10.33,7.15,3.4,Blue,Light,Eye Clean,Fancy,Fancy Cut,Heat Treated,Ceylon (Sri Lanka),https://www.thenaturalsapphirecompany.com/blue-sapphires/1.69ct-ceylon-sri-lankan-fancy-blue-sapphire-s6440/
S6431,"$1,330","$1,000",1.33 Ct.,9.27,6.97,4.03,Blue,Intense,Slightly Included,Fancy,Fancy Cut,No Enhancement,Ceylon (Sri Lanka),https://www.thenaturalsapphirecompany.com/blue-sapphires/1.33ct-ceylon-sri-lankan-fancy-blue-sapphire-s6431/
S6432,"$1,600","$1,000",1.60 Ct.,10.69,6.83,3.84,Blue,Dark,Very Slightly Included,Fancy,Fancy Cut,No Enhancement,Ceylon (Sri Lanka),https://www.thenaturalsapphirecompany.com/blue-sapphires/1.60ct-ceylon-sri-lankan-fancy-blue-sapphire-s6432/
B12583,"$17,035","$4,785",3.56 Ct.,8.53,8.34,5.53,Blue,Vivid,Eye Clean,Cushion,Mixed Brilliant Cut,Heat Treated,Ceylon (Sri Lanka),https://www.thenaturalsapphirecompany.com/blue-sapphires/3.56ct-ceylon-sri-lankan-cushion-blue-sapphire-b12583/
B14365,"$8,111","$3,284",2.47 Ct.,10.69,7.5,4.18,Blue,Vivid,Very Slightly Included,Pear,Mixed Brilliant Cut,Heat Treated,Ceylon (Sri Lanka),https://www.thenaturalsapphirecompany.com/blue-sapphires/2.47ct-ceylon-sri-lankan-pear-blue-sapphire-b14365/
S6831,"$57,624","$7,840",7.35 Ct.,11.07,11.04,7.69,Blue,Vivid,Eye Clean,Round,Mixed Brilliant Cut,Heat Treated,Ceylon (Sri Lanka),https://www.thenaturalsapphirecompany.com/blue-sapphires/7.35ct-ceylon-sri-lankan-round-blue-sapphire-s6831/
S6837,"$29,684","$5,775",5.14 Ct.,10.05,9.92,6.15,Blue,Medium,Eye Clean,Round,Mixed Brilliant Cut,No Enhancement,Ceylon (Sri Lanka),https://www.thenaturalsapphirecompany.com/blue-sapphires/5.14ct-ceylon-sri-lankan-round-blue-sapphire-s6837/
S6869,"$3,998","$1,886",2.12 Ct.,12.5,4.97,3.87,Blue,Intense,Very Slightly Included,Marquise,Mixed Brilliant Cut,No Enhancement,Ceylon (Sri Lanka),https://www.thenaturalsapphirecompany.com/blue-sapphires/2.12ct-ceylon-sri-lankan-marquise-blue-sapphire-s6869/
S6918,"$18,586","$3,630",5.12 Ct.,11.16,8.11,5.86,Blue,Medium,Eye Clean,Radiant,Radiant Cut,Heat Treated,Ceylon (Sri Lanka),https://www.thenaturalsapphirecompany.com/blue-sapphires/5.12ct-ceylon-sri-lankan-radiant-blue-sapphire-s6918/
S7021,"$6,948","$3,423",2.03 Ct.,8.62,6.59,4.88,Blue,Vivid,Very Slightly Included,Pear,Mixed Brilliant Cut,Heat Treated,Ceylon (Sri Lanka),https://www.thenaturalsapphirecompany.com/blue-sapphires/2.03ct-ceylon-sri-lankan-pear-blue-sapphire-s7021/
S16017,"$33,852","$4,340",7.80 Ct.,13.05,10.49,5.55,Blue,Intense,Eye Clean,Emerald Cut,Emerald Cut,Heat Treated,Ceylon (Sri Lanka),https://www.thenaturalsapphirecompany.com/blue-sapphires/7.80ct-ceylon-sri-lankan-emerald-cut-blue-sapphire-s16017/
B10112,"$24,153","$4,290",5.63 Ct.,9.93,9.66,6.24,Blue,Vivid,Very Slightly Included,Cushion,Mixed Brilliant Cut,Heat Treated,Ceylon (Sri Lanka),https://www.thenaturalsapphirecompany.com/blue-sapphires/5.63ct-ceylon-sri-lankan-cushion-blue-sapphire-b10112/
S4848,"$7,308","$4,625",1.58 Ct.,8.28,5.36,4.53,Blue,Vivid,Eye Clean,Pear,Mixed Brilliant Cut,No Enhancement,Ceylon (Sri Lanka),https://www.thenaturalsapphirecompany.com/blue-sapphires/1.58ct-ceylon-sri-lankan-pear-blue-sapphire-s4848/
S4885,"$5,284","$2,590",2.04 Ct.,10.7,5.31,4.58,Blue,Vivid,Very Slightly Included,Marquise,Mixed Brilliant Cut,No Enhancement,Ceylon (Sri Lanka),https://www.thenaturalsapphirecompany.com/blue-sapphires/2.04ct-ceylon-sri-lankan-marquise-blue-sapphire-s4885/
S5482,"$8,436","$2,775",3.04 Ct.,8.16,8.09,5.89,Blue,Intense,Eye Clean,Round,Mixed Brilliant Cut,Heat Treated,Ceylon (Sri Lanka),https://www.thenaturalsapphirecompany.com/blue-sapphires/3.04ct-ceylon-sri-lankan-round-blue-sapphire-s5482/
S5541,"$30,690","$4,950",6.20 Ct.,10.83,9.14,6.92,Blue,Vivid,Very Slightly Included,Cushion,Mixed Brilliant Cut,Heat Treated,Ceylon (Sri Lanka),https://www.thenaturalsapphirecompany.com/blue-sapphires/6.20ct-ceylon-sri-lankan-cushion-blue-sapphire-s5541/
S10089,"$24,463","$3,465",7.06 Ct.,11.36,9.24,6.95,Blue,Intense,Eye Clean,Radiant,Radiant Cut,Heat Treated,Ceylon (Sri Lanka),https://www.thenaturalsapphirecompany.com/blue-sapphires/7.06ct-ceylon-sri-lankan-radiant-blue-sapphire-s10089/
S7764,"$25,453","$8,456",3.01 Ct.,9.19,6.02,5.59,Blue,Vivid,Very Slightly Included,Emerald Cut,Emerald Cut,No Enhancement,Madagascar,https://www.thenaturalsapphirecompany.com/blue-sapphires/3.01ct-madagascar-emerald-cut-blue-sapphire-s7764/
S21741,"$17,417","$4,290",4.06 Ct.,8.94,8.17,5.48,Blue,Intense,Very Slightly Included,Asscher - Octagon,Asscher Cut,Heat Treated,Ceylon (Sri Lanka),https://www.thenaturalsapphirecompany.com/blue-sapphires/4.06ct-ceylon-sri-lankan-asscher-octagon-blue-sapphire-s21741/
B10161,"$31,508","$5,115",6.16 Ct.,11.46,9.45,6.54,Blue,Vivid,Very Slightly Included,Oval,Modified Brilliant Cut,Heat Treated,Ceylon (Sri Lanka),https://www.thenaturalsapphirecompany.com/blue-sapphires/6.16ct-ceylon-sri-lankan-oval-blue-sapphire-b10161/
S10121,"$3,422","$2,900",1.18 Ct.,6.04,5.99,4.22,Blue,Intense,Very Very Slightly Included,Round,Mixed Brilliant Cut,Heat Treated,Ceylon (Sri Lanka),https://www.thenaturalsapphirecompany.com/blue-sapphires/1.18ct-ceylon-sri-lankan-round-blue-sapphire-s10121/
S15816,"$13,348","$4,420",3.02 Ct.,8.71,8.59,5.48,Blue,Vivid,Eye Clean,Round,Mixed Brilliant Cut,Heat Treated,Ceylon (Sri Lanka),https://www.thenaturalsapphirecompany.com/blue-sapphires/3.02ct-ceylon-sri-lankan-round-blue-sapphire-s15816/
B11632,"$7,542","$2,497",3.02 Ct.,7.65,7.49,5.27,Blue,Medium,Eye Clean,Asscher - Octagon,Asscher Cut,Heat Treated,Ceylon (Sri Lanka),https://www.thenaturalsapphirecompany.com/blue-sapphires/3.02ct-ceylon-sri-lankan-asscher-octagon-blue-sapphire-b11632/
B10110,"$24,196","$3,960",6.11 Ct.,10.88,9.56,6.44,Blue,Vivid,Very Slightly Included,Cushion,Mixed Brilliant Cut,Heat Treated,Ceylon (Sri Lanka),https://www.thenaturalsapphirecompany.com/blue-sapphires/6.11ct-ceylon-sri-lankan-cushion-blue-sapphire-b10110/
S21410,"$3,710","$3,500",1.06 Ct.,5.57,5.48,3.79,Blue,Vivid,Eye Clean,Asscher - Octagon,Asscher Cut,Heat Treated,Ceylon (Sri Lanka),https://www.thenaturalsapphirecompany.com/blue-sapphires/1.06ct-ceylon-sri-lankan-asscher-octagon-blue-sapphire-s21410/
S15935,"$18,295","$2,310",7.92 Ct.,12.65,9.99,7.12,Blue,Vivid,Very Slightly Included,Oval,Mixed Brilliant Cut,Heat Treated,Madagascar,https://www.thenaturalsapphirecompany.com/blue-sapphires/7.92ct-madagascar-oval-blue-sapphire-s15935/
S6833,"$33,006","$6,045",5.46 Ct.,11.06,9.44,6.99,Blue,Vivid,Eye Clean,Oval,Mixed Brilliant Cut,Heat Treated,Ceylon (Sri Lanka),https://www.thenaturalsapphirecompany.com/blue-sapphires/5.46ct-ceylon-sri-lankan-oval-blue-sapphire-s6833/
S4614,"$7,548","$1,850",4.08 Ct.,8.45,8.39,5.68,Blue,Medium,Eye Clean,Radiant,Modified Brilliant Cut,Heat Treated,Ceylon (Sri Lanka),https://www.thenaturalsapphirecompany.com/blue-sapphires/4.08ct-ceylon-sri-lankan-radiant-blue-sapphire-s4614/
S12822,"$13,764","$5,398",2.55 Ct.,7.84,7.73,5.07,Blue,Vivid,Eye Clean,Round,Mixed Brilliant Cut,Heat Treated,Ceylon (Sri Lanka),https://www.thenaturalsapphirecompany.com/blue-sapphires/2.55ct-ceylon-sri-lankan-round-blue-sapphire-s12822/
S6773,"$4,404","$2,128",2.07 Ct.,7.16,7.75,4.83,Blue,Medium,Very Very Slightly Included,Heart,Mixed Brilliant Cut,No Enhancement,Ceylon (Sri Lanka),https://www.thenaturalsapphirecompany.com/blue-sapphires/2.07ct-ceylon-sri-lankan-heart-blue-sapphire-s6773/
B9148,"$36,689","$4,650",7.89 Ct.,13.66,11.06,6.33,Blue,Vivid,Very Slightly Included,Oval,Mixed Brilliant Cut,Heat Treated,Ceylon (Sri Lanka),https://www.thenaturalsapphirecompany.com/blue-sapphires/7.89ct-ceylon-sri-lankan-oval-blue-sapphire-b9148/
B9269,"$28,934","$5,280",5.48 Ct.,10.99,8.68,6.85,Blue,Vivid,Very Slightly Included,Oval,Mixed Brilliant Cut,Heat Treated,Ceylon (Sri Lanka),https://www.thenaturalsapphirecompany.com/blue-sapphires/5.48ct-ceylon-sri-lankan-oval-blue-sapphire-b9269/
B9435,"$45,942","$6,045",7.60 Ct.,10.64,10.64,7.52,Blue,Vivid,Eye Clean,Cushion,Mixed Brilliant Cut,Heat Treated,Ceylon (Sri Lanka),https://www.thenaturalsapphirecompany.com/blue-sapphires/7.60ct-ceylon-sri-lankan-cushion-blue-sapphire-b9435/
B9436,"$43,766","$6,045",7.24 Ct.,11.52,11.22,6.61,Blue,Vivid,Very Slightly Included,Cushion,Mixed Brilliant Cut,Heat Treated,Ceylon (Sri Lanka),https://www.thenaturalsapphirecompany.com/blue-sapphires/7.24ct-ceylon-sri-lankan-cushion-blue-sapphire-b9436/
S9465,"$18,579","$3,300",5.63 Ct.,11.94,7.98,5.99,Blue,Intense,Eye Clean,Emerald Cut,Emerald Cut,Heat Treated,Ceylon (Sri Lanka),https://www.thenaturalsapphirecompany.com/blue-sapphires/5.63ct-ceylon-sri-lankan-emerald-cut-blue-sapphire-s9465/
B9543,"$4,739","$1,950",2.43 Ct.,6.87,9.17,5.03,Blue,Vivid,Eye Clean,Heart,Mixed Brilliant Cut,Heat Treated,Ceylon (Sri Lanka),https://www.thenaturalsapphirecompany.com/blue-sapphires/2.43ct-ceylon-sri-lankan-heart-blue-sapphire-b9543/
S14000,"$26,384","$4,290",6.15 Ct.,10.5,10.39,7.13,Blue,Vivid,Eye Clean,Round,Mixed Brilliant Cut,Heat Treated,Ceylon (Sri Lanka),https://www.thenaturalsapphirecompany.com/blue-sapphires/6.15ct-ceylon-sri-lankan-round-blue-sapphire-s14000/
S7766,"$9,743","$1,870",5.21 Ct.,10.1,7.11,6.89,Blue,Medium,Slightly Included,Radiant,Radiant Cut,No Enhancement,Ceylon (Sri Lanka),https://www.thenaturalsapphirecompany.com/blue-sapphires/5.21ct-ceylon-sri-lankan-radiant-blue-sapphire-s7766/
B10811,"$20,732","$5,775",3.59 Ct.,9.37,6.1,5.94,Blue,Vivid,Slightly Included,Emerald Cut,Emerald Cut,No Enhancement,Burma (Myanmar),https://www.thenaturalsapphirecompany.com/blue-sapphires/3.59ct-burma-myanmar-emerald-cut-blue-sapphire-b10811/
B16887,"$4,394","$1,610",2.73 Ct.,9.08,9.55,4.29,Blue,Medium,Very Slightly Included,Heart,Mixed Brilliant Cut,No Enhancement,Ceylon (Sri Lanka),https://www.thenaturalsapphirecompany.com/blue-sapphires/2.73ct-ceylon-sri-lankan-heart-blue-sapphire-b16887/
S15451,"$33,871","$5,580",6.07 Ct.,9.73,9.76,7.58,Blue,Vivid,Very Slightly Included,Round,Mixed Brilliant Cut,Heat Treated,Madagascar,https://www.thenaturalsapphirecompany.com/blue-sapphires/6.07ct-madagascar-round-blue-sapphire-s15451/
B17314,"$10,850","$3,145",3.45 Ct.,8.1,8.87,5.49,Blue,Vivid,Eye Clean,Heart,Mixed Brilliant Cut,Heat Treated,Ceylon (Sri Lanka),https://www.thenaturalsapphirecompany.com/blue-sapphires/3.45ct-ceylon-sri-lankan-heart-blue-sapphire-b17314/
B17370,"$37,944","$7,440",5.10 Ct.,11.13,9.25,5.64,Blue,Medium,Very Slightly Included,Oval,Mixed Brilliant Cut,No Enhancement,Ceylon (Sri Lanka),https://www.thenaturalsapphirecompany.com/blue-sapphires/5.10ct-ceylon-sri-lankan-oval-blue-sapphire-b17370/
B17381,"$28,364","$4,950",5.73 Ct.,10.01,11.25,6.4,Blue,Vivid,Eye Clean,Heart,Mixed Brilliant Cut,Heat Treated,Ceylon (Sri Lanka),https://www.thenaturalsapphirecompany.com/blue-sapphires/5.73ct-ceylon-sri-lankan-heart-blue-sapphire-b17381/
B17391,"$29,357","$5,280",5.56 Ct.,11.12,8.9,6.52,Blue,Medium,Eye Clean,Oval,Mixed Brilliant Cut,Heat Treated,Ceylon (Sri Lanka),https://www.thenaturalsapphirecompany.com/blue-sapphires/5.56ct-ceylon-sri-lankan-oval-blue-sapphire-b17391/
B17393,"$23,225","$5,610",4.14 Ct.,8.97,8.95,6.48,Blue,Intense,Eye Clean,Round,Mixed Brilliant Cut,Heat Treated,Ceylon (Sri Lanka),https://www.thenaturalsapphirecompany.com/blue-sapphires/4.14ct-ceylon-sri-lankan-round-blue-sapphire-b17393/
B17396,"$11,519","$3,740",3.08 Ct.,8.85,9.3,4.92,Blue,Medium,Eye Clean,Heart,Mixed Brilliant Cut,Heat Treated,Ceylon (Sri Lanka),https://www.thenaturalsapphirecompany.com/blue-sapphires/3.08ct-ceylon-sri-lankan-heart-blue-sapphire-b17396/
B17434,"$8,910","$2,960",3.01 Ct.,7.52,7.02,5.98,Blue,Intense,Very Slightly Included,Cushion,Mixed Brilliant Cut,Heat Treated,Ceylon (Sri Lanka),https://www.thenaturalsapphirecompany.com/blue-sapphires/3.01ct-ceylon-sri-lankan-cushion-blue-sapphire-b17434/
B16952,"$45,066","$5,800",7.77 Ct.,11.31,11.27,6.57,Blue,Vivid,Eye Clean,Cushion,Mixed Brilliant Cut,Heat Treated,Ceylon (Sri Lanka),https://www.thenaturalsapphirecompany.com/blue-sapphires/7.77ct-ceylon-sri-lankan-cushion-blue-sapphire-b16952/
B16768,"$13,005","$4,250",3.06 Ct.,8.82,8.74,4.88,Blue,Dark,Eye Clean,Round,Mixed Brilliant Cut,Heat Treated,Ceylon (Sri Lanka),https://www.thenaturalsapphirecompany.com/blue-sapphires/3.06ct-ceylon-sri-lankan-round-blue-sapphire-b16768/
B16816,"$17,289","$4,290",4.03 Ct.,9.14,9.04,6.32,Blue,Medium,Eye Clean,Round,Mixed Brilliant Cut,Heat Treated,Ceylon (Sri Lanka),https://www.thenaturalsapphirecompany.com/blue-sapphires/4.03ct-ceylon-sri-lankan-round-blue-sapphire-b16816/
B16977,"$37,166","$5,890",6.31 Ct.,9.85,9.55,7.35,Blue,Vivid,Eye Clean,Cushion,Mixed Brilliant Cut,Heat Treated,Ceylon (Sri Lanka),https://www.thenaturalsapphirecompany.com/blue-sapphires/6.31ct-ceylon-sri-lankan-cushion-blue-sapphire-b16977/
B17095,"$5,020","$2,498",2.01 Ct.,9.86,8.45,2.83,Blue,Vivid,Very Slightly Included,Fancy,Step Cut,Heat Treated,Ceylon (Sri Lanka),https://www.thenaturalsapphirecompany.com/blue-sapphires/2.01ct-ceylon-sri-lankan-fancy-blue-sapphire-b17095/
B17099,"$57,565","$6,230",9.24 Ct.,11.47,10.89,8.66,Blue,Vivid,Very Slightly Included,Cushion,Mixed Brilliant Cut,Heat Treated,Ceylon (Sri Lanka),https://www.thenaturalsapphirecompany.com/blue-sapphires/9.24ct-ceylon-sri-lankan-cushion-blue-sapphire-b17099/
B17131,"$8,704","$2,720",3.20 Ct.,9.31,6.99,6.12,Blue,Vivid,Very Slightly Included,Pear,Mixed Brilliant Cut,Heat Treated,Ceylon (Sri Lanka),https://www.thenaturalsapphirecompany.com/blue-sapphires/3.20ct-ceylon-sri-lankan-pear-blue-sapphire-b17131/
B17137,"$8,872","$2,890",3.07 Ct.,9.35,6.91,5.67,Blue,Vivid,Very Slightly Included,Pear,Mixed Brilliant Cut,Heat Treated,Ceylon (Sri Lanka),https://www.thenaturalsapphirecompany.com/blue-sapphires/3.07ct-ceylon-sri-lankan-pear-blue-sapphire-b17137/
B17177,"$7,489","$2,960",2.53 Ct.,9.43,7.22,4.65,Blue,Vivid,Eye Clean,Pear,Mixed Brilliant Cut,Heat Treated,Ceylon (Sri Lanka),https://www.thenaturalsapphirecompany.com/blue-sapphires/2.53ct-ceylon-sri-lankan-pear-blue-sapphire-b17177/
B16320,"$6,749","$2,220",3.04 Ct.,7.98,7.36,4.58,Blue,Medium,Very Slightly Included,Asscher - Octagon,Asscher Cut,No Enhancement,Ceylon (Sri Lanka),https://www.thenaturalsapphirecompany.com/blue-sapphires/3.04ct-ceylon-sri-lankan-asscher-octagon-blue-sapphire-b16320/
B16660,"$27,658","$3,712",7.45 Ct.,13.86,9.48,6.76,Blue,Vivid,Very Slightly Included,Pear,Mixed Brilliant Cut,Heat Treated,Ceylon (Sri Lanka),https://www.thenaturalsapphirecompany.com/blue-sapphires/7.45ct-ceylon-sri-lankan-pear-blue-sapphire-b16660/
B16681,"$15,836","$3,910",4.05 Ct.,9.17,9.04,6.14,Blue,Intense,Eye Clean,Round,Mixed Brilliant Cut,Heat Treated,Ceylon (Sri Lanka),https://www.thenaturalsapphirecompany.com/blue-sapphires/4.05ct-ceylon-sri-lankan-round-blue-sapphire-b16681/
B16693,"$31,019","$6,847",4.53 Ct.,9.32,8.01,6.59,Blue,Intense,Very Slightly Included,Cushion,Mixed Brilliant Cut,No Enhancement,Ceylon (Sri Lanka),https://www.thenaturalsapphirecompany.com/blue-sapphires/4.53ct-ceylon-sri-lankan-cushion-blue-sapphire-b16693/
B16669,"$4,311","$1,850",2.33 Ct.,8.86,6.88,5.14,Blue,Intense,Very Slightly Included,Pear,Mixed Brilliant Cut,Heat Treated,Ceylon (Sri Lanka),https://www.thenaturalsapphirecompany.com/blue-sapphires/2.33ct-ceylon-sri-lankan-pear-blue-sapphire-b16669/
B16741,"$4,570","$1,758",2.60 Ct.,8.16,9.71,4.59,Blue,Vivid,Slightly Included,Heart,Mixed Brilliant Cut,Heat Treated,Ceylon (Sri Lanka),https://www.thenaturalsapphirecompany.com/blue-sapphires/2.60ct-ceylon-sri-lankan-heart-blue-sapphire-b16741/
B17066,"$9,241","$3,060",3.02 Ct.,9.55,7.36,4.51,Blue,Vivid,Eye Clean,Cushion,Mixed Brilliant Cut,Heat Treated,Ceylon (Sri Lanka),https://www.thenaturalsapphirecompany.com/blue-sapphires/3.02ct-ceylon-sri-lankan-cushion-blue-sapphire-b17066/
B9798,"$24,307","$5,760",4.22 Ct.,9.38,8.5,5.43,Blue,Vivid,Eye Clean,Emerald Cut,Emerald Cut,Heat Treated,Ceylon (Sri Lanka),https://www.thenaturalsapphirecompany.com/blue-sapphires/4.22ct-ceylon-sri-lankan-emerald-cut-blue-sapphire-b9798/
B9800,"$5,024","$3,200",1.57 Ct.,6.14,6.11,3.92,Blue,Dark,Eye Clean,Princess,Step Cut,Heat Treated,Ceylon (Sri Lanka),https://www.thenaturalsapphirecompany.com/blue-sapphires/1.57ct-ceylon-sri-lankan-princess-blue-sapphire-b9800/
B17598,"$9,262","$4,080",2.27 Ct.,7.2,7.04,5.11,Blue,Vivid,Very Slightly Included,Cushion,Mixed Brilliant Cut,Heat Treated,Ceylon (Sri Lanka),https://www.thenaturalsapphirecompany.com/blue-sapphires/2.27ct-ceylon-sri-lankan-cushion-blue-sapphire-b17598/
B17618,"$6,269","$2,498",2.51 Ct.,7.37,8.16,5.31,Blue,Medium,Very Slightly Included,Heart,Mixed Brilliant Cut,No Enhancement,Ceylon (Sri Lanka),https://www.thenaturalsapphirecompany.com/blue-sapphires/2.51ct-ceylon-sri-lankan-heart-blue-sapphire-b17618/
S20989,"$2,853","$2,246",1.27 Ct.,6.85,5.85,4.19,Blue,Intense,Slightly Included,Cushion,Mixed Brilliant Cut,Heat Treated,Montana,https://www.thenaturalsapphirecompany.com/blue-sapphires/1.27ct-montana-cushion-blue-sapphire-s20989/
S15462,"$12,716","$3,740",3.40 Ct.,8.69,8.62,5.8,Blue,Vivid,Eye Clean,Round,Mixed Brilliant Cut,Heat Treated,Ceylon (Sri Lanka),https://www.thenaturalsapphirecompany.com/blue-sapphires/3.40ct-ceylon-sri-lankan-round-blue-sapphire-s15462/
B9079,"$21,168","$5,400",3.92 Ct.,9.91,7.81,5.04,Blue,Vivid,Very Very Slightly Included,Emerald Cut,Emerald Cut,Heat Treated,Ceylon (Sri Lanka),https://www.thenaturalsapphirecompany.com/blue-sapphires/3.92ct-ceylon-sri-lankan-emerald-cut-blue-sapphire-b9079/
B9445,"$58,411","$6,440",9.07 Ct.,13.61,9.82,7.84,Blue,Vivid,Eye Clean,Oval,Mixed Brilliant Cut,Heat Treated,Ceylon (Sri Lanka),https://www.thenaturalsapphirecompany.com/blue-sapphires/9.07ct-ceylon-sri-lankan-oval-blue-sapphire-b9445/
S8125,"$7,770","$3,469",2.24 Ct.,9.15,6.88,4.94,Blue,Vivid,Very Slightly Included,Pear,Mixed Brilliant Cut,Heat Treated,Ceylon (Sri Lanka),https://www.thenaturalsapphirecompany.com/blue-sapphires/2.24ct-ceylon-sri-lankan-pear-blue-sapphire-s8125/
B15914,"$31,953","$5,425",5.89 Ct.,9.93,9.78,6.97,Blue,Vivid,Eye Clean,Cushion,Mixed Brilliant Cut,Heat Treated,Ceylon (Sri Lanka),https://www.thenaturalsapphirecompany.com/blue-sapphires/5.89ct-ceylon-sri-lankan-cushion-blue-sapphire-b15914/
B16020,"$16,682","$4,950",3.37 Ct.,10.42,7.37,4.21,Blue,Vivid,Very Slightly Included,Cushion,Mixed Brilliant Cut,Heat Treated,Ceylon (Sri Lanka),https://www.thenaturalsapphirecompany.com/blue-sapphires/3.37ct-ceylon-sri-lankan-cushion-blue-sapphire-b16020/
S8183,"$44,631","$4,350",10.26 Ct.,12.77,10.49,8.1,Blue,Vivid,Very Slightly Included,Cushion,Mixed Brilliant Cut,Heat Treated,Ceylon (Sri Lanka),https://www.thenaturalsapphirecompany.com/blue-sapphires/10.26ct-ceylon-sri-lankan-cushion-blue-sapphire-s8183/
B16104,"$5,760","$1,203",4.79 Ct.,9.63,11.15,6.09,Blue,Light,Eye Clean,Heart,Mixed Brilliant Cut,Heat Treated,Ceylon (Sri Lanka),https://www.thenaturalsapphirecompany.com/blue-sapphires/4.79ct-ceylon-sri-lankan-heart-blue-sapphire-b16104/
B15757,"$12,971","$5,950",2.18 Ct.,8.3,6.34,4.76,Blue,Medium,Very Slightly Included,Oval,Mixed Brilliant Cut,No Enhancement,Madagascar,https://www.thenaturalsapphirecompany.com/blue-sapphires/2.18ct-madagascar-oval-blue-sapphire-b15757/
U10340,"$4,040","$1,110",3.64 Ct.,8.59,9.74,5.87,Bluish Green,Intense,Eye Clean,Heart,Mixed Brilliant Cut,Heat Treated,Ceylon (Sri Lanka),https://www.thenaturalsapphirecompany.com/blue-sapphires/3.64ct-ceylon-sri-lankan-heart-bluish-green-sapphire-u10340/
B15750,"$8,836","$3,825",2.31 Ct.,7.35,6.13,5.33,Blue,Vivid,Very Slightly Included,Cushion,Mixed Brilliant Cut,No Enhancement,Ceylon (Sri Lanka),https://www.thenaturalsapphirecompany.com/blue-sapphires/2.31ct-ceylon-sri-lankan-cushion-blue-sapphire-b15750/
S20537,"$3,750","$2,500",1.50 Ct.,6.48,6.38,3.89,Blue,Medium,Very Slightly Included,Asscher - Octagon,Asscher Cut,Heat Treated,Ceylon (Sri Lanka),https://www.thenaturalsapphirecompany.com/blue-sapphires/1.50ct-ceylon-sri-lankan-asscher-octagon-blue-sapphire-s20537/
B15870,"$13,804","$4,760",2.90 Ct.,8.19,8.13,5.68,Blue,Vivid,Very Slightly Included,Round,Mixed Brilliant Cut,Heat Treated,Ceylon (Sri Lanka),https://www.thenaturalsapphirecompany.com/blue-sapphires/2.90ct-ceylon-sri-lankan-round-blue-sapphire-b15870/
B12819,"$44,995","$5,968",7.54 Ct.,11.9,10.94,6.35,Blue,Vivid,Eye Clean,Cushion,Mixed Brilliant Cut,Heat Treated,Ceylon (Sri Lanka),https://www.thenaturalsapphirecompany.com/blue-sapphires/7.54ct-ceylon-sri-lankan-cushion-blue-sapphire-b12819/
S8132,"$3,000","$2,500",1.20 Ct.,5.87,5.88,4,Blue,Intense,Eye Clean,Asscher - Octagon,Asscher Cut,Heat Treated,Ceylon (Sri Lanka),https://www.thenaturalsapphirecompany.com/blue-sapphires/1.20ct-ceylon-sri-lankan-asscher-octagon-blue-sapphire-s8132/
S8158,"$32,010","$5,500",5.82 Ct.,11.31,8.85,6.46,Blue,Intense,Very Slightly Included,Oval,Mixed Brilliant Cut,No Enhancement,Ceylon (Sri Lanka),https://www.thenaturalsapphirecompany.com/blue-sapphires/5.82ct-ceylon-sri-lankan-oval-blue-sapphire-s8158/
B15845,"$5,361","$1,665",3.22 Ct.,7.96,7.72,6.15,Blue,Vivid,Very Slightly Included,Asscher - Octagon,Asscher Cut,Heat Treated,Ceylon (Sri Lanka),https://www.thenaturalsapphirecompany.com/blue-sapphires/3.22ct-ceylon-sri-lankan-asscher-octagon-blue-sapphire-b15845/
S8287,"$44,022","$7,975",5.52 Ct.,10.9,8.61,6.12,Blue,Intense,Very Slightly Included,Cushion,Mixed Brilliant Cut,No Enhancement,Ceylon (Sri Lanka),https://www.thenaturalsapphirecompany.com/blue-sapphires/5.52ct-ceylon-sri-lankan-cushion-blue-sapphire-s8287/
B15045,"$2,525","$2,500",1.01 Ct.,5.54,5.12,3.48,Blue,Vivid,Very Slightly Included,Asscher - Octagon,Asscher Cut,Heat Treated,Ceylon (Sri Lanka),https://www.thenaturalsapphirecompany.com/blue-sapphires/1.01ct-ceylon-sri-lankan-asscher-octagon-blue-sapphire-b15045/
B15189,"$31,182","$5,037",6.19 Ct.,11.04,8.38,6.89,Blue,Vivid,Eye Clean,Cushion,Mixed Brilliant Cut,Heat Treated,Ceylon (Sri Lanka),https://www.thenaturalsapphirecompany.com/blue-sapphires/6.19ct-ceylon-sri-lankan-cushion-blue-sapphire-b15189/
B15225,"$23,315","$7,425",3.14 Ct.,7.12,6.95,6.57,Blue,Intense,Very Slightly Included,Asscher - Octagon,Asscher Cut,No Enhancement,Madagascar,https://www.thenaturalsapphirecompany.com/blue-sapphires/3.14ct-madagascar-asscher-octagon-blue-sapphire-b15225/
B15421,"$3,802","$2,775",1.37 Ct.,6.51,6.45,4.47,Blue,Vivid,Eye Clean,Round,Mixed Brilliant Cut,Heat Treated,Ceylon (Sri Lanka),https://www.thenaturalsapphirecompany.com/blue-sapphires/1.37ct-ceylon-sri-lankan-round-blue-sapphire-b15421/
B15411,"$35,061","$4,650",7.54 Ct.,15.2,10.55,6.58,Blue,Vivid,Eye Clean,Pear,Mixed Brilliant Cut,Heat Treated,Ceylon (Sri Lanka),https://www.thenaturalsapphirecompany.com/blue-sapphires/7.54ct-ceylon-sri-lankan-pear-blue-sapphire-b15411/
B15470,"$32,736","$5,280",6.20 Ct.,12.18,11.35,5.74,Blue,Intense,Eye Clean,Cushion,Mixed Brilliant Cut,Heat Treated,Ceylon (Sri Lanka),https://www.thenaturalsapphirecompany.com/blue-sapphires/6.20ct-ceylon-sri-lankan-cushion-blue-sapphire-b15470/
S15111,"$31,103","$8,250",3.77 Ct.,9.55,6.54,5.59,Blue,Vivid,Eye Clean,Emerald Cut,Emerald Cut,Heat Treated,Ceylon (Sri Lanka),https://www.thenaturalsapphirecompany.com/blue-sapphires/3.77ct-ceylon-sri-lankan-emerald-cut-blue-sapphire-s15111/
B15476,"$4,764","$2,313",2.06 Ct.,7.88,7.28,3.88,Blue,Light,Eye Clean,Asscher - Octagon,Asscher Cut,Heat Treated,Ceylon (Sri Lanka),https://www.thenaturalsapphirecompany.com/blue-sapphires/2.06ct-ceylon-sri-lankan-asscher-octagon-blue-sapphire-b15476/
B14869,"$18,826","$5,775",3.26 Ct.,9.53,7.26,4.92,Blue,Intense,Very Slightly Included,Radiant,Radiant Cut,No Enhancement,Ceylon (Sri Lanka),https://www.thenaturalsapphirecompany.com/blue-sapphires/3.26ct-ceylon-sri-lankan-radiant-blue-sapphire-b14869/
B15402,"$42,470","$7,750",5.48 Ct.,10.32,8.21,7.06,Blue,Vivid,Very Slightly Included,Oval,Mixed Brilliant Cut,No Enhancement,Madagascar,https://www.thenaturalsapphirecompany.com/blue-sapphires/5.48ct-madagascar-oval-blue-sapphire-b15402/
B15405,"$45,880","$15,500",2.96 Ct.,8.41,7.27,5.56,Blue,Vivid,Very Slightly Included,Cushion,Mixed Brilliant Cut,No Enhancement,Burma (Myanmar),https://www.thenaturalsapphirecompany.com/blue-sapphires/2.96ct-burma-myanmar-cushion-blue-sapphire-b15405/
B15346,"$9,247","$2,890",3.20 Ct.,10.27,7.85,5.25,Blue,Intense,Very Slightly Included,Pear,Mixed Brilliant Cut,No Enhancement,Ceylon (Sri Lanka),https://www.thenaturalsapphirecompany.com/blue-sapphires/3.20ct-ceylon-sri-lankan-pear-blue-sapphire-b15346/
B14605,"$12,080","$3,740",3.23 Ct.,8.17,8.09,5.84,Blue,Intense,Eye Clean,Round,Mixed Brilliant Cut,Heat Treated,Ceylon (Sri Lanka),https://www.thenaturalsapphirecompany.com/blue-sapphires/3.23ct-ceylon-sri-lankan-round-blue-sapphire-b14605/
B14610,"$26,812","$4,290",6.25 Ct.,10.64,10.55,6.76,Blue,Medium,Eye Clean,Round,Mixed Brilliant Cut,Heat Treated,Ceylon (Sri Lanka),https://www.thenaturalsapphirecompany.com/blue-sapphires/6.25ct-ceylon-sri-lankan-round-blue-sapphire-b14610/
S7211,"$12,866","$3,655",3.52 Ct.,11.64,7.16,5.48,Blue,Vivid,Very Slightly Included,Pear,Mixed Brilliant Cut,Heat Treated,Ceylon (Sri Lanka),https://www.thenaturalsapphirecompany.com/blue-sapphires/3.52ct-ceylon-sri-lankan-pear-blue-sapphire-s7211/
S12887,"$30,683","$3,176",9.66 Ct.,14.41,10.19,7.48,Blue,Medium,Eye Clean,Cushion,Mixed Brilliant Cut,Heat Treated,Ceylon (Sri Lanka),https://www.thenaturalsapphirecompany.com/blue-sapphires/9.66ct-ceylon-sri-lankan-cushion-blue-sapphire-s12887/
S3313,"$12,878","$6,375",2.02 Ct.,7.46,7.35,4.2,Blue,Vivid,Very Slightly Included,Round,Mixed Brilliant Cut,No Enhancement,Madagascar,https://www.thenaturalsapphirecompany.com/blue-sapphires/2.02ct-madagascar-round-blue-sapphire-s3313/
S3662,"$4,079","$3,237",1.26 Ct.,6.58,7.22,3.62,Blue,Vivid,Eye Clean,Heart,Mixed Brilliant Cut,Heat Treated,Ceylon (Sri Lanka),https://www.thenaturalsapphirecompany.com/blue-sapphires/1.26ct-ceylon-sri-lankan-heart-blue-sapphire-s3662/
S13900,"$26,770","$5,280",5.07 Ct.,9.6,8.48,6.54,Blue,Vivid,Eye Clean,Emerald Cut,Emerald Cut,Heat Treated,Ceylon (Sri Lanka),https://www.thenaturalsapphirecompany.com/blue-sapphires/5.07ct-ceylon-sri-lankan-emerald-cut-blue-sapphire-s13900/
B10955,"$27,176","$4,950",5.49 Ct.,10.55,7.98,6.27,Blue,Vivid,Eye Clean,Emerald Cut,Emerald Cut,Heat Treated,Ceylon (Sri Lanka),https://www.thenaturalsapphirecompany.com/blue-sapphires/5.49ct-ceylon-sri-lankan-emerald-cut-blue-sapphire-b10955/
S7352,"$37,781","$5,812",6.50 Ct.,11.32,8.8,6.99,Blue,Vivid,Eye Clean,Cushion,Mixed Brilliant Cut,Heat Treated,Ceylon (Sri Lanka),https://www.thenaturalsapphirecompany.com/blue-sapphires/6.50ct-ceylon-sri-lankan-cushion-blue-sapphire-s7352/
B14145,"$43,478","$8,525",5.10 Ct.,11.5,9.22,5.69,Blue,Vivid,Very Slightly Included,Oval,Mixed Brilliant Cut,No Enhancement,Nigeria,https://www.thenaturalsapphirecompany.com/blue-sapphires/5.10ct-nigerian-oval-blue-sapphire-b14145/
S13453,"$8,316","$2,683",3.10 Ct.,8.8,7.21,5.43,Blue,Intense,Eye Clean,Oval,Mixed Brilliant Cut,Heat Treated,Ceylon (Sri Lanka),https://www.thenaturalsapphirecompany.com/blue-sapphires/3.10ct-ceylon-sri-lankan-oval-blue-sapphire-s13453/
B10781,"$41,525","$7,285",5.70 Ct.,11.53,9.86,5.94,Blue,Vivid,Eye Clean,Oval,Mixed Brilliant Cut,No Enhancement,Ceylon (Sri Lanka),https://www.thenaturalsapphirecompany.com/blue-sapphires/5.70ct-ceylon-sri-lankan-oval-blue-sapphire-b10781/
S18742,"$14,346","$4,930",2.91 Ct.,8.04,8,5.66,Blue,Vivid,Very Slightly Included,Round,Mixed Brilliant Cut,Heat Treated,Ceylon (Sri Lanka),https://www.thenaturalsapphirecompany.com/blue-sapphires/2.91ct-ceylon-sri-lankan-round-blue-sapphire-s18742/
S5661,"$28,512","$4,950",5.76 Ct.,13.4,9.5,6.17,Blue,Intense,Very Slightly Included,Pear,Mixed Brilliant Cut,No Enhancement,Ceylon (Sri Lanka),https://www.thenaturalsapphirecompany.com/blue-sapphires/5.76ct-ceylon-sri-lankan-pear-blue-sapphire-s5661/
S17849,"$4,586","$3,422",1.34 Ct.,5.97,5.97,4,Blue,Vivid,Very Slightly Included,Asscher - Octagon,Asscher Cut,Heat Treated,Ceylon (Sri Lanka),https://www.thenaturalsapphirecompany.com/blue-sapphires/1.34ct-ceylon-sri-lankan-asscher-octagon-blue-sapphire-s17849/
S12841,"$59,500","$11,900",5.00 Ct.,9.68,8.81,5.99,Blue,Vivid,Eye Clean,Cushion,Mixed Brilliant Cut,No Enhancement,Ceylon (Sri Lanka),https://www.thenaturalsapphirecompany.com/blue-sapphires/5.00ct-ceylon-sri-lankan-cushion-blue-sapphire-s12841/
S3615,"$9,669","$2,525",3.83 Ct.,8.97,6.33,6.49,Blue,Intense,Very Slightly Included,Emerald Cut,Emerald Cut,No Enhancement,Ceylon (Sri Lanka),https://www.thenaturalsapphirecompany.com/blue-sapphires/3.83ct-ceylon-sri-lankan-emerald-cut-blue-sapphire-s3615/
S12845,"$44,089","$4,883",9.03 Ct.,12.36,10.69,7.51,Blue,Medium,Very Slightly Included,Cushion,Mixed Brilliant Cut,No Enhancement,Ceylon (Sri Lanka),https://www.thenaturalsapphirecompany.com/blue-sapphires/9.03ct-ceylon-sri-lankan-cushion-blue-sapphire-s12845/
S12812,"$42,631","$5,580",7.64 Ct.,13.38,10.72,7.43,Blue,Vivid,Very Slightly Included,Pear,Mixed Brilliant Cut,Heat Treated,Ceylon (Sri Lanka),https://www.thenaturalsapphirecompany.com/blue-sapphires/7.64ct-ceylon-sri-lankan-pear-blue-sapphire-s12812/
S12905,"$15,851","$4,760",3.33 Ct.,8.66,8.58,5.66,Blue,Vivid,Eye Clean,Round,Mixed Brilliant Cut,Heat Treated,Ceylon (Sri Lanka),https://www.thenaturalsapphirecompany.com/blue-sapphires/3.33ct-ceylon-sri-lankan-round-blue-sapphire-s12905/
S24255,"$4,161","$2,050",2.03 Ct.,7.61,6.83,5.03,Bluish Green,Intense,Very Very Slightly Included,Oval,Mixed Brilliant Cut,No Enhancement,Madagascar,https://www.thenaturalsapphirecompany.com/blue-sapphires/2.03ct-madagascar-oval-bluish-green-sapphire-s24255/
S8059,"$54,919","$10,875",5.05 Ct.,9.44,8.64,6,Blue,Vivid,Very Slightly Included,Cushion,Mixed Brilliant Cut,No Enhancement,Ceylon (Sri Lanka),https://www.thenaturalsapphirecompany.com/blue-sapphires/5.05ct-ceylon-sri-lankan-cushion-blue-sapphire-s8059/
B14266,"$31,099","$4,417",7.04 Ct.,11.01,9.54,6.79,Blue,Vivid,Eye Clean,Cushion,Mixed Brilliant Cut,Heat Treated,Ceylon (Sri Lanka),https://www.thenaturalsapphirecompany.com/blue-sapphires/7.04ct-ceylon-sri-lankan-cushion-blue-sapphire-b14266/
B14058,"$9,180","$4,080",2.25 Ct.,7.17,6.77,4.9,Blue,Vivid,Slightly Included,Cushion,Mixed Brilliant Cut,No Enhancement,Ceylon (Sri Lanka),https://www.thenaturalsapphirecompany.com/blue-sapphires/2.25ct-ceylon-sri-lankan-cushion-blue-sapphire-b14058/
B14247,"$3,675","$2,500",1.47 Ct.,6.78,6.77,3.69,Blue,Vivid,Eye Clean,Asscher - Octagon,Asscher Cut,Heat Treated,Ceylon (Sri Lanka),https://www.thenaturalsapphirecompany.com/blue-sapphires/1.47ct-ceylon-sri-lankan-asscher-octagon-blue-sapphire-b14247/
S7870,"$42,658","$5,658",7.54 Ct.,14.02,9.77,6.06,Blue,Vivid,Very Slightly Included,Oval,Mixed Brilliant Cut,Heat Treated,Ceylon (Sri Lanka),https://www.thenaturalsapphirecompany.com/blue-sapphires/7.54ct-ceylon-sri-lankan-oval-blue-sapphire-s7870/
S7387,"$42,017","$8,370",5.02 Ct.,10.31,10.24,5.61,Blue,Intense,Very Slightly Included,Round,Mixed Brilliant Cut,No Enhancement,Madagascar,https://www.thenaturalsapphirecompany.com/blue-sapphires/5.02ct-madagascar-round-blue-sapphire-s7387/
S7935,"$5,883","$2,220",2.65 Ct.,9.01,7.6,4.18,Violet,Medium,Very Slightly Included,Emerald Cut,Emerald Cut,Heat Treated,Ceylon (Sri Lanka),https://www.thenaturalsapphirecompany.com/blue-sapphires/2.65ct-ceylon-sri-lankan-emerald-cut-violet-sapphire-s7935/
B14302,"$18,638","$5,280",3.53 Ct.,10.34,7.97,5.49,Blue,Vivid,Very Slightly Included,Pear,Mixed Brilliant Cut,Heat Treated,Ceylon (Sri Lanka),https://www.thenaturalsapphirecompany.com/blue-sapphires/3.53ct-ceylon-sri-lankan-pear-blue-sapphire-b14302/
B14119,"$31,686","$5,038",6.29 Ct.,11.83,9.1,6.68,Blue,Vivid,Eye Clean,Oval,Mixed Brilliant Cut,Heat Treated,Ceylon (Sri Lanka),https://www.thenaturalsapphirecompany.com/blue-sapphires/6.29ct-ceylon-sri-lankan-oval-blue-sapphire-b14119/
B14133,"$38,432","$6,975",5.51 Ct.,10.33,9.53,6.16,Blue,Vivid,Very Slightly Included,Cushion,Mixed Brilliant Cut,No Enhancement,Ceylon (Sri Lanka),https://www.thenaturalsapphirecompany.com/blue-sapphires/5.51ct-ceylon-sri-lankan-cushion-blue-sapphire-b14133/
B14134,"$14,664","$3,230",4.54 Ct.,10.23,7.55,6.26,Blue,Intense,Very Slightly Included,Radiant,Radiant Cut,Heat Treated,Ceylon (Sri Lanka),https://www.thenaturalsapphirecompany.com/blue-sapphires/4.54ct-ceylon-sri-lankan-radiant-blue-sapphire-b14134/
B14067,"$7,093","$3,330",2.13 Ct.,10.67,6.61,3.85,Blue,Vivid,Very Slightly Included,Marquise,Mixed Brilliant Cut,Heat Treated,Ceylon (Sri Lanka),https://www.thenaturalsapphirecompany.com/blue-sapphires/2.13ct-ceylon-sri-lankan-marquise-blue-sapphire-b14067/
B14024,"$33,536","$5,580",6.01 Ct.,10.02,9.79,6.45,Blue,Vivid,Very Slightly Included,Cushion,Mixed Brilliant Cut,Heat Treated,Ceylon (Sri Lanka),https://www.thenaturalsapphirecompany.com/blue-sapphires/6.01ct-ceylon-sri-lankan-cushion-blue-sapphire-b14024/
B14054,"$6,368","$2,250",2.83 Ct.,6.93,6.47,6.13,Blue,Intense,Very Slightly Included,Asscher - Octagon,Asscher Cut,No Enhancement,Ceylon (Sri Lanka),https://www.thenaturalsapphirecompany.com/blue-sapphires/2.83ct-ceylon-sri-lankan-asscher-octagon-blue-sapphire-b14054/
S7643,"$38,572","$6,975",5.53 Ct.,9.83,9.17,6.42,Blue,Vivid,Eye Clean,Asscher - Octagon,Asscher Cut,Heat Treated,Ceylon (Sri Lanka),https://www.thenaturalsapphirecompany.com/blue-sapphires/5.53ct-ceylon-sri-lankan-asscher-octagon-blue-sapphire-s7643/
B13600,"$11,594","$3,740",3.10 Ct.,8.37,8.3,5.62,Blue,Intense,Eye Clean,Round,Mixed Brilliant Cut,Heat Treated,Ceylon (Sri Lanka),https://www.thenaturalsapphirecompany.com/blue-sapphires/3.10ct-ceylon-sri-lankan-round-blue-sapphire-b13600/
B13622,"$8,745","$2,165",4.04 Ct.,8.57,9.37,5.69,Blue,Intense,Slightly Included,Heart,Mixed Brilliant Cut,No Enhancement,Ceylon (Sri Lanka),https://www.thenaturalsapphirecompany.com/blue-sapphires/4.04ct-ceylon-sri-lankan-heart-blue-sapphire-b13622/
S5719,"$4,435","$3,237",1.37 Ct.,6.3,6.26,3.95,Blue,Intense,Very Slightly Included,Asscher - Octagon,Asscher Cut,Heat Treated,Ceylon (Sri Lanka),https://www.thenaturalsapphirecompany.com/blue-sapphires/1.37ct-ceylon-sri-lankan-asscher-octagon-blue-sapphire-s5719/
B13771,"$62,877","$7,840",8.02 Ct.,12.22,10.61,6.27,Blue,Vivid,Eye Clean,Cushion,Mixed Brilliant Cut,Heat Treated,Madagascar,https://www.thenaturalsapphirecompany.com/blue-sapphires/8.02ct-madagascar-cushion-blue-sapphire-b13771/
B13123,"$49,525","$6,525",7.59 Ct.,10.73,10.63,8,Blue,Intense,Eye Clean,Round,Mixed Brilliant Cut,Heat Treated,Ceylon (Sri Lanka),https://www.thenaturalsapphirecompany.com/blue-sapphires/7.59ct-ceylon-sri-lankan-round-blue-sapphire-b13123/
B12957,"$29,462","$5,280",5.58 Ct.,10.91,8.69,6.76,Blue,Vivid,Eye Clean,Oval,Mixed Brilliant Cut,Heat Treated,Ceylon (Sri Lanka),https://www.thenaturalsapphirecompany.com/blue-sapphires/5.58ct-ceylon-sri-lankan-oval-blue-sapphire-b12957/
B12959,"$20,827","$4,537",4.59 Ct.,10.44,7.89,6.7,Blue,Vivid,Very Very Slightly Included,Oval,Mixed Brilliant Cut,Heat Treated,Ceylon (Sri Lanka),https://www.thenaturalsapphirecompany.com/blue-sapphires/4.59ct-ceylon-sri-lankan-oval-blue-sapphire-b12959/
B12981,"$3,611","$2,300",1.57 Ct.,6.24,6.22,4.01,Blue,Vivid,Very Slightly Included,Asscher - Octagon,Asscher Cut,Heat Treated,Ceylon (Sri Lanka),https://www.thenaturalsapphirecompany.com/blue-sapphires/1.57ct-ceylon-sri-lankan-asscher-octagon-blue-sapphire-b12981/
B12887,"$71,051","$12,825",5.54 Ct.,10.75,8.14,7.6,Blue,Vivid,Very Slightly Included,Oval,Mixed Brilliant Cut,No Enhancement,Ceylon (Sri Lanka),https://www.thenaturalsapphirecompany.com/blue-sapphires/5.54ct-ceylon-sri-lankan-oval-blue-sapphire-b12887/
B13404,"$28,356","$4,702",6.03 Ct.,10.38,9.23,6.56,Blue,Vivid,Very Slightly Included,Cushion,Mixed Brilliant Cut,Heat Treated,Ceylon (Sri Lanka),https://www.thenaturalsapphirecompany.com/blue-sapphires/6.03ct-ceylon-sri-lankan-cushion-blue-sapphire-b13404/
B9114,"$38,609","$5,348",7.22 Ct.,10.68,10.58,7.36,Blue,Vivid,Very Slightly Included,Cushion,Mixed Brilliant Cut,Heat Treated,Ceylon (Sri Lanka),https://www.thenaturalsapphirecompany.com/blue-sapphires/7.22ct-ceylon-sri-lankan-cushion-blue-sapphire-b9114/
B13248,"$27,015","$4,868",5.55 Ct.,9.57,11.18,6.64,Blue,Vivid,Eye Clean,Heart,Mixed Brilliant Cut,Heat Treated,Ceylon (Sri Lanka),https://www.thenaturalsapphirecompany.com/blue-sapphires/5.55ct-ceylon-sri-lankan-heart-blue-sapphire-b13248/
B13254,"$29,002","$3,465",8.37 Ct.,13.02,10.71,6.22,Blue,Vivid,Eye Clean,Cushion,Mixed Brilliant Cut,Heat Treated,Ceylon (Sri Lanka),https://www.thenaturalsapphirecompany.com/blue-sapphires/8.37ct-ceylon-sri-lankan-cushion-blue-sapphire-b13254/
B13272,"$1,476","$1,200",1.23 Ct.,6.03,5.97,3.81,Greyish Blue,Light,Very Slightly Included,Princess,Princess Cut,No Enhancement,Ceylon (Sri Lanka),https://www.thenaturalsapphirecompany.com/blue-sapphires/1.23ct-ceylon-sri-lankan-princess-greyish-blue-sapphire-b13272/
B13247,"$18,904","$4,702",4.02 Ct.,8.64,9.19,6.38,Blue,Vivid,Eye Clean,Heart,Mixed Brilliant Cut,Heat Treated,Ceylon (Sri Lanka),https://www.thenaturalsapphirecompany.com/blue-sapphires/4.02ct-ceylon-sri-lankan-heart-blue-sapphire-b13247/
B13377,"$36,479","$6,975",5.23 Ct.,10.91,8.08,5.88,Blue,Vivid,Eye Clean,Emerald Cut,Emerald Cut,Heat Treated,Ceylon (Sri Lanka),https://www.thenaturalsapphirecompany.com/blue-sapphires/5.23ct-ceylon-sri-lankan-emerald-cut-blue-sapphire-b13377/
B13400,"$26,611","$3,465",7.68 Ct.,13.77,10.13,6.37,Blue,Vivid,Very Slightly Included,Cushion,Mixed Brilliant Cut,Heat Treated,Ceylon (Sri Lanka),https://www.thenaturalsapphirecompany.com/blue-sapphires/7.68ct-ceylon-sri-lankan-cushion-blue-sapphire-b13400/
S14410,"$16,541","$4,125",4.01 Ct.,11.28,7.52,5.73,Blue,Vivid,Very Slightly Included,Pear,Mixed Brilliant Cut,Heat Treated,Ceylon (Sri Lanka),https://www.thenaturalsapphirecompany.com/blue-sapphires/4.01ct-ceylon-sri-lankan-pear-blue-sapphire-s14410/
S19790,"$6,332","$3,423",1.85 Ct.,7.12,6.47,4.42,Blue,Vivid,Very Slightly Included,Asscher - Octagon,Asscher Cut,Heat Treated,Ceylon (Sri Lanka),https://www.thenaturalsapphirecompany.com/blue-sapphires/1.85ct-ceylon-sri-lankan-asscher-octagon-blue-sapphire-s19790/
B12668,"$16,667","$3,230",5.16 Ct.,9.62,9.45,6.19,Blue,Vivid,Very Slightly Included,Asscher - Octagon,Asscher Cut,Heat Treated,Ceylon (Sri Lanka),https://www.thenaturalsapphirecompany.com/blue-sapphires/5.16ct-ceylon-sri-lankan-asscher-octagon-blue-sapphire-b12668/
B11839,"$14,697","$3,230",4.55 Ct.,10.62,10.48,4.98,Blue,Vivid,Eye Clean,Round,Mixed Brilliant Cut,Heat Treated,Ceylon (Sri Lanka),https://www.thenaturalsapphirecompany.com/blue-sapphires/4.55ct-ceylon-sri-lankan-round-blue-sapphire-b11839/
S14273,"$33,201","$5,425",6.12 Ct.,10.64,8.76,6.22,Blue,Vivid,Eye Clean,Emerald Cut,Emerald Cut,Heat Treated,Ceylon (Sri Lanka),https://www.thenaturalsapphirecompany.com/blue-sapphires/6.12ct-ceylon-sri-lankan-emerald-cut-blue-sapphire-s14273/
S7492,"$25,863","$3,878",6.67 Ct.,10.94,9.22,6.64,Blue,Medium,Eye Clean,Emerald Cut,Emerald Cut,Heat Treated,Ceylon (Sri Lanka),https://www.thenaturalsapphirecompany.com/blue-sapphires/6.67ct-ceylon-sri-lankan-emerald-cut-blue-sapphire-s7492/
S7498,"$8,583","$2,805",3.06 Ct.,9.22,9.04,5.25,Blue,Intense,Very Slightly Included,Round,Mixed Brilliant Cut,Heat Treated,Ceylon (Sri Lanka),https://www.thenaturalsapphirecompany.com/blue-sapphires/3.06ct-ceylon-sri-lankan-round-blue-sapphire-s7498/
B12311,"$15,480","$4,000",3.87 Ct.,10.27,7.23,5.74,Blue,Vivid,Eye Clean,Fancy,French Cut,Heat Treated,Montana,https://www.thenaturalsapphirecompany.com/blue-sapphires/3.87ct-montana-fancy-blue-sapphire-b12311/
B16810,"$39,730","$7,440",5.34 Ct.,9.6,9.49,7.17,Blue,Vivid,Eye Clean,Round,Mixed Brilliant Cut,Heat Treated,Ceylon (Sri Lanka),https://www.thenaturalsapphirecompany.com/blue-sapphires/5.34ct-ceylon-sri-lankan-round-blue-sapphire-b16810/
B17666,"$50,358","$16,675",3.02 Ct.,10.33,7.4,5.42,Blue,Vivid,Very Slightly Included,Pear,Mixed Brilliant Cut,No Enhancement,Madagascar,https://www.thenaturalsapphirecompany.com/blue-sapphires/3.02ct-madagascar-pear-blue-sapphire-b17666/
B12341,"$13,688","$3,740",3.66 Ct.,8.54,8.05,5.87,Blue,Intense,Eye Clean,Radiant,Modified Brilliant Cut,Heat Treated,Ceylon (Sri Lanka),https://www.thenaturalsapphirecompany.com/blue-sapphires/3.66ct-ceylon-sri-lankan-radiant-blue-sapphire-b12341/
B12424,"$34,058","$5,657",6.02 Ct.,9.97,9.94,6.27,Blue,Vivid,Eye Clean,Cushion,Mixed Brilliant Cut,Heat Treated,Ceylon (Sri Lanka),https://www.thenaturalsapphirecompany.com/blue-sapphires/6.02ct-ceylon-sri-lankan-cushion-blue-sapphire-b12424/
B12433,"$25,010","$3,878",6.45 Ct.,12.25,10.3,6.11,Blue,Intense,Very Slightly Included,Oval,Mixed Brilliant Cut,Heat Treated,Ceylon (Sri Lanka),https://www.thenaturalsapphirecompany.com/blue-sapphires/6.45ct-ceylon-sri-lankan-oval-blue-sapphire-b12433/
B12490,"$12,453","$4,250",2.93 Ct.,7.96,6.66,5.8,Blue,Medium,Very Slightly Included,Cushion,Mixed Brilliant Cut,No Enhancement,Madagascar,https://www.thenaturalsapphirecompany.com/blue-sapphires/2.93ct-madagascar-cushion-blue-sapphire-b12490/
B12531,"$27,831","$5,362",5.19 Ct.,10.09,9.91,6.67,Blue,Vivid,Very Slightly Included,Round,Mixed Brilliant Cut,Heat Treated,Ceylon (Sri Lanka),https://www.thenaturalsapphirecompany.com/blue-sapphires/5.19ct-ceylon-sri-lankan-round-blue-sapphire-b12531/
S19794,"$26,793","$3,795",7.06 Ct.,10.74,10.64,7.37,Blue,Medium,Eye Clean,Round,Mixed Brilliant Cut,Heat Treated,Ceylon (Sri Lanka),https://www.thenaturalsapphirecompany.com/blue-sapphires/7.06ct-ceylon-sri-lankan-round-blue-sapphire-s19794/
B10368,"$43,701","$5,735",7.62 Ct.,11.84,10.76,6.15,Blue,Vivid,Very Slightly Included,Cushion,Mixed Brilliant Cut,Heat Treated,Ceylon (Sri Lanka),https://www.thenaturalsapphirecompany.com/blue-sapphires/7.62ct-ceylon-sri-lankan-cushion-blue-sapphire-b10368/
S14130,"$21,557","$5,362",4.02 Ct.,9.57,7.93,5.7,Blue,Vivid,Eye Clean,Emerald Cut,Emerald Cut,Heat Treated,Ceylon (Sri Lanka),https://www.thenaturalsapphirecompany.com/blue-sapphires/4.02ct-ceylon-sri-lankan-emerald-cut-blue-sapphire-s14130/
S14149,"$18,604","$4,125",4.51 Ct.,10.34,9.25,5.06,Blue,Vivid,Very Slightly Included,Emerald Cut,Emerald Cut,Heat Treated,Ceylon (Sri Lanka),https://www.thenaturalsapphirecompany.com/blue-sapphires/4.51ct-ceylon-sri-lankan-emerald-cut-blue-sapphire-s14149/
S14081,"$7,071","$4,810",1.47 Ct.,6.21,6.19,4.18,Blue,Vivid,Eye Clean,Asscher - Octagon,Asscher Cut,Heat Treated,Ceylon (Sri Lanka),https://www.thenaturalsapphirecompany.com/blue-sapphires/1.47ct-ceylon-sri-lankan-asscher-octagon-blue-sapphire-s14081/
B10501,"$25,928","$8,002",3.24 Ct.,8.31,8.17,5.33,Blue,Vivid,Very Slightly Included,Cushion,Mixed Brilliant Cut,No Enhancement,Ceylon (Sri Lanka),https://www.thenaturalsapphirecompany.com/blue-sapphires/3.24ct-ceylon-sri-lankan-cushion-blue-sapphire-b10501/
B11255,"$3,907","$2,035",1.92 Ct.,6.9,8.38,4.34,Blue,Dark,Eye Clean,Heart,Mixed Brilliant Cut,Heat Treated,Ceylon (Sri Lanka),https://www.thenaturalsapphirecompany.com/blue-sapphires/1.92ct-ceylon-sri-lankan-heart-blue-sapphire-b11255/
B11447,"$23,050","$5,734",4.02 Ct.,9.31,9.17,5.25,Blue,Intense,Very Slightly Included,Cushion,Mixed Brilliant Cut,No Enhancement,Ceylon (Sri Lanka),https://www.thenaturalsapphirecompany.com/blue-sapphires/4.02ct-ceylon-sri-lankan-cushion-blue-sapphire-b11447/
S7398,"$29,380","$4,785",6.14 Ct.,11.73,9.48,6.62,Blue,Intense,Very Slightly Included,Oval,Mixed Brilliant Cut,Heat Treated,Ceylon (Sri Lanka),https://www.thenaturalsapphirecompany.com/blue-sapphires/6.14ct-ceylon-sri-lankan-oval-blue-sapphire-s7398/
S14073,"$31,962","$4,573",6.99 Ct.,14.22,10.03,6.33,Blue,Vivid,Eye Clean,Pear,Mixed Brilliant Cut,Heat Treated,Ceylon (Sri Lanka),https://www.thenaturalsapphirecompany.com/blue-sapphires/6.99ct-ceylon-sri-lankan-pear-blue-sapphire-s14073/
B17388,"$32,625","$6,435",5.07 Ct.,11.01,9.05,6.08,Blue,Vivid,Eye Clean,Oval,Mixed Brilliant Cut,Heat Treated,Ceylon (Sri Lanka),https://www.thenaturalsapphirecompany.com/blue-sapphires/5.07ct-ceylon-sri-lankan-oval-blue-sapphire-b17388/
S7348,"$16,483","$5,440",3.03 Ct.,8.34,7.18,5.08,Blue,Medium,Eye Clean,Cushion,Mixed Brilliant Cut,No Enhancement,Ceylon (Sri Lanka),https://www.thenaturalsapphirecompany.com/blue-sapphires/3.03ct-ceylon-sri-lankan-cushion-blue-sapphire-s7348/
B10688,"$7,894","$3,145",2.51 Ct.,6.37,12.56,4.19,Blue,Vivid,Eye Clean,Fancy,Fancy Cut,No Enhancement,Ceylon (Sri Lanka),https://www.thenaturalsapphirecompany.com/blue-sapphires/2.51ct-ceylon-sri-lankan-fancy-blue-sapphire-b10688/
B10689,"$3,296","$1,600",2.06 Ct.,6.84,7.13,5.11,Blue,Vivid,Very Slightly Included,Fancy,Step Cut,No Enhancement,Ceylon (Sri Lanka),https://www.thenaturalsapphirecompany.com/blue-sapphires/2.06ct-ceylon-sri-lankan-fancy-blue-sapphire-b10689/
S3702,"$31,186","$6,200",5.03 Ct.,11.97,8.04,4.8,Blue,Vivid,Very Slightly Included,Emerald Cut,Emerald Cut,Heat Treated,Ceylon (Sri Lanka),https://www.thenaturalsapphirecompany.com/blue-sapphires/5.03ct-ceylon-sri-lankan-emerald-cut-blue-sapphire-s3702/
S10954,"$4,773","$2,220",2.15 Ct.,7.03,6.55,5.02,Blue,Medium,Eye Clean,Cushion,Mixed Brilliant Cut,No Enhancement,Ceylon (Sri Lanka),https://www.thenaturalsapphirecompany.com/blue-sapphires/2.15ct-ceylon-sri-lankan-cushion-blue-sapphire-s10954/
B11246,"$6,013","$3,052",1.97 Ct.,9.48,6.03,4.62,Blue,Vivid,Very Slightly Included,Pear,Mixed Brilliant Cut,Heat Treated,Ceylon (Sri Lanka),https://www.thenaturalsapphirecompany.com/blue-sapphires/1.97ct-ceylon-sri-lankan-pear-blue-sapphire-b11246/
B11521,"$29,621","$5,610",5.28 Ct.,9.48,8.82,6.94,Blue,Vivid,Very Slightly Included,Cushion,Mixed Brilliant Cut,Heat Treated,Ceylon (Sri Lanka),https://www.thenaturalsapphirecompany.com/blue-sapphires/5.28ct-ceylon-sri-lankan-cushion-blue-sapphire-b11521/
S19751,"$2,860","$2,200",1.30 Ct.,6.42,6.44,4.24,Blue,Intense,Very Slightly Included,Round,Mixed Brilliant Cut,Heat Treated,Montana,https://www.thenaturalsapphirecompany.com/blue-sapphires/1.30ct-montana-round-blue-sapphire-s19751/
B9471,"$15,603","$4,420",3.53 Ct.,9.08,7.96,5.95,Blue,Vivid,Eye Clean,Oval,Mixed Brilliant Cut,Heat Treated,Ceylon (Sri Lanka),https://www.thenaturalsapphirecompany.com/blue-sapphires/3.53ct-ceylon-sri-lankan-oval-blue-sapphire-b9471/
B8259,"$2,704","$1,600",1.69 Ct.,7.02,7.14,4.95,Greenish Blue,Vivid,Very Slightly Included,Trillion,Trillion Cut,Heat Treated,Montana,https://www.thenaturalsapphirecompany.com/blue-sapphires/1.69ct-montana-trillion-greenish-blue-sapphire-b8259/
B8280,"$6,383","$2,128",3.00 Ct.,9.13,6.39,5.75,Blue,Medium,Very Slightly Included,Cushion,Mixed Brilliant Cut,No Enhancement,Ceylon (Sri Lanka),https://www.thenaturalsapphirecompany.com/blue-sapphires/3.00ct-ceylon-sri-lankan-cushion-blue-sapphire-b8280/
B8084,"$9,547","$3,060",3.12 Ct.,9.05,6.89,5.26,Blue,Vivid,Eye Clean,Oval,Mixed Brilliant Cut,Heat Treated,Ceylon (Sri Lanka),https://www.thenaturalsapphirecompany.com/blue-sapphires/3.12ct-ceylon-sri-lankan-oval-blue-sapphire-b8084/
B6921,$672,$800,0.84 Ct.,6.2,4.75,3.42,Blue,Intense,Very Slightly Included,Cushion,Mixed Brilliant Cut,Heat Treated,Ceylon (Sri Lanka),https://www.thenaturalsapphirecompany.com/blue-sapphires/0.84ct-ceylon-sri-lankan-cushion-blue-sapphire-b6921/
B16723,"$35,317","$5,425",6.51 Ct.,10.57,10.17,6.32,Blue,Vivid,Eye Clean,Cushion,Mixed Brilliant Cut,Heat Treated,Ceylon (Sri Lanka),https://www.thenaturalsapphirecompany.com/blue-sapphires/6.51ct-ceylon-sri-lankan-cushion-blue-sapphire-b16723/
B17567,"$10,924","$3,060",3.57 Ct.,10.36,7.47,5.52,Blue,Intense,Very Slightly Included,Oval,Mixed Brilliant Cut,Heat Treated,Ceylon (Sri Lanka),https://www.thenaturalsapphirecompany.com/blue-sapphires/3.57ct-ceylon-sri-lankan-oval-blue-sapphire-b17567/
B17585,"$11,921","$4,675",2.55 Ct.,8.83,5.98,4.82,Blue,Vivid,Very Slightly Included,Emerald Cut,Emerald Cut,Heat Treated,Ceylon (Sri Lanka),https://www.thenaturalsapphirecompany.com/blue-sapphires/2.55ct-ceylon-sri-lankan-emerald-cut-blue-sapphire-b17585/
S11775,"$3,336","$1,200",2.78 Ct.,10.03,7.07,4.94,Color Change,Intense,Very Slightly Included,Pear,Mixed Brilliant Cut,No Enhancement,Ceylon (Sri Lanka),https://www.thenaturalsapphirecompany.com/blue-sapphires/2.78ct-ceylon-sri-lankan-pear-color-change-sapphire-s11775/
U14772,"$10,220","$2,040",5.01 Ct.,10.01,7.99,6.51,Bluish Green,Vivid,Eye Clean,Cushion,Mixed Brilliant Cut,No Enhancement,Ceylon (Sri Lanka),https://www.thenaturalsapphirecompany.com/blue-sapphires/5.01ct-ceylon-sri-lankan-cushion-bluish-green-sapphire-u14772/
S11931,"$44,423","$6,161",7.21 Ct.,11.45,11,6.47,Blue,Intense,Very Slightly Included,Cushion,Mixed Brilliant Cut,Heat Treated,Ceylon (Sri Lanka),https://www.thenaturalsapphirecompany.com/blue-sapphires/7.21ct-ceylon-sri-lankan-cushion-blue-sapphire-s11931/
S21056,"$3,012","$2,021",1.49 Ct.,6.19,6.19,4.59,Greenish Blue,Intense,Very Slightly Included,Cushion,Mixed Brilliant Cut,Heat Treated,Montana,https://www.thenaturalsapphirecompany.com/blue-sapphires/1.49ct-montana-cushion-greenish-blue-sapphire-s21056/
B16665,"$6,149","$2,220",2.77 Ct.,9.45,7.79,4.38,Blue,Intense,Very Slightly Included,Oval,Mixed Brilliant Cut,Heat Treated,Ceylon (Sri Lanka),https://www.thenaturalsapphirecompany.com/blue-sapphires/2.77ct-ceylon-sri-lankan-oval-blue-sapphire-b16665/
B16722,"$14,494","$3,570",4.06 Ct.,9.4,7.68,6.09,Blue,Vivid,Eye Clean,Cushion,Mixed Brilliant Cut,Heat Treated,Ceylon (Sri Lanka),https://www.thenaturalsapphirecompany.com/blue-sapphires/4.06ct-ceylon-sri-lankan-cushion-blue-sapphire-b16722/
,,,,,,,,,,,,,,https://www.thenaturalsapphirecompany.com/blue-sapphires/3.64ct-ceylon-sri-lankan-cushion-blue-sapphire-b16698/
,,,,,,,,,,,,,,https://www.thenaturalsapphirecompany.com/blue-sapphires/2.79ct-ceylon-sri-lankan-oval-blue-sapphire-b16663/
,,,,,,,,,,,,,,https://www.thenaturalsapphirecompany.com/blue-sapphires/1.44ct-ceylon-sri-lankan-round-blue-sapphire-b16413/
,,,,,,,,,,,,,,https://www.thenaturalsapphirecompany.com/blue-sapphires/1.60ct-thai-oval-blue-sapphire-b16311/
,,,,,,,,,,,,,,https://www.thenaturalsapphirecompany.com/blue-sapphires/0.88ct-ceylon-sri-lankan-round-color-change-sapphire-b16481/
,,,,,,,,,,,,,,https://www.thenaturalsapphirecompany.com/blue-sapphires/10.19ct-ceylon-sri-lankan-oval-blue-sapphire-b16613/
,,,,,,,,,,,,,,https://www.thenaturalsapphirecompany.com/blue-sapphires/2.55ct-ceylon-sri-lankan-round-blue-sapphire-b16628/
,,,,,,,,,,,,,,https://www.thenaturalsapphirecompany.com/blue-sapphires/2.58ct-ceylon-sri-lankan-asscher-octagon-blue-sapphire-b16979/
,,,,,,,,,,,,,,https://www.thenaturalsapphirecompany.com/blue-sapphires/4.24ct-madagascar-round-blue-sapphire-b16980/
,,,,,,,,,,,,,,https://www.thenaturalsapphirecompany.com/blue-sapphires/1.30ct-ceylon-sri-lankan-round-blue-sapphire-b16811/
,,,,,,,,,,,,,,https://www.thenaturalsapphirecompany.com/blue-sapphires/6.14ct-ceylon-sri-lankan-oval-blue-sapphire-b16814/
,,,,,,,,,,,,,,https://www.thenaturalsapphirecompany.com/blue-sapphires/5.51ct-ceylon-sri-lankan-round-greenish-blue-sapphire-b16770/
,,,,,,,,,,,,,,https://www.thenaturalsapphirecompany.com/blue-sapphires/1.74ct-ceylon-sri-lankan-heart-color-change-sapphire-b16940/
,,,,,,,,,,,,,,https://www.thenaturalsapphirecompany.com/blue-sapphires/11.16ct-madagascar-asscher-octagon-blue-sapphire-b16928/
,,,,,,,,,,,,,,https://www.thenaturalsapphirecompany.com/blue-sapphires/3.00ct-ceylon-sri-lankan-pear-blue-sapphire-b17442/
,,,,,,,,,,,,,,https://www.thenaturalsapphirecompany.com/blue-sapphires/2.59ct-ceylon-sri-lankan-pear-blue-sapphire-b17444/
,,,,,,,,,,,,,,https://www.thenaturalsapphirecompany.com/blue-sapphires/5.69ct-ceylon-sri-lankan-asscher-octagon-color-change-sapphire-b17339/
,,,,,,,,,,,,,,https://www.thenaturalsapphirecompany.com/blue-sapphires/4.04ct-ceylon-sri-lankan-cushion-blue-sapphire-b17394/
,,,,,,,,,,,,,,https://www.thenaturalsapphirecompany.com/blue-sapphires/1.73ct-ceylon-sri-lankan-cushion-blue-sapphire-b17462/
,,,,,,,,,,,,,,https://www.thenaturalsapphirecompany.com/blue-sapphires/3.81ct-ceylon-sri-lankan-round-blue-sapphire-s8556/
,,,,,,,,,,,,,,https://www.thenaturalsapphirecompany.com/blue-sapphires/7.12ct-ceylon-sri-lankan-oval-bluish-green-sapphire-u14611/
,,,,,,,,,,,,,,https://www.thenaturalsapphirecompany.com/blue-sapphires/7.72ct-madagascar-round-color-change-sapphire-u14638/
,,,,,,,,,,,,,,https://www.thenaturalsapphirecompany.com/blue-sapphires/4.07ct-ceylon-sri-lankan-cushion-color-change-sapphire-u14674/
,,,,,,,,,,,,,,https://www.thenaturalsapphirecompany.com/blue-sapphires/2.86ct-ceylon-sri-lankan-round-blue-sapphire-b17478/
,,,,,,,,,,,,,,https://www.thenaturalsapphirecompany.com/blue-sapphires/13.10ct-madagascar-heart-greenish-blue-sapphire-s7762/
,,,,,,,,,,,,,,https://www.thenaturalsapphirecompany.com/blue-sapphires/8.12ct-ceylon-sri-lankan-cushion-blue-sapphire-b16812/
,,,,,,,,,,,,,,https://www.thenaturalsapphirecompany.com/blue-sapphires/4.04ct-ceylon-sri-lankan-pear-blue-sapphire-s7765/
,,,,,,,,,,,,,,https://www.thenaturalsapphirecompany.com/blue-sapphires/5.25ct-madagascar-cushion-bluish-green-sapphire-u16811/
,,,,,,,,,,,,,,https://www.thenaturalsapphirecompany.com/blue-sapphires/3.16ct-ceylon-sri-lankan-radiant-color-change-sapphire-u12809/
,,,,,,,,,,,,,,https://www.thenaturalsapphirecompany.com/blue-sapphires/4.98ct-ceylon-sri-lankan-cushion-blue-sapphire-b17612/
,,,,,,,,,,,,,,https://www.thenaturalsapphirecompany.com/blue-sapphires/2.38ct-ceylon-sri-lankan-round-blue-sapphire-b13148/
,,,,,,,,,,,,,,https://www.thenaturalsapphirecompany.com/blue-sapphires/5.70ct-ceylon-sri-lankan-pear-blue-sapphire-b17531/
,,,,,,,,,,,,,,https://www.thenaturalsapphirecompany.com/blue-sapphires/2.35ct-ceylon-sri-lankan-round-blue-sapphire-s9467/
,,,,,,,,,,,,,,https://www.thenaturalsapphirecompany.com/blue-sapphires/1.06ct-ceylon-sri-lankan-heart-bluish-purple-sapphire-s6387/
,,,,,,,,,,,,,,https://www.thenaturalsapphirecompany.com/blue-sapphires/6.96ct-montana-oval-bluish-green-sapphire-u15327/
,,,,,,,,,,,,,,https://www.thenaturalsapphirecompany.com/blue-sapphires/5.47ct-madagascar-oval-bluish-green-sapphire-u15494/
,,,,,,,,,,,,,,https://www.thenaturalsapphirecompany.com/blue-sapphires/1.99ct-ceylon-sri-lankan-round-blue-sapphire-s13246/
,,,,,,,,,,,,,,https://www.thenaturalsapphirecompany.com/blue-sapphires/1.79ct-tanzanian-cushion-blue-sapphire-b13289/
,,,,,,,,,,,,,,https://www.thenaturalsapphirecompany.com/blue-sapphires/2.81ct-ceylon-sri-lankan-round-blue-sapphire-b16088/
,,,,,,,,,,,,,,https://www.thenaturalsapphirecompany.com/blue-sapphires/2.44ct-montana-fancy-greenish-blue-sapphire-u15297/
,,,,,,,,,,,,,,https://www.thenaturalsapphirecompany.com/blue-sapphires/2.00ct-montana-fancy-greenish-blue-sapphire-u15299/
,,,,,,,,,,,,,,https://www.thenaturalsapphirecompany.com/blue-sapphires/2.26ct-ceylon-sri-lankan-oval-blue-sapphire-b17384/
,,,,,,,,,,,,,,https://www.thenaturalsapphirecompany.com/blue-sapphires/4.08ct-ceylon-sri-lankan-cushion-blue-sapphire-s10652/
,,,,,,,,,,,,,,https://www.thenaturalsapphirecompany.com/blue-sapphires/5.09ct-ceylon-sri-lankan-oval-blue-sapphire-s9329/
,,,,,,,,,,,,,,https://www.thenaturalsapphirecompany.com/blue-sapphires/1.01ct-ceylon-sri-lankan-asscher-octagon-blue-sapphire-s5707/
,,,,,,,,,,,,,,https://www.thenaturalsapphirecompany.com/blue-sapphires/1.59ct-montana-round-greenish-blue-sapphire-s9376/
,,,,,,,,,,,,,,https://www.thenaturalsapphirecompany.com/blue-sapphires/1.58ct-montana-round-greenish-blue-sapphire-s9378/
,,,,,,,,,,,,,,https://www.thenaturalsapphirecompany.com/blue-sapphires/1.72ct-montana-round-greenish-blue-sapphire-s9380/
,,,,,,,,,,,,,,https://www.thenaturalsapphirecompany.com/blue-sapphires/1.80ct-montana-round-greenish-blue-sapphire-s9382/
,,,,,,,,,,,,,,https://www.thenaturalsapphirecompany.com/blue-sapphires/1.44ct-ceylon-sri-lankan-asscher-octagon-blue-sapphire-s5646/
,,,,,,,,,,,,,,https://www.thenaturalsapphirecompany.com/blue-sapphires/1.23ct-ceylon-sri-lankan-asscher-octagon-blue-sapphire-s5650/
,,,,,,,,,,,,,,https://www.thenaturalsapphirecompany.com/blue-sapphires/1.27ct-montana-round-greenish-blue-sapphire-u15711/
,,,,,,,,,,,,,,https://www.thenaturalsapphirecompany.com/blue-sapphires/7.78ct-ceylon-sri-lankan-round-violet-sapphire-s5628/
,,,,,,,,,,,,,,https://www.thenaturalsapphirecompany.com/blue-sapphires/0.88ct-ceylon-sri-lankan-asscher-octagon-blue-sapphire-s5688/
,,,,,,,,,,,,,,https://www.thenaturalsapphirecompany.com/blue-sapphires/7.04ct-madagascar-emerald-cut-bluish-green-sapphire-u16241/
,,,,,,,,,,,,,,https://www.thenaturalsapphirecompany.com/blue-sapphires/1.88ct-ceylon-sri-lankan-heart-bluish-green-sapphire-u16259/
,,,,,,,,,,,,,,https://www.thenaturalsapphirecompany.com/blue-sapphires/4.66ct-ceylon-sri-lankan-cushion-violet-sapphire-u16273/
,,,,,,,,,,,,,,https://www.thenaturalsapphirecompany.com/blue-sapphires/4.15ct-ceylon-sri-lankan-round-color-change-sapphire-b16691/
,,,,,,,,,,,,,,https://www.thenaturalsapphirecompany.com/blue-sapphires/5.41ct-ceylon-sri-lankan-cushion-color-change-sapphire-u15623/
,,,,,,,,,,,,,,https://www.thenaturalsapphirecompany.com/blue-sapphires/2.17ct-ceylon-sri-lankan-round-violet-sapphire-u15653/
,,,,,,,,,,,,,,https://www.thenaturalsapphirecompany.com/blue-sapphires/3.61ct-ceylon-sri-lankan-round-greenish-blue-sapphire-u15714/
,,,,,,,,,,,,,,https://www.thenaturalsapphirecompany.com/blue-sapphires/4.55ct-ceylon-sri-lankan-round-blue-sapphire-s10852/
,,,,,,,,,,,,,,https://www.thenaturalsapphirecompany.com/blue-sapphires/3.38ct-ceylon-sri-lankan-trillion-blue-sapphire-s16430/
,,,,,,,,,,,,,,https://www.thenaturalsapphirecompany.com/blue-sapphires/1.25ct-tanzanian-trillion-bluish-purple-sapphire-s16494/
,,,,,,,,,,,,,,https://www.thenaturalsapphirecompany.com/blue-sapphires/1.19ct-ceylon-sri-lankan-asscher-octagon-blue-sapphire-s10772/
,,,,,,,,,,,,,,https://www.thenaturalsapphirecompany.com/blue-sapphires/4.57ct-madagascar-asscher-octagon-greenish-blue-sapphire-s4151/
,,,,,,,,,,,,,,https://www.thenaturalsapphirecompany.com/blue-sapphires/1.19ct-montana-trillion-bluish-green-sapphire-s5059/
S9194,"$32,353","$6,270",5.16 Ct.,9.53,9.43,7.04,Blue,Vivid,Eye Clean,Round,Mixed Brilliant Cut,Heat Treated,Ceylon (Sri Lanka),https://www.thenaturalsapphirecompany.com/blue-sapphires/5.16ct-ceylon-sri-lankan-round-blue-sapphire-s9194/
S9195,"$18,810","$4,703",4.00 Ct.,9.35,9.11,6.13,Blue,Vivid,Very Slightly Included,Round,Mixed Brilliant Cut,Heat Treated,Ceylon (Sri Lanka),https://www.thenaturalsapphirecompany.com/blue-sapphires/4.00ct-ceylon-sri-lankan-round-blue-sapphire-s9195/
S10732,"$31,304","$5,610",5.58 Ct.,11.71,9.19,6.46,Blue,Vivid,Very Slightly Included,Oval,Mixed Brilliant Cut,Heat Treated,Ceylon (Sri Lanka),https://www.thenaturalsapphirecompany.com/blue-sapphires/5.58ct-ceylon-sri-lankan-oval-blue-sapphire-s10732/
S11337,"$16,501","$3,028",5.45 Ct.,9.27,8.4,7.56,Violet,Medium,Very Slightly Included,Cushion,Mixed Brilliant Cut,No Enhancement,Ceylon (Sri Lanka),https://www.thenaturalsapphirecompany.com/blue-sapphires/5.45ct-ceylon-sri-lankan-cushion-violet-sapphire-s11337/
S4166,"$1,296","$1,200",1.08 Ct.,6.14,6.06,3.72,Greenish Blue,Intense,Eye Clean,Round,Mixed Brilliant Cut,Heat Treated,Madagascar,https://www.thenaturalsapphirecompany.com/blue-sapphires/1.08ct-madagascar-round-greenish-blue-sapphire-s4166/
S4163,"$1,836","$1,200",1.53 Ct.,6.67,7.41,4.04,Bluish Green,Medium,Very Slightly Included,Heart,Mixed Brilliant Cut,No Enhancement,Madagascar,https://www.thenaturalsapphirecompany.com/blue-sapphires/1.53ct-madagascar-heart-bluish-green-sapphire-s4163/
S16797,"$1,298","$1,100",1.18 Ct.,6.34,6.53,3.6,Blue,Vivid,Very Slightly Included,Trillion,Trillion Cut,Heat Treated,Ceylon (Sri Lanka),https://www.thenaturalsapphirecompany.com/blue-sapphires/1.18ct-ceylon-sri-lankan-trillion-blue-sapphire-s16797/
S16799,"$2,945","$1,900",1.55 Ct.,6.83,6.7,4.2,Blue,Vivid,Very Slightly Included,Trillion,Trillion Cut,Heat Treated,Ceylon (Sri Lanka),https://www.thenaturalsapphirecompany.com/blue-sapphires/1.55ct-ceylon-sri-lankan-trillion-blue-sapphire-s16799/
S9420,"$10,475","$4,420",2.37 Ct.,7.07,7,5.35,Blue,Vivid,Eye Clean,Cushion,Mixed Brilliant Cut,Heat Treated,Ceylon (Sri Lanka),https://www.thenaturalsapphirecompany.com/blue-sapphires/2.37ct-ceylon-sri-lankan-cushion-blue-sapphire-s9420/
S3482,"$1,212","$1,200",1.01 Ct.,6.11,6.21,4.02,Blue,Medium,Very Slightly Included,Trillion,Trillion Cut,Heat Treated,Ceylon (Sri Lanka),https://www.thenaturalsapphirecompany.com/blue-sapphires/1.01ct-ceylon-sri-lankan-trillion-blue-sapphire-s3482/
S3483,"$1,648","$1,600",1.03 Ct.,6.09,6.11,4.14,Blue,Intense,Very Slightly Included,Trillion,Trillion Cut,Heat Treated,Ceylon (Sri Lanka),https://www.thenaturalsapphirecompany.com/blue-sapphires/1.03ct-ceylon-sri-lankan-trillion-blue-sapphire-s3483/
B10111,"$23,852","$4,290",5.56 Ct.,9.9,9.76,6.25,Blue,Vivid,Eye Clean,Cushion,Mixed Brilliant Cut,Heat Treated,Ceylon (Sri Lanka),https://www.thenaturalsapphirecompany.com/blue-sapphires/5.56ct-ceylon-sri-lankan-cushion-blue-sapphire-b10111/
B10052,"$56,698","$7,105",7.98 Ct.,12.1,9.83,6.91,Blue,Vivid,Eye Clean,Emerald Cut,Emerald Cut,Heat Treated,Ceylon (Sri Lanka),https://www.thenaturalsapphirecompany.com/blue-sapphires/7.98ct-ceylon-sri-lankan-emerald-cut-blue-sapphire-b10052/
B10104,"$34,275","$6,045",5.67 Ct.,11.73,9.07,6.52,Blue,Vivid,Very Slightly Included,Oval,Mixed Brilliant Cut,Heat Treated,Ceylon (Sri Lanka),https://www.thenaturalsapphirecompany.com/blue-sapphires/5.67ct-ceylon-sri-lankan-oval-blue-sapphire-b10104/
S10071,"$5,106","$1,480",3.45 Ct.,11.89,7.42,5.09,Blue,Medium,Very Slightly Included,Pear,Mixed Brilliant Cut,Heat Treated,Ceylon (Sri Lanka),https://www.thenaturalsapphirecompany.com/blue-sapphires/3.45ct-ceylon-sri-lankan-pear-blue-sapphire-s10071/
S3487,"$15,796","$3,910",4.04 Ct.,10.02,7.53,6.02,Blue,Vivid,Very Slightly Included,Oval,Mixed Brilliant Cut,Heat Treated,Ceylon (Sri Lanka),https://www.thenaturalsapphirecompany.com/blue-sapphires/4.04ct-ceylon-sri-lankan-oval-blue-sapphire-s3487/
S9443,"$11,856","$3,740",3.17 Ct.,8.93,8.74,5.06,Blue,Intense,Very Slightly Included,Round,Mixed Brilliant Cut,No Enhancement,Ceylon (Sri Lanka),https://www.thenaturalsapphirecompany.com/blue-sapphires/3.17ct-ceylon-sri-lankan-round-blue-sapphire-s9443/
U16015,"$3,180","$1,500",2.12 Ct.,7.96,8.09,4.82,Greenish Blue,Intense,Very Slightly Included,Trillion,Trillion Cut,Heat Treated,Montana,https://www.thenaturalsapphirecompany.com/blue-sapphires/2.12ct-montana-trillion-greenish-blue-sapphire-u16015/
B10186,"$35,078","$5,760",6.09 Ct.,11.25,9.56,6.37,Blue,Vivid,Very Slightly Included,Cushion,Mixed Brilliant Cut,Heat Treated,Ceylon (Sri Lanka),https://www.thenaturalsapphirecompany.com/blue-sapphires/6.09ct-ceylon-sri-lankan-cushion-blue-sapphire-b10186/
B10221,"$47,235","$4,700",10.05 Ct.,12.82,10.24,8.47,Blue,Intense,Eye Clean,Cushion,Mixed Brilliant Cut,Heat Treated,Ceylon (Sri Lanka),https://www.thenaturalsapphirecompany.com/blue-sapphires/10.05ct-ceylon-sri-lankan-cushion-blue-sapphire-b10221/
S10108,"$21,757","$6,270",3.47 Ct.,10.91,7.87,5.03,Blue,Intense,Eye Clean,Pear,Mixed Brilliant Cut,No Enhancement,Ceylon (Sri Lanka),https://www.thenaturalsapphirecompany.com/blue-sapphires/3.47ct-ceylon-sri-lankan-pear-blue-sapphire-s10108/
S3493,"$1,120",$800,1.40 Ct.,6.62,7.11,4,Bluish Green,Vivid,Very Slightly Included,Heart,Mixed Brilliant Cut,No Enhancement,Madagascar,https://www.thenaturalsapphirecompany.com/blue-sapphires/1.40ct-madagascar-heart-bluish-green-sapphire-s3493/
S4154,"$7,187","$2,775",2.59 Ct.,7.43,6.53,5.4,Color Change,Vivid,Very Slightly Included,Cushion,Mixed Brilliant Cut,No Enhancement,Ceylon (Sri Lanka),https://www.thenaturalsapphirecompany.com/blue-sapphires/2.59ct-ceylon-sri-lankan-cushion-color-change-sapphire-s4154/
S5431,"$59,114","$8,120",7.28 Ct.,11.89,9.37,7.94,Blue,Vivid,Eye Clean,Oval,Mixed Brilliant Cut,Heat Treated,Ceylon (Sri Lanka),https://www.thenaturalsapphirecompany.com/blue-sapphires/7.28ct-ceylon-sri-lankan-oval-blue-sapphire-s5431/
S4920,"$12,211","$1,870",6.53 Ct.,11.94,9.26,6.35,Greenish Blue,Vivid,Eye Clean,Cushion,Mixed Brilliant Cut,Heat Treated,Ceylon (Sri Lanka),https://www.thenaturalsapphirecompany.com/blue-sapphires/6.53ct-ceylon-sri-lankan-cushion-greenish-blue-sapphire-s4920/
S5144,"$33,624","$3,255",10.33 Ct.,12.8,11.74,7.34,Blue,Vivid,Very Slightly Included,Cushion,Mixed Brilliant Cut,Heat Treated,Ceylon (Sri Lanka),https://www.thenaturalsapphirecompany.com/blue-sapphires/10.33ct-ceylon-sri-lankan-cushion-blue-sapphire-s5144/
S5149,"$6,593","$1,628",4.05 Ct.,10.54,7.78,4.93,Bluish Green,Vivid,Very Slightly Included,Cushion,Mixed Brilliant Cut,Heat Treated,Madagascar,https://www.thenaturalsapphirecompany.com/blue-sapphires/4.05ct-madagascar-cushion-bluish-green-sapphire-s5149/
S4870,"$1,127",$700,1.61 Ct.,6.2,7.67,4.19,Greenish Blue,Medium,Very Slightly Included,Heart,Mixed Brilliant Cut,No Enhancement,Burma (Myanmar),https://www.thenaturalsapphirecompany.com/blue-sapphires/1.61ct-burma-myanmar-heart-greenish-blue-sapphire-s4870/
S10310,"$16,699","$3,995",4.18 Ct.,8.84,8.63,6.75,Blue,Intense,Very Slightly Included,Round,Mixed Brilliant Cut,No Enhancement,Ceylon (Sri Lanka),https://www.thenaturalsapphirecompany.com/blue-sapphires/4.18ct-ceylon-sri-lankan-round-blue-sapphire-s10310/
S10333,"$25,780","$6,930",3.72 Ct.,10.1,7.33,5.2,Blue,Intense,Very Slightly Included,Radiant,Radiant Cut,No Enhancement,Ceylon (Sri Lanka),https://www.thenaturalsapphirecompany.com/blue-sapphires/3.72ct-ceylon-sri-lankan-radiant-blue-sapphire-s10333/
S10337,"$35,398","$5,812",6.09 Ct.,10.8,10.69,5.79,Violet,Medium,Eye Clean,Cushion,Mixed Brilliant Cut,No Enhancement,Ceylon (Sri Lanka),https://www.thenaturalsapphirecompany.com/blue-sapphires/6.09ct-ceylon-sri-lankan-cushion-violet-sapphire-s10337/
S10516,"$2,003","$1,178",1.70 Ct.,8.37,6.58,3.84,Violet,Intense,Very Slightly Included,Oval,Mixed Brilliant Cut,No Enhancement,Ceylon (Sri Lanka),https://www.thenaturalsapphirecompany.com/blue-sapphires/1.70ct-ceylon-sri-lankan-oval-violet-sapphire-s10516/
S7001,"$8,943","$1,785",5.01 Ct.,11.03,8.72,4.87,Bluish Green,Vivid,Eye Clean,Emerald Cut,Emerald Cut,No Enhancement,Madagascar,https://www.thenaturalsapphirecompany.com/blue-sapphires/5.01ct-madagascar-emerald-cut-bluish-green-sapphire-s7001/
S7004,"$3,744","$1,800",2.08 Ct.,7.54,7.47,3.79,Bluish Green,Vivid,Eye Clean,Asscher - Octagon,Asscher Cut,No Enhancement,Ceylon (Sri Lanka),https://www.thenaturalsapphirecompany.com/blue-sapphires/2.08ct-ceylon-sri-lankan-asscher-octagon-bluish-green-sapphire-s7004/
S6993,"$7,925","$2,590",3.06 Ct.,9.2,7.43,4.72,Color Change,Vivid,Eye Clean,Emerald Cut,Emerald Cut,No Enhancement,Ceylon (Sri Lanka),https://www.thenaturalsapphirecompany.com/blue-sapphires/3.06ct-ceylon-sri-lankan-emerald-cut-color-change-sapphire-s6993/
S6998,"$11,348","$2,550",4.45 Ct.,9.4,9.01,5.79,Bluish Green,Light,Very Slightly Included,Radiant,Radiant Cut,Heat Treated,Madagascar,https://www.thenaturalsapphirecompany.com/blue-sapphires/4.45ct-madagascar-radiant-bluish-green-sapphire-s6998/
S6920,"$10,316","$3,145",3.28 Ct.,9.7,7.98,5.33,Blue,Medium,Very Slightly Included,Oval,Mixed Brilliant Cut,Heat Treated,Ceylon (Sri Lanka),https://www.thenaturalsapphirecompany.com/blue-sapphires/3.28ct-ceylon-sri-lankan-oval-blue-sapphire-s6920/
S6922,"$10,221","$3,145",3.25 Ct.,9.48,7.69,5.32,Blue,Intense,Eye Clean,Oval,Mixed Brilliant Cut,Heat Treated,Ceylon (Sri Lanka),https://www.thenaturalsapphirecompany.com/blue-sapphires/3.25ct-ceylon-sri-lankan-oval-blue-sapphire-s6922/
S6888,"$2,295","$1,500",1.53 Ct.,6.48,7.44,4.23,Color Change,Intense,Very Slightly Included,Heart,Mixed Brilliant Cut,Heat Treated,Ceylon (Sri Lanka),https://www.thenaturalsapphirecompany.com/blue-sapphires/1.53ct-ceylon-sri-lankan-heart-color-change-sapphire-s6888/
S6756,"$3,188","$2,550",1.25 Ct.,6.66,6.66,3.52,Blue,Vivid,Very Very Slightly Included,Round,Mixed Brilliant Cut,Heat Treated,Ceylon (Sri Lanka),https://www.thenaturalsapphirecompany.com/blue-sapphires/1.25ct-ceylon-sri-lankan-round-blue-sapphire-s6756/
S6761,"$4,634","$2,775",1.67 Ct.,6.69,6.64,4.56,Purplish Blue,Vivid,Very Slightly Included,Round,Mixed Brilliant Cut,Heat Treated,Ceylon (Sri Lanka),https://www.thenaturalsapphirecompany.com/blue-sapphires/1.67ct-ceylon-sri-lankan-round-purplish-blue-sapphire-s6761/
S6712,"$6,660","$2,960",2.25 Ct.,7.4,7.35,5.11,Blue,Intense,Very Slightly Included,Round,Mixed Brilliant Cut,Heat Treated,Ceylon (Sri Lanka),https://www.thenaturalsapphirecompany.com/blue-sapphires/2.25ct-ceylon-sri-lankan-round-blue-sapphire-s6712/
S6716,"$1,107","$1,350",0.82 Ct.,5.88,5.14,3.61,Blue,Intense,Very Slightly Included,Fancy,Step Cut,Heat Treated,Montana,https://www.thenaturalsapphirecompany.com/blue-sapphires/0.82ct-montana-fancy-blue-sapphire-s6716/
U10556,"$1,830","$1,500",1.22 Ct.,6.64,6.83,3.99,Bluish Grey,Medium,Eye Clean,Trillion,Trillion Cut,Heat Treated,Montana,https://www.thenaturalsapphirecompany.com/blue-sapphires/1.22ct-montana-trillion-bluish-grey-sapphire-u10556/
U6893,"$2,316","$1,200",1.93 Ct.,6.49,5.84,5.66,Bluish Green,Light,Very Slightly Included,Cushion,Mixed Brilliant Cut,No Enhancement,Montana,https://www.thenaturalsapphirecompany.com/blue-sapphires/1.93ct-montana-cushion-bluish-green-sapphire-u6893/
B14630,"$9,247","$3,655",2.53 Ct.,7.68,7.63,5.48,Blue,Vivid,Very Slightly Included,Round,Mixed Brilliant Cut,Heat Treated,Ceylon (Sri Lanka),https://www.thenaturalsapphirecompany.com/blue-sapphires/2.53ct-ceylon-sri-lankan-round-blue-sapphire-b14630/
U10516,"$2,128",$800,2.66 Ct.,8.42,6.61,5.47,Bluish Grey,Medium,Slightly Included,Cushion,Mixed Brilliant Cut,Heat Treated,Montana,https://www.thenaturalsapphirecompany.com/blue-sapphires/2.66ct-montana-cushion-bluish-grey-sapphire-u10516/
U10533,"$1,860","$1,500",1.24 Ct.,6.48,6.57,4.14,Greyish Blue,Intense,Very Slightly Included,Trillion,Trillion Cut,Heat Treated,Montana,https://www.thenaturalsapphirecompany.com/blue-sapphires/1.24ct-montana-trillion-greyish-blue-sapphire-u10533/
U17384,"$1,728","$1,200",1.44 Ct.,7.16,6.71,5.11,Bluish Green,Medium,Very Slightly Included,Fancy,Fancy Brilliant Cut,No Enhancement,Montana,https://www.thenaturalsapphirecompany.com/blue-sapphires/1.44ct-montana-fancy-bluish-green-sapphire-u17384/
U17429,"$6,831","$2,700",2.53 Ct.,9.21,8.92,5.01,Greenish Blue,Intense,Very Slightly Included,Fancy,Fancy Brilliant Cut,No Enhancement,Montana,https://www.thenaturalsapphirecompany.com/blue-sapphires/2.53ct-montana-fancy-greenish-blue-sapphire-u17429/
U17431,"$7,400","$2,500",2.96 Ct.,11.29,7.8,4.84,Bluish Green,Intense,Very Slightly Included,Pear,Mixed Brilliant Cut,No Enhancement,Montana,https://www.thenaturalsapphirecompany.com/blue-sapphires/2.96ct-montana-pear-bluish-green-sapphire-u17431/
U7358,"$13,500","$2,500",5.40 Ct.,10.31,9.44,6.55,Bluish Green,Intense,Very Slightly Included,Oval,Mixed Brilliant Cut,No Enhancement,Montana,https://www.thenaturalsapphirecompany.com/blue-sapphires/5.40ct-montana-oval-bluish-green-sapphire-u7358/
S12755,"$1,430","$1,300",1.10 Ct.,7.12,5.02,3.78,Blue,Medium,Very Slightly Included,Fancy,Mixed Brilliant Cut,No Enhancement,Montana,https://www.thenaturalsapphirecompany.com/blue-sapphires/1.10ct-montana-fancy-blue-sapphire-s12755/
S12718,"$1,716","$1,300",1.32 Ct.,6.69,6.82,4.27,Greyish Blue,Intense,Very Slightly Included,Trillion,Trillion Cut,No Enhancement,Montana,https://www.thenaturalsapphirecompany.com/blue-sapphires/1.32ct-montana-trillion-greyish-blue-sapphire-s12718/
U5072,"$1,208","$1,050",1.15 Ct.,5.49,5.47,4.4,Bluish Green,Medium,Very Slightly Included,Asscher - Octagon,Asscher Cut,No Enhancement,Montana,https://www.thenaturalsapphirecompany.com/blue-sapphires/1.15ct-montana-asscher-octagon-bluish-green-sapphire-u5072/
U5392,"$16,077","$2,300",6.99 Ct.,10.17,10.03,8.45,Greyish Blue,Intense,Very Slightly Included,Round,Mixed Brilliant Cut,No Enhancement,Montana,https://www.thenaturalsapphirecompany.com/blue-sapphires/6.99ct-montana-round-greyish-blue-sapphire-u5392/
S4229,$150,$500,0.30 Ct.,4.19,3.75,2.84,Blue,Light,Slightly Included,Fancy,Step Cut,Heat Treated,Ceylon (Sri Lanka),https://www.thenaturalsapphirecompany.com/blue-sapphires/0.30ct-ceylon-sri-lankan-fancy-blue-sapphire-s4229/
S6434,"$1,520","$1,000",1.52 Ct.,9.19,7.06,4.12,Blue,Faint,Very Slightly Included,Fancy,Fancy Cut,No Enhancement,Ceylon (Sri Lanka),https://www.thenaturalsapphirecompany.com/blue-sapphires/1.52ct-ceylon-sri-lankan-fancy-blue-sapphire-s6434/
S12681,"$1,508","$1,300",1.16 Ct.,6.29,5.87,4.1,Greyish Blue,Medium,Very Slightly Included,Trillion,Trillion Cut,No Enhancement,Montana,https://www.thenaturalsapphirecompany.com/blue-sapphires/1.16ct-montana-trillion-greyish-blue-sapphire-s12681/
S12683,"$1,547","$1,300",1.19 Ct.,6.38,6.04,4.02,Greyish Blue,Intense,Very Slightly Included,Trillion,Trillion Cut,No Enhancement,Montana,https://www.thenaturalsapphirecompany.com/blue-sapphires/1.19ct-montana-trillion-greyish-blue-sapphire-s12683/
S12691,"$2,057","$1,700",1.21 Ct.,5.68,6.22,4.09,Bluish Green,Medium,Very Slightly Included,Fancy,Mixed Brilliant Cut,No Enhancement,Montana,https://www.thenaturalsapphirecompany.com/blue-sapphires/1.21ct-montana-fancy-bluish-green-sapphire-s12691/
S12692,"$1,586","$1,300",1.22 Ct.,7.18,6.3,4.06,Bluish Green,Light,Very Slightly Included,Fancy,Mixed Brilliant Cut,No Enhancement,Montana,https://www.thenaturalsapphirecompany.com/blue-sapphires/1.22ct-montana-fancy-bluish-green-sapphire-s12692/
S6428,"$6,149","$2,220",2.77 Ct.,8.46,6.99,5.16,Blue,Medium,Very Slightly Included,Oval,Mixed Brilliant Cut,No Enhancement,Ceylon (Sri Lanka),https://www.thenaturalsapphirecompany.com/blue-sapphires/2.77ct-ceylon-sri-lankan-oval-blue-sapphire-s6428/
S12721,"$1,890","$1,400",1.35 Ct.,7.3,6.23,4.33,Purplish Blue,Intense,Very Slightly Included,Fancy,Step Cut,No Enhancement,Montana,https://www.thenaturalsapphirecompany.com/blue-sapphires/1.35ct-montana-fancy-purplish-blue-sapphire-s12721/
S12736,"$2,499","$1,700",1.47 Ct.,7.47,6.48,4.37,Greyish Blue,Medium,Very Slightly Included,Fancy,Mixed Brilliant Cut,No Enhancement,Montana,https://www.thenaturalsapphirecompany.com/blue-sapphires/1.47ct-montana-fancy-greyish-blue-sapphire-s12736/
S12753,"$4,434","$1,739",2.55 Ct.,10.55,8.49,4.54,Bluish Green,Light,Very Slightly Included,Fancy,Mixed Brilliant Cut,No Enhancement,Montana,https://www.thenaturalsapphirecompany.com/blue-sapphires/2.55ct-montana-fancy-bluish-green-sapphire-s12753/
S18011,"$15,215","$4,250",3.58 Ct.,8.3,8.26,5.36,Color Change,Intense,Very Slightly Included,Asscher - Octagon,Asscher Cut,No Enhancement,Madagascar,https://www.thenaturalsapphirecompany.com/blue-sapphires/3.58ct-madagascar-asscher-octagon-color-change-sapphire-s18011/
S11688,"$7,456","$1,850",4.03 Ct.,10.89,8.22,5.75,Color Change,Intense,Very Slightly Included,Oval,Mixed Brilliant Cut,No Enhancement,Ceylon (Sri Lanka),https://www.thenaturalsapphirecompany.com/blue-sapphires/4.03ct-ceylon-sri-lankan-oval-color-change-sapphire-s11688/
S9573,"$28,459","$5,280",5.39 Ct.,10.25,10.16,6.74,Blue,Vivid,Very Slightly Included,Round,Mixed Brilliant Cut,Heat Treated,Ceylon (Sri Lanka),https://www.thenaturalsapphirecompany.com/blue-sapphires/5.39ct-ceylon-sri-lankan-round-blue-sapphire-s9573/
S5713,"$3,917","$3,237",1.21 Ct.,5.84,5.76,4.09,Blue,Vivid,Very Slightly Included,Asscher - Octagon,Asscher Cut,Heat Treated,Ceylon (Sri Lanka),https://www.thenaturalsapphirecompany.com/blue-sapphires/1.21ct-ceylon-sri-lankan-asscher-octagon-blue-sapphire-s5713/
S5714,"$2,673","$2,700",0.99 Ct.,5.4,5.36,3.8,Blue,Vivid,Eye Clean,Asscher - Octagon,Asscher Cut,Heat Treated,Ceylon (Sri Lanka),https://www.thenaturalsapphirecompany.com/blue-sapphires/0.99ct-ceylon-sri-lankan-asscher-octagon-blue-sapphire-s5714/
S9538,"$32,042","$5,270",6.08 Ct.,12.5,9.93,6.09,Blue,Vivid,Eye Clean,Oval,Mixed Brilliant Cut,Heat Treated,Ceylon (Sri Lanka),https://www.thenaturalsapphirecompany.com/blue-sapphires/6.08ct-ceylon-sri-lankan-oval-blue-sapphire-s9538/
S9543,"$50,251","$6,960",7.22 Ct.,11.57,11.45,6.9,Blue,Vivid,Eye Clean,Round,Mixed Brilliant Cut,Heat Treated,Madagascar,https://www.thenaturalsapphirecompany.com/blue-sapphires/7.22ct-madagascar-round-blue-sapphire-s9543/
U16513,"$5,009","$1,388",3.61 Ct.,10.83,8.82,4.07,Bluish Green,Dark,Very Slightly Included,Cushion,Mixed Brilliant Cut,Heat Treated,Ceylon (Sri Lanka),https://www.thenaturalsapphirecompany.com/blue-sapphires/3.61ct-ceylon-sri-lankan-cushion-bluish-green-sapphire-u16513/
S5091,"$2,296","$1,400",1.64 Ct.,7.34,6.07,4.3,Greyish Blue,Medium,Very Slightly Included,Cushion,Mixed Brilliant Cut,No Enhancement,Montana,https://www.thenaturalsapphirecompany.com/blue-sapphires/1.64ct-montana-cushion-greyish-blue-sapphire-s5091/
S17135,"$2,158","$1,142",1.89 Ct.,6.38,6.37,4.49,Blue,Intense,Very Slightly Included,Asscher - Octagon,Asscher Cut,Heat Treated,Ceylon (Sri Lanka),https://www.thenaturalsapphirecompany.com/blue-sapphires/1.89ct-ceylon-sri-lankan-asscher-octagon-blue-sapphire-s17135/
S12021,"$30,154","$4,125",7.31 Ct.,15.1,8.8,5.9,Blue,Vivid,Very Slightly Included,Pear,Mixed Brilliant Cut,Heat Treated,Ceylon (Sri Lanka),https://www.thenaturalsapphirecompany.com/blue-sapphires/7.31ct-ceylon-sri-lankan-pear-blue-sapphire-s12021/
S11901,"$32,713","$7,590",4.31 Ct.,10.61,8.72,5.16,Blue,Vivid,Eye Clean,Oval,Mixed Brilliant Cut,No Enhancement,Ceylon (Sri Lanka),https://www.thenaturalsapphirecompany.com/blue-sapphires/4.31ct-ceylon-sri-lankan-oval-blue-sapphire-s11901/
S4217,$115,$500,0.23 Ct.,3.91,3.35,2.58,Greyish Blue,Light,Very Slightly Included,Fancy,Step Cut,Heat Treated,Ceylon (Sri Lanka),https://www.thenaturalsapphirecompany.com/blue-sapphires/0.23ct-ceylon-sri-lankan-fancy-greyish-blue-sapphire-s4217/
S12546,"$6,682","$3,885",1.72 Ct.,6.13,6.1,4.78,Blue,Intense,Eye Clean,Asscher - Octagon,Asscher Cut,Heat Treated,Ceylon (Sri Lanka),https://www.thenaturalsapphirecompany.com/blue-sapphires/1.72ct-ceylon-sri-lankan-asscher-octagon-blue-sapphire-s12546/
S12554,"$5,083","$3,238",1.57 Ct.,6.23,6.06,4.41,Blue,Intense,Eye Clean,Asscher - Octagon,Asscher Cut,Heat Treated,Ceylon (Sri Lanka),https://www.thenaturalsapphirecompany.com/blue-sapphires/1.57ct-ceylon-sri-lankan-asscher-octagon-blue-sapphire-s12554/
U10079,"$2,745","$1,500",1.83 Ct.,7.19,7.12,4.99,Greenish Blue,Medium,Very Slightly Included,Round,Mixed Brilliant Cut,No Enhancement,Montana,https://www.thenaturalsapphirecompany.com/blue-sapphires/1.83ct-montana-round-greenish-blue-sapphire-u10079/
U10118,"$3,120","$2,000",1.56 Ct.,6.88,6.83,4.68,Greenish Blue,Intense,Very Slightly Included,Round,Brilliant Cut,Heat Treated,Montana,https://www.thenaturalsapphirecompany.com/blue-sapphires/1.56ct-montana-round-greenish-blue-sapphire-u10118/
S12532,"$29,129","$4,290",6.79 Ct.,10.96,10.92,7.52,Blue,Medium,Eye Clean,Round,Mixed Brilliant Cut,Heat Treated,Ceylon (Sri Lanka),https://www.thenaturalsapphirecompany.com/blue-sapphires/6.79ct-ceylon-sri-lankan-round-blue-sapphire-s12532/
S12637,"$32,686","$5,775",5.66 Ct.,10.94,8.89,6.81,Blue,Vivid,Eye Clean,Oval,Mixed Brilliant Cut,Heat Treated,Ceylon (Sri Lanka),https://www.thenaturalsapphirecompany.com/blue-sapphires/5.66ct-ceylon-sri-lankan-oval-blue-sapphire-s12637/
S25125,"$2,016","$1,200",1.68 Ct.,7.68,5.55,4.23,Blue,Vivid,Very Slightly Included,Oval,Mixed Brilliant Cut,Heat Treated,Ceylon (Sri Lanka),https://www.thenaturalsapphirecompany.com/blue-sapphires/1.68ct-ceylon-sri-lankan-oval-blue-sapphire-s25125/
S9421,"$8,680","$3,910",2.22 Ct.,7.23,7.2,5.41,Blue,Vivid,Eye Clean,Round,Mixed Brilliant Cut,Heat Treated,Ceylon (Sri Lanka),https://www.thenaturalsapphirecompany.com/blue-sapphires/2.22ct-ceylon-sri-lankan-round-blue-sapphire-s9421/
U10140,"$1,376","$1,176",1.17 Ct.,6.21,6.12,4.26,Bluish Green,Light,Very Slightly Included,Round,Mixed Brilliant Cut,No Enhancement,Montana,https://www.thenaturalsapphirecompany.com/blue-sapphires/1.17ct-montana-round-bluish-green-sapphire-u10140/
U16741,"$24,668","$1,898",13.00 Ct.,13.56,10.21,8.6,Bluish Green,Vivid,Eye Clean,Emerald Cut,Step Cut,Heat Treated,Ceylon (Sri Lanka),https://www.thenaturalsapphirecompany.com/blue-sapphires/13.00ct-ceylon-sri-lankan-emerald-cut-bluish-green-sapphire-u16741/
B15508,"$3,828","$3,300",1.16 Ct.,6.12,6.06,3.92,Blue,Intense,Very Slightly Included,Round,Mixed Brilliant Cut,No Enhancement,Ceylon (Sri Lanka),https://www.thenaturalsapphirecompany.com/blue-sapphires/1.16ct-ceylon-sri-lankan-round-blue-sapphire-b15508/
B8123,"$10,889","$3,330",3.27 Ct.,9.21,7.73,5.88,Blue,Vivid,Eye Clean,Pear,Mixed Brilliant Cut,Heat Treated,Madagascar,https://www.thenaturalsapphirecompany.com/blue-sapphires/3.27ct-madagascar-pear-blue-sapphire-b8123/
B12395,"$11,669","$3,315",3.52 Ct.,8.75,8.67,5.67,Blue,Vivid,Very Slightly Included,Round,Mixed Brilliant Cut,Heat Treated,Ceylon (Sri Lanka),https://www.thenaturalsapphirecompany.com/blue-sapphires/3.52ct-ceylon-sri-lankan-round-blue-sapphire-b12395/
S12167,"$13,219","$5,440",2.43 Ct.,7.85,7.79,5,Blue,Vivid,Very Slightly Included,Round,Mixed Brilliant Cut,No Enhancement,Ethiopia,https://www.thenaturalsapphirecompany.com/blue-sapphires/2.43ct-ethiopian-round-blue-sapphire-s12167/
B16989,"$56,064","$3,987",14.06 Ct.,15.18,13.35,8.55,Blue,Vivid,Eye Clean,Oval,Mixed Brilliant Cut,Heat Treated,Ceylon (Sri Lanka),https://www.thenaturalsapphirecompany.com/blue-sapphires/14.06ct-ceylon-sri-lankan-oval-blue-sapphire-b16989/
S4943,"$7,728","$1,387",5.57 Ct.,11.67,9.62,5.57,Bluish Green,Vivid,Eye Clean,Cushion,Mixed Brilliant Cut,Heat Treated,Madagascar,https://www.thenaturalsapphirecompany.com/blue-sapphires/5.57ct-madagascar-cushion-bluish-green-sapphire-s4943/
U17062,"$4,029","$1,665",2.42 Ct.,9.07,9.26,4.3,Greenish Blue,Intense,Very Very Slightly Included,Fancy,Step Cut,Heat Treated,Ceylon (Sri Lanka),https://www.thenaturalsapphirecompany.com/blue-sapphires/2.42ct-ceylon-sri-lankan-fancy-greenish-blue-sapphire-u17062/
U17005,"$1,106",$700,1.58 Ct.,6.85,6.15,4.7,Color Change,Vivid,Very Slightly Included,Fancy,Step Cut,No Enhancement,Ceylon (Sri Lanka),https://www.thenaturalsapphirecompany.com/blue-sapphires/1.58ct-ceylon-sri-lankan-fancy-color-change-sapphire-u17005/
U17009,"$4,197","$1,203",3.49 Ct.,8.37,8.23,6.41,Color Change,Intense,Eye Clean,Round,Mixed Brilliant Cut,Heat Treated,Ceylon (Sri Lanka),https://www.thenaturalsapphirecompany.com/blue-sapphires/3.49ct-ceylon-sri-lankan-round-color-change-sapphire-u17009/
B11857,"$4,440","$1,480",3.00 Ct.,8.68,7.33,5.55,Color Change,Intense,Very Slightly Included,Cushion,Mixed Brilliant Cut,No Enhancement,Ceylon (Sri Lanka),https://www.thenaturalsapphirecompany.com/blue-sapphires/3.00ct-ceylon-sri-lankan-cushion-color-change-sapphire-b11857/
U17107,$252,$350,0.72 Ct.,6.58,4.55,3.1,Violet,Intense,Eye Clean,Oval,Mixed Brilliant Cut,Heat Treated,Ceylon (Sri Lanka),https://www.thenaturalsapphirecompany.com/blue-sapphires/0.72ct-ceylon-sri-lankan-oval-violet-sapphire-u17107/
U12872,"$2,290",$950,2.41 Ct.,9.35,6.08,4.31,Violet,Intense,Very Slightly Included,Cushion,Mixed Brilliant Cut,Heat Treated,Ceylon (Sri Lanka),https://www.thenaturalsapphirecompany.com/blue-sapphires/2.41ct-ceylon-sri-lankan-cushion-violet-sapphire-u12872/
U16740,"$19,139","$3,052",6.27 Ct.,10.97,8.97,6.38,Color Change,Vivid,Eye Clean,Cushion,Mixed Brilliant Cut,Heat Treated,Ceylon (Sri Lanka),https://www.thenaturalsapphirecompany.com/blue-sapphires/6.27ct-ceylon-sri-lankan-cushion-color-change-sapphire-u16740/
S8560,"$6,814","$2,683",2.54 Ct.,8.4,7.37,4.15,Blue,Intense,Very Slightly Included,Radiant,Radiant Cut,Heat Treated,Nigeria,https://www.thenaturalsapphirecompany.com/blue-sapphires/2.54ct-nigerian-radiant-blue-sapphire-s8560/
S11918,"$19,543","$5,940",3.29 Ct.,8.54,8.43,6.02,Blue,Vivid,Eye Clean,Round,Mixed Brilliant Cut,Heat Treated,Ceylon (Sri Lanka),https://www.thenaturalsapphirecompany.com/blue-sapphires/3.29ct-ceylon-sri-lankan-round-blue-sapphire-s11918/
S11919,"$16,708","$4,420",3.78 Ct.,9.02,8.92,6.06,Blue,Intense,Eye Clean,Round,Mixed Brilliant Cut,Heat Treated,Ceylon (Sri Lanka),https://www.thenaturalsapphirecompany.com/blue-sapphires/3.78ct-ceylon-sri-lankan-round-blue-sapphire-s11919/
S11955,"$18,528","$4,703",3.94 Ct.,10.17,10.14,4.95,Blue,Vivid,Eye Clean,Round,Mixed Brilliant Cut,Heat Treated,Ceylon (Sri Lanka),https://www.thenaturalsapphirecompany.com/blue-sapphires/3.94ct-ceylon-sri-lankan-round-blue-sapphire-s11955/
S11957,"$15,287","$2,805",5.45 Ct.,10,9.89,6.87,Blue,Intense,Eye Clean,Round,Mixed Brilliant Cut,Heat Treated,Ceylon (Sri Lanka),https://www.thenaturalsapphirecompany.com/blue-sapphires/5.45ct-ceylon-sri-lankan-round-blue-sapphire-s11957/
U16747,"$2,862","$1,410",2.03 Ct.,6.81,6.77,5.09,Bluish Green,Dark,Very Very Slightly Included,Cushion,Mixed Brilliant Cut,Heat Treated,Ceylon (Sri Lanka),https://www.thenaturalsapphirecompany.com/blue-sapphires/2.03ct-ceylon-sri-lankan-cushion-bluish-green-sapphire-u16747/
U16761,"$12,024","$1,870",6.43 Ct.,9.77,9.5,6.8,Bluish Green,Vivid,Eye Clean,Asscher - Octagon,Step Cut,No Enhancement,Ceylon (Sri Lanka),https://www.thenaturalsapphirecompany.com/blue-sapphires/6.43ct-ceylon-sri-lankan-asscher-octagon-bluish-green-sapphire-u16761/
S12016,"$26,242","$4,620",5.68 Ct.,12.06,7.77,6.37,Blue,Vivid,Very Slightly Included,Radiant,Radiant Cut,Heat Treated,Ceylon (Sri Lanka),https://www.thenaturalsapphirecompany.com/blue-sapphires/5.68ct-ceylon-sri-lankan-radiant-blue-sapphire-s12016/
S3926,"$5,339","$3,422",1.56 Ct.,7.76,5.94,3.71,Blue,Vivid,Very Slightly Included,Cushion,Mixed Brilliant Cut,Heat Treated,Ceylon (Sri Lanka),https://www.thenaturalsapphirecompany.com/blue-sapphires/1.56ct-ceylon-sri-lankan-cushion-blue-sapphire-s3926/
U13061,"$1,820","$1,400",1.30 Ct.,6.23,5.17,4.33,Bluish Green,Intense,Very Slightly Included,Cushion,Mixed Brilliant Cut,Heat Treated,Montana,https://www.thenaturalsapphirecompany.com/blue-sapphires/1.30ct-montana-cushion-bluish-green-sapphire-u13061/
B11774,"$1,489","$1,262",1.18 Ct.,6.73,5.77,4.08,Greenish Blue,Intense,Very Slightly Included,Cushion,Fancy Brilliant Cut,Heat Treated,Montana,https://www.thenaturalsapphirecompany.com/blue-sapphires/1.18ct-montana-cushion-greenish-blue-sapphire-b11774/
S7386,"$45,220","$8,990",5.03 Ct.,10.4,8.22,6.39,Blue,Medium,Very Slightly Included,Cushion,Mixed Brilliant Cut,No Enhancement,Ceylon (Sri Lanka),https://www.thenaturalsapphirecompany.com/blue-sapphires/5.03ct-ceylon-sri-lankan-cushion-blue-sapphire-s7386/
U16298,"$4,359","$1,156",3.77 Ct.,11.74,6.72,4.59,Bluish Green,Dark,Eye Clean,Emerald Cut,Step Cut,Heat Treated,Ceylon (Sri Lanka),https://www.thenaturalsapphirecompany.com/blue-sapphires/3.77ct-ceylon-sri-lankan-emerald-cut-bluish-green-sapphire-u16298/
B10692,"$5,711","$1,665",3.43 Ct.,9.64,8.31,4.98,Blue,Dark,Very Slightly Included,Fancy,Step Cut,No Enhancement,Ceylon (Sri Lanka),https://www.thenaturalsapphirecompany.com/blue-sapphires/3.43ct-ceylon-sri-lankan-fancy-blue-sapphire-b10692/
U8712,$924,"$1,400",0.66 Ct.,4.81,4.93,3.72,Bluish Green,Intense,Very Slightly Included,Trillion,Trillion Cut,No Enhancement,Montana,https://www.thenaturalsapphirecompany.com/blue-sapphires/0.66ct-montana-trillion-bluish-green-sapphire-u8712/
U8775,"$1,204","$1,400",0.86 Ct.,5.25,4.78,3.8,Bluish Grey,Medium,Very Slightly Included,Radiant,Radiant Cut,No Enhancement,Montana,https://www.thenaturalsapphirecompany.com/blue-sapphires/0.86ct-montana-radiant-bluish-grey-sapphire-u8775/
S13412,"$20,295","$4,125",4.92 Ct.,9.26,9.25,6.33,Color Change,Intense,Very Slightly Included,Radiant,Radiant Cut,No Enhancement,Madagascar,https://www.thenaturalsapphirecompany.com/blue-sapphires/4.92ct-madagascar-radiant-color-change-sapphire-s13412/
S3703,"$15,385","$4,250",3.62 Ct.,8.63,8.16,5.55,Blue,Vivid,Eye Clean,Cushion,Mixed Brilliant Cut,Heat Treated,Ceylon (Sri Lanka),https://www.thenaturalsapphirecompany.com/blue-sapphires/3.62ct-ceylon-sri-lankan-cushion-blue-sapphire-s3703/
B11204,"$46,147","$5,580",8.27 Ct.,11.95,11.8,6.93,Blue,Vivid,Very Slightly Included,Cushion,Mixed Brilliant Cut,Heat Treated,Madagascar,https://www.thenaturalsapphirecompany.com/blue-sapphires/8.27ct-madagascar-cushion-blue-sapphire-b11204/
B12429,"$8,638","$2,128",4.06 Ct.,9.33,8.21,5.48,Blue,Light,Eye Clean,Emerald Cut,Step Cut,Heat Treated,Ceylon (Sri Lanka),https://www.thenaturalsapphirecompany.com/blue-sapphires/4.06ct-ceylon-sri-lankan-emerald-cut-blue-sapphire-b12429/
B12371,"$1,712","$1,600",1.07 Ct.,6.64,5.67,3.9,Blue,Vivid,Very Slightly Included,Cushion,Fancy Brilliant Cut,Heat Treated,Montana,https://www.thenaturalsapphirecompany.com/blue-sapphires/1.07ct-montana-cushion-blue-sapphire-b12371/
B12388,"$3,312","$1,800",1.84 Ct.,7.32,8.65,5.17,Blue,Intense,Very Slightly Included,Fancy,Fancy Brilliant Cut,Heat Treated,Ceylon (Sri Lanka),https://www.thenaturalsapphirecompany.com/blue-sapphires/1.84ct-ceylon-sri-lankan-fancy-blue-sapphire-b12388/
B12316,"$13,056","$4,080",3.20 Ct.,8.62,8.46,5.67,Blue,Vivid,Very Slightly Included,Round,Mixed Brilliant Cut,Heat Treated,Ceylon (Sri Lanka),https://www.thenaturalsapphirecompany.com/blue-sapphires/3.20ct-ceylon-sri-lankan-round-blue-sapphire-b12316/
U13186,"$1,495","$1,300",1.15 Ct.,6.09,5.62,4.06,Greenish Blue,Intense,Very Slightly Included,Cushion,Mixed Brilliant Cut,Heat Treated,Montana,https://www.thenaturalsapphirecompany.com/blue-sapphires/1.15ct-montana-cushion-greenish-blue-sapphire-u13186/
S7467,"$1,630","$1,000",1.63 Ct.,6.23,6.07,4.65,Greenish Blue,Vivid,Very Slightly Included,Asscher - Octagon,Asscher Cut,Heat Treated,Madagascar,https://www.thenaturalsapphirecompany.com/blue-sapphires/1.63ct-madagascar-asscher-octagon-greenish-blue-sapphire-s7467/
B11859,"$7,563","$2,590",2.92 Ct.,7.69,9.11,5.47,Color Change,Vivid,Very Slightly Included,Heart,Mixed Brilliant Cut,No Enhancement,Madagascar,https://www.thenaturalsapphirecompany.com/blue-sapphires/2.92ct-madagascar-heart-color-change-sapphire-b11859/
B11864,"$9,629","$2,720",3.54 Ct.,9.3,6.63,6.08,Color Change,Vivid,Eye Clean,Oval,Modified Brilliant Cut,No Enhancement,Ceylon (Sri Lanka),https://www.thenaturalsapphirecompany.com/blue-sapphires/3.54ct-ceylon-sri-lankan-oval-color-change-sapphire-b11864/
B12031,"$19,475","$4,785",4.07 Ct.,10.32,7.47,6.16,Blue,Vivid,Very Slightly Included,Oval,Mixed Brilliant Cut,Heat Treated,Ceylon (Sri Lanka),https://www.thenaturalsapphirecompany.com/blue-sapphires/4.07ct-ceylon-sri-lankan-oval-blue-sapphire-b12031/
S19770,"$3,255","$2,100",1.55 Ct.,6.53,5.72,4.52,Bluish Green,Intense,Very Slightly Included,Cushion,Mixed Brilliant Cut,Heat Treated,Montana,https://www.thenaturalsapphirecompany.com/blue-sapphires/1.55ct-montana-cushion-bluish-green-sapphire-s19770/
B12747,"$7,617","$2,497",3.05 Ct.,10.52,7.21,5.08,Greenish Blue,Dark,Eye Clean,Oval,Mixed Brilliant Cut,No Enhancement,Madagascar,https://www.thenaturalsapphirecompany.com/blue-sapphires/3.05ct-madagascar-oval-greenish-blue-sapphire-b12747/
U13483,"$14,964","$2,975",5.03 Ct.,9.89,8.77,5.41,Bluish Green,Vivid,Eye Clean,Emerald Cut,Step Cut,Heat Treated,Madagascar,https://www.thenaturalsapphirecompany.com/blue-sapphires/5.03ct-madagascar-emerald-cut-bluish-green-sapphire-u13483/
U13194,"$1,638","$1,300",1.26 Ct.,7.73,4.72,3.71,Greenish Blue,Intense,Eye Clean,Cushion,Mixed Brilliant Cut,Heat Treated,Montana,https://www.thenaturalsapphirecompany.com/blue-sapphires/1.26ct-montana-cushion-greenish-blue-sapphire-u13194/
U13287,"$9,227","$1,523",6.06 Ct.,9.96,9.25,7.44,Violet,Light,Eye Clean,Asscher - Octagon,Asscher Cut,No Enhancement,Ceylon (Sri Lanka),https://www.thenaturalsapphirecompany.com/blue-sapphires/6.06ct-ceylon-sri-lankan-asscher-octagon-violet-sapphire-u13287/
U13289,"$8,364","$2,035",4.11 Ct.,9.19,8.11,5.59,Greenish Blue,Vivid,Eye Clean,Emerald Cut,Step Cut,No Enhancement,Madagascar,https://www.thenaturalsapphirecompany.com/blue-sapphires/4.11ct-madagascar-emerald-cut-greenish-blue-sapphire-u13289/
U13386,$979,$720,1.36 Ct.,5.77,5.68,4.31,Bluish Green,Intense,Eye Clean,Asscher - Octagon,Step Cut,No Enhancement,Ceylon (Sri Lanka),https://www.thenaturalsapphirecompany.com/blue-sapphires/1.36ct-ceylon-sri-lankan-asscher-octagon-bluish-green-sapphire-u13386/
U13382,"$1,424",$800,1.78 Ct.,6.52,5.99,4.62,Bluish Green,Vivid,Eye Clean,Asscher - Octagon,Step Cut,No Enhancement,Ceylon (Sri Lanka),https://www.thenaturalsapphirecompany.com/blue-sapphires/1.78ct-ceylon-sri-lankan-asscher-octagon-bluish-green-sapphire-u13382/
S14433,"$17,507","$1,650",10.61 Ct.,13.16,10.15,7.97,Color Change,Intense,Very Slightly Included,Radiant,Radiant Cut,Heat Treated,Tanzania,https://www.thenaturalsapphirecompany.com/blue-sapphires/10.61ct-tanzanian-radiant-color-change-sapphire-s14433/
B13362,"$57,008","$5,600",10.18 Ct.,16.61,11.65,6.81,Blue,Vivid,Eye Clean,Pear,Mixed Brilliant Cut,Heat Treated,Ceylon (Sri Lanka),https://www.thenaturalsapphirecompany.com/blue-sapphires/10.18ct-ceylon-sri-lankan-pear-blue-sapphire-b13362/
B13372,"$14,244","$3,570",3.99 Ct.,11.58,7.34,4.81,Blue,Vivid,Eye Clean,Cushion,Mixed Brilliant Cut,Heat Treated,Ceylon (Sri Lanka),https://www.thenaturalsapphirecompany.com/blue-sapphires/3.99ct-ceylon-sri-lankan-cushion-blue-sapphire-b13372/
B13495,"$57,112","$5,460",10.46 Ct.,14.91,11.29,7.43,Blue,Vivid,Eye Clean,Oval,Mixed Brilliant Cut,Heat Treated,Ceylon (Sri Lanka),https://www.thenaturalsapphirecompany.com/blue-sapphires/10.46ct-ceylon-sri-lankan-oval-blue-sapphire-b13495/
B13588,"$11,305","$4,250",2.66 Ct.,7.66,7.56,5.8,Blue,Vivid,Eye Clean,Round,Mixed Brilliant Cut,Heat Treated,Ceylon (Sri Lanka),https://www.thenaturalsapphirecompany.com/blue-sapphires/2.66ct-ceylon-sri-lankan-round-blue-sapphire-b13588/
B13371,"$11,077","$3,060",3.62 Ct.,10.05,8.17,5.44,Blue,Vivid,Slightly Included,Oval,Mixed Brilliant Cut,Heat Treated,Ceylon (Sri Lanka),https://www.thenaturalsapphirecompany.com/blue-sapphires/3.62ct-ceylon-sri-lankan-oval-blue-sapphire-b13371/
B12999,"$46,035","$5,813",7.92 Ct.,13.29,9.51,6.36,Blue,Vivid,Eye Clean,Emerald Cut,Emerald Cut,Heat Treated,Ceylon (Sri Lanka),https://www.thenaturalsapphirecompany.com/blue-sapphires/7.92ct-ceylon-sri-lankan-emerald-cut-blue-sapphire-b12999/
B12945,"$16,751","$3,960",4.23 Ct.,9.94,8.28,6.21,Blue,Vivid,Very Slightly Included,Oval,Mixed Brilliant Cut,Heat Treated,Ceylon (Sri Lanka),https://www.thenaturalsapphirecompany.com/blue-sapphires/4.23ct-ceylon-sri-lankan-oval-blue-sapphire-b12945/
B13776,"$9,405","$3,114",3.02 Ct.,8.87,6.42,5.61,Blue,Medium,Eye Clean,Cushion,Mixed Brilliant Cut,No Enhancement,Ceylon (Sri Lanka),https://www.thenaturalsapphirecompany.com/blue-sapphires/3.02ct-ceylon-sri-lankan-cushion-blue-sapphire-b13776/
B13779,"$6,133","$2,405",2.55 Ct.,8.73,6.18,5.18,Blue,Intense,Very Slightly Included,Oval,Mixed Brilliant Cut,No Enhancement,Ceylon (Sri Lanka),https://www.thenaturalsapphirecompany.com/blue-sapphires/2.55ct-ceylon-sri-lankan-oval-blue-sapphire-b13779/
B13632,"$15,003","$4,250",3.53 Ct.,8.57,7.09,5.53,Blue,Vivid,Eye Clean,Emerald Cut,Emerald Cut,Heat Treated,Ceylon (Sri Lanka),https://www.thenaturalsapphirecompany.com/blue-sapphires/3.53ct-ceylon-sri-lankan-emerald-cut-blue-sapphire-b13632/
B13053,"$12,091","$2,125",5.69 Ct.,9.22,8.61,7.39,Blue,Vivid,Eye Clean,Cushion,Mixed Brilliant Cut,Heat Treated,Ceylon (Sri Lanka),https://www.thenaturalsapphirecompany.com/blue-sapphires/5.69ct-ceylon-sri-lankan-cushion-blue-sapphire-b13053/
B13663,"$6,743","$1,665",4.05 Ct.,9.55,6.98,6.47,Greenish Blue,Vivid,Very Slightly Included,Cushion,Mixed Brilliant Cut,Heat Treated,Ceylon (Sri Lanka),https://www.thenaturalsapphirecompany.com/blue-sapphires/4.05ct-ceylon-sri-lankan-cushion-greenish-blue-sapphire-b13663/
U13809,"$9,996","$1,360",7.35 Ct.,13.54,11.44,5.69,Greenish Blue,Vivid,Eye Clean,Oval,Mixed Brilliant Cut,Heat Treated,Ceylon (Sri Lanka),https://www.thenaturalsapphirecompany.com/blue-sapphires/7.35ct-ceylon-sri-lankan-oval-greenish-blue-sapphire-u13809/
U13810,"$53,091","$3,118",17.03 Ct.,15.82,12.94,8.31,Bluish Green,Vivid,Eye Clean,Radiant,Step Cut,Heat Treated,Ceylon (Sri Lanka),https://www.thenaturalsapphirecompany.com/blue-sapphires/17.03ct-ceylon-sri-lankan-radiant-bluish-green-sapphire-u13810/
U13834,"$1,624",$800,2.03 Ct.,7.8,5.97,4.43,Bluish Green,Faint,Very Slightly Included,Emerald Cut,Emerald Cut,No Enhancement,Ceylon (Sri Lanka),https://www.thenaturalsapphirecompany.com/blue-sapphires/2.03ct-ceylon-sri-lankan-emerald-cut-bluish-green-sapphire-u13834/
B14050,"$20,859","$4,042",5.16 Ct.,12.26,9.66,5.11,Blue,Vivid,Eye Clean,Oval,Mixed Brilliant Cut,Heat Treated,Ceylon (Sri Lanka),https://www.thenaturalsapphirecompany.com/blue-sapphires/5.16ct-ceylon-sri-lankan-oval-blue-sapphire-b14050/
B14217,"$28,419","$4,043",7.03 Ct.,12.09,9,6.35,Color Change,Vivid,Eye Clean,Emerald Cut,Emerald Cut,Heat Treated,Ceylon (Sri Lanka),https://www.thenaturalsapphirecompany.com/blue-sapphires/7.03ct-ceylon-sri-lankan-emerald-cut-color-change-sapphire-b14217/
S14713,"$2,161",$704,3.07 Ct.,8.35,7.46,5.26,Blue,Dark,Very Slightly Included,Asscher - Octagon,Asscher Cut,No Enhancement,Africa,https://www.thenaturalsapphirecompany.com/blue-sapphires/3.07ct-african-asscher-octagon-blue-sapphire-s14713/
S7761,"$47,314","$9,425",5.02 Ct.,10.9,8.18,6.26,Blue,Vivid,Very Slightly Included,Oval,Mixed Brilliant Cut,No Enhancement,Madagascar,https://www.thenaturalsapphirecompany.com/blue-sapphires/5.02ct-madagascar-oval-blue-sapphire-s7761/
S7824,"$55,216","$5,800",9.52 Ct.,11.82,10.41,7.9,Blue,Vivid,Very Slightly Included,Cushion,Mixed Brilliant Cut,Heat Treated,Ceylon (Sri Lanka),https://www.thenaturalsapphirecompany.com/blue-sapphires/9.52ct-ceylon-sri-lankan-cushion-blue-sapphire-s7824/
B13764,"$57,275","$5,460",10.49 Ct.,14.38,11.2,7.76,Blue,Intense,Eye Clean,Oval,Mixed Brilliant Cut,Heat Treated,Ceylon (Sri Lanka),https://www.thenaturalsapphirecompany.com/blue-sapphires/10.49ct-ceylon-sri-lankan-oval-blue-sapphire-b13764/
U14252,"$12,113","$2,125",5.70 Ct.,10.16,10.02,6.17,Color Change,Dark,Eye Clean,Asscher - Octagon,Asscher Cut,No Enhancement,Ceylon (Sri Lanka),https://www.thenaturalsapphirecompany.com/blue-sapphires/5.70ct-ceylon-sri-lankan-asscher-octagon-color-change-sapphire-u14252/
B14389,"$5,861","$3,053",1.92 Ct.,6.83,6.75,5.27,Blue,Intense,Eye Clean,Round,Mixed Brilliant Cut,Heat Treated,Ceylon (Sri Lanka),https://www.thenaturalsapphirecompany.com/blue-sapphires/1.92ct-ceylon-sri-lankan-round-blue-sapphire-b14389/
U14202,"$8,805","$1,757",5.01 Ct.,9.76,9.04,6.37,Bluish Green,Intense,Eye Clean,Cushion,Mixed Brilliant Cut,Heat Treated,Ceylon (Sri Lanka),https://www.thenaturalsapphirecompany.com/blue-sapphires/5.01ct-ceylon-sri-lankan-cushion-bluish-green-sapphire-u14202/
U14204,"$64,260","$2,100",30.60 Ct.,20.63,15.8,9.35,Bluish Green,Dark,Eye Clean,Emerald Cut,Step Cut,No Enhancement,Ceylon (Sri Lanka),https://www.thenaturalsapphirecompany.com/blue-sapphires/30.60ct-ceylon-sri-lankan-emerald-cut-bluish-green-sapphire-u14204/
U14205,"$24,547","$2,393",10.26 Ct.,15.46,10.98,7.05,Bluish Green,Vivid,Eye Clean,Oval,Mixed Brilliant Cut,Heat Treated,Ceylon (Sri Lanka),https://www.thenaturalsapphirecompany.com/blue-sapphires/10.26ct-ceylon-sri-lankan-oval-bluish-green-sapphire-u14205/
U14206,"$41,034","$2,868",14.31 Ct.,15.66,12.97,8.8,Bluish Green,Vivid,Eye Clean,Oval,Mixed Brilliant Cut,No Enhancement,Ceylon (Sri Lanka),https://www.thenaturalsapphirecompany.com/blue-sapphires/14.31ct-ceylon-sri-lankan-oval-bluish-green-sapphire-u14206/
U14210,"$13,005","$2,125",6.12 Ct.,10.51,9.54,6.17,Bluish Green,Vivid,Eye Clean,Emerald Cut,Emerald Cut,Heat Treated,Ceylon (Sri Lanka),https://www.thenaturalsapphirecompany.com/blue-sapphires/6.12ct-ceylon-sri-lankan-emerald-cut-bluish-green-sapphire-u14210/
S6880,"$21,265","$5,940",3.58 Ct.,9.95,8,5.32,Color Change,Intense,Eye Clean,Oval,Mixed Brilliant Cut,No Enhancement,Ceylon (Sri Lanka),https://www.thenaturalsapphirecompany.com/blue-sapphires/3.58ct-ceylon-sri-lankan-oval-color-change-sapphire-s6880/
S7039,"$4,851","$2,128",2.28 Ct.,7.18,7.15,5.05,Blue,Medium,Very Slightly Included,Cushion,Mixed Brilliant Cut,Heat Treated,Ceylon (Sri Lanka),https://www.thenaturalsapphirecompany.com/blue-sapphires/2.28ct-ceylon-sri-lankan-cushion-blue-sapphire-s7039/
S12821,"$13,039","$5,015",2.60 Ct.,8.4,8.22,4.68,Blue,Vivid,Eye Clean,Round,Mixed Brilliant Cut,Heat Treated,Ceylon (Sri Lanka),https://www.thenaturalsapphirecompany.com/blue-sapphires/2.60ct-ceylon-sri-lankan-round-blue-sapphire-s12821/
S7887,"$31,220","$2,790",11.19 Ct.,12.77,12.67,8.54,Bluish Green,Vivid,Eye Clean,Round,Mixed Brilliant Cut,No Enhancement,Madagascar,https://www.thenaturalsapphirecompany.com/blue-sapphires/11.19ct-madagascar-round-bluish-green-sapphire-s7887/
U13983,"$2,745","$1,500",1.83 Ct.,8.4,5.42,4.28,Bluish Green,Medium,Slightly Included,Cushion,Mixed Brilliant Cut,No Enhancement,Montana,https://www.thenaturalsapphirecompany.com/blue-sapphires/1.83ct-montana-cushion-bluish-green-sapphire-u13983/
U14120,"$43,301","$7,440",5.82 Ct.,10.3,7.49,7.24,Color Change,Vivid,Eye Clean,Emerald Cut,Emerald Cut,No Enhancement,Ceylon (Sri Lanka),https://www.thenaturalsapphirecompany.com/blue-sapphires/5.82ct-ceylon-sri-lankan-emerald-cut-color-change-sapphire-u14120/
S12901,"$4,105","$2,387",1.72 Ct.,7.16,8.32,4.2,Blue,Vivid,Very Slightly Included,Trillion,Trillion Cut,Heat Treated,Ceylon (Sri Lanka),https://www.thenaturalsapphirecompany.com/blue-sapphires/1.72ct-ceylon-sri-lankan-trillion-blue-sapphire-s12901/
U17492,"$1,680","$1,200",1.40 Ct.,7.34,7.44,3.96,Bluish Green,Medium,Very Slightly Included,Trillion,Trillion Cut,Heat Treated,Montana,https://www.thenaturalsapphirecompany.com/blue-sapphires/1.40ct-montana-trillion-bluish-green-sapphire-u17492/
U17494,"$1,860","$1,200",1.55 Ct.,7.22,7.39,4.54,Bluish Green,Intense,Very Slightly Included,Trillion,Trillion Cut,Heat Treated,Montana,https://www.thenaturalsapphirecompany.com/blue-sapphires/1.55ct-montana-trillion-bluish-green-sapphire-u17494/
U17500,"$5,040","$2,000",2.52 Ct.,8.82,7.04,5.41,Greenish Blue,Intense,Very Slightly Included,Oval,Mixed Brilliant Cut,Heat Treated,Montana,https://www.thenaturalsapphirecompany.com/blue-sapphires/2.52ct-montana-oval-greenish-blue-sapphire-u17500/
U17502,"$21,060","$3,000",7.02 Ct.,11.14,9.36,8.21,Bluish Green,Vivid,Slightly Included,Oval,Mixed Brilliant Cut,Heat Treated,Montana,https://www.thenaturalsapphirecompany.com/blue-sapphires/7.02ct-montana-oval-bluish-green-sapphire-u17502/
U10621,"$1,924","$1,300",1.48 Ct.,8.74,5.16,3.69,Bluish Grey,Light,Very Very Slightly Included,Cushion,Mixed Brilliant Cut,Heat Treated,Montana,https://www.thenaturalsapphirecompany.com/blue-sapphires/1.48ct-montana-cushion-bluish-grey-sapphire-u10621/
U10889,"$2,410","$1,000",2.41 Ct.,8.71,7.46,5.15,Violet,Intense,Very Slightly Included,Oval,Mixed Brilliant Cut,No Enhancement,Ceylon (Sri Lanka),https://www.thenaturalsapphirecompany.com/blue-sapphires/2.41ct-ceylon-sri-lankan-oval-violet-sapphire-u10889/
S8121,"$6,505","$2,220",2.93 Ct.,8.65,6.43,5.23,Greenish Blue,Intense,Very Slightly Included,Emerald Cut,Emerald Cut,Heat Treated,Ceylon (Sri Lanka),https://www.thenaturalsapphirecompany.com/blue-sapphires/2.93ct-ceylon-sri-lankan-emerald-cut-greenish-blue-sapphire-s8121/
U11810,"$1,815","$1,100",1.65 Ct.,7.01,7.16,4.49,Bluish Green,Intense,Eye Clean,Trillion,Trillion Cut,Heat Treated,Montana,https://www.thenaturalsapphirecompany.com/blue-sapphires/1.65ct-montana-trillion-bluish-green-sapphire-u11810/
U11342,"$7,393","$1,665",4.44 Ct.,11.22,8.55,5.32,Color Change,Vivid,Very Slightly Included,Cushion,Mixed Brilliant Cut,Heat Treated,Ceylon (Sri Lanka),https://www.thenaturalsapphirecompany.com/blue-sapphires/4.44ct-ceylon-sri-lankan-cushion-color-change-sapphire-u11342/
U11628,"$38,735","$5,425",7.14 Ct.,13.02,10.32,6.57,Color Change,Dark,Eye Clean,Oval,Mixed Brilliant Cut,No Enhancement,Madagascar,https://www.thenaturalsapphirecompany.com/blue-sapphires/7.14ct-madagascar-oval-color-change-sapphire-u11628/
U11629,"$7,748","$1,110",6.98 Ct.,11.3,9.66,6.93,Greyish Blue,Light,Very Slightly Included,Cushion,Mixed Brilliant Cut,Heat Treated,Ceylon (Sri Lanka),https://www.thenaturalsapphirecompany.com/blue-sapphires/6.98ct-ceylon-sri-lankan-cushion-greyish-blue-sapphire-u11629/
U11712,"$8,228","$1,388",5.93 Ct.,10.01,9.93,6.64,Bluish Green,Vivid,Eye Clean,Cushion,Mixed Brilliant Cut,No Enhancement,Australia,https://www.thenaturalsapphirecompany.com/blue-sapphires/5.93ct-australian-cushion-bluish-green-sapphire-u11712/
U11898,"$4,144","$1,600",2.59 Ct.,6.78,8.76,5.83,Bluish Green,Intense,Slightly Included,Fancy,Fancy Brilliant Cut,Heat Treated,Montana,https://www.thenaturalsapphirecompany.com/blue-sapphires/2.59ct-montana-fancy-bluish-green-sapphire-u11898/
U11909,"$6,100","$2,500",2.44 Ct.,7.37,7.64,5.93,Bluish Green,Intense,Eye Clean,Fancy,Fancy Brilliant Cut,Heat Treated,Montana,https://www.thenaturalsapphirecompany.com/blue-sapphires/2.44ct-montana-fancy-bluish-green-sapphire-u11909/
U11927,"$6,000","$2,500",2.40 Ct.,9.14,7.42,5.74,Bluish Green,Medium,Very Slightly Included,Fancy,Fancy Brilliant Cut,Heat Treated,Montana,https://www.thenaturalsapphirecompany.com/blue-sapphires/2.40ct-montana-fancy-bluish-green-sapphire-u11927/
U12090,"$6,746","$1,572",4.29 Ct.,9.47,9.32,6.06,Bluish Green,Vivid,Eye Clean,Round,Mixed Brilliant Cut,Heat Treated,Ceylon (Sri Lanka),https://www.thenaturalsapphirecompany.com/blue-sapphires/4.29ct-ceylon-sri-lankan-round-bluish-green-sapphire-u12090/
U12121,"$4,020","$2,000",2.01 Ct.,8.47,5.09,4.81,Greenish Blue,Intense,Very Slightly Included,Radiant,Radiant Cut,Heat Treated,Montana,https://www.thenaturalsapphirecompany.com/blue-sapphires/2.01ct-montana-radiant-greenish-blue-sapphire-u12121/
S13062,"$3,048","$2,400",1.27 Ct.,6.04,5.88,3.87,Blue,Vivid,Very Slightly Included,Asscher - Octagon,Asscher Cut,Heat Treated,Ceylon (Sri Lanka),https://www.thenaturalsapphirecompany.com/blue-sapphires/1.27ct-ceylon-sri-lankan-asscher-octagon-blue-sapphire-s13062/
S18726,"$12,750","$3,400",3.75 Ct.,9.43,7.38,5.09,Blue,Intense,Slightly Included,Radiant,Mixed Brilliant Cut,Heat Treated,Madagascar,https://www.thenaturalsapphirecompany.com/blue-sapphires/3.75ct-madagascar-radiant-blue-sapphire-s18726/
S18729,"$16,830","$4,125",4.08 Ct.,9.14,7.47,6.03,Blue,Intense,Eye Clean,Radiant,Radiant Cut,Heat Treated,Ceylon (Sri Lanka),https://www.thenaturalsapphirecompany.com/blue-sapphires/4.08ct-ceylon-sri-lankan-radiant-blue-sapphire-s18729/
S13416,"$46,980","$6,525",7.20 Ct.,10.63,10.64,7.82,Color Change,Intense,Very Slightly Included,Round,Mixed Brilliant Cut,No Enhancement,Madagascar,https://www.thenaturalsapphirecompany.com/blue-sapphires/7.20ct-madagascar-round-color-change-sapphire-s13416/
S13420,"$31,062","$6,200",5.01 Ct.,9.33,7.9,6.45,Color Change,Intense,Very Slightly Included,Emerald Cut,Emerald Cut,No Enhancement,Madagascar,https://www.thenaturalsapphirecompany.com/blue-sapphires/5.01ct-madagascar-emerald-cut-color-change-sapphire-s13420/
S3994,"$2,436","$1,200",2.03 Ct.,7.06,6.82,5.08,Bluish Green,Dark,Very Slightly Included,Round,Mixed Brilliant Cut,No Enhancement,Madagascar,https://www.thenaturalsapphirecompany.com/blue-sapphires/2.03ct-madagascar-round-bluish-green-sapphire-s3994/
S19068,"$14,340","$2,834",5.06 Ct.,9.33,7.8,6.72,Blue,Intense,Very Slightly Included,Radiant,Radiant Cut,No Enhancement,Ceylon (Sri Lanka),https://www.thenaturalsapphirecompany.com/blue-sapphires/5.06ct-ceylon-sri-lankan-radiant-blue-sapphire-s19068/
S13784,$170,$239,0.71 Ct.,6.2,4.27,3.12,Greyish Blue,Faint,Slightly Included,Oval,Mixed Brilliant Cut,No Enhancement,Ceylon (Sri Lanka),https://www.thenaturalsapphirecompany.com/blue-sapphires/0.71ct-ceylon-sri-lankan-oval-greyish-blue-sapphire-s13784/
S13665,"$3,805","$1,684",2.26 Ct.,7.97,8.18,4.57,Blue,Intense,Very Slightly Included,Trillion,Trillion Cut,Heat Treated,Ceylon (Sri Lanka),https://www.thenaturalsapphirecompany.com/blue-sapphires/2.26ct-ceylon-sri-lankan-trillion-blue-sapphire-s13665/
S13666,"$1,296","$1,200",1.08 Ct.,6.62,6.6,4.33,Blue,Intense,Very Slightly Included,Trillion,Trillion Cut,Heat Treated,Ceylon (Sri Lanka),https://www.thenaturalsapphirecompany.com/blue-sapphires/1.08ct-ceylon-sri-lankan-trillion-blue-sapphire-s13666/
U16217,"$10,880","$1,063",10.24 Ct.,13.19,10.41,7.6,Bluish Green,Vivid,Very Very Slightly Included,Emerald Cut,Emerald Cut,No Enhancement,Madagascar,https://www.thenaturalsapphirecompany.com/blue-sapphires/10.24ct-madagascar-emerald-cut-bluish-green-sapphire-u16217/
B10933,"$19,723","$3,217",6.13 Ct.,12.73,9.43,6.13,Blue,Intense,Very Slightly Included,Oval,Mixed Brilliant Cut,Heat Treated,Ceylon (Sri Lanka),https://www.thenaturalsapphirecompany.com/blue-sapphires/6.13ct-ceylon-sri-lankan-oval-blue-sapphire-b10933/
S4008,"$12,342","$3,740",3.30 Ct.,8.4,8.16,5.11,Blue,Vivid,Eye Clean,Cushion,Mixed Brilliant Cut,Heat Treated,Ceylon (Sri Lanka),https://www.thenaturalsapphirecompany.com/blue-sapphires/3.30ct-ceylon-sri-lankan-cushion-blue-sapphire-s4008/
B17116,"$13,230","$2,337",5.66 Ct.,11.73,8.7,6.4,Blue,Medium,Eye Clean,Oval,Mixed Brilliant Cut,Heat Treated,Ceylon (Sri Lanka),https://www.thenaturalsapphirecompany.com/blue-sapphires/5.66ct-ceylon-sri-lankan-oval-blue-sapphire-b17116/
S7215,"$41,990","$4,650",9.03 Ct.,14.38,10.04,7.23,Blue,Vivid,Very Slightly Included,Fancy,Step Cut,Heat Treated,Ceylon (Sri Lanka),https://www.thenaturalsapphirecompany.com/blue-sapphires/9.03ct-ceylon-sri-lankan-fancy-blue-sapphire-s7215/
U8189,"$2,270","$1,000",2.27 Ct.,7.69,8.18,4.54,Purplish Blue,Intense,Very Slightly Included,Heart,Modified Brilliant Cut,No Enhancement,Ceylon (Sri Lanka),https://www.thenaturalsapphirecompany.com/blue-sapphires/2.27ct-ceylon-sri-lankan-heart-purplish-blue-sapphire-u8189/
U8233,"$3,859",$850,4.54 Ct.,11.06,12.35,3.94,Greenish Blue,Dark,Eye Clean,Heart,Modified Brilliant Cut,Heat Treated,Ceylon (Sri Lanka),https://www.thenaturalsapphirecompany.com/blue-sapphires/4.54ct-ceylon-sri-lankan-heart-greenish-blue-sapphire-u8233/
B14105,"$12,138","$3,400",3.57 Ct.,10.33,8.79,4.67,Blue,Vivid,Very Slightly Included,Oval,Mixed Brilliant Cut,Heat Treated,Ceylon (Sri Lanka),https://www.thenaturalsapphirecompany.com/blue-sapphires/3.57ct-ceylon-sri-lankan-oval-blue-sapphire-b14105/
B14957,"$8,585","$2,125",4.04 Ct.,10.04,6.86,5.24,Color Change,Intense,Very Slightly Included,Radiant,Radiant Cut,No Enhancement,Ceylon (Sri Lanka),https://www.thenaturalsapphirecompany.com/blue-sapphires/4.04ct-ceylon-sri-lankan-radiant-color-change-sapphire-b14957/
B15515,"$21,417","$3,630",5.90 Ct.,12.46,8.93,6.02,Blue,Medium,Very Slightly Included,Oval,Mixed Brilliant Cut,No Enhancement,Ceylon (Sri Lanka),https://www.thenaturalsapphirecompany.com/blue-sapphires/5.90ct-ceylon-sri-lankan-oval-blue-sapphire-b15515/
B12285,"$34,449","$5,425",6.35 Ct.,10.97,10.24,6.34,Blue,Vivid,Eye Clean,Cushion,Mixed Brilliant Cut,Heat Treated,Ceylon (Sri Lanka),https://www.thenaturalsapphirecompany.com/blue-sapphires/6.35ct-ceylon-sri-lankan-cushion-blue-sapphire-b12285/
B14100,"$24,077","$3,960",6.08 Ct.,12.98,9.37,6.1,Blue,Intense,Very Slightly Included,Oval,Mixed Brilliant Cut,No Enhancement,Ceylon (Sri Lanka),https://www.thenaturalsapphirecompany.com/blue-sapphires/6.08ct-ceylon-sri-lankan-oval-blue-sapphire-b14100/
U7689,"$9,072","$2,800",3.24 Ct.,8.08,7.91,6.26,Greenish Blue,Medium,Very Slightly Included,Round,Modified Brilliant Cut,No Enhancement,Montana,https://www.thenaturalsapphirecompany.com/blue-sapphires/3.24ct-montana-round-greenish-blue-sapphire-u7689/
B14607,"$26,565","$5,775",4.60 Ct.,10.34,10.27,5.83,Blue,Intense,Very Slightly Included,Round,Mixed Brilliant Cut,Heat Treated,Ceylon (Sri Lanka),https://www.thenaturalsapphirecompany.com/blue-sapphires/4.60ct-ceylon-sri-lankan-round-blue-sapphire-b14607/
B14689,"$12,322","$4,080",3.02 Ct.,9.37,8.15,5.24,Blue,Vivid,Very Slightly Included,Oval,Mixed Brilliant Cut,Heat Treated,Ceylon (Sri Lanka),https://www.thenaturalsapphirecompany.com/blue-sapphires/3.02ct-ceylon-sri-lankan-oval-blue-sapphire-b14689/
B14468,"$6,200","$2,000",3.10 Ct.,9.99,6.98,4.98,Blue,Intense,Very Slightly Included,Oval,Mixed Brilliant Cut,No Enhancement,Ceylon (Sri Lanka),https://www.thenaturalsapphirecompany.com/blue-sapphires/3.10ct-ceylon-sri-lankan-oval-blue-sapphire-b14468/
B14638,"$11,967","$3,315",3.61 Ct.,8.37,8.31,6.16,Blue,Intense,Eye Clean,Round,Mixed Brilliant Cut,Heat Treated,Ceylon (Sri Lanka),https://www.thenaturalsapphirecompany.com/blue-sapphires/3.61ct-ceylon-sri-lankan-round-blue-sapphire-b14638/
B14618,"$1,643",$990,1.66 Ct.,7.38,7.73,4.25,Bluish Green,Dark,Eye Clean,Fancy,Step Cut,Heat Treated,Ceylon (Sri Lanka),https://www.thenaturalsapphirecompany.com/blue-sapphires/1.66ct-ceylon-sri-lankan-fancy-bluish-green-sapphire-b14618/
B15387,"$1,750","$1,296",1.35 Ct.,6.74,5.44,3.98,Blue,Medium,Very Slightly Included,Cushion,Mixed Brilliant Cut,No Enhancement,Ceylon (Sri Lanka),https://www.thenaturalsapphirecompany.com/blue-sapphires/1.35ct-ceylon-sri-lankan-cushion-blue-sapphire-b15387/
U16219,"$5,023","$1,388",3.62 Ct.,7.98,10.91,5.7,Bluish Green,Vivid,Very Slightly Included,Fancy,Step Cut,Heat Treated,Madagascar,https://www.thenaturalsapphirecompany.com/blue-sapphires/3.62ct-madagascar-fancy-bluish-green-sapphire-u16219/
B14938,"$5,100","$3,423",1.49 Ct.,6.6,5.5,4.44,Blue,Vivid,Very Slightly Included,Cushion,Mixed Brilliant Cut,No Enhancement,Ceylon (Sri Lanka),https://www.thenaturalsapphirecompany.com/blue-sapphires/1.49ct-ceylon-sri-lankan-cushion-blue-sapphire-b14938/
B15431,"$6,831","$3,237",2.11 Ct.,7.15,7.06,5.39,Blue,Vivid,Eye Clean,Round,Mixed Brilliant Cut,Heat Treated,Ceylon (Sri Lanka),https://www.thenaturalsapphirecompany.com/blue-sapphires/2.11ct-ceylon-sri-lankan-round-blue-sapphire-b15431/
B15432,"$20,700","$3,000",6.90 Ct.,11.63,10.27,7.82,Blue,Vivid,Eye Clean,Oval,Mixed Brilliant Cut,Heat Treated,Montana,https://www.thenaturalsapphirecompany.com/blue-sapphires/6.90ct-montana-oval-blue-sapphire-b15432/
B15445,"$8,043","$3,423",2.35 Ct.,7.26,7.22,5.52,Blue,Vivid,Very Slightly Included,Round,Mixed Brilliant Cut,Heat Treated,Ceylon (Sri Lanka),https://www.thenaturalsapphirecompany.com/blue-sapphires/2.35ct-ceylon-sri-lankan-round-blue-sapphire-b15445/
B15455,"$36,196","$6,510",5.56 Ct.,9.33,9.29,6.85,Blue,Intense,Eye Clean,Cushion,Mixed Brilliant Cut,Heat Treated,Ceylon (Sri Lanka),https://www.thenaturalsapphirecompany.com/blue-sapphires/5.56ct-ceylon-sri-lankan-cushion-blue-sapphire-b15455/
B17163,"$8,186","$2,775",2.95 Ct.,9.99,6.35,5.86,Blue,Vivid,Very Slightly Included,Pear,Mixed Brilliant Cut,Heat Treated,Ceylon (Sri Lanka),https://www.thenaturalsapphirecompany.com/blue-sapphires/2.95ct-ceylon-sri-lankan-pear-blue-sapphire-b17163/
B15039,"$2,889","$2,700",1.07 Ct.,5.76,5.48,3.54,Blue,Intense,Eye Clean,Asscher - Octagon,Asscher Cut,Heat Treated,Ceylon (Sri Lanka),https://www.thenaturalsapphirecompany.com/blue-sapphires/1.07ct-ceylon-sri-lankan-asscher-octagon-blue-sapphire-b15039/
B15202,"$4,040","$2,220",1.82 Ct.,7.45,5.66,4.62,Blue,Vivid,Eye Clean,Cushion,Mixed Brilliant Cut,Heat Treated,Ceylon (Sri Lanka),https://www.thenaturalsapphirecompany.com/blue-sapphires/1.82ct-ceylon-sri-lankan-cushion-blue-sapphire-b15202/
B14868,"$6,838","$4,070",1.68 Ct.,6.85,6.77,4.37,Blue,Vivid,Very Slightly Included,Round,Mixed Brilliant Cut,No Enhancement,Ceylon (Sri Lanka),https://www.thenaturalsapphirecompany.com/blue-sapphires/1.68ct-ceylon-sri-lankan-round-blue-sapphire-b14868/
B14979,"$2,943","$2,700",1.09 Ct.,5.81,5.72,3.87,Blue,Intense,Eye Clean,Round,Mixed Brilliant Cut,Heat Treated,Ceylon (Sri Lanka),https://www.thenaturalsapphirecompany.com/blue-sapphires/1.09ct-ceylon-sri-lankan-round-blue-sapphire-b14979/
B15006,"$28,817","$5,775",4.99 Ct.,12.06,9.4,5.17,Blue,Vivid,Eye Clean,Oval,Mixed Brilliant Cut,Heat Treated,Ceylon (Sri Lanka),https://www.thenaturalsapphirecompany.com/blue-sapphires/4.99ct-ceylon-sri-lankan-oval-blue-sapphire-b15006/
S20538,"$2,356","$1,900",1.24 Ct.,5.96,5.89,3.88,Blue,Light,Eye Clean,Asscher - Octagon,Asscher Cut,Heat Treated,Ceylon (Sri Lanka),https://www.thenaturalsapphirecompany.com/blue-sapphires/1.24ct-ceylon-sri-lankan-asscher-octagon-blue-sapphire-s20538/
B15318,"$20,178","$3,800",5.31 Ct.,10.79,8.28,7.02,Blue,Intense,Very Slightly Included,Oval,Mixed Brilliant Cut,No Enhancement,Ceylon (Sri Lanka),https://www.thenaturalsapphirecompany.com/blue-sapphires/5.31ct-ceylon-sri-lankan-oval-blue-sapphire-b15318/
B15514,"$5,384","$2,775",1.94 Ct.,7.59,7.53,4.16,Blue,Intense,Very Slightly Included,Round,Mixed Brilliant Cut,No Enhancement,Ceylon (Sri Lanka),https://www.thenaturalsapphirecompany.com/blue-sapphires/1.94ct-ceylon-sri-lankan-round-blue-sapphire-b15514/
B15312,"$7,860","$3,000",2.62 Ct.,7.69,7.57,5.33,Blue,Intense,Very Slightly Included,Round,Mixed Brilliant Cut,No Enhancement,Ceylon (Sri Lanka),https://www.thenaturalsapphirecompany.com/blue-sapphires/2.62ct-ceylon-sri-lankan-round-blue-sapphire-b15312/
S20526,"$2,527","$1,900",1.33 Ct.,5.97,5.92,3.96,Blue,Medium,Very Very Slightly Included,Asscher - Octagon,Asscher Cut,Heat Treated,Ceylon (Sri Lanka),https://www.thenaturalsapphirecompany.com/blue-sapphires/1.33ct-ceylon-sri-lankan-asscher-octagon-blue-sapphire-s20526/
S20530,"$2,888","$1,900",1.52 Ct.,5.93,5.9,4.6,Purplish Blue,Medium,Very Slightly Included,Asscher - Octagon,Asscher Cut,Heat Treated,Ceylon (Sri Lanka),https://www.thenaturalsapphirecompany.com/blue-sapphires/1.52ct-ceylon-sri-lankan-asscher-octagon-purplish-blue-sapphire-s20530/
B15188,"$33,852","$5,425",6.24 Ct.,11.63,9.36,6.82,Blue,Vivid,Eye Clean,Cushion,Mixed Brilliant Cut,Heat Treated,Ceylon (Sri Lanka),https://www.thenaturalsapphirecompany.com/blue-sapphires/6.24ct-ceylon-sri-lankan-cushion-blue-sapphire-b15188/
B15803,"$2,856","$1,700",1.68 Ct.,6.85,5.5,4.95,Blue,Intense,Very Slightly Included,Radiant,Radiant Cut,Heat Treated,Montana,https://www.thenaturalsapphirecompany.com/blue-sapphires/1.68ct-montana-radiant-blue-sapphire-b15803/
B15808,"$3,746","$2,775",1.35 Ct.,6.9,6.87,3.9,Blue,Intense,Eye Clean,Round,Mixed Brilliant Cut,Heat Treated,Ceylon (Sri Lanka),https://www.thenaturalsapphirecompany.com/blue-sapphires/1.35ct-ceylon-sri-lankan-round-blue-sapphire-b15808/
B15809,"$3,907","$3,052",1.28 Ct.,6.2,6.12,4.27,Blue,Intense,Eye Clean,Round,Mixed Brilliant Cut,Heat Treated,Ceylon (Sri Lanka),https://www.thenaturalsapphirecompany.com/blue-sapphires/1.28ct-ceylon-sri-lankan-round-blue-sapphire-b15809/
B15819,"$40,500","$4,495",9.01 Ct.,12.86,9.65,7.35,Blue,Intense,Very Slightly Included,Emerald Cut,Emerald Cut,Heat Treated,Ceylon (Sri Lanka),https://www.thenaturalsapphirecompany.com/blue-sapphires/9.01ct-ceylon-sri-lankan-emerald-cut-blue-sapphire-b15819/
B15488,"$7,530","$3,423",2.20 Ct.,9.06,6.27,4.54,Blue,Intense,Eye Clean,Oval,Mixed Brilliant Cut,Heat Treated,Ceylon (Sri Lanka),https://www.thenaturalsapphirecompany.com/blue-sapphires/2.20ct-ceylon-sri-lankan-oval-blue-sapphire-b15488/
B15501,"$13,954","$4,590",3.04 Ct.,10.88,8.02,4.5,Blue,Vivid,Eye Clean,Pear,Mixed Brilliant Cut,Heat Treated,Ceylon (Sri Lanka),https://www.thenaturalsapphirecompany.com/blue-sapphires/3.04ct-ceylon-sri-lankan-pear-blue-sapphire-b15501/
B15745,"$12,118","$3,740",3.24 Ct.,8.84,8.69,5.58,Blue,Vivid,Eye Clean,Round,Mixed Brilliant Cut,Heat Treated,Ceylon (Sri Lanka),https://www.thenaturalsapphirecompany.com/blue-sapphires/3.24ct-ceylon-sri-lankan-round-blue-sapphire-b15745/
B15747,"$18,404","$3,630",5.07 Ct.,11.52,9.24,5.83,Blue,Medium,Eye Clean,Oval,Mixed Brilliant Cut,Heat Treated,Ceylon (Sri Lanka),https://www.thenaturalsapphirecompany.com/blue-sapphires/5.07ct-ceylon-sri-lankan-oval-blue-sapphire-b15747/
B15882,"$5,844","$3,607",1.62 Ct.,7.02,6.91,4.67,Blue,Intense,Eye Clean,Round,Mixed Brilliant Cut,Heat Treated,Ceylon (Sri Lanka),https://www.thenaturalsapphirecompany.com/blue-sapphires/1.62ct-ceylon-sri-lankan-round-blue-sapphire-b15882/
B15887,"$10,475","$3,315",3.16 Ct.,9.24,7.36,4.76,Blue,Vivid,Very Slightly Included,Cushion,Mixed Brilliant Cut,Heat Treated,Ceylon (Sri Lanka),https://www.thenaturalsapphirecompany.com/blue-sapphires/3.16ct-ceylon-sri-lankan-cushion-blue-sapphire-b15887/
B15891,"$20,872","$4,125",5.06 Ct.,11.47,9.36,5.52,Blue,Vivid,Eye Clean,Oval,Mixed Brilliant Cut,Heat Treated,Ceylon (Sri Lanka),https://www.thenaturalsapphirecompany.com/blue-sapphires/5.06ct-ceylon-sri-lankan-oval-blue-sapphire-b15891/
S15190,"$25,534","$4,125",6.19 Ct.,10.53,8.44,6.69,Color Change,Intense,Very Very Slightly Included,Emerald Cut,Emerald Cut,No Enhancement,Ceylon (Sri Lanka),https://www.thenaturalsapphirecompany.com/blue-sapphires/6.19ct-ceylon-sri-lankan-emerald-cut-color-change-sapphire-s15190/
B15860,"$10,426","$3,750",2.78 Ct.,9.18,7.35,5.07,Blue,Intense,Very Slightly Included,Oval,Mixed Brilliant Cut,No Enhancement,Ceylon (Sri Lanka),https://www.thenaturalsapphirecompany.com/blue-sapphires/2.78ct-ceylon-sri-lankan-oval-blue-sapphire-b15860/
B15834,"$8,632","$2,849",3.03 Ct.,10.49,6.78,5.61,Blue,Vivid,Eye Clean,Pear,Mixed Brilliant Cut,Heat Treated,Ceylon (Sri Lanka),https://www.thenaturalsapphirecompany.com/blue-sapphires/3.03ct-ceylon-sri-lankan-pear-blue-sapphire-b15834/
B15772,"$5,098","$3,053",1.67 Ct.,8,6.04,3.97,Blue,Vivid,Very Slightly Included,Cushion,Mixed Brilliant Cut,Heat Treated,Ceylon (Sri Lanka),https://www.thenaturalsapphirecompany.com/blue-sapphires/1.67ct-ceylon-sri-lankan-cushion-blue-sapphire-b15772/
S15199,"$5,617","$2,220",2.53 Ct.,8.12,7.39,4.48,Color Change,Intense,Very Slightly Included,Asscher - Octagon,Asscher Cut,Heat Treated,Tanzania,https://www.thenaturalsapphirecompany.com/blue-sapphires/2.53ct-tanzanian-asscher-octagon-color-change-sapphire-s15199/
S8340,"$15,470","$4,250",3.64 Ct.,9.13,9.06,5.44,Blue,Vivid,Very Slightly Included,Round,Mixed Brilliant Cut,Heat Treated,Ceylon (Sri Lanka),https://www.thenaturalsapphirecompany.com/blue-sapphires/3.64ct-ceylon-sri-lankan-round-blue-sapphire-s8340/
U14586,"$16,662","$2,295",7.26 Ct.,11.92,9.35,6.45,Bluish Green,Vivid,Eye Clean,Radiant,Radiant Cut,No Enhancement,Ceylon (Sri Lanka),https://www.thenaturalsapphirecompany.com/blue-sapphires/7.26ct-ceylon-sri-lankan-radiant-bluish-green-sapphire-u14586/
B12788,"$2,489","$1,900",1.31 Ct.,6.91,7.26,3.99,Blue,Vivid,Very Slightly Included,Trillion,Trillion Cut,Heat Treated,Thailand,https://www.thenaturalsapphirecompany.com/blue-sapphires/1.31ct-thai-trillion-blue-sapphire-b12788/
B14281,"$10,924","$3,570",3.06 Ct.,8.48,8.34,5.62,Blue,Vivid,Eye Clean,Round,Mixed Brilliant Cut,Heat Treated,Ceylon (Sri Lanka),https://www.thenaturalsapphirecompany.com/blue-sapphires/3.06ct-ceylon-sri-lankan-round-blue-sapphire-b14281/
B14632,"$8,664","$3,885",2.23 Ct.,7.47,7.4,5.03,Blue,Vivid,Eye Clean,Round,Mixed Brilliant Cut,Heat Treated,Ceylon (Sri Lanka),https://www.thenaturalsapphirecompany.com/blue-sapphires/2.23ct-ceylon-sri-lankan-round-blue-sapphire-b14632/
S15228,"$8,849","$2,550",3.47 Ct.,7.69,7.51,5.82,Color Change,Intense,Very Slightly Included,Asscher - Octagon,Asscher Cut,No Enhancement,Tanzania,https://www.thenaturalsapphirecompany.com/blue-sapphires/3.47ct-tanzanian-asscher-octagon-color-change-sapphire-s15228/
B15971,"$14,321","$2,040",7.02 Ct.,13.01,9.51,6.1,Purplish Blue,Light,Eye Clean,Emerald Cut,Emerald Cut,Heat Treated,Ceylon (Sri Lanka),https://www.thenaturalsapphirecompany.com/blue-sapphires/7.02ct-ceylon-sri-lankan-emerald-cut-purplish-blue-sapphire-b15971/
B15892,"$33,310","$5,425",6.14 Ct.,12.09,9.37,6.64,Blue,Vivid,Eye Clean,Oval,Mixed Brilliant Cut,Heat Treated,Ceylon (Sri Lanka),https://www.thenaturalsapphirecompany.com/blue-sapphires/6.14ct-ceylon-sri-lankan-oval-blue-sapphire-b15892/
B15900,"$15,875","$3,910",4.06 Ct.,9.78,9.72,5.08,Blue,Vivid,Very Slightly Included,Round,Mixed Brilliant Cut,Heat Treated,Ceylon (Sri Lanka),https://www.thenaturalsapphirecompany.com/blue-sapphires/4.06ct-ceylon-sri-lankan-round-blue-sapphire-b15900/
S8368,"$49,068","$6,525",7.52 Ct.,11.64,10.99,7.15,Blue,Vivid,Very Slightly Included,Cushion,Mixed Brilliant Cut,Heat Treated,Ceylon (Sri Lanka),https://www.thenaturalsapphirecompany.com/blue-sapphires/7.52ct-ceylon-sri-lankan-cushion-blue-sapphire-s8368/
B15911,"$12,410","$3,400",3.65 Ct.,8.7,7.48,5.9,Blue,Vivid,Eye Clean,Cushion,Mixed Brilliant Cut,Heat Treated,Ceylon (Sri Lanka),https://www.thenaturalsapphirecompany.com/blue-sapphires/3.65ct-ceylon-sri-lankan-cushion-blue-sapphire-b15911/
S11967,"$3,804","$1,874",2.03 Ct.,7.07,6.89,4.61,Blue,Vivid,Eye Clean,Round,Mixed Brilliant Cut,Heat Treated,Ceylon (Sri Lanka),https://www.thenaturalsapphirecompany.com/blue-sapphires/2.03ct-ceylon-sri-lankan-round-blue-sapphire-s11967/
S8246,"$26,611","$5,280",5.04 Ct.,11.53,9.16,5.36,Blue,Vivid,Slightly Included,Cushion,Mixed Brilliant Cut,Heat Treated,Ceylon (Sri Lanka),https://www.thenaturalsapphirecompany.com/blue-sapphires/5.04ct-ceylon-sri-lankan-cushion-blue-sapphire-s8246/
S12226,"$5,239","$2,729",1.92 Ct.,7.38,7.28,4.48,Blue,Vivid,Eye Clean,Round,Mixed Brilliant Cut,Heat Treated,Ceylon (Sri Lanka),https://www.thenaturalsapphirecompany.com/blue-sapphires/1.92ct-ceylon-sri-lankan-round-blue-sapphire-s12226/
S12421,$370,"$1,000",0.37 Ct.,4.88,5.38,2.16,Blue,Medium,Very Slightly Included,Fancy,Step Cut,Heat Treated,Ceylon (Sri Lanka),https://www.thenaturalsapphirecompany.com/blue-sapphires/0.37ct-ceylon-sri-lankan-fancy-blue-sapphire-s12421/
S3935,"$5,202","$3,422",1.52 Ct.,6.52,6.47,4.79,Blue,Vivid,Very Slightly Included,Round,Mixed Brilliant Cut,Heat Treated,Ceylon (Sri Lanka),https://www.thenaturalsapphirecompany.com/blue-sapphires/1.52ct-ceylon-sri-lankan-round-blue-sapphire-s3935/
S12638,"$46,632","$5,800",8.04 Ct.,12.13,10.44,6.64,Blue,Vivid,Eye Clean,Cushion,Mixed Brilliant Cut,Heat Treated,Ceylon (Sri Lanka),https://www.thenaturalsapphirecompany.com/blue-sapphires/8.04ct-ceylon-sri-lankan-cushion-blue-sapphire-s12638/
S12537,"$16,034","$6,120",2.62 Ct.,8.15,8.11,5.4,Blue,Vivid,Eye Clean,Round,Mixed Brilliant Cut,Heat Treated,Ceylon (Sri Lanka),https://www.thenaturalsapphirecompany.com/blue-sapphires/2.62ct-ceylon-sri-lankan-round-blue-sapphire-s12537/
S12527,"$5,088","$4,070",1.25 Ct.,6.08,6.05,4.33,Blue,Vivid,Eye Clean,Round,Mixed Brilliant Cut,Heat Treated,Ceylon (Sri Lanka),https://www.thenaturalsapphirecompany.com/blue-sapphires/1.25ct-ceylon-sri-lankan-round-blue-sapphire-s12527/
S11809,"$44,521","$5,510",8.08 Ct.,11.21,10.82,7.39,Blue,Vivid,Eye Clean,Cushion,Mixed Brilliant Cut,Heat Treated,Madagascar,https://www.thenaturalsapphirecompany.com/blue-sapphires/8.08ct-madagascar-cushion-blue-sapphire-s11809/
S11894,"$42,268","$6,975",6.06 Ct.,10.56,10.38,6.42,Blue,Vivid,Eye Clean,Cushion,Mixed Brilliant Cut,Heat Treated,Ceylon (Sri Lanka),https://www.thenaturalsapphirecompany.com/blue-sapphires/6.06ct-ceylon-sri-lankan-cushion-blue-sapphire-s11894/
S11895,"$3,900","$3,000",1.30 Ct.,6.87,6.85,3.69,Blue,Dark,Eye Clean,Round,Mixed Brilliant Cut,Heat Treated,Ceylon (Sri Lanka),https://www.thenaturalsapphirecompany.com/blue-sapphires/1.30ct-ceylon-sri-lankan-round-blue-sapphire-s11895/
S11969,"$6,441","$3,053",2.11 Ct.,7.71,7.58,4.52,Blue,Vivid,Very Slightly Included,Round,Mixed Brilliant Cut,Heat Treated,Ceylon (Sri Lanka),https://www.thenaturalsapphirecompany.com/blue-sapphires/2.11ct-ceylon-sri-lankan-round-blue-sapphire-s11969/
S9545,"$15,693","$2,890",5.43 Ct.,10.8,10.69,6.31,Blue,Medium,Eye Clean,Round,Mixed Brilliant Cut,Heat Treated,Ceylon (Sri Lanka),https://www.thenaturalsapphirecompany.com/blue-sapphires/5.43ct-ceylon-sri-lankan-round-blue-sapphire-s9545/
S11630,"$34,906","$6,200",5.63 Ct.,10.39,9.19,6.57,Blue,Vivid,Eye Clean,Cushion,Mixed Brilliant Cut,Heat Treated,Ceylon (Sri Lanka),https://www.thenaturalsapphirecompany.com/blue-sapphires/5.63ct-ceylon-sri-lankan-cushion-blue-sapphire-s11630/
S11319,"$31,349","$6,171",5.08 Ct.,10.51,7.67,6.58,Blue,Intense,Very Slightly Included,Cushion,Mixed Brilliant Cut,No Enhancement,Ceylon (Sri Lanka),https://www.thenaturalsapphirecompany.com/blue-sapphires/5.08ct-ceylon-sri-lankan-cushion-blue-sapphire-s11319/
S3572,"$2,999","$1,224",2.45 Ct.,10.95,7.22,3.85,Color Change,Intense,Very Slightly Included,Pear,Mixed Brilliant Cut,No Enhancement,Ceylon (Sri Lanka),https://www.thenaturalsapphirecompany.com/blue-sapphires/2.45ct-ceylon-sri-lankan-pear-color-change-sapphire-s3572/
S6427,"$2,280","$1,200",1.90 Ct.,7.3,7.15,4.75,Greenish Blue,Intense,Eye Clean,Round,Mixed Brilliant Cut,No Enhancement,Madagascar,https://www.thenaturalsapphirecompany.com/blue-sapphires/1.90ct-madagascar-round-greenish-blue-sapphire-s6427/
U17268,"$2,754","$1,350",2.04 Ct.,8.26,7.1,4.1,Greenish Blue,Dark,Very Slightly Included,Oval,Mixed Brilliant Cut,Heat Treated,Ceylon (Sri Lanka),https://www.thenaturalsapphirecompany.com/blue-sapphires/2.04ct-ceylon-sri-lankan-oval-greenish-blue-sapphire-u17268/
U10437,"$1,035","$1,150",0.90 Ct.,5.65,5.58,4.06,Greenish Blue,Intense,Very Slightly Included,Round,Mixed Brilliant Cut,Heat Treated,Montana,https://www.thenaturalsapphirecompany.com/blue-sapphires/0.90ct-montana-round-greenish-blue-sapphire-u10437/
S6874,"$11,206","$5,440",2.06 Ct.,7.33,7.21,4.65,Blue,Intense,Eye Clean,Round,Mixed Brilliant Cut,No Enhancement,Ceylon (Sri Lanka),https://www.thenaturalsapphirecompany.com/blue-sapphires/2.06ct-ceylon-sri-lankan-round-blue-sapphire-s6874/
S6754,"$3,335","$2,900",1.15 Ct.,6.12,6.11,3.83,Blue,Vivid,Very Slightly Included,Round,Mixed Brilliant Cut,Heat Treated,Ceylon (Sri Lanka),https://www.thenaturalsapphirecompany.com/blue-sapphires/1.15ct-ceylon-sri-lankan-round-blue-sapphire-s6754/
S6894,"$11,388","$2,805",4.06 Ct.,9.75,9.66,5.46,Greyish Blue,Medium,Eye Clean,Round,Mixed Brilliant Cut,Heat Treated,Madagascar,https://www.thenaturalsapphirecompany.com/blue-sapphires/4.06ct-madagascar-round-greyish-blue-sapphire-s6894/
S6997,"$10,353","$2,550",4.06 Ct.,10.45,8.5,4.86,Violet,Medium,Very Slightly Included,Cushion,Mixed Brilliant Cut,No Enhancement,Ceylon (Sri Lanka),https://www.thenaturalsapphirecompany.com/blue-sapphires/4.06ct-ceylon-sri-lankan-cushion-violet-sapphire-s6997/
S10161,"$5,098","$3,053",1.67 Ct.,6.49,6.45,4.86,Blue,Intense,Very Slightly Included,Round,Mixed Brilliant Cut,Heat Treated,Ceylon (Sri Lanka),https://www.thenaturalsapphirecompany.com/blue-sapphires/1.67ct-ceylon-sri-lankan-round-blue-sapphire-s10161/
B10256,"$8,730","$3,000",2.91 Ct.,7.78,7.65,6.14,Blue,Vivid,Very Slightly Included,Round,Mixed Brilliant Cut,Heat Treated,Ceylon (Sri Lanka),https://www.thenaturalsapphirecompany.com/blue-sapphires/2.91ct-ceylon-sri-lankan-round-blue-sapphire-b10256/
S9412,"$5,267","$3,608",1.46 Ct.,6.5,6.43,4.54,Blue,Vivid,Eye Clean,Round,Mixed Brilliant Cut,Heat Treated,Ceylon (Sri Lanka),https://www.thenaturalsapphirecompany.com/blue-sapphires/1.46ct-ceylon-sri-lankan-round-blue-sapphire-s9412/
S9411,"$6,878","$4,070",1.69 Ct.,7.04,7,4.44,Blue,Vivid,Eye Clean,Round,Mixed Brilliant Cut,Heat Treated,Ceylon (Sri Lanka),https://www.thenaturalsapphirecompany.com/blue-sapphires/1.69ct-ceylon-sri-lankan-round-blue-sapphire-s9411/
S9415,"$3,799","$3,423",1.11 Ct.,6.05,6.02,3.84,Blue,Vivid,Eye Clean,Round,Mixed Brilliant Cut,Heat Treated,Ceylon (Sri Lanka),https://www.thenaturalsapphirecompany.com/blue-sapphires/1.11ct-ceylon-sri-lankan-round-blue-sapphire-s9415/
S9416,"$3,700","$3,700",1.00 Ct.,5.81,5.74,3.94,Blue,Vivid,Eye Clean,Round,Mixed Brilliant Cut,Heat Treated,Ceylon (Sri Lanka),https://www.thenaturalsapphirecompany.com/blue-sapphires/1.00ct-ceylon-sri-lankan-round-blue-sapphire-s9416/
S3672,"$3,828","$2,200",1.74 Ct.,7.47,7.28,4.36,Greenish Blue,Intense,Very Slightly Included,Round,Mixed Brilliant Cut,Heat Treated,Thailand,https://www.thenaturalsapphirecompany.com/blue-sapphires/1.74ct-thai-round-greenish-blue-sapphire-s3672/
S10688,"$7,093","$3,330",2.13 Ct.,7.35,7.29,5.13,Blue,Vivid,Eye Clean,Round,Mixed Brilliant Cut,Heat Treated,Ceylon (Sri Lanka),https://www.thenaturalsapphirecompany.com/blue-sapphires/2.13ct-ceylon-sri-lankan-round-blue-sapphire-s10688/
S5068,"$1,677","$1,300",1.29 Ct.,7.06,8.49,4.22,Bluish Green,Medium,Very Slightly Included,Fancy,Step Cut,No Enhancement,Montana,https://www.thenaturalsapphirecompany.com/blue-sapphires/1.29ct-montana-fancy-bluish-green-sapphire-s5068/
S9367,"$6,840","$2,682",2.55 Ct.,8.28,8.21,4.45,Blue,Intense,Very Slightly Included,Round,Mixed Brilliant Cut,Heat Treated,Ceylon (Sri Lanka),https://www.thenaturalsapphirecompany.com/blue-sapphires/2.55ct-ceylon-sri-lankan-round-blue-sapphire-s9367/
S9410,"$6,241","$3,608",1.73 Ct.,6.98,6.95,4.74,Blue,Vivid,Eye Clean,Round,Mixed Brilliant Cut,Heat Treated,Ceylon (Sri Lanka),https://www.thenaturalsapphirecompany.com/blue-sapphires/1.73ct-ceylon-sri-lankan-round-blue-sapphire-s9410/
S9302,"$8,140","$4,070",2.00 Ct.,7.1,7.06,4.78,Blue,Vivid,Eye Clean,Round,Mixed Brilliant Cut,Heat Treated,Ceylon (Sri Lanka),https://www.thenaturalsapphirecompany.com/blue-sapphires/2.00ct-ceylon-sri-lankan-round-blue-sapphire-s9302/
B15877,"$4,823","$3,053",1.58 Ct.,6.65,6.57,3.96,Blue,Vivid,Eye Clean,Cushion,Mixed Brilliant Cut,Heat Treated,Ceylon (Sri Lanka),https://www.thenaturalsapphirecompany.com/blue-sapphires/1.58ct-ceylon-sri-lankan-cushion-blue-sapphire-b15877/
U15293,"$5,580","$2,000",2.79 Ct.,9.42,8.85,5.39,Greenish Blue,Faint,Very Slightly Included,Fancy,Fancy Brilliant Cut,No Enhancement,Montana,https://www.thenaturalsapphirecompany.com/blue-sapphires/2.79ct-montana-fancy-greenish-blue-sapphire-u15293/
S8494,"$6,423","$2,960",2.17 Ct.,7.94,7.75,4.07,Blue,Vivid,Eye Clean,Round,Mixed Brilliant Cut,Heat Treated,Ceylon (Sri Lanka),https://www.thenaturalsapphirecompany.com/blue-sapphires/2.17ct-ceylon-sri-lankan-round-blue-sapphire-s8494/
S8498,"$7,227","$2,812",2.57 Ct.,8.33,8.05,4.53,Blue,Vivid,Very Slightly Included,Round,Mixed Brilliant Cut,Heat Treated,Ceylon (Sri Lanka),https://www.thenaturalsapphirecompany.com/blue-sapphires/2.57ct-ceylon-sri-lankan-round-blue-sapphire-s8498/
S9423,"$8,256","$3,238",2.55 Ct.,7.84,7.77,5.29,Blue,Intense,Very Slightly Included,Round,Mixed Brilliant Cut,Heat Treated,Ceylon (Sri Lanka),https://www.thenaturalsapphirecompany.com/blue-sapphires/2.55ct-ceylon-sri-lankan-round-blue-sapphire-s9423/
B17463,"$5,698","$3,238",1.76 Ct.,7.64,6.02,4.22,Blue,Vivid,Eye Clean,Cushion,Mixed Brilliant Cut,Heat Treated,Ceylon (Sri Lanka),https://www.thenaturalsapphirecompany.com/blue-sapphires/1.76ct-ceylon-sri-lankan-cushion-blue-sapphire-b17463/
B17103,"$26,240","$4,703",5.58 Ct.,11.61,9.33,6.02,Blue,Vivid,Eye Clean,Oval,Mixed Brilliant Cut,Heat Treated,Madagascar,https://www.thenaturalsapphirecompany.com/blue-sapphires/5.58ct-madagascar-oval-blue-sapphire-b17103/
S8482,"$47,785","$9,425",5.07 Ct.,11.62,8.08,5.9,Blue,Medium,Eye Clean,Oval,Mixed Brilliant Cut,No Enhancement,Ceylon (Sri Lanka),https://www.thenaturalsapphirecompany.com/blue-sapphires/5.07ct-ceylon-sri-lankan-oval-blue-sapphire-s8482/
B17569,"$4,662","$1,665",2.80 Ct.,9.49,6.38,4.61,Blue,Intense,Eye Clean,Oval,Mixed Brilliant Cut,Heat Treated,Ceylon (Sri Lanka),https://www.thenaturalsapphirecompany.com/blue-sapphires/2.80ct-ceylon-sri-lankan-oval-blue-sapphire-b17569/
B17474,"$3,920","$3,500",1.12 Ct.,5.9,5.85,4.16,Blue,Vivid,Eye Clean,Round,Mixed Brilliant Cut,Heat Treated,Ceylon (Sri Lanka),https://www.thenaturalsapphirecompany.com/blue-sapphires/1.12ct-ceylon-sri-lankan-round-blue-sapphire-b17474/
B8302,"$9,240","$2,800",3.30 Ct.,8.94,7.21,5.72,Blue,Intense,Very Slightly Included,Oval,Mixed Brilliant Cut,No Enhancement,Ceylon (Sri Lanka),https://www.thenaturalsapphirecompany.com/blue-sapphires/3.30ct-ceylon-sri-lankan-oval-blue-sapphire-b8302/
B8078,"$1,261","$1,433",0.88 Ct.,5.85,5.76,3.72,Greenish Blue,Intense,Slightly Included,Round,Brilliant Cut,Heat Treated,Montana,https://www.thenaturalsapphirecompany.com/blue-sapphires/0.88ct-montana-round-greenish-blue-sapphire-b8078/
B16179,"$4,579","$1,388",3.30 Ct.,8.91,7.13,5.52,Blue,Intense,Very Slightly Included,Oval,Mixed Brilliant Cut,Heat Treated,Ceylon (Sri Lanka),https://www.thenaturalsapphirecompany.com/blue-sapphires/3.30ct-ceylon-sri-lankan-oval-blue-sapphire-b16179/
B16180,"$5,211","$1,665",3.13 Ct.,9.67,7.19,4.71,Blue,Intense,Very Slightly Included,Oval,Mixed Brilliant Cut,Heat Treated,Ceylon (Sri Lanka),https://www.thenaturalsapphirecompany.com/blue-sapphires/3.13ct-ceylon-sri-lankan-oval-blue-sapphire-b16180/
S8356,"$8,757","$1,445",6.06 Ct.,10.81,9.4,6.44,Greenish Blue,Vivid,Eye Clean,Cushion,Mixed Brilliant Cut,No Enhancement,Madagascar,https://www.thenaturalsapphirecompany.com/blue-sapphires/6.06ct-madagascar-cushion-greenish-blue-sapphire-s8356/
S8344,"$31,185","$5,775",5.40 Ct.,10.63,10.58,5.63,Blue,Vivid,Eye Clean,Cushion,Mixed Brilliant Cut,Heat Treated,Madagascar,https://www.thenaturalsapphirecompany.com/blue-sapphires/5.40ct-madagascar-cushion-blue-sapphire-s8344/
S8176,"$5,911","$2,081",2.84 Ct.,10.03,7.6,3.75,Greenish Blue,Medium,Very Slightly Included,Emerald Cut,Emerald Cut,No Enhancement,Ceylon (Sri Lanka),https://www.thenaturalsapphirecompany.com/blue-sapphires/2.84ct-ceylon-sri-lankan-emerald-cut-greenish-blue-sapphire-s8176/
S8858,"$31,820","$5,775",5.51 Ct.,11.14,8.76,6.3,Blue,Vivid,Very Slightly Included,Cushion,Mixed Brilliant Cut,Heat Treated,Ceylon (Sri Lanka),https://www.thenaturalsapphirecompany.com/blue-sapphires/5.51ct-ceylon-sri-lankan-cushion-blue-sapphire-s8858/
B15285,"$31,136","$5,580",5.58 Ct.,11.46,8.65,6.45,Blue,Intense,Eye Clean,Oval,Mixed Brilliant Cut,No Enhancement,Ceylon (Sri Lanka),https://www.thenaturalsapphirecompany.com/blue-sapphires/5.58ct-ceylon-sri-lankan-oval-blue-sapphire-b15285/
B15275,"$5,350","$2,220",2.41 Ct.,7.76,7.58,4.52,Blue,Vivid,Very Slightly Included,Cushion,Mixed Brilliant Cut,Heat Treated,Ceylon (Sri Lanka),https://www.thenaturalsapphirecompany.com/blue-sapphires/2.41ct-ceylon-sri-lankan-cushion-blue-sapphire-b15275/
B14978,"$3,510","$2,700",1.30 Ct.,6.27,6.24,4.13,Blue,Vivid,Eye Clean,Round,Mixed Brilliant Cut,Heat Treated,Ceylon (Sri Lanka),https://www.thenaturalsapphirecompany.com/blue-sapphires/1.30ct-ceylon-sri-lankan-round-blue-sapphire-b14978/
S13660,"$1,110","$1,000",1.11 Ct.,7.5,5.44,4.21,Blue,Intense,Very Slightly Included,Trillion,Trillion Cut,Heat Treated,Ceylon (Sri Lanka),https://www.thenaturalsapphirecompany.com/blue-sapphires/1.11ct-ceylon-sri-lankan-trillion-blue-sapphire-s13660/
S10120,"$6,808","$4,255",1.60 Ct.,6.89,6.85,4.42,Blue,Vivid,Eye Clean,Round,Mixed Brilliant Cut,Heat Treated,Ceylon (Sri Lanka),https://www.thenaturalsapphirecompany.com/blue-sapphires/1.60ct-ceylon-sri-lankan-round-blue-sapphire-s10120/
S18808,"$44,051","$10,850",4.06 Ct.,9.56,7.12,5.86,Blue,Vivid,Very Slightly Included,Emerald Cut,Emerald Cut,No Enhancement,Ceylon (Sri Lanka),https://www.thenaturalsapphirecompany.com/blue-sapphires/4.06ct-ceylon-sri-lankan-emerald-cut-blue-sapphire-s18808/
S13525,"$3,125","$2,500",1.25 Ct.,6.35,6.27,3.9,Blue,Vivid,Eye Clean,Round,Mixed Brilliant Cut,Heat Treated,Ceylon (Sri Lanka),https://www.thenaturalsapphirecompany.com/blue-sapphires/1.25ct-ceylon-sri-lankan-round-blue-sapphire-s13525/
U4114,"$2,350","$1,250",1.88 Ct.,8.02,6.02,4.49,Greenish Blue,Medium,Very Slightly Included,Cushion,Mixed Brilliant Cut,No Enhancement,Montana,https://www.thenaturalsapphirecompany.com/blue-sapphires/1.88ct-montana-cushion-greenish-blue-sapphire-u4114/
S7042,"$5,442","$3,423",1.59 Ct.,6.54,6.51,4.48,Blue,Vivid,Eye Clean,Round,Mixed Brilliant Cut,Heat Treated,Ceylon (Sri Lanka),https://www.thenaturalsapphirecompany.com/blue-sapphires/1.59ct-ceylon-sri-lankan-round-blue-sapphire-s7042/
S12792,"$5,076","$2,590",1.96 Ct.,7.06,6.95,4.7,Blue,Vivid,Very Slightly Included,Round,Mixed Brilliant Cut,Heat Treated,Ceylon (Sri Lanka),https://www.thenaturalsapphirecompany.com/blue-sapphires/1.96ct-ceylon-sri-lankan-round-blue-sapphire-s12792/
S12840,"$43,675","$6,587",6.63 Ct.,11.47,9.34,5.77,Blue,Intense,Very Slightly Included,Cushion,Mixed Brilliant Cut,No Enhancement,Ceylon (Sri Lanka),https://www.thenaturalsapphirecompany.com/blue-sapphires/6.63ct-ceylon-sri-lankan-cushion-blue-sapphire-s12840/
B14057,"$8,629","$4,590",1.88 Ct.,7.91,7.82,4.31,Blue,Intense,Very Slightly Included,Round,Mixed Brilliant Cut,No Enhancement,Burma (Myanmar),https://www.thenaturalsapphirecompany.com/blue-sapphires/1.88ct-burma-myanmar-round-blue-sapphire-b14057/
B14284,"$46,649","$6,090",7.66 Ct.,11.75,10.25,7.8,Blue,Vivid,Eye Clean,Cushion,Mixed Brilliant Cut,Heat Treated,Ceylon (Sri Lanka),https://www.thenaturalsapphirecompany.com/blue-sapphires/7.66ct-ceylon-sri-lankan-cushion-blue-sapphire-b14284/
B15443,"$8,766","$3,607",2.43 Ct.,8.09,7.97,4.93,Blue,Intense,Eye Clean,Round,Mixed Brilliant Cut,Heat Treated,Ceylon (Sri Lanka),https://www.thenaturalsapphirecompany.com/blue-sapphires/2.43ct-ceylon-sri-lankan-round-blue-sapphire-b15443/
S7907,"$6,540","$3,238",2.02 Ct.,7.43,7.48,4.43,Blue,Intense,Eye Clean,Round,Mixed Brilliant Cut,Heat Treated,Ceylon (Sri Lanka),https://www.thenaturalsapphirecompany.com/blue-sapphires/2.02ct-ceylon-sri-lankan-round-blue-sapphire-s7907/
B14079,"$26,585","$4,373",6.08 Ct.,11.47,11.05,5.34,Blue,Vivid,Very Slightly Included,Cushion,Mixed Brilliant Cut,Heat Treated,Ceylon (Sri Lanka),https://www.thenaturalsapphirecompany.com/blue-sapphires/6.08ct-ceylon-sri-lankan-cushion-blue-sapphire-b14079/
U10139,"$1,330","$1,000",1.33 Ct.,6.33,6.26,4.47,Greyish Blue,Light,Slightly Included,Round,Mixed Brilliant Cut,No Enhancement,Montana,https://www.thenaturalsapphirecompany.com/blue-sapphires/1.33ct-montana-round-greyish-blue-sapphire-u10139/
U8815,"$2,160","$1,600",1.35 Ct.,6.34,6.25,4.66,Bluish Grey,Intense,Very Slightly Included,Round,Modified Brilliant Cut,No Enhancement,Montana,https://www.thenaturalsapphirecompany.com/blue-sapphires/1.35ct-montana-round-bluish-grey-sapphire-u8815/
B13256,"$36,224","$4,418",8.20 Ct.,13.06,10.09,7.36,Blue,Vivid,Eye Clean,Oval,Mixed Brilliant Cut,Heat Treated,Ceylon (Sri Lanka),https://www.thenaturalsapphirecompany.com/blue-sapphires/8.20ct-ceylon-sri-lankan-oval-blue-sapphire-b13256/
B12487,"$22,688","$8,250",2.75 Ct.,8.44,7.44,5.11,Blue,Intense,Eye Clean,Oval,Mixed Brilliant Cut,No Enhancement,Madagascar,https://www.thenaturalsapphirecompany.com/blue-sapphires/2.75ct-madagascar-oval-blue-sapphire-b12487/
B12269,"$32,240","$4,960",6.50 Ct.,11.22,9.59,7.38,Blue,Vivid,Eye Clean,Oval,Mixed Brilliant Cut,Heat Treated,Ceylon (Sri Lanka),https://www.thenaturalsapphirecompany.com/blue-sapphires/6.50ct-ceylon-sri-lankan-oval-blue-sapphire-b12269/
B10500,"$42,352","$2,790",15.18 Ct.,15.5,14.75,7.24,Blue,Dark,Very Slightly Included,Cushion,Mixed Brilliant Cut,No Enhancement,West Africa,https://www.thenaturalsapphirecompany.com/blue-sapphires/15.18ct-west-african-cushion-blue-sapphire-b10500/
S7402,"$54,688","$3,045",17.96 Ct.,18.05,12.11,8.36,Blue,Intense,Very Slightly Included,Radiant,Radiant Cut,Heat Treated,Ceylon (Sri Lanka),https://www.thenaturalsapphirecompany.com/blue-sapphires/17.96ct-ceylon-sri-lankan-radiant-blue-sapphire-s7402/
S7379,"$3,420","$3,000",1.14 Ct.,6.13,6.04,4.03,Blue,Vivid,Very Slightly Included,Round,Mixed Brilliant Cut,Heat Treated,Ceylon (Sri Lanka),https://www.thenaturalsapphirecompany.com/blue-sapphires/1.14ct-ceylon-sri-lankan-round-blue-sapphire-s7379/
S7372,"$3,941","$2,775",1.42 Ct.,6.56,6.51,4.32,Blue,Intense,Very Very Slightly Included,Round,Mixed Brilliant Cut,Heat Treated,Ceylon (Sri Lanka),https://www.thenaturalsapphirecompany.com/blue-sapphires/1.42ct-ceylon-sri-lankan-round-blue-sapphire-s7372/
S7374,"$3,927","$3,300",1.19 Ct.,6.14,6.09,4.1,Blue,Intense,Very Slightly Included,Round,Mixed Brilliant Cut,Heat Treated,Ceylon (Sri Lanka),https://www.thenaturalsapphirecompany.com/blue-sapphires/1.19ct-ceylon-sri-lankan-round-blue-sapphire-s7374/
B8119,"$5,483","$2,550",2.15 Ct.,7.05,6.46,4.72,Blue,Vivid,Eye Clean,Cushion,Mixed Brilliant Cut,Heat Treated,Madagascar,https://www.thenaturalsapphirecompany.com/blue-sapphires/2.15ct-madagascar-cushion-blue-sapphire-b8119/
B16978,"$23,042","$4,702",4.90 Ct.,9.51,8.33,6.63,Blue,Vivid,Eye Clean,Cushion,Mixed Brilliant Cut,Heat Treated,Ceylon (Sri Lanka),https://www.thenaturalsapphirecompany.com/blue-sapphires/4.90ct-ceylon-sri-lankan-cushion-blue-sapphire-b16978/
S8451,"$25,047","$4,950",5.06 Ct.,9.34,8.77,6.24,Blue,Intense,Very Slightly Included,Asscher - Octagon,Asscher Cut,Heat Treated,Ceylon (Sri Lanka),https://www.thenaturalsapphirecompany.com/blue-sapphires/5.06ct-ceylon-sri-lankan-asscher-octagon-blue-sapphire-s8451/
S8532,"$3,520","$2,200",1.60 Ct.,7.25,7.16,3.99,Blue,Intense,Very Slightly Included,Round,Mixed Brilliant Cut,Heat Treated,Ceylon (Sri Lanka),https://www.thenaturalsapphirecompany.com/blue-sapphires/1.60ct-ceylon-sri-lankan-round-blue-sapphire-s8532/
B17530,"$21,532","$4,950",4.35 Ct.,9.7,8.58,5.67,Blue,Vivid,Eye Clean,Cushion,Mixed Brilliant Cut,Heat Treated,Ceylon (Sri Lanka),https://www.thenaturalsapphirecompany.com/blue-sapphires/4.35ct-ceylon-sri-lankan-cushion-blue-sapphire-b17530/
B16414,"$4,751","$2,220",2.14 Ct.,7.45,7.27,5.17,Blue,Vivid,Very Slightly Included,Round,Mixed Brilliant Cut,Heat Treated,Ceylon (Sri Lanka),https://www.thenaturalsapphirecompany.com/blue-sapphires/2.14ct-ceylon-sri-lankan-round-blue-sapphire-b16414/
B16661,"$5,028","$1,665",3.02 Ct.,9.61,7.49,4.51,Blue,Dark,Very Slightly Included,Oval,Mixed Brilliant Cut,Heat Treated,Ceylon (Sri Lanka),https://www.thenaturalsapphirecompany.com/blue-sapphires/3.02ct-ceylon-sri-lankan-oval-blue-sapphire-b16661/
B16640,"$3,025","$2,500",1.21 Ct.,6.59,6.54,3.73,Blue,Vivid,Eye Clean,Round,Mixed Brilliant Cut,Heat Treated,Ceylon (Sri Lanka),https://www.thenaturalsapphirecompany.com/blue-sapphires/1.21ct-ceylon-sri-lankan-round-blue-sapphire-b16640/
B16745,"$4,372","$1,341",3.26 Ct.,9.2,8.41,4.67,Blue,Medium,Slightly Included,Cushion,Mixed Brilliant Cut,Heat Treated,Ceylon (Sri Lanka),https://www.thenaturalsapphirecompany.com/blue-sapphires/3.26ct-ceylon-sri-lankan-cushion-blue-sapphire-b16745/
S7043,"$4,586","$3,422",1.34 Ct.,6.5,6.42,4.19,Blue,Intense,Eye Clean,Round,Mixed Brilliant Cut,Heat Treated,Ceylon (Sri Lanka),https://www.thenaturalsapphirecompany.com/blue-sapphires/1.34ct-ceylon-sri-lankan-round-blue-sapphire-s7043/
B9783,"$4,255","$2,300",1.85 Ct.,7.45,7.39,4.1,Blue,Intense,Very Very Slightly Included,Round,Mixed Brilliant Cut,Heat Treated,Ceylon (Sri Lanka),https://www.thenaturalsapphirecompany.com/blue-sapphires/1.85ct-ceylon-sri-lankan-round-blue-sapphire-b9783/
B14818,"$4,606","$2,775",1.66 Ct.,6.6,6.47,4.92,Blue,Intense,Eye Clean,Round,Mixed Brilliant Cut,Heat Treated,Ceylon (Sri Lanka),https://www.thenaturalsapphirecompany.com/blue-sapphires/1.66ct-ceylon-sri-lankan-round-blue-sapphire-b14818/
S9442,"$8,568","$4,080",2.10 Ct.,7.57,7.53,4.47,Blue,Vivid,Very Slightly Included,Round,Mixed Brilliant Cut,No Enhancement,Ceylon (Sri Lanka),https://www.thenaturalsapphirecompany.com/blue-sapphires/2.10ct-ceylon-sri-lankan-round-blue-sapphire-s9442/
S7347,"$29,571","$9,570",3.09 Ct.,9.14,7.72,5.38,Blue,Vivid,Very Slightly Included,Oval,Mixed Brilliant Cut,No Enhancement,Ceylon (Sri Lanka),https://www.thenaturalsapphirecompany.com/blue-sapphires/3.09ct-ceylon-sri-lankan-oval-blue-sapphire-s7347/
S5568,"$30,096","$6,600",4.56 Ct.,9.67,9.65,5.75,Blue,Vivid,Eye Clean,Cushion,Mixed Brilliant Cut,Heat Treated,Ceylon (Sri Lanka),https://www.thenaturalsapphirecompany.com/blue-sapphires/4.56ct-ceylon-sri-lankan-cushion-blue-sapphire-s5568/
S5584,"$32,472","$7,750",4.19 Ct.,9.53,8.38,5.72,Blue,Intense,Very Slightly Included,Cushion,Mixed Brilliant Cut,No Enhancement,Ceylon (Sri Lanka),https://www.thenaturalsapphirecompany.com/blue-sapphires/4.19ct-ceylon-sri-lankan-cushion-blue-sapphire-s5584/
S5620,"$4,403","$3,238",1.36 Ct.,6.06,6,4.53,Blue,Vivid,Very Very Slightly Included,Round,Mixed Brilliant Cut,Heat Treated,Ceylon (Sri Lanka),https://www.thenaturalsapphirecompany.com/blue-sapphires/1.36ct-ceylon-sri-lankan-round-blue-sapphire-s5620/
S5666,"$4,912","$2,729",1.80 Ct.,6.8,6.74,4.91,Blue,Intense,Very Slightly Included,Round,Mixed Brilliant Cut,Heat Treated,Ceylon (Sri Lanka),https://www.thenaturalsapphirecompany.com/blue-sapphires/1.80ct-ceylon-sri-lankan-round-blue-sapphire-s5666/
S10655,"$21,384","$5,280",4.05 Ct.,9.65,8.03,5.53,Blue,Vivid,Eye Clean,Cushion,Mixed Brilliant Cut,Heat Treated,Ceylon (Sri Lanka),https://www.thenaturalsapphirecompany.com/blue-sapphires/4.05ct-ceylon-sri-lankan-cushion-blue-sapphire-s10655/
S13409,"$12,002","$3,400",3.53 Ct.,8.16,8.12,6.3,Color Change,Intense,Very Slightly Included,Round,Mixed Brilliant Cut,No Enhancement,Madagascar,https://www.thenaturalsapphirecompany.com/blue-sapphires/3.53ct-madagascar-round-color-change-sapphire-s13409/
S9413,"$4,004","$3,422",1.17 Ct.,6.48,6.34,3.93,Blue,Vivid,Eye Clean,Round,Mixed Brilliant Cut,Heat Treated,Ceylon (Sri Lanka),https://www.thenaturalsapphirecompany.com/blue-sapphires/1.17ct-ceylon-sri-lankan-round-blue-sapphire-s9413/
S9328,"$21,998","$5,445",4.04 Ct.,9.62,8.46,5.21,Blue,Intense,Very Slightly Included,Cushion,Mixed Brilliant Cut,No Enhancement,Ceylon (Sri Lanka),https://www.thenaturalsapphirecompany.com/blue-sapphires/4.04ct-ceylon-sri-lankan-cushion-blue-sapphire-s9328/
S10055,"$4,938","$3,145",1.57 Ct.,6.45,6.41,4.47,Blue,Intense,Very Slightly Included,Round,Mixed Brilliant Cut,No Enhancement,Ceylon (Sri Lanka),https://www.thenaturalsapphirecompany.com/blue-sapphires/1.57ct-ceylon-sri-lankan-round-blue-sapphire-s10055/
S10118,"$3,159","$2,700",1.17 Ct.,5.99,5.96,4.24,Blue,Vivid,Eye Clean,Round,Mixed Brilliant Cut,Heat Treated,Ceylon (Sri Lanka),https://www.thenaturalsapphirecompany.com/blue-sapphires/1.17ct-ceylon-sri-lankan-round-blue-sapphire-s10118/
S4847,"$9,496","$6,460",1.47 Ct.,6.2,5.99,4.33,Blue,Intense,Very Slightly Included,Cushion,Mixed Brilliant Cut,No Enhancement,Ceylon (Sri Lanka),https://www.thenaturalsapphirecompany.com/blue-sapphires/1.47ct-ceylon-sri-lankan-cushion-blue-sapphire-s4847/
S5435,"$22,889","$5,610",4.08 Ct.,9.59,8.01,5.73,Blue,Intense,Eye Clean,Cushion,Mixed Brilliant Cut,Heat Treated,Ceylon (Sri Lanka),https://www.thenaturalsapphirecompany.com/blue-sapphires/4.08ct-ceylon-sri-lankan-cushion-blue-sapphire-s5435/
S5505,"$29,106","$7,425",3.92 Ct.,8.98,7.89,5.69,Blue,Vivid,Very Slightly Included,Cushion,Mixed Brilliant Cut,No Enhancement,Ceylon (Sri Lanka),https://www.thenaturalsapphirecompany.com/blue-sapphires/3.92ct-ceylon-sri-lankan-cushion-blue-sapphire-s5505/
S6757,"$3,200","$2,500",1.28 Ct.,6.74,6.82,3.93,Blue,Vivid,Very Slightly Included,Round,Mixed Brilliant Cut,Heat Treated,Ceylon (Sri Lanka),https://www.thenaturalsapphirecompany.com/blue-sapphires/1.28ct-ceylon-sri-lankan-round-blue-sapphire-s6757/
S6875,"$23,092","$7,425",3.11 Ct.,9.66,7.25,4.7,Blue,Medium,Very Slightly Included,Cushion,Mixed Brilliant Cut,No Enhancement,Madagascar,https://www.thenaturalsapphirecompany.com/blue-sapphires/3.11ct-madagascar-cushion-blue-sapphire-s6875/
S6873,"$10,322","$3,740",2.76 Ct.,10.18,7.72,3.98,Blue,Medium,Very Slightly Included,Oval,Mixed Brilliant Cut,No Enhancement,Ceylon (Sri Lanka),https://www.thenaturalsapphirecompany.com/blue-sapphires/2.76ct-ceylon-sri-lankan-oval-blue-sapphire-s6873/
S6835,"$25,641","$6,105",4.20 Ct.,10.47,8.09,5.47,Blue,Vivid,Eye Clean,Cushion,Mixed Brilliant Cut,Heat Treated,Ceylon (Sri Lanka),https://www.thenaturalsapphirecompany.com/blue-sapphires/4.20ct-ceylon-sri-lankan-cushion-blue-sapphire-s6835/
S6836,"$31,624","$6,105",5.18 Ct.,11.86,9.01,5.69,Blue,Intense,Eye Clean,Oval,Mixed Brilliant Cut,Heat Treated,Ceylon (Sri Lanka),https://www.thenaturalsapphirecompany.com/blue-sapphires/5.18ct-ceylon-sri-lankan-oval-blue-sapphire-s6836/
S6603,"$15,850","$5,000",3.17 Ct.,8.76,7.43,5.63,Blue,Vivid,Slightly Included,Oval,Mixed Brilliant Cut,No Enhancement,Madagascar,https://www.thenaturalsapphirecompany.com/blue-sapphires/3.17ct-madagascar-oval-blue-sapphire-s6603/
S6397,"$5,483","$2,220",2.47 Ct.,9.03,6.62,4.69,Color Change,Intense,Very Slightly Included,Oval,Mixed Brilliant Cut,No Enhancement,Ceylon (Sri Lanka),https://www.thenaturalsapphirecompany.com/blue-sapphires/2.47ct-ceylon-sri-lankan-oval-color-change-sapphire-s6397/
S10730,"$24,898","$4,950",5.03 Ct.,9.11,9.07,6.63,Blue,Vivid,Very Slightly Included,Cushion,Mixed Brilliant Cut,Heat Treated,Ceylon (Sri Lanka),https://www.thenaturalsapphirecompany.com/blue-sapphires/5.03ct-ceylon-sri-lankan-cushion-blue-sapphire-s10730/
S11323,"$22,276","$5,528",4.03 Ct.,8.86,8.09,5.75,Blue,Intense,Very Slightly Included,Cushion,Mixed Brilliant Cut,No Enhancement,Ceylon (Sri Lanka),https://www.thenaturalsapphirecompany.com/blue-sapphires/4.03ct-ceylon-sri-lankan-cushion-blue-sapphire-s11323/
S11631,"$25,092","$4,537",5.53 Ct.,9.99,9.45,6.1,Blue,Intense,Eye Clean,Cushion,Mixed Brilliant Cut,Heat Treated,Ceylon (Sri Lanka),https://www.thenaturalsapphirecompany.com/blue-sapphires/5.53ct-ceylon-sri-lankan-cushion-blue-sapphire-s11631/
S11205,$480,$300,1.60 Ct.,7.12,7.19,4,Violet,Light,Very Slightly Included,Round,Mixed Brilliant Cut,No Enhancement,Ceylon (Sri Lanka),https://www.thenaturalsapphirecompany.com/blue-sapphires/1.60ct-ceylon-sri-lankan-round-violet-sapphire-s11205/
U10084,"$1,310","$1,351",0.97 Ct.,5.88,5.84,3.8,Greyish Blue,Medium,Very Slightly Included,Round,Mixed Brilliant Cut,No Enhancement,Montana,https://www.thenaturalsapphirecompany.com/blue-sapphires/0.97ct-montana-round-greyish-blue-sapphire-u10084/
S3934,"$3,390","$3,000",1.13 Ct.,5.96,5.87,4.11,Blue,Vivid,Very Slightly Included,Round,Mixed Brilliant Cut,Heat Treated,Ceylon (Sri Lanka),https://www.thenaturalsapphirecompany.com/blue-sapphires/1.13ct-ceylon-sri-lankan-round-blue-sapphire-s3934/
S7380,"$4,304","$3,052",1.41 Ct.,7.04,7,4.02,Blue,Intense,Very Very Slightly Included,Round,Mixed Brilliant Cut,Heat Treated,Ceylon (Sri Lanka),https://www.thenaturalsapphirecompany.com/blue-sapphires/1.41ct-ceylon-sri-lankan-round-blue-sapphire-s7380/
S3925,"$5,115","$3,237",1.58 Ct.,6.88,5.57,4.55,Blue,Vivid,Very Slightly Included,Cushion,Mixed Brilliant Cut,Heat Treated,Ceylon (Sri Lanka),https://www.thenaturalsapphirecompany.com/blue-sapphires/1.58ct-ceylon-sri-lankan-cushion-blue-sapphire-s3925/
S3932,"$2,943","$2,700",1.09 Ct.,6.04,5.98,3.98,Blue,Intense,Very Slightly Included,Round,Mixed Brilliant Cut,Heat Treated,Ceylon (Sri Lanka),https://www.thenaturalsapphirecompany.com/blue-sapphires/1.09ct-ceylon-sri-lankan-round-blue-sapphire-s3932/
S3928,"$5,115","$3,237",1.58 Ct.,7.4,5.6,4.13,Blue,Vivid,Eye Clean,Cushion,Mixed Brilliant Cut,Heat Treated,Ceylon (Sri Lanka),https://www.thenaturalsapphirecompany.com/blue-sapphires/1.58ct-ceylon-sri-lankan-cushion-blue-sapphire-s3928/
U17118,$121,$220,0.55 Ct.,6.19,4.14,2.94,Violet,Medium,Slightly Included,Oval,Mixed Brilliant Cut,Heat Treated,Ceylon (Sri Lanka),https://www.thenaturalsapphirecompany.com/blue-sapphires/0.55ct-ceylon-sri-lankan-oval-violet-sapphire-u17118/
S11973,"$3,240","$2,250",1.44 Ct.,6.98,6.92,3.84,Color Change,Vivid,Very Slightly Included,Round,Mixed Brilliant Cut,Heat Treated,Ceylon (Sri Lanka),https://www.thenaturalsapphirecompany.com/blue-sapphires/1.44ct-ceylon-sri-lankan-round-color-change-sapphire-s11973/
S7377,"$3,078","$2,700",1.14 Ct.,6.05,6.02,4.06,Blue,Intense,Very Slightly Included,Round,Mixed Brilliant Cut,Heat Treated,Ceylon (Sri Lanka),https://www.thenaturalsapphirecompany.com/blue-sapphires/1.14ct-ceylon-sri-lankan-round-blue-sapphire-s7377/
S7397,"$15,796","$3,910",4.04 Ct.,10.88,8.42,5.19,Blue,Vivid,Very Slightly Included,Oval,Mixed Brilliant Cut,Heat Treated,Ceylon (Sri Lanka),https://www.thenaturalsapphirecompany.com/blue-sapphires/4.04ct-ceylon-sri-lankan-oval-blue-sapphire-s7397/
B11530,"$3,570","$1,750",2.04 Ct.,6.91,6.63,5.1,Blue,Vivid,Eye Clean,Cushion,Mixed Brilliant Cut,Heat Treated,Ceylon (Sri Lanka),https://www.thenaturalsapphirecompany.com/blue-sapphires/2.04ct-ceylon-sri-lankan-cushion-blue-sapphire-b11530/
S7405,"$15,895","$3,740",4.25 Ct.,10.86,8.85,5.31,Blue,Intense,Very Slightly Included,Oval,Mixed Brilliant Cut,Heat Treated,Ceylon (Sri Lanka),https://www.thenaturalsapphirecompany.com/blue-sapphires/4.25ct-ceylon-sri-lankan-oval-blue-sapphire-s7405/
B11236,"$17,919","$3,300",5.43 Ct.,11.33,8.86,6.37,Violet,Intense,Very Slightly Included,Oval,Mixed Brilliant Cut,Heat Treated,Ceylon (Sri Lanka),https://www.thenaturalsapphirecompany.com/blue-sapphires/5.43ct-ceylon-sri-lankan-oval-violet-sapphire-b11236/
B12191,"$7,071","$2,590",2.73 Ct.,8.83,7.19,4.92,Color Change,Dark,Eye Clean,Cushion,Mixed Brilliant Cut,Heat Treated,Ceylon (Sri Lanka),https://www.thenaturalsapphirecompany.com/blue-sapphires/2.73ct-ceylon-sri-lankan-cushion-color-change-sapphire-b12191/
U9314,"$2,240","$1,600",1.40 Ct.,7.96,5.63,3.84,Greenish Blue,Intense,Slightly Included,Cushion,Mixed Brilliant Cut,Heat Treated,Montana,https://www.thenaturalsapphirecompany.com/blue-sapphires/1.40ct-montana-cushion-greenish-blue-sapphire-u9314/
B12338,"$14,663","$1,955",7.50 Ct.,14.26,10.01,6.14,Blue,Medium,Very Slightly Included,Oval,Mixed Brilliant Cut,Heat Treated,Ceylon (Sri Lanka),https://www.thenaturalsapphirecompany.com/blue-sapphires/7.50ct-ceylon-sri-lankan-oval-blue-sapphire-b12338/
B13255,"$37,240","$4,418",8.43 Ct.,13.51,10.31,7.06,Blue,Vivid,Very Slightly Included,Oval,Mixed Brilliant Cut,Heat Treated,Ceylon (Sri Lanka),https://www.thenaturalsapphirecompany.com/blue-sapphires/8.43ct-ceylon-sri-lankan-oval-blue-sapphire-b13255/
B13146,"$4,024","$2,313",1.74 Ct.,6.88,6.81,4.75,Blue,Vivid,Very Slightly Included,Round,Mixed Brilliant Cut,Heat Treated,Ceylon (Sri Lanka),https://www.thenaturalsapphirecompany.com/blue-sapphires/1.74ct-ceylon-sri-lankan-round-blue-sapphire-b13146/
S7382,"$5,014","$3,607",1.39 Ct.,6.8,6.75,4.06,Blue,Vivid,Eye Clean,Round,Mixed Brilliant Cut,Heat Treated,Ceylon (Sri Lanka),https://www.thenaturalsapphirecompany.com/blue-sapphires/1.39ct-ceylon-sri-lankan-round-blue-sapphire-s7382/
B13668,"$15,453","$3,060",5.05 Ct.,10.53,9.4,6.21,Blue,Medium,Eye Clean,Oval,Mixed Brilliant Cut,Heat Treated,Ceylon (Sri Lanka),https://www.thenaturalsapphirecompany.com/blue-sapphires/5.05ct-ceylon-sri-lankan-oval-blue-sapphire-b13668/
B14260,"$3,171","$2,100",1.51 Ct.,6.86,6.83,4.5,Blue,Intense,Very Slightly Included,Round,Mixed Brilliant Cut,Heat Treated,Montana,https://www.thenaturalsapphirecompany.com/blue-sapphires/1.51ct-montana-round-blue-sapphire-b14260/
S7865,"$28,314","$5,363",5.28 Ct.,10.49,10.1,5.27,Blue,Intense,Very Slightly Included,Cushion,Mixed Brilliant Cut,No Enhancement,Ceylon (Sri Lanka),https://www.thenaturalsapphirecompany.com/blue-sapphires/5.28ct-ceylon-sri-lankan-cushion-blue-sapphire-s7865/
B14380,"$4,121","$3,053",1.35 Ct.,6.27,6.25,4.37,Blue,Vivid,Eye Clean,Round,Mixed Brilliant Cut,Heat Treated,Ceylon (Sri Lanka),https://www.thenaturalsapphirecompany.com/blue-sapphires/1.35ct-ceylon-sri-lankan-round-blue-sapphire-b14380/
S10119,"$4,579","$3,053",1.50 Ct.,7.04,7.01,4.25,Blue,Vivid,Eye Clean,Round,Mixed Brilliant Cut,Heat Treated,Ceylon (Sri Lanka),https://www.thenaturalsapphirecompany.com/blue-sapphires/1.50ct-ceylon-sri-lankan-round-blue-sapphire-s10119/
S7952,"$3,830","$2,775",1.38 Ct.,7.08,7.04,3.92,Blue,Vivid,Very Very Slightly Included,Round,Mixed Brilliant Cut,Heat Treated,Ceylon (Sri Lanka),https://www.thenaturalsapphirecompany.com/blue-sapphires/1.38ct-ceylon-sri-lankan-round-blue-sapphire-s7952/
B14026,"$5,712","$2,313",2.47 Ct.,8.98,7.02,4.61,Blue,Intense,Eye Clean,Oval,Mixed Brilliant Cut,Heat Treated,Ceylon (Sri Lanka),https://www.thenaturalsapphirecompany.com/blue-sapphires/2.47ct-ceylon-sri-lankan-oval-blue-sapphire-b14026/
S7094,"$4,969","$3,145",1.58 Ct.,6.91,6.91,4.14,Blue,Intense,Very Slightly Included,Cushion,Mixed Brilliant Cut,Heat Treated,Ceylon (Sri Lanka),https://www.thenaturalsapphirecompany.com/blue-sapphires/1.58ct-ceylon-sri-lankan-cushion-blue-sapphire-s7094/
S7048,"$3,399","$3,300",1.03 Ct.,5.89,5.81,3.98,Blue,Intense,Eye Clean,Round,Mixed Brilliant Cut,Heat Treated,Ceylon (Sri Lanka),https://www.thenaturalsapphirecompany.com/blue-sapphires/1.03ct-ceylon-sri-lankan-round-blue-sapphire-s7048/
U11906,$639,$900,0.71 Ct.,7.09,5.48,3.42,Greyish Blue,Medium,Very Slightly Included,Fancy,Fancy Brilliant Cut,Heat Treated,Montana,https://www.thenaturalsapphirecompany.com/blue-sapphires/0.71ct-montana-fancy-greyish-blue-sapphire-u11906/
S13255,"$4,851","$4,255",1.14 Ct.,6.46,6.44,3.62,Blue,Vivid,Eye Clean,Round,Mixed Brilliant Cut,Heat Treated,Ceylon (Sri Lanka),https://www.thenaturalsapphirecompany.com/blue-sapphires/1.14ct-ceylon-sri-lankan-round-blue-sapphire-s13255/
S13410,"$4,484","$2,220",2.02 Ct.,7.17,7.27,5.29,Color Change,Intense,Very Slightly Included,Round,Mixed Brilliant Cut,No Enhancement,Madagascar,https://www.thenaturalsapphirecompany.com/blue-sapphires/2.02ct-madagascar-round-color-change-sapphire-s13410/
S12793,"$4,151","$2,035",2.04 Ct.,7.12,7.06,5.11,Blue,Intense,Very Very Slightly Included,Round,Mixed Brilliant Cut,Heat Treated,Ceylon (Sri Lanka),https://www.thenaturalsapphirecompany.com/blue-sapphires/2.04ct-ceylon-sri-lankan-round-blue-sapphire-s12793/
B14390,"$4,151","$3,052",1.36 Ct.,6.73,6.66,4.2,Blue,Vivid,Very Slightly Included,Round,Mixed Brilliant Cut,Heat Treated,Ceylon (Sri Lanka),https://www.thenaturalsapphirecompany.com/blue-sapphires/1.36ct-ceylon-sri-lankan-round-blue-sapphire-b14390/
S19134,"$2,449","$1,550",1.58 Ct.,8.04,5.79,3.28,Bluish Green,Intense,Eye Clean,Emerald Cut,Emerald Cut,Heat Treated,Ceylon (Sri Lanka),https://www.thenaturalsapphirecompany.com/blue-sapphires/1.58ct-ceylon-sri-lankan-emerald-cut-bluish-green-sapphire-s19134/
S4006,"$16,995","$4,125",4.12 Ct.,10.3,8.6,5.84,Blue,Vivid,Very Slightly Included,Oval,Mixed Brilliant Cut,Heat Treated,Ceylon (Sri Lanka),https://www.thenaturalsapphirecompany.com/blue-sapphires/4.12ct-ceylon-sri-lankan-oval-blue-sapphire-s4006/
B10945,"$16,263","$4,505",3.61 Ct.,10.22,8.2,4.76,Blue,Vivid,Very Slightly Included,Oval,Mixed Brilliant Cut,Heat Treated,Ceylon (Sri Lanka),https://www.thenaturalsapphirecompany.com/blue-sapphires/3.61ct-ceylon-sri-lankan-oval-blue-sapphire-b10945/
S13898,"$24,948","$4,950",5.04 Ct.,10.27,9.07,5.78,Blue,Vivid,Eye Clean,Cushion,Mixed Brilliant Cut,Heat Treated,Ceylon (Sri Lanka),https://www.thenaturalsapphirecompany.com/blue-sapphires/5.04ct-ceylon-sri-lankan-cushion-blue-sapphire-s13898/
S13415,"$21,021","$5,775",3.64 Ct.,8.96,8.97,5.75,Color Change,Intense,Very Slightly Included,Round,Mixed Brilliant Cut,No Enhancement,Madagascar,https://www.thenaturalsapphirecompany.com/blue-sapphires/3.64ct-madagascar-round-color-change-sapphire-s13415/
B10993,"$25,265","$2,723",9.28 Ct.,14.22,10.53,6.51,Blue,Vivid,Slightly Included,Oval,Mixed Brilliant Cut,Heat Treated,Ceylon (Sri Lanka),https://www.thenaturalsapphirecompany.com/blue-sapphires/9.28ct-ceylon-sri-lankan-oval-blue-sapphire-b10993/
S11970,"$4,299","$2,150",2.00 Ct.,6.95,6.87,5.13,Blue,Intense,Very Very Slightly Included,Round,Mixed Brilliant Cut,Heat Treated,Ceylon (Sri Lanka),https://www.thenaturalsapphirecompany.com/blue-sapphires/2.00ct-ceylon-sri-lankan-round-blue-sapphire-s11970/
B14991,"$4,670","$3,052",1.53 Ct.,6.89,6.85,4.21,Blue,Medium,Eye Clean,Round,Mixed Brilliant Cut,Heat Treated,Ceylon (Sri Lanka),https://www.thenaturalsapphirecompany.com/blue-sapphires/1.53ct-ceylon-sri-lankan-round-blue-sapphire-b14991/
B14819,"$3,332","$2,800",1.19 Ct.,6.25,6.12,3.97,Blue,Vivid,Eye Clean,Round,Mixed Brilliant Cut,Heat Treated,Ceylon (Sri Lanka),https://www.thenaturalsapphirecompany.com/blue-sapphires/1.19ct-ceylon-sri-lankan-round-blue-sapphire-b14819/
B14820,"$4,121","$3,053",1.35 Ct.,6.55,6.44,4.39,Blue,Vivid,Very Slightly Included,Round,Mixed Brilliant Cut,Heat Treated,Ceylon (Sri Lanka),https://www.thenaturalsapphirecompany.com/blue-sapphires/1.35ct-ceylon-sri-lankan-round-blue-sapphire-b14820/
B14823,"$4,856","$2,775",1.75 Ct.,6.76,6.71,4.9,Blue,Vivid,Eye Clean,Round,Mixed Brilliant Cut,Heat Treated,Ceylon (Sri Lanka),https://www.thenaturalsapphirecompany.com/blue-sapphires/1.75ct-ceylon-sri-lankan-round-blue-sapphire-b14823/
B14806,"$7,504","$3,608",2.08 Ct.,8.14,6.51,3.9,Blue,Medium,Eye Clean,Cushion,Mixed Brilliant Cut,No Enhancement,Ceylon (Sri Lanka),https://www.thenaturalsapphirecompany.com/blue-sapphires/2.08ct-ceylon-sri-lankan-cushion-blue-sapphire-b14806/
B14387,"$2,964","$1,900",1.56 Ct.,6.66,6.61,4.3,Blue,Vivid,Very Slightly Included,Round,Mixed Brilliant Cut,Heat Treated,Ceylon (Sri Lanka),https://www.thenaturalsapphirecompany.com/blue-sapphires/1.56ct-ceylon-sri-lankan-round-blue-sapphire-b14387/
B15079,"$5,120","$2,498",2.05 Ct.,9.14,6.57,3.88,Blue,Dark,Eye Clean,Cushion,Mixed Brilliant Cut,Heat Treated,Ceylon (Sri Lanka),https://www.thenaturalsapphirecompany.com/blue-sapphires/2.05ct-ceylon-sri-lankan-cushion-blue-sapphire-b15079/
B15516,"$16,682","$4,950",3.37 Ct.,10.01,7.79,5.2,Blue,Vivid,Very Slightly Included,Oval,Mixed Brilliant Cut,Heat Treated,Ceylon (Sri Lanka),https://www.thenaturalsapphirecompany.com/blue-sapphires/3.37ct-ceylon-sri-lankan-oval-blue-sapphire-b15516/
B15749,"$23,302","$4,331",5.38 Ct.,10.99,7.31,6.45,Blue,Intense,Very Slightly Included,Cushion,Mixed Brilliant Cut,No Enhancement,Ceylon (Sri Lanka),https://www.thenaturalsapphirecompany.com/blue-sapphires/5.38ct-ceylon-sri-lankan-cushion-blue-sapphire-b15749/
B15510,"$3,472","$2,800",1.24 Ct.,6.45,6.39,3.74,Blue,Intense,Eye Clean,Round,Mixed Brilliant Cut,No Enhancement,Ceylon (Sri Lanka),https://www.thenaturalsapphirecompany.com/blue-sapphires/1.24ct-ceylon-sri-lankan-round-blue-sapphire-b15510/
S4084,"$10,600","$3,655",2.90 Ct.,8.59,6.37,5.96,Blue,Vivid,Very Slightly Included,Oval,Mixed Brilliant Cut,No Enhancement,Ceylon (Sri Lanka),https://www.thenaturalsapphirecompany.com/blue-sapphires/2.90ct-ceylon-sri-lankan-oval-blue-sapphire-s4084/
B15775,"$4,440","$2,775",1.60 Ct.,7.05,7,4.54,Blue,Medium,Very Slightly Included,Round,Mixed Brilliant Cut,Heat Treated,Ceylon (Sri Lanka),https://www.thenaturalsapphirecompany.com/blue-sapphires/1.60ct-ceylon-sri-lankan-round-blue-sapphire-b15775/
B15779,"$4,301","$2,775",1.55 Ct.,7.05,6.96,4.03,Blue,Intense,Eye Clean,Round,Mixed Brilliant Cut,Heat Treated,Ceylon (Sri Lanka),https://www.thenaturalsapphirecompany.com/blue-sapphires/1.55ct-ceylon-sri-lankan-round-blue-sapphire-b15779/
B15893,"$3,364","$2,900",1.16 Ct.,6.69,6.63,3.37,Blue,Vivid,Eye Clean,Round,Mixed Brilliant Cut,Heat Treated,Ceylon (Sri Lanka),https://www.thenaturalsapphirecompany.com/blue-sapphires/1.16ct-ceylon-sri-lankan-round-blue-sapphire-b15893/
B15896,"$4,915","$3,053",1.61 Ct.,6.92,6.84,4.25,Blue,Vivid,Eye Clean,Round,Mixed Brilliant Cut,Heat Treated,Ceylon (Sri Lanka),https://www.thenaturalsapphirecompany.com/blue-sapphires/1.61ct-ceylon-sri-lankan-round-blue-sapphire-b15896/
B15907,"$4,396","$3,053",1.44 Ct.,6.94,6.86,4.11,Blue,Vivid,Eye Clean,Round,Mixed Brilliant Cut,Heat Treated,Ceylon (Sri Lanka),https://www.thenaturalsapphirecompany.com/blue-sapphires/1.44ct-ceylon-sri-lankan-round-blue-sapphire-b15907/
B15984,"$4,265","$2,682",1.59 Ct.,6.94,6.85,4.3,Blue,Vivid,Eye Clean,Round,Mixed Brilliant Cut,Heat Treated,Ceylon (Sri Lanka),https://www.thenaturalsapphirecompany.com/blue-sapphires/1.59ct-ceylon-sri-lankan-round-blue-sapphire-b15984/
B16016,"$4,090","$3,052",1.34 Ct.,6.36,6.3,4.35,Blue,Vivid,Eye Clean,Round,Mixed Brilliant Cut,Heat Treated,Ceylon (Sri Lanka),https://www.thenaturalsapphirecompany.com/blue-sapphires/1.34ct-ceylon-sri-lankan-round-blue-sapphire-b16016/
S8239,"$25,245","$5,940",4.25 Ct.,9.56,9.1,4.96,Blue,Vivid,Very Slightly Included,Cushion,Mixed Brilliant Cut,No Enhancement,Ceylon (Sri Lanka),https://www.thenaturalsapphirecompany.com/blue-sapphires/4.25ct-ceylon-sri-lankan-cushion-blue-sapphire-s8239/
S8221,"$23,116","$4,950",4.67 Ct.,8.92,8.77,6.46,Blue,Vivid,Eye Clean,Cushion,Mixed Brilliant Cut,Heat Treated,Ceylon (Sri Lanka),https://www.thenaturalsapphirecompany.com/blue-sapphires/4.67ct-ceylon-sri-lankan-cushion-blue-sapphire-s8221/
U17116,$114,$219,0.52 Ct.,6.16,4.11,2.74,Violet,Medium,Very Slightly Included,Oval,Mixed Brilliant Cut,Heat Treated,Ceylon (Sri Lanka),https://www.thenaturalsapphirecompany.com/blue-sapphires/0.52ct-ceylon-sri-lankan-oval-violet-sapphire-u17116/
S17852,"$5,100","$3,423",1.49 Ct.,6.5,6.5,1,Blue,Intense,Very Slightly Included,Asscher - Octagon,Asscher Cut,Heat Treated,Ceylon (Sri Lanka),https://www.thenaturalsapphirecompany.com/blue-sapphires/1.49ct-ceylon-sri-lankan-asscher-octagon-blue-sapphire-s17852/
S25776,"$4,545","$3,607",1.26 Ct.,6.04,6,4.31,Blue,Vivid,Eye Clean,Round,Mixed Brilliant Cut,Heat Treated,Ceylon (Sri Lanka),https://www.thenaturalsapphirecompany.com/blue-sapphires/1.26ct-ceylon-sri-lankan-round-blue-sapphire-s25776/
B17593,"$44,779","$6,975",6.42 Ct.,10.45,10.29,6.66,Blue,Vivid,Eye Clean,Cushion,Mixed Brilliant Cut,Heat Treated,Ceylon (Sri Lanka),https://www.thenaturalsapphirecompany.com/blue-sapphires/6.42ct-ceylon-sri-lankan-cushion-blue-sapphire-b17593/
S4729,$124,$400,0.31 Ct.,4.69,3.62,2.25,Violet,Light,Very Slightly Included,Oval,Mixed Brilliant Cut,No Enhancement,Ceylon (Sri Lanka),https://www.thenaturalsapphirecompany.com/blue-sapphires/0.31ct-ceylon-sri-lankan-oval-violet-sapphire-s4729/
S25541,"$2,937","$3,300",0.89 Ct.,5.88,5.84,3.64,Blue,Vivid,Eye Clean,Round,Mixed Brilliant Cut,Heat Treated,Ceylon (Sri Lanka),https://www.thenaturalsapphirecompany.com/blue-sapphires/0.89ct-ceylon-sri-lankan-round-blue-sapphire-s25541/
B13982,"$2,208","$2,300",0.96 Ct.,5.84,5.78,3.71,Blue,Vivid,Very Slightly Included,Round,Mixed Brilliant Cut,Heat Treated,Ceylon (Sri Lanka),https://www.thenaturalsapphirecompany.com/blue-sapphires/0.96ct-ceylon-sri-lankan-round-blue-sapphire-b13982/
S4710,$104,$400,0.26 Ct.,4.26,3.45,2.21,Violet,Light,Very Slightly Included,Oval,Mixed Brilliant Cut,No Enhancement,Ceylon (Sri Lanka),https://www.thenaturalsapphirecompany.com/blue-sapphires/0.26ct-ceylon-sri-lankan-oval-violet-sapphire-s4710/
S4306,$160,$500,0.32 Ct.,4.32,3.62,2.81,Greyish Blue,Light,Very Slightly Included,Fancy,Step Cut,No Enhancement,Ceylon (Sri Lanka),https://www.thenaturalsapphirecompany.com/blue-sapphires/0.32ct-ceylon-sri-lankan-fancy-greyish-blue-sapphire-s4306/
S5046,"$1,199","$1,100",1.09 Ct.,8.64,6.32,3.6,Bluish Green,Medium,Very Slightly Included,Fancy,Fancy Cut,No Enhancement,Montana,https://www.thenaturalsapphirecompany.com/blue-sapphires/1.09ct-montana-fancy-bluish-green-sapphire-s5046/
U5361,"$6,141","$2,300",2.67 Ct.,8.56,6.9,4.93,Bluish Green,Medium,Very Slightly Included,Cushion,Mixed Brilliant Cut,No Enhancement,Montana,https://www.thenaturalsapphirecompany.com/blue-sapphires/2.67ct-montana-cushion-bluish-green-sapphire-u5361/
S4305,$155,$500,0.31 Ct.,4.32,3.92,2.89,Purplish Blue,Medium,Slightly Included,Fancy,Step Cut,No Enhancement,Ceylon (Sri Lanka),https://www.thenaturalsapphirecompany.com/blue-sapphires/0.31ct-ceylon-sri-lankan-fancy-purplish-blue-sapphire-s4305/
S19675,"$8,051","$3,145",2.56 Ct.,8.92,6.89,4.99,Purplish Blue,Medium,Eye Clean,Oval,Mixed Brilliant Cut,No Enhancement,Ceylon (Sri Lanka),https://www.thenaturalsapphirecompany.com/blue-sapphires/2.56ct-ceylon-sri-lankan-oval-purplish-blue-sapphire-s19675/
S4263,$110,$500,0.22 Ct.,3.87,3.34,2.16,Blue,Light,Very Slightly Included,Fancy,Step Cut,No Enhancement,Ceylon (Sri Lanka),https://www.thenaturalsapphirecompany.com/blue-sapphires/0.22ct-ceylon-sri-lankan-fancy-blue-sapphire-s4263/
B14406,$600,$800,0.75 Ct.,5.59,4.77,3.01,Blue,Medium,Very Slightly Included,Cushion,Mixed Brilliant Cut,No Enhancement,Ceylon (Sri Lanka),https://www.thenaturalsapphirecompany.com/blue-sapphires/0.75ct-ceylon-sri-lankan-cushion-blue-sapphire-b14406/
S9965,$128,$200,0.64 Ct.,4.86,6.82,2.89,Blue,Medium,Very Slightly Included,Fancy,Step Cut,Heat Treated,Ceylon (Sri Lanka),https://www.thenaturalsapphirecompany.com/blue-sapphires/0.64ct-ceylon-sri-lankan-fancy-blue-sapphire-s9965/
B6614,"$5,890","$1,550",3.80 Ct.,9.93,8.99,5.37,Blue,Intense,Slightly Included,Oval,Brilliant Cut,No Enhancement,Ceylon (Sri Lanka),https://www.thenaturalsapphirecompany.com/blue-sapphires/3.80ct-ceylon-sri-lankan-oval-blue-sapphire-b6614/
S4298,$150,$500,0.30 Ct.,4.08,3.5,2.89,Bluish Grey,Light,Very Slightly Included,Fancy,Step Cut,No Enhancement,Ceylon (Sri Lanka),https://www.thenaturalsapphirecompany.com/blue-sapphires/0.30ct-ceylon-sri-lankan-fancy-bluish-grey-sapphire-s4298/
S15278,$212,$400,0.53 Ct.,4.44,4.43,2.89,Blue,Vivid,Very Slightly Included,Princess,Princess Cut,Heat Treated,Ceylon (Sri Lanka),https://www.thenaturalsapphirecompany.com/blue-sapphires/0.53ct-ceylon-sri-lankan-princess-blue-sapphire-s15278/
B7528,$198,$300,0.66 Ct.,5.64,4.68,2.81,Blue,Vivid,Very Slightly Included,Cushion,Mixed Brilliant Cut,Heat Treated,Ceylon (Sri Lanka),https://www.thenaturalsapphirecompany.com/blue-sapphires/0.66ct-ceylon-sri-lankan-cushion-blue-sapphire-b7528/
B16581,$472,$400,1.18 Ct.,5.83,6.55,3.93,Blue,Vivid,Very Slightly Included,Heart,Mixed Brilliant Cut,Heat Treated,Ceylon (Sri Lanka),https://www.thenaturalsapphirecompany.com/blue-sapphires/1.18ct-ceylon-sri-lankan-heart-blue-sapphire-b16581/
B16288,$922,$640,1.44 Ct.,6.72,6.98,3.95,Blue,Vivid,Very Slightly Included,Heart,Mixed Brilliant Cut,Heat Treated,Ceylon (Sri Lanka),https://www.thenaturalsapphirecompany.com/blue-sapphires/1.44ct-ceylon-sri-lankan-heart-blue-sapphire-b16288/
B16292,$998,$640,1.56 Ct.,5.74,7.72,4.38,Blue,Vivid,Eye Clean,Heart,Mixed Brilliant Cut,Heat Treated,Ceylon (Sri Lanka),https://www.thenaturalsapphirecompany.com/blue-sapphires/1.56ct-ceylon-sri-lankan-heart-blue-sapphire-b16292/
B16780,$500,"$1,020",0.49 Ct.,5.7,4.88,2.57,Blue,Intense,Very Slightly Included,Fancy,Fancy Brilliant Cut,No Enhancement,Nigeria,https://www.thenaturalsapphirecompany.com/blue-sapphires/0.49ct-nigerian-fancy-blue-sapphire-b16780/
S8449,"$26,968","$5,940",4.54 Ct.,8.97,8.35,6.56,Blue,Vivid,Very Slightly Included,Asscher - Octagon,Asscher Cut,Heat Treated,Ceylon (Sri Lanka),https://www.thenaturalsapphirecompany.com/blue-sapphires/4.54ct-ceylon-sri-lankan-asscher-octagon-blue-sapphire-s8449/
S21048,"$8,784","$6,757",1.30 Ct.,6.55,5.71,4.26,Greenish Blue,Intense,Very Slightly Included,Cushion,Mixed Brilliant Cut,Heat Treated,Montana,https://www.thenaturalsapphirecompany.com/blue-sapphires/1.30ct-montana-cushion-greenish-blue-sapphire-s21048/
U15439,"$1,290","$1,000",1.29 Ct.,6.86,5.74,3.99,Bluish Grey,Light,Slightly Included,Cushion,Mixed Brilliant Cut,Heat Treated,Montana,https://www.thenaturalsapphirecompany.com/blue-sapphires/1.29ct-montana-cushion-bluish-grey-sapphire-u15439/
S15614,$130,$241,0.54 Ct.,5.9,4.11,2.43,Blue,Medium,Very Slightly Included,Emerald Cut,Emerald Cut,Heat Treated,Ceylon (Sri Lanka),https://www.thenaturalsapphirecompany.com/blue-sapphires/0.54ct-ceylon-sri-lankan-emerald-cut-blue-sapphire-s15614/
S15620,$149,$240,0.62 Ct.,5.98,3.98,2.74,Blue,Intense,Very Slightly Included,Emerald Cut,Emerald Cut,Heat Treated,Ceylon (Sri Lanka),https://www.thenaturalsapphirecompany.com/blue-sapphires/0.62ct-ceylon-sri-lankan-emerald-cut-blue-sapphire-s15620/
S15621,$151,$240,0.63 Ct.,6.07,4.04,2.52,Blue,Medium,Very Slightly Included,Emerald Cut,Emerald Cut,Heat Treated,Ceylon (Sri Lanka),https://www.thenaturalsapphirecompany.com/blue-sapphires/0.63ct-ceylon-sri-lankan-emerald-cut-blue-sapphire-s15621/
S15622,$144,$240,0.60 Ct.,6.02,4.03,2.45,Blue,Medium,Very Slightly Included,Emerald Cut,Emerald Cut,Heat Treated,Ceylon (Sri Lanka),https://www.thenaturalsapphirecompany.com/blue-sapphires/0.60ct-ceylon-sri-lankan-emerald-cut-blue-sapphire-s15622/
S9116,$156,$260,0.60 Ct.,5.93,3.84,2.7,Blue,Medium,Eye Clean,Emerald Cut,Emerald Cut,Heat Treated,Ceylon (Sri Lanka),https://www.thenaturalsapphirecompany.com/blue-sapphires/0.60ct-ceylon-sri-lankan-emerald-cut-blue-sapphire-s9116/
U15625,"$3,848","$1,850",2.08 Ct.,8.71,6.21,4.84,Bluish Green,Dark,Very Slightly Included,Pear,Mixed Brilliant Cut,No Enhancement,Ceylon (Sri Lanka),https://www.thenaturalsapphirecompany.com/blue-sapphires/2.08ct-ceylon-sri-lankan-pear-bluish-green-sapphire-u15625/
S15626,$132,$240,0.55 Ct.,6.04,4.04,2.38,Blue,Medium,Very Slightly Included,Emerald Cut,Emerald Cut,Heat Treated,Ceylon (Sri Lanka),https://www.thenaturalsapphirecompany.com/blue-sapphires/0.55ct-ceylon-sri-lankan-emerald-cut-blue-sapphire-s15626/
S15627,$125,$240,0.52 Ct.,5.33,4.05,2.43,Blue,Medium,Very Slightly Included,Emerald Cut,Emerald Cut,Heat Treated,Ceylon (Sri Lanka),https://www.thenaturalsapphirecompany.com/blue-sapphires/0.52ct-ceylon-sri-lankan-emerald-cut-blue-sapphire-s15627/
S15629,$149,$240,0.62 Ct.,5.96,4.11,2.68,Blue,Medium,Very Slightly Included,Emerald Cut,Emerald Cut,Heat Treated,Ceylon (Sri Lanka),https://www.thenaturalsapphirecompany.com/blue-sapphires/0.62ct-ceylon-sri-lankan-emerald-cut-blue-sapphire-s15629/
S15638,$156,$240,0.65 Ct.,6.15,4.13,2.63,Blue,Intense,Very Slightly Included,Emerald Cut,Emerald Cut,Heat Treated,Ceylon (Sri Lanka),https://www.thenaturalsapphirecompany.com/blue-sapphires/0.65ct-ceylon-sri-lankan-emerald-cut-blue-sapphire-s15638/
S9007,$142,$200,0.71 Ct.,6.12,4.07,2.92,Blue,Light,Very Slightly Included,Emerald Cut,Emerald Cut,Heat Treated,Ceylon (Sri Lanka),https://www.thenaturalsapphirecompany.com/blue-sapphires/0.71ct-ceylon-sri-lankan-emerald-cut-blue-sapphire-s9007/
S15633,$151,$240,0.63 Ct.,5.59,3.91,2.92,Blue,Medium,Slightly Included,Emerald Cut,Emerald Cut,Heat Treated,Ceylon (Sri Lanka),https://www.thenaturalsapphirecompany.com/blue-sapphires/0.63ct-ceylon-sri-lankan-emerald-cut-blue-sapphire-s15633/
S15635,$142,$241,0.59 Ct.,6.01,4.08,2.43,Blue,Medium,Very Slightly Included,Emerald Cut,Emerald Cut,Heat Treated,Ceylon (Sri Lanka),https://www.thenaturalsapphirecompany.com/blue-sapphires/0.59ct-ceylon-sri-lankan-emerald-cut-blue-sapphire-s15635/
S15636,$158,$239,0.66 Ct.,5.28,3.96,3.08,Blue,Intense,Slightly Included,Emerald Cut,Emerald Cut,Heat Treated,Ceylon (Sri Lanka),https://www.thenaturalsapphirecompany.com/blue-sapphires/0.66ct-ceylon-sri-lankan-emerald-cut-blue-sapphire-s15636/
S15637,$146,$239,0.61 Ct.,5.95,3.94,2.66,Blue,Intense,Very Slightly Included,Emerald Cut,Emerald Cut,Heat Treated,Ceylon (Sri Lanka),https://www.thenaturalsapphirecompany.com/blue-sapphires/0.61ct-ceylon-sri-lankan-emerald-cut-blue-sapphire-s15637/
S15642,$137,$240,0.57 Ct.,5.88,4.06,2.55,Blue,Intense,Very Slightly Included,Emerald Cut,Emerald Cut,Heat Treated,Ceylon (Sri Lanka),https://www.thenaturalsapphirecompany.com/blue-sapphires/0.57ct-ceylon-sri-lankan-emerald-cut-blue-sapphire-s15642/
S9134,$143,$260,0.55 Ct.,6.01,3.99,2.4,Blue,Intense,Very Slightly Included,Emerald Cut,Emerald Cut,Heat Treated,Ceylon (Sri Lanka),https://www.thenaturalsapphirecompany.com/blue-sapphires/0.55ct-ceylon-sri-lankan-emerald-cut-blue-sapphire-s9134/
S10470,$324,$400,0.81 Ct.,5,4.95,3.42,Blue,Vivid,Very Slightly Included,Asscher - Octagon,Asscher Cut,Heat Treated,Ceylon (Sri Lanka),https://www.thenaturalsapphirecompany.com/blue-sapphires/0.81ct-ceylon-sri-lankan-asscher-octagon-blue-sapphire-s10470/
S5123,"$1,272","$1,200",1.06 Ct.,6.95,4.44,3.44,Greyish Blue,Light,Very Slightly Included,Radiant,Radiant Cut,No Enhancement,Montana,https://www.thenaturalsapphirecompany.com/blue-sapphires/1.06ct-montana-radiant-greyish-blue-sapphire-s5123/
S5130,"$1,729","$1,300",1.33 Ct.,6.51,5.44,4.11,Greyish Blue,Intense,Slightly Included,Cushion,Mixed Brilliant Cut,No Enhancement,Montana,https://www.thenaturalsapphirecompany.com/blue-sapphires/1.33ct-montana-cushion-greyish-blue-sapphire-s5130/
S5133,"$1,807","$1,300",1.39 Ct.,7.16,5.72,3.62,Greyish Blue,Medium,Very Slightly Included,Cushion,Mixed Brilliant Cut,No Enhancement,Montana,https://www.thenaturalsapphirecompany.com/blue-sapphires/1.39ct-montana-cushion-greyish-blue-sapphire-s5133/
S16352,"$3,010","$2,020",1.49 Ct.,6.83,6.81,4.5,Bluish Green,Intense,Eye Clean,Round,Mixed Brilliant Cut,Heat Treated,Ceylon (Sri Lanka),https://www.thenaturalsapphirecompany.com/blue-sapphires/1.49ct-ceylon-sri-lankan-round-bluish-green-sapphire-s16352/
S22025,$912,$800,1.14 Ct.,6.94,4.6,3.43,Violet,Light,Eye Clean,Emerald Cut,Emerald Cut,No Enhancement,Ceylon (Sri Lanka),https://www.thenaturalsapphirecompany.com/blue-sapphires/1.14ct-ceylon-sri-lankan-emerald-cut-violet-sapphire-s22025/
S10474,$348,$400,0.87 Ct.,5,4.97,3.72,Blue,Intense,Very Slightly Included,Asscher - Octagon,Asscher Cut,Heat Treated,Ceylon (Sri Lanka),https://www.thenaturalsapphirecompany.com/blue-sapphires/0.87ct-ceylon-sri-lankan-asscher-octagon-blue-sapphire-s10474/
S10475,$252,$400,0.63 Ct.,4.53,4.48,3.19,Blue,Vivid,Very Slightly Included,Asscher - Octagon,Asscher Cut,Heat Treated,Ceylon (Sri Lanka),https://www.thenaturalsapphirecompany.com/blue-sapphires/0.63ct-ceylon-sri-lankan-asscher-octagon-blue-sapphire-s10475/
S9137,$120,$261,0.46 Ct.,5.87,3.89,2.13,Blue,Medium,Very Slightly Included,Emerald Cut,Emerald Cut,Heat Treated,Ceylon (Sri Lanka),https://www.thenaturalsapphirecompany.com/blue-sapphires/0.46ct-ceylon-sri-lankan-emerald-cut-blue-sapphire-s9137/
S10552,$221,$260,0.85 Ct.,5.42,5.37,3.43,Blue,Medium,Very Slightly Included,Asscher - Octagon,Asscher Cut,Heat Treated,Ceylon (Sri Lanka),https://www.thenaturalsapphirecompany.com/blue-sapphires/0.85ct-ceylon-sri-lankan-asscher-octagon-blue-sapphire-s10552/
S9132,$151,$260,0.58 Ct.,5.95,4.01,2.34,Blue,Intense,Very Slightly Included,Emerald Cut,Emerald Cut,Heat Treated,Ceylon (Sri Lanka),https://www.thenaturalsapphirecompany.com/blue-sapphires/0.58ct-ceylon-sri-lankan-emerald-cut-blue-sapphire-s9132/
S10390,$365,$500,0.73 Ct.,5.08,5.08,3.04,Blue,Intense,Very Slightly Included,Asscher - Octagon,Asscher Cut,Heat Treated,Ceylon (Sri Lanka),https://www.thenaturalsapphirecompany.com/blue-sapphires/0.73ct-ceylon-sri-lankan-asscher-octagon-blue-sapphire-s10390/
S10391,$300,$500,0.60 Ct.,4.78,4.77,2.97,Blue,Intense,Very Slightly Included,Asscher - Octagon,Asscher Cut,Heat Treated,Ceylon (Sri Lanka),https://www.thenaturalsapphirecompany.com/blue-sapphires/0.60ct-ceylon-sri-lankan-asscher-octagon-blue-sapphire-s10391/
S10392,$370,$500,0.74 Ct.,5.04,5.04,3.43,Blue,Intense,Slightly Included,Asscher - Octagon,Asscher Cut,Heat Treated,Ceylon (Sri Lanka),https://www.thenaturalsapphirecompany.com/blue-sapphires/0.74ct-ceylon-sri-lankan-asscher-octagon-blue-sapphire-s10392/
S10393,$330,$500,0.66 Ct.,4.79,4.75,3.16,Blue,Intense,Very Slightly Included,Asscher - Octagon,Asscher Cut,Heat Treated,Ceylon (Sri Lanka),https://www.thenaturalsapphirecompany.com/blue-sapphires/0.66ct-ceylon-sri-lankan-asscher-octagon-blue-sapphire-s10393/
S10394,$295,$500,0.59 Ct.,4.74,4.67,2.88,Blue,Vivid,Very Slightly Included,Asscher - Octagon,Asscher Cut,Heat Treated,Ceylon (Sri Lanka),https://www.thenaturalsapphirecompany.com/blue-sapphires/0.59ct-ceylon-sri-lankan-asscher-octagon-blue-sapphire-s10394/
S10395,$355,$500,0.71 Ct.,4.85,4.79,3.43,Blue,Intense,Very Slightly Included,Asscher - Octagon,Asscher Cut,Heat Treated,Ceylon (Sri Lanka),https://www.thenaturalsapphirecompany.com/blue-sapphires/0.71ct-ceylon-sri-lankan-asscher-octagon-blue-sapphire-s10395/
S10397,$320,$500,0.64 Ct.,4.68,4.68,3.31,Blue,Vivid,Very Slightly Included,Asscher - Octagon,Asscher Cut,Heat Treated,Ceylon (Sri Lanka),https://www.thenaturalsapphirecompany.com/blue-sapphires/0.64ct-ceylon-sri-lankan-asscher-octagon-blue-sapphire-s10397/
S10405,$680,$500,1.36 Ct.,8.88,5.14,3.98,Blue,Vivid,Very Slightly Included,Heart,Mixed Brilliant Cut,Heat Treated,Ceylon (Sri Lanka),https://www.thenaturalsapphirecompany.com/blue-sapphires/1.36ct-ceylon-sri-lankan-heart-blue-sapphire-s10405/
S3478,$900,"$1,000",0.90 Ct.,6.09,6.14,3.47,Blue,Intense,Very Slightly Included,Trillion,Trillion Cut,Heat Treated,Ceylon (Sri Lanka),https://www.thenaturalsapphirecompany.com/blue-sapphires/0.90ct-ceylon-sri-lankan-trillion-blue-sapphire-s3478/
U10093,"$1,320","$1,100",1.20 Ct.,6.54,6.45,4.01,Bluish Green,Light,Eye Clean,Round,Mixed Brilliant Cut,No Enhancement,Ceylon (Sri Lanka),https://www.thenaturalsapphirecompany.com/blue-sapphires/1.20ct-ceylon-sri-lankan-round-bluish-green-sapphire-u10093/
S6133,$350,$368,0.95 Ct.,6.23,5.3,4.07,Blue,Intense,Very Slightly Included,Heart,Mixed Brilliant Cut,No Enhancement,Ceylon (Sri Lanka),https://www.thenaturalsapphirecompany.com/blue-sapphires/0.95ct-ceylon-sri-lankan-heart-blue-sapphire-s6133/
S12286,$141,$300,0.47 Ct.,4.52,4.37,2.72,Blue,Medium,Very Slightly Included,Cushion,Mixed Brilliant Cut,No Enhancement,Ceylon (Sri Lanka),https://www.thenaturalsapphirecompany.com/blue-sapphires/0.47ct-ceylon-sri-lankan-cushion-blue-sapphire-s12286/
S12279,$232,$400,0.58 Ct.,4.51,5.36,3.26,Blue,Intense,Very Slightly Included,Heart,Mixed Brilliant Cut,Heat Treated,Ceylon (Sri Lanka),https://www.thenaturalsapphirecompany.com/blue-sapphires/0.58ct-ceylon-sri-lankan-heart-blue-sapphire-s12279/
S17419,$330,$440,0.75 Ct.,5.2,6.05,2.84,Blue,Medium,Very Slightly Included,Heart,Mixed Brilliant Cut,No Enhancement,Ceylon (Sri Lanka),https://www.thenaturalsapphirecompany.com/blue-sapphires/0.75ct-ceylon-sri-lankan-heart-blue-sapphire-s17419/
S6104,$350,$603,0.58 Ct.,5.52,5.09,3.01,Blue,Intense,Very Slightly Included,Heart,Mixed Brilliant Cut,No Enhancement,Ceylon (Sri Lanka),https://www.thenaturalsapphirecompany.com/blue-sapphires/0.58ct-ceylon-sri-lankan-heart-blue-sapphire-s6104/
S5709,"$3,300","$3,000",1.10 Ct.,5.46,5.41,4.12,Blue,Vivid,Very Slightly Included,Asscher - Octagon,Asscher Cut,Heat Treated,Ceylon (Sri Lanka),https://www.thenaturalsapphirecompany.com/blue-sapphires/1.10ct-ceylon-sri-lankan-asscher-octagon-blue-sapphire-s5709/
S11804,$376,$400,0.94 Ct.,5.81,5.86,3.61,Violet,Medium,Very Slightly Included,Round,Mixed Brilliant Cut,No Enhancement,Ceylon (Sri Lanka),https://www.thenaturalsapphirecompany.com/blue-sapphires/0.94ct-ceylon-sri-lankan-round-violet-sapphire-s11804/
S3910,$224,$400,0.56 Ct.,4.79,3.93,3.47,Blue,Intense,Very Slightly Included,Cushion,Mixed Brilliant Cut,No Enhancement,Ceylon (Sri Lanka),https://www.thenaturalsapphirecompany.com/blue-sapphires/0.56ct-ceylon-sri-lankan-cushion-blue-sapphire-s3910/
S11744,"$5,790","$1,850",3.13 Ct.,9.93,7.29,4.23,Violet,Medium,Very Slightly Included,Emerald Cut,Emerald Cut,No Enhancement,Ceylon (Sri Lanka),https://www.thenaturalsapphirecompany.com/blue-sapphires/3.13ct-ceylon-sri-lankan-emerald-cut-violet-sapphire-s11744/
S17985,"$3,024","$1,200",2.52 Ct.,8.33,8.79,5.14,Bluish Green,Intense,Eye Clean,Fancy,Step Cut,Heat Treated,Madagascar,https://www.thenaturalsapphirecompany.com/blue-sapphires/2.52ct-madagascar-fancy-bluish-green-sapphire-s17985/
S6562,"$1,344","$1,200",1.12 Ct.,5.92,5.82,4.2,Greenish Blue,Intense,Eye Clean,Round,Mixed Brilliant Cut,No Enhancement,Ceylon (Sri Lanka),https://www.thenaturalsapphirecompany.com/blue-sapphires/1.12ct-ceylon-sri-lankan-round-greenish-blue-sapphire-s6562/
S4234,$170,$500,0.34 Ct.,3.84,3.84,2.53,Blue,Intense,Slightly Included,Asscher - Octagon,Asscher Cut,Heat Treated,Ceylon (Sri Lanka),https://www.thenaturalsapphirecompany.com/blue-sapphires/0.34ct-ceylon-sri-lankan-asscher-octagon-blue-sapphire-s4234/
S6842,$120,$300,0.40 Ct.,4.27,4.12,2.41,Blue,Light,Very Slightly Included,Asscher - Octagon,Asscher Cut,No Enhancement,Ceylon (Sri Lanka),https://www.thenaturalsapphirecompany.com/blue-sapphires/0.40ct-ceylon-sri-lankan-asscher-octagon-blue-sapphire-s6842/
S6847,$198,$300,0.66 Ct.,5.39,5.32,2.86,Violet,Light,Very Slightly Included,Round,Mixed Brilliant Cut,No Enhancement,Ceylon (Sri Lanka),https://www.thenaturalsapphirecompany.com/blue-sapphires/0.66ct-ceylon-sri-lankan-round-violet-sapphire-s6847/
S12733,"$2,860","$2,000",1.43 Ct.,7.11,5.36,4.12,Greyish Blue,Intense,Very Slightly Included,Cushion,Mixed Brilliant Cut,No Enhancement,Montana,https://www.thenaturalsapphirecompany.com/blue-sapphires/1.43ct-montana-cushion-greyish-blue-sapphire-s12733/
S4669,$112,$400,0.28 Ct.,4.09,4.05,2.14,Violet,Medium,Very Slightly Included,Round,Mixed Brilliant Cut,No Enhancement,Ceylon (Sri Lanka),https://www.thenaturalsapphirecompany.com/blue-sapphires/0.28ct-ceylon-sri-lankan-round-violet-sapphire-s4669/
S6860,$98,$200,0.49 Ct.,4.99,3.95,2.56,Greyish Blue,Light,Slightly Included,Emerald Cut,Emerald Cut,No Enhancement,Ceylon (Sri Lanka),https://www.thenaturalsapphirecompany.com/blue-sapphires/0.49ct-ceylon-sri-lankan-emerald-cut-greyish-blue-sapphire-s6860/
S4236,$185,$500,0.37 Ct.,3.87,3.86,2.73,Blue,Intense,Very Slightly Included,Asscher - Octagon,Asscher Cut,Heat Treated,Ceylon (Sri Lanka),https://www.thenaturalsapphirecompany.com/blue-sapphires/0.37ct-ceylon-sri-lankan-asscher-octagon-blue-sapphire-s4236/
S4218,$120,$500,0.24 Ct.,3.97,3.38,2.54,Blue,Light,Very Slightly Included,Fancy,Step Cut,Heat Treated,Ceylon (Sri Lanka),https://www.thenaturalsapphirecompany.com/blue-sapphires/0.24ct-ceylon-sri-lankan-fancy-blue-sapphire-s4218/
S12586,$156,$400,0.39 Ct.,4.61,4.05,2.2,Blue,Light,Very Slightly Included,Princess,Princess Cut,No Enhancement,Ceylon (Sri Lanka),https://www.thenaturalsapphirecompany.com/blue-sapphires/0.39ct-ceylon-sri-lankan-princess-blue-sapphire-s12586/
S4226,$145,$500,0.29 Ct.,4.32,3.86,2.38,Blue,Light,Very Slightly Included,Fancy,Step Cut,Heat Treated,Ceylon (Sri Lanka),https://www.thenaturalsapphirecompany.com/blue-sapphires/0.29ct-ceylon-sri-lankan-fancy-blue-sapphire-s4226/
S15272,$316,$400,0.79 Ct.,5.17,5.16,3.17,Blue,Medium,Very Slightly Included,Princess,Princess Cut,No Enhancement,Ceylon (Sri Lanka),https://www.thenaturalsapphirecompany.com/blue-sapphires/0.79ct-ceylon-sri-lankan-princess-blue-sapphire-s15272/
S25653,"$1,801","$1,162",1.55 Ct.,6.49,6.43,4.64,Bluish Green,Intense,Very Very Slightly Included,Round,Mixed Brilliant Cut,No Enhancement,Madagascar,https://www.thenaturalsapphirecompany.com/blue-sapphires/1.55ct-madagascar-round-bluish-green-sapphire-s25653/
B14843,$446,$826,0.54 Ct.,4.49,4.43,3.04,Blue,Intense,Very Slightly Included,Princess,Princess Cut,Heat Treated,Ceylon (Sri Lanka),https://www.thenaturalsapphirecompany.com/blue-sapphires/0.54ct-ceylon-sri-lankan-princess-blue-sapphire-b14843/
S14986,$552,$800,0.69 Ct.,4.75,4.73,3.19,Blue,Intense,Slightly Included,Princess,Princess Cut,Heat Treated,Ceylon (Sri Lanka),https://www.thenaturalsapphirecompany.com/blue-sapphires/0.69ct-ceylon-sri-lankan-princess-blue-sapphire-s14986/
B14685,"$32,990","$5,270",6.26 Ct.,10.32,9.62,7.16,Blue,Vivid,Eye Clean,Cushion,Mixed Brilliant Cut,Heat Treated,Ceylon (Sri Lanka),https://www.thenaturalsapphirecompany.com/blue-sapphires/6.26ct-ceylon-sri-lankan-cushion-blue-sapphire-b14685/
B14637,"$9,529","$3,145",3.03 Ct.,8.15,7.37,5.38,Blue,Intense,Eye Clean,Radiant,Radiant Cut,Heat Treated,Ceylon (Sri Lanka),https://www.thenaturalsapphirecompany.com/blue-sapphires/3.03ct-ceylon-sri-lankan-radiant-blue-sapphire-b14637/
U14342,$210,$600,0.35 Ct.,4.34,3.47,2.5,Color Change,Intense,Very Slightly Included,Cushion,Mixed Brilliant Cut,No Enhancement,Ceylon (Sri Lanka),https://www.thenaturalsapphirecompany.com/blue-sapphires/0.35ct-ceylon-sri-lankan-cushion-color-change-sapphire-u14342/
U8809,"$1,785","$1,500",1.19 Ct.,6.59,4.88,4.18,Greyish Blue,Medium,Very Slightly Included,Cushion,Fancy Brilliant Cut,No Enhancement,Montana,https://www.thenaturalsapphirecompany.com/blue-sapphires/1.19ct-montana-cushion-greyish-blue-sapphire-u8809/
S4301,$150,$500,0.30 Ct.,4.21,3.55,2.85,Bluish Grey,Light,Very Slightly Included,Fancy,Step Cut,No Enhancement,Ceylon (Sri Lanka),https://www.thenaturalsapphirecompany.com/blue-sapphires/0.30ct-ceylon-sri-lankan-fancy-bluish-grey-sapphire-s4301/
S7318,"$3,852","$1,800",2.14 Ct.,8.71,7.26,3.52,Greyish Blue,Intense,Very Slightly Included,Oval,Mixed Brilliant Cut,Heat Treated,Ceylon (Sri Lanka),https://www.thenaturalsapphirecompany.com/blue-sapphires/2.14ct-ceylon-sri-lankan-oval-greyish-blue-sapphire-s7318/
S14298,$393,$715,0.55 Ct.,5.02,5.42,2.88,Blue,Medium,Very Slightly Included,Heart,Mixed Brilliant Cut,No Enhancement,Ceylon (Sri Lanka),https://www.thenaturalsapphirecompany.com/blue-sapphires/0.55ct-ceylon-sri-lankan-heart-blue-sapphire-s14298/
S14232,$580,"$1,000",0.58 Ct.,4.65,4.32,2.87,Purplish Blue,Medium,Very Slightly Included,Princess,Princess Cut,No Enhancement,Ceylon (Sri Lanka),https://www.thenaturalsapphirecompany.com/blue-sapphires/0.58ct-ceylon-sri-lankan-princess-purplish-blue-sapphire-s14232/
B16019,"$30,999","$6,187",5.01 Ct.,9.54,9.11,5.9,Blue,Vivid,Very Slightly Included,Cushion,Mixed Brilliant Cut,No Enhancement,Ceylon (Sri Lanka),https://www.thenaturalsapphirecompany.com/blue-sapphires/5.01ct-ceylon-sri-lankan-cushion-blue-sapphire-b16019/
U14002,$561,"$1,100",0.51 Ct.,5.48,4.08,3.07,Bluish Green,Medium,Eye Clean,Oval,Mixed Brilliant Cut,Heat Treated,Montana,https://www.thenaturalsapphirecompany.com/blue-sapphires/0.51ct-montana-oval-bluish-green-sapphire-u14002/
U14014,$754,"$1,300",0.58 Ct.,6.08,5.15,2.86,Greyish Blue,Medium,Eye Clean,Fancy,Fancy Cut,Heat Treated,Montana,https://www.thenaturalsapphirecompany.com/blue-sapphires/0.58ct-montana-fancy-greyish-blue-sapphire-u14014/
B14275,$215,$551,0.39 Ct.,4.47,4,2.51,Blue,Dark,Very Slightly Included,Cushion,Mixed Brilliant Cut,No Enhancement,Ceylon (Sri Lanka),https://www.thenaturalsapphirecompany.com/blue-sapphires/0.39ct-ceylon-sri-lankan-cushion-blue-sapphire-b14275/
S4314,$185,$500,0.37 Ct.,4.36,3.89,3.18,Greyish Blue,Light,Very Slightly Included,Fancy,Mixed Brilliant Cut,No Enhancement,Ceylon (Sri Lanka),https://www.thenaturalsapphirecompany.com/blue-sapphires/0.37ct-ceylon-sri-lankan-fancy-greyish-blue-sapphire-s4314/
S9985,$198,$319,0.62 Ct.,5.56,4.68,2.88,Color Change,Intense,Very Slightly Included,Cushion,Mixed Brilliant Cut,No Enhancement,Ceylon (Sri Lanka),https://www.thenaturalsapphirecompany.com/blue-sapphires/0.62ct-ceylon-sri-lankan-cushion-color-change-sapphire-s9985/
B13647,$196,$400,0.49 Ct.,4.39,4.24,2.91,Blue,Medium,Very Slightly Included,Cushion,Mixed Brilliant Cut,No Enhancement,Ceylon (Sri Lanka),https://www.thenaturalsapphirecompany.com/blue-sapphires/0.49ct-ceylon-sri-lankan-cushion-blue-sapphire-b13647/
B13688,"$1,718","$1,420",1.21 Ct.,6.33,5.5,4.21,Greenish Blue,Intense,Eye Clean,Cushion,Mixed Brilliant Cut,Heat Treated,Montana,https://www.thenaturalsapphirecompany.com/blue-sapphires/1.21ct-montana-cushion-greenish-blue-sapphire-b13688/
S3730,$192,$400,0.48 Ct.,4.58,4.37,2.88,Blue,Medium,Very Slightly Included,Cushion,Mixed Brilliant Cut,No Enhancement,Ceylon (Sri Lanka),https://www.thenaturalsapphirecompany.com/blue-sapphires/0.48ct-ceylon-sri-lankan-cushion-blue-sapphire-s3730/
B13905,$177,$300,0.59 Ct.,5.58,4.76,2.67,Blue,Medium,Very Slightly Included,Cushion,Mixed Brilliant Cut,No Enhancement,Ceylon (Sri Lanka),https://www.thenaturalsapphirecompany.com/blue-sapphires/0.59ct-ceylon-sri-lankan-cushion-blue-sapphire-b13905/
S13017,$212,$400,0.53 Ct.,5.18,4.35,2.48,Blue,Light,Very Slightly Included,Cushion,Mixed Brilliant Cut,No Enhancement,Ceylon (Sri Lanka),https://www.thenaturalsapphirecompany.com/blue-sapphires/0.53ct-ceylon-sri-lankan-cushion-blue-sapphire-s13017/
S13026,$108,$200,0.54 Ct.,5.01,4.62,2.47,Blue,Medium,Very Slightly Included,Cushion,Mixed Brilliant Cut,No Enhancement,Ceylon (Sri Lanka),https://www.thenaturalsapphirecompany.com/blue-sapphires/0.54ct-ceylon-sri-lankan-cushion-blue-sapphire-s13026/
S13029,$118,$200,0.59 Ct.,5.13,5.03,2.42,Blue,Light,Slightly Included,Cushion,Mixed Brilliant Cut,No Enhancement,Ceylon (Sri Lanka),https://www.thenaturalsapphirecompany.com/blue-sapphires/0.59ct-ceylon-sri-lankan-cushion-blue-sapphire-s13029/
S18364,$328,$400,0.82 Ct.,5.83,5.83,3.28,Violet,Medium,Very Slightly Included,Round,Mixed Brilliant Cut,No Enhancement,Ceylon (Sri Lanka),https://www.thenaturalsapphirecompany.com/blue-sapphires/0.82ct-ceylon-sri-lankan-round-violet-sapphire-s18364/
S18405,$296,$400,0.74 Ct.,5.39,5.46,3.34,Violet,Intense,Very Slightly Included,Round,Mixed Brilliant Cut,No Enhancement,Ceylon (Sri Lanka),https://www.thenaturalsapphirecompany.com/blue-sapphires/0.74ct-ceylon-sri-lankan-round-violet-sapphire-s18405/
S17589,$570,$500,1.14 Ct.,6.98,5.99,3.54,Blue,Faint,Very Slightly Included,Fancy,Step Cut,Heat Treated,Ceylon (Sri Lanka),https://www.thenaturalsapphirecompany.com/blue-sapphires/1.14ct-ceylon-sri-lankan-fancy-blue-sapphire-s17589/
S13080,$170,$239,0.71 Ct.,5.29,4.75,2.97,Blue,Medium,Very Slightly Included,Cushion,Mixed Brilliant Cut,No Enhancement,Ceylon (Sri Lanka),https://www.thenaturalsapphirecompany.com/blue-sapphires/0.71ct-ceylon-sri-lankan-cushion-blue-sapphire-s13080/
S4272,$120,$500,0.24 Ct.,4.08,3.5,2.34,Blue,Light,Very Slightly Included,Fancy,Step Cut,No Enhancement,Ceylon (Sri Lanka),https://www.thenaturalsapphirecompany.com/blue-sapphires/0.24ct-ceylon-sri-lankan-fancy-blue-sapphire-s4272/
S18188,$146,$200,0.73 Ct.,5.1,3.74,3.72,Blue,Light,Very Slightly Included,Emerald Cut,Emerald Cut,No Enhancement,Ceylon (Sri Lanka),https://www.thenaturalsapphirecompany.com/blue-sapphires/0.73ct-ceylon-sri-lankan-emerald-cut-blue-sapphire-s18188/
S12973,$184,$400,0.46 Ct.,4.65,4.59,2.58,Blue,Medium,Very Slightly Included,Cushion,Mixed Brilliant Cut,No Enhancement,Ceylon (Sri Lanka),https://www.thenaturalsapphirecompany.com/blue-sapphires/0.46ct-ceylon-sri-lankan-cushion-blue-sapphire-s12973/
S13011,$220,$400,0.55 Ct.,4.74,4.58,3.11,Blue,Dark,Very Slightly Included,Cushion,Mixed Brilliant Cut,No Enhancement,Ceylon (Sri Lanka),https://www.thenaturalsapphirecompany.com/blue-sapphires/0.55ct-ceylon-sri-lankan-cushion-blue-sapphire-s13011/
S4244,$215,$500,0.43 Ct.,4.13,4.1,2.73,Blue,Vivid,Slightly Included,Asscher - Octagon,Asscher Cut,Heat Treated,Ceylon (Sri Lanka),https://www.thenaturalsapphirecompany.com/blue-sapphires/0.43ct-ceylon-sri-lankan-asscher-octagon-blue-sapphire-s4244/
S12810,"$3,045","$1,500",2.03 Ct.,7.81,7.74,4.38,Bluish Green,Intense,Eye Clean,Round,Mixed Brilliant Cut,Heat Treated,Ceylon (Sri Lanka),https://www.thenaturalsapphirecompany.com/blue-sapphires/2.03ct-ceylon-sri-lankan-round-bluish-green-sapphire-s12810/
S6722,"$1,863","$1,350",1.38 Ct.,6.7,6.72,3.83,Greenish Blue,Intense,Eye Clean,Round,Mixed Brilliant Cut,Heat Treated,Ceylon (Sri Lanka),https://www.thenaturalsapphirecompany.com/blue-sapphires/1.38ct-ceylon-sri-lankan-round-greenish-blue-sapphire-s6722/
U7580,"$2,720","$1,700",1.60 Ct.,6.9,6.27,4.44,Bluish Grey,Light,Very Slightly Included,Cushion,Mixed Brilliant Cut,No Enhancement,Montana,https://www.thenaturalsapphirecompany.com/blue-sapphires/1.60ct-montana-cushion-bluish-grey-sapphire-u7580/
S4013,$283,$280,1.01 Ct.,5.92,5.48,4.33,Blue,Medium,Slightly Included,Heart,Mixed Brilliant Cut,No Enhancement,Ceylon (Sri Lanka),https://www.thenaturalsapphirecompany.com/blue-sapphires/1.01ct-ceylon-sri-lankan-heart-blue-sapphire-s4013/
S6497,$864,$800,1.08 Ct.,5.87,7.21,3.5,Blue,Intense,Very Slightly Included,Heart,Mixed Brilliant Cut,Heat Treated,Ceylon (Sri Lanka),https://www.thenaturalsapphirecompany.com/blue-sapphires/1.08ct-ceylon-sri-lankan-heart-blue-sapphire-s6497/
S17422,$343,$440,0.78 Ct.,5.57,5.92,2.84,Blue,Intense,Very Slightly Included,Heart,Mixed Brilliant Cut,No Enhancement,Ceylon (Sri Lanka),https://www.thenaturalsapphirecompany.com/blue-sapphires/0.78ct-ceylon-sri-lankan-heart-blue-sapphire-s17422/
S10432,$756,$600,1.26 Ct.,8.48,5.25,3.96,Blue,Intense,Very Slightly Included,Heart,Mixed Brilliant Cut,Heat Treated,Ceylon (Sri Lanka),https://www.thenaturalsapphirecompany.com/blue-sapphires/1.26ct-ceylon-sri-lankan-heart-blue-sapphire-s10432/
S8801,$198,$300,0.66 Ct.,6.54,4.4,2.45,Blue,Intense,Very Slightly Included,Cushion,Mixed Brilliant Cut,Heat Treated,Ceylon (Sri Lanka),https://www.thenaturalsapphirecompany.com/blue-sapphires/0.66ct-ceylon-sri-lankan-cushion-blue-sapphire-s8801/
S13830,$280,$400,0.70 Ct.,5.45,5.88,3.11,Blue,Light,Very Slightly Included,Heart,Mixed Brilliant Cut,No Enhancement,Ceylon (Sri Lanka),https://www.thenaturalsapphirecompany.com/blue-sapphires/0.70ct-ceylon-sri-lankan-heart-blue-sapphire-s13830/
S18356,$460,$400,1.15 Ct.,5.98,5.98,4.19,Violet,Intense,Very Slightly Included,Round,Mixed Brilliant Cut,No Enhancement,Ceylon (Sri Lanka),https://www.thenaturalsapphirecompany.com/blue-sapphires/1.15ct-ceylon-sri-lankan-round-violet-sapphire-s18356/
S12972,$220,$400,0.55 Ct.,4.87,4.34,2.84,Blue,Medium,Very Slightly Included,Cushion,Mixed Brilliant Cut,No Enhancement,Ceylon (Sri Lanka),https://www.thenaturalsapphirecompany.com/blue-sapphires/0.55ct-ceylon-sri-lankan-cushion-blue-sapphire-s12972/
S18306,$267,$300,0.89 Ct.,5.32,5.33,3.98,Violet,Intense,Very Slightly Included,Round,Mixed Brilliant Cut,No Enhancement,Ceylon (Sri Lanka),https://www.thenaturalsapphirecompany.com/blue-sapphires/0.89ct-ceylon-sri-lankan-round-violet-sapphire-s18306/
S14116,$380,$585,0.65 Ct.,5.25,5.24,3.38,Violet,Medium,Very Slightly Included,Round,Mixed Brilliant Cut,Heat Treated,Ceylon (Sri Lanka),https://www.thenaturalsapphirecompany.com/blue-sapphires/0.65ct-ceylon-sri-lankan-round-violet-sapphire-s14116/
B14747,$363,$825,0.44 Ct.,4.15,4.12,2.97,Blue,Medium,Eye Clean,Princess,Princess Cut,Heat Treated,Ceylon (Sri Lanka),https://www.thenaturalsapphirecompany.com/blue-sapphires/0.44ct-ceylon-sri-lankan-princess-blue-sapphire-b14747/
B14774,$347,$826,0.42 Ct.,4.33,4.26,2.25,Blue,Vivid,Very Slightly Included,Princess,Princess Cut,Heat Treated,Thailand,https://www.thenaturalsapphirecompany.com/blue-sapphires/0.42ct-thai-princess-blue-sapphire-b14774/
B16897,$450,$900,0.50 Ct.,4.11,4.07,2.75,Blue,Vivid,Eye Clean,Princess,Princess Cut,Heat Treated,Ceylon (Sri Lanka),https://www.thenaturalsapphirecompany.com/blue-sapphires/0.50ct-ceylon-sri-lankan-princess-blue-sapphire-b16897/
B8952,$200,$260,0.77 Ct.,5.6,4.63,3.37,Blue,Intense,Slightly Included,Cushion,Mixed Brilliant Cut,No Enhancement,Ceylon (Sri Lanka),https://www.thenaturalsapphirecompany.com/blue-sapphires/0.77ct-ceylon-sri-lankan-cushion-blue-sapphire-b8952/
B17626,$200,$328,0.61 Ct.,5.62,4.24,2.67,Blue,Medium,Slightly Included,Cushion,Mixed Brilliant Cut,No Enhancement,Burma (Myanmar),https://www.thenaturalsapphirecompany.com/blue-sapphires/0.61ct-burma-myanmar-cushion-blue-sapphire-b17626/
S4228,$150,$500,0.30 Ct.,4.3,3.7,2.68,Blue,Light,Very Slightly Included,Fancy,Step Cut,Heat Treated,Ceylon (Sri Lanka),https://www.thenaturalsapphirecompany.com/blue-sapphires/0.30ct-ceylon-sri-lankan-fancy-blue-sapphire-s4228/
S14987,$504,$800,0.63 Ct.,4.82,4.73,3.08,Blue,Vivid,Very Slightly Included,Princess,Princess Cut,Heat Treated,Ceylon (Sri Lanka),https://www.thenaturalsapphirecompany.com/blue-sapphires/0.63ct-ceylon-sri-lankan-princess-blue-sapphire-s14987/
U7650,$930,"$1,000",0.93 Ct.,5.72,5.82,3.92,Bluish Grey,Medium,Very Slightly Included,Trillion,Trillion Cut,No Enhancement,Montana,https://www.thenaturalsapphirecompany.com/blue-sapphires/0.93ct-montana-trillion-bluish-grey-sapphire-u7650/
S4223,$135,$500,0.27 Ct.,4.34,3.72,2.42,Blue,Light,Very Slightly Included,Fancy,Step Cut,Heat Treated,Ceylon (Sri Lanka),https://www.thenaturalsapphirecompany.com/blue-sapphires/0.27ct-ceylon-sri-lankan-fancy-blue-sapphire-s4223/
S4299,$150,$500,0.30 Ct.,4.28,3.65,2.67,Greyish Blue,Light,Very Slightly Included,Fancy,Step Cut,No Enhancement,Ceylon (Sri Lanka),https://www.thenaturalsapphirecompany.com/blue-sapphires/0.30ct-ceylon-sri-lankan-fancy-greyish-blue-sapphire-s4299/
U9287,$874,"$1,150",0.76 Ct.,5.41,5.36,3.69,Bluish Grey,Medium,Very Slightly Included,Round,Modified Brilliant Cut,No Enhancement,Ceylon (Sri Lanka),https://www.thenaturalsapphirecompany.com/blue-sapphires/0.76ct-ceylon-sri-lankan-round-bluish-grey-sapphire-u9287/
S4312,$170,$500,0.34 Ct.,4.39,3.9,2.47,Blue,Light,Very Slightly Included,Fancy,Step Cut,No Enhancement,Ceylon (Sri Lanka),https://www.thenaturalsapphirecompany.com/blue-sapphires/0.34ct-ceylon-sri-lankan-fancy-blue-sapphire-s4312/
S4224,$140,$500,0.28 Ct.,4.31,3.56,2.49,Blue,Light,Very Slightly Included,Fancy,Step Cut,Heat Treated,Ceylon (Sri Lanka),https://www.thenaturalsapphirecompany.com/blue-sapphires/0.28ct-ceylon-sri-lankan-fancy-blue-sapphire-s4224/
S21690,"$3,000","$1,493",2.01 Ct.,7.28,7.28,5.2,Violet,Medium,Eye Clean,Round,Mixed Brilliant Cut,No Enhancement,Ceylon (Sri Lanka),https://www.thenaturalsapphirecompany.com/blue-sapphires/2.01ct-ceylon-sri-lankan-round-violet-sapphire-s21690/
U12684,$480,"$1,000",0.48 Ct.,5.13,4.38,2.78,Greyish Blue,Medium,Slightly Included,Oval,Mixed Brilliant Cut,Heat Treated,Montana,https://www.thenaturalsapphirecompany.com/blue-sapphires/0.48ct-montana-oval-greyish-blue-sapphire-u12684/
B16070,"$12,146","$2,805",4.33 Ct.,9.26,9.17,6.55,Purplish Blue,Intense,Eye Clean,Round,Mixed Brilliant Cut,Heat Treated,Ceylon (Sri Lanka),https://www.thenaturalsapphirecompany.com/blue-sapphires/4.33ct-ceylon-sri-lankan-round-purplish-blue-sapphire-b16070/
U5249,"$9,450","$2,100",4.50 Ct.,8.86,7.94,6.62,Bluish Green,Intense,Slightly Included,Cushion,Mixed Brilliant Cut,No Enhancement,Montana,https://www.thenaturalsapphirecompany.com/blue-sapphires/4.50ct-montana-cushion-bluish-green-sapphire-u5249/
S12703,"$2,016","$1,600",1.26 Ct.,8.04,5.08,3.54,Greenish Blue,Medium,Very Slightly Included,Fancy,Step Cut,No Enhancement,Montana,https://www.thenaturalsapphirecompany.com/blue-sapphires/1.26ct-montana-fancy-greenish-blue-sapphire-s12703/
S12712,"$2,048","$1,600",1.28 Ct.,6.8,5.54,3.99,Greyish Blue,Intense,Very Slightly Included,Cushion,Mixed Brilliant Cut,No Enhancement,Montana,https://www.thenaturalsapphirecompany.com/blue-sapphires/1.28ct-montana-cushion-greyish-blue-sapphire-s12712/
S20956,"$3,264","$2,400",1.36 Ct.,5.97,5.97,3.94,Purplish Blue,Vivid,Very Slightly Included,Asscher - Octagon,Asscher Cut,Heat Treated,Ceylon (Sri Lanka),https://www.thenaturalsapphirecompany.com/blue-sapphires/1.36ct-ceylon-sri-lankan-asscher-octagon-purplish-blue-sapphire-s20956/
S15251,"$5,587","$1,850",3.02 Ct.,8.27,7.67,4.99,Bluish Green,Vivid,Eye Clean,Radiant,Radiant Cut,No Enhancement,Madagascar,https://www.thenaturalsapphirecompany.com/blue-sapphires/3.02ct-madagascar-radiant-bluish-green-sapphire-s15251/
S12724,"$1,904","$1,400",1.36 Ct.,7.37,6.57,4.21,Bluish Green,Light,Very Slightly Included,Fancy,Step Cut,No Enhancement,Montana,https://www.thenaturalsapphirecompany.com/blue-sapphires/1.36ct-montana-fancy-bluish-green-sapphire-s12724/
S12699,"$1,860","$1,500",1.24 Ct.,5.52,7.33,3.98,Greyish Blue,Medium,Very Slightly Included,Fancy,Fancy Brilliant Cut,No Enhancement,Montana,https://www.thenaturalsapphirecompany.com/blue-sapphires/1.24ct-montana-fancy-greyish-blue-sapphire-s12699/
U5369,"$8,132","$1,900",4.28 Ct.,8.71,8.63,6.73,Greenish Blue,Light,Slightly Included,Round,Mixed Brilliant Cut,No Enhancement,Montana,https://www.thenaturalsapphirecompany.com/blue-sapphires/4.28ct-montana-round-greenish-blue-sapphire-u5369/
S6046,$304,$200,1.52 Ct.,6.11,6.07,4.76,Violet,Light,Very Slightly Included,Round,Mixed Brilliant Cut,No Enhancement,Ceylon (Sri Lanka),https://www.thenaturalsapphirecompany.com/blue-sapphires/1.52ct-ceylon-sri-lankan-round-violet-sapphire-s6046/
S12005,$245,$350,0.70 Ct.,6.37,4.44,2.28,Blue,Medium,Very Slightly Included,Cushion,Mixed Brilliant Cut,No Enhancement,Ceylon (Sri Lanka),https://www.thenaturalsapphirecompany.com/blue-sapphires/0.70ct-ceylon-sri-lankan-cushion-blue-sapphire-s12005/
S12129,$144,$400,0.36 Ct.,4.39,3.81,2.6,Blue,Medium,Very Slightly Included,Cushion,Mixed Brilliant Cut,No Enhancement,Ceylon (Sri Lanka),https://www.thenaturalsapphirecompany.com/blue-sapphires/0.36ct-ceylon-sri-lankan-cushion-blue-sapphire-s12129/
U16901,"$2,228",$750,2.97 Ct.,8.09,7.21,5.19,Color Change,Intense,Very Slightly Included,Radiant,Radiant Cut,No Enhancement,Ceylon (Sri Lanka),https://www.thenaturalsapphirecompany.com/blue-sapphires/2.97ct-ceylon-sri-lankan-radiant-color-change-sapphire-u16901/
U17280,"$4,216","$1,961",2.15 Ct.,8.63,6.88,5.3,Bluish Green,Intense,Slightly Included,Fancy,Fancy Brilliant Cut,Heat Treated,Montana,https://www.thenaturalsapphirecompany.com/blue-sapphires/2.15ct-montana-fancy-bluish-green-sapphire-u17280/
U17048,"$7,251","$1,702",4.26 Ct.,10.76,7.2,6.04,Greenish Blue,Vivid,Eye Clean,Oval,Mixed Brilliant Cut,Heat Treated,Ceylon (Sri Lanka),https://www.thenaturalsapphirecompany.com/blue-sapphires/4.26ct-ceylon-sri-lankan-oval-greenish-blue-sapphire-u17048/
U16697,"$2,563","$1,250",2.05 Ct.,7.87,7.74,4.6,Bluish Green,Intense,Very Slightly Included,Round,Mixed Brilliant Cut,No Enhancement,Ceylon (Sri Lanka),https://www.thenaturalsapphirecompany.com/blue-sapphires/2.05ct-ceylon-sri-lankan-round-bluish-green-sapphire-u16697/
S5086,"$2,528","$1,600",1.58 Ct.,7.35,7.01,4.28,Greenish Blue,Medium,Slightly Included,Trillion,Trillion Cut,No Enhancement,Montana,https://www.thenaturalsapphirecompany.com/blue-sapphires/1.58ct-montana-trillion-greenish-blue-sapphire-s5086/
S4173,"$5,162","$1,665",3.10 Ct.,8.15,9.2,5.49,Greenish Blue,Vivid,Eye Clean,Heart,Mixed Brilliant Cut,No Enhancement,Madagascar,https://www.thenaturalsapphirecompany.com/blue-sapphires/3.10ct-madagascar-heart-greenish-blue-sapphire-s4173/
U16664,"$1,752",$800,2.19 Ct.,12.23,7.65,3.77,Greenish Blue,Light,Very Slightly Included,Fancy,Fancy Brilliant Cut,No Enhancement,Ceylon (Sri Lanka),https://www.thenaturalsapphirecompany.com/blue-sapphires/2.19ct-ceylon-sri-lankan-fancy-greenish-blue-sapphire-u16664/
U16514,"$10,646","$1,275",8.35 Ct.,10.61,10.29,7.67,Bluish Green,Vivid,Very Slightly Included,Cushion,Mixed Brilliant Cut,No Enhancement,Madagascar,https://www.thenaturalsapphirecompany.com/blue-sapphires/8.35ct-madagascar-cushion-bluish-green-sapphire-u16514/
U15456,$996,"$1,200",0.83 Ct.,5.59,5.4,3.84,Greenish Blue,Intense,Very Slightly Included,Trillion,Trillion Cut,Heat Treated,Montana,https://www.thenaturalsapphirecompany.com/blue-sapphires/0.83ct-montana-trillion-greenish-blue-sapphire-u15456/
S5092,"$2,445","$1,500",1.63 Ct.,7.94,5.9,4.32,Bluish Green,Medium,Very Slightly Included,Oval,Mixed Brilliant Cut,No Enhancement,Montana,https://www.thenaturalsapphirecompany.com/blue-sapphires/1.63ct-montana-oval-bluish-green-sapphire-s5092/
S5094,"$2,934","$1,800",1.63 Ct.,8,6.18,4.49,Bluish Green,Medium,Very Slightly Included,Fancy,Mixed Brilliant Cut,No Enhancement,Montana,https://www.thenaturalsapphirecompany.com/blue-sapphires/1.63ct-montana-fancy-bluish-green-sapphire-s5094/
S5098,"$3,192","$1,900",1.68 Ct.,8.47,6.18,3.78,Greenish Blue,Light,Eye Clean,Fancy,Step Cut,No Enhancement,Montana,https://www.thenaturalsapphirecompany.com/blue-sapphires/1.68ct-montana-fancy-greenish-blue-sapphire-s5098/
U17258,"$3,443","$2,250",1.53 Ct.,7.28,7.23,4.74,Bluish Green,Intense,Very Slightly Included,Round,Mixed Brilliant Cut,Heat Treated,Ceylon (Sri Lanka),https://www.thenaturalsapphirecompany.com/blue-sapphires/1.53ct-ceylon-sri-lankan-round-bluish-green-sapphire-u17258/
S6604,"$3,793","$1,850",2.05 Ct.,6.77,6.48,4.71,Greenish Blue,Intense,Very Very Slightly Included,Asscher - Octagon,Asscher Cut,No Enhancement,Ceylon (Sri Lanka),https://www.thenaturalsapphirecompany.com/blue-sapphires/2.05ct-ceylon-sri-lankan-asscher-octagon-greenish-blue-sapphire-s6604/
S12725,"$2,040","$1,500",1.36 Ct.,7.51,5.3,4.16,Greenish Blue,Medium,Very Slightly Included,Fancy,Step Cut,No Enhancement,Montana,https://www.thenaturalsapphirecompany.com/blue-sapphires/1.36ct-montana-fancy-greenish-blue-sapphire-s12725/
S6531,"$2,870","$1,400",2.05 Ct.,7,6.89,5.27,Bluish Green,Vivid,Eye Clean,Round,Mixed Brilliant Cut,Heat Treated,Madagascar,https://www.thenaturalsapphirecompany.com/blue-sapphires/2.05ct-madagascar-round-bluish-green-sapphire-s6531/
S12731,"$2,397","$1,700",1.41 Ct.,7.02,5.1,4.34,Greenish Blue,Medium,Very Slightly Included,Cushion,Mixed Brilliant Cut,No Enhancement,Montana,https://www.thenaturalsapphirecompany.com/blue-sapphires/1.41ct-montana-cushion-greenish-blue-sapphire-s12731/
S6721,"$3,277","$2,900",1.13 Ct.,7.27,5.27,3.51,Greenish Blue,Vivid,Very Slightly Included,Cushion,Mixed Brilliant Cut,Heat Treated,Montana,https://www.thenaturalsapphirecompany.com/blue-sapphires/1.13ct-montana-cushion-greenish-blue-sapphire-s6721/
S6767,"$2,106","$1,350",1.56 Ct.,7.16,7.69,3.72,Greenish Blue,Dark,Eye Clean,Trillion,Mixed Brilliant Cut,Heat Treated,Ceylon (Sri Lanka),https://www.thenaturalsapphirecompany.com/blue-sapphires/1.56ct-ceylon-sri-lankan-trillion-greenish-blue-sapphire-s6767/
S6897,"$3,536","$1,700",2.08 Ct.,8.12,8.6,4.13,Greenish Blue,Intense,Eye Clean,Heart,Mixed Brilliant Cut,Heat Treated,Ceylon (Sri Lanka),https://www.thenaturalsapphirecompany.com/blue-sapphires/2.08ct-ceylon-sri-lankan-heart-greenish-blue-sapphire-s6897/
U14091,"$2,220","$1,500",1.48 Ct.,7.08,7.79,4.55,Bluish Green,Intense,Very Slightly Included,Fancy,Fancy Brilliant Cut,Heat Treated,Montana,https://www.thenaturalsapphirecompany.com/blue-sapphires/1.48ct-montana-fancy-bluish-green-sapphire-u14091/
U8817,"$1,794","$1,300",1.38 Ct.,6.83,5.28,4.09,Greenish Blue,Medium,Very Slightly Included,Cushion,Scissor Cut,No Enhancement,Montana,https://www.thenaturalsapphirecompany.com/blue-sapphires/1.38ct-montana-cushion-greenish-blue-sapphire-u8817/
S6421,"$6,288","$2,035",3.09 Ct.,10.07,7.1,4.37,Bluish Green,Vivid,Very Slightly Included,Emerald Cut,Emerald Cut,No Enhancement,Madagascar,https://www.thenaturalsapphirecompany.com/blue-sapphires/3.09ct-madagascar-emerald-cut-bluish-green-sapphire-s6421/
B16772,"$6,771","$1,388",4.88 Ct.,10.02,9.09,5.83,Greenish Blue,Dark,Eye Clean,Cushion,Mixed Brilliant Cut,Heat Treated,Ceylon (Sri Lanka),https://www.thenaturalsapphirecompany.com/blue-sapphires/4.88ct-ceylon-sri-lankan-cushion-greenish-blue-sapphire-b16772/
S6975,"$3,616","$1,600",2.26 Ct.,8.23,6.96,4.84,Bluish Green,Medium,Very Slightly Included,Fancy,Step Cut,Heat Treated,Ceylon (Sri Lanka),https://www.thenaturalsapphirecompany.com/blue-sapphires/2.26ct-ceylon-sri-lankan-fancy-bluish-green-sapphire-s6975/
S7231,"$10,241","$2,040",5.02 Ct.,10.26,10.14,6.72,Bluish Green,Vivid,Very Slightly Included,Round,Mixed Brilliant Cut,No Enhancement,Madagascar,https://www.thenaturalsapphirecompany.com/blue-sapphires/5.02ct-madagascar-round-bluish-green-sapphire-s7231/
U8846,"$4,275","$2,500",1.71 Ct.,6.51,6.34,5.02,Bluish Green,Intense,Very Slightly Included,Round,Modified Brilliant Cut,Heat Treated,Montana,https://www.thenaturalsapphirecompany.com/blue-sapphires/1.71ct-montana-round-bluish-green-sapphire-u8846/
U15289,"$6,942","$2,600",2.67 Ct.,9.62,9.62,4.76,Greenish Blue,Intense,Very Slightly Included,Fancy,Fancy Brilliant Cut,No Enhancement,Montana,https://www.thenaturalsapphirecompany.com/blue-sapphires/2.67ct-montana-fancy-greenish-blue-sapphire-u15289/
U15492,"$7,241","$1,758",4.12 Ct.,10.57,8.29,4.98,Bluish Green,Vivid,Very Slightly Included,Cushion,Mixed Brilliant Cut,Heat Treated,Ceylon (Sri Lanka),https://www.thenaturalsapphirecompany.com/blue-sapphires/4.12ct-ceylon-sri-lankan-cushion-bluish-green-sapphire-u15492/
U15723,"$5,064","$1,387",3.65 Ct.,10,8.37,4.79,Bluish Green,Intense,Eye Clean,Cushion,Mixed Brilliant Cut,No Enhancement,Ceylon (Sri Lanka),https://www.thenaturalsapphirecompany.com/blue-sapphires/3.65ct-ceylon-sri-lankan-cushion-bluish-green-sapphire-u15723/
U16110,$984,$800,1.23 Ct.,8.77,5.62,3.63,Bluish Green,Intense,Very Slightly Included,Fancy,Step Cut,No Enhancement,Madagascar,https://www.thenaturalsapphirecompany.com/blue-sapphires/1.23ct-madagascar-fancy-bluish-green-sapphire-u16110/
S9375,"$3,034","$1,908",1.59 Ct.,6.95,6.92,4.62,Greenish Blue,Intense,Very Slightly Included,Round,Mixed Brilliant Cut,Heat Treated,Montana,https://www.thenaturalsapphirecompany.com/blue-sapphires/1.59ct-montana-round-greenish-blue-sapphire-s9375/
S10367,"$4,726","$1,203",3.93 Ct.,9.57,9.6,5.54,Bluish Green,Light,Slightly Included,Round,Mixed Brilliant Cut,No Enhancement,Montana,https://www.thenaturalsapphirecompany.com/blue-sapphires/3.93ct-montana-round-bluish-green-sapphire-s10367/
S10365,"$8,649","$2,035",4.25 Ct.,10.45,8.88,5.88,Greenish Blue,Intense,Very Slightly Included,Oval,Mixed Brilliant Cut,No Enhancement,Montana,https://www.thenaturalsapphirecompany.com/blue-sapphires/4.25ct-montana-oval-greenish-blue-sapphire-s10365/
S5076,"$1,781","$1,300",1.37 Ct.,7.86,6.49,4.25,Greenish Blue,Medium,Very Slightly Included,Fancy,Step Cut,No Enhancement,Montana,https://www.thenaturalsapphirecompany.com/blue-sapphires/1.37ct-montana-fancy-greenish-blue-sapphire-s5076/
S5058,"$1,416","$1,200",1.18 Ct.,8.02,5.75,3.97,Bluish Green,Medium,Very Slightly Included,Fancy,Step Cut,No Enhancement,Montana,https://www.thenaturalsapphirecompany.com/blue-sapphires/1.18ct-montana-fancy-bluish-green-sapphire-s5058/
S5067,"$1,638","$1,300",1.26 Ct.,7.45,6.89,3.79,Bluish Green,Light,Very Slightly Included,Fancy,Step Cut,No Enhancement,Montana,https://www.thenaturalsapphirecompany.com/blue-sapphires/1.26ct-montana-fancy-bluish-green-sapphire-s5067/
S4161,"$1,790","$1,000",1.79 Ct.,6.76,5.95,4.27,Bluish Green,Intense,Eye Clean,Asscher - Octagon,Asscher Cut,No Enhancement,Madagascar,https://www.thenaturalsapphirecompany.com/blue-sapphires/1.79ct-madagascar-asscher-octagon-bluish-green-sapphire-s4161/
U11903,"$12,040","$3,500",3.44 Ct.,9.04,8.42,6.97,Bluish Green,Vivid,Very Slightly Included,Fancy,Fancy Brilliant Cut,Heat Treated,Montana,https://www.thenaturalsapphirecompany.com/blue-sapphires/3.44ct-montana-fancy-bluish-green-sapphire-u11903/
U4601,"$2,176",$950,2.29 Ct.,7.75,5.56,5.6,Bluish Green,Medium,Very Slightly Included,Cushion,Mixed Brilliant Cut,No Enhancement,Montana,https://www.thenaturalsapphirecompany.com/blue-sapphires/2.29ct-montana-cushion-bluish-green-sapphire-u4601/
U4686,"$10,060","$1,550",6.49 Ct.,14.08,8.15,6.94,Bluish Green,Vivid,Very Slightly Included,Pear,Mixed Brilliant Cut,No Enhancement,Montana,https://www.thenaturalsapphirecompany.com/blue-sapphires/6.49ct-montana-pear-bluish-green-sapphire-u4686/
U4823,"$2,916","$1,200",2.43 Ct.,7.49,6.49,5.4,Greenish Blue,Medium,Slightly Included,Cushion,Mixed Brilliant Cut,No Enhancement,Montana,https://www.thenaturalsapphirecompany.com/blue-sapphires/2.43ct-montana-cushion-greenish-blue-sapphire-u4823/
S12974,$248,$400,0.62 Ct.,6.8,4.05,2.4,Blue,Medium,Very Slightly Included,Cushion,Mixed Brilliant Cut,No Enhancement,Ceylon (Sri Lanka),https://www.thenaturalsapphirecompany.com/blue-sapphires/0.62ct-ceylon-sri-lankan-cushion-blue-sapphire-s12974/
S12977,$295,$500,0.59 Ct.,5.76,4.05,2.75,Blue,Light,Very Slightly Included,Cushion,Mixed Brilliant Cut,No Enhancement,Ceylon (Sri Lanka),https://www.thenaturalsapphirecompany.com/blue-sapphires/0.59ct-ceylon-sri-lankan-cushion-blue-sapphire-s12977/
S6725,"$2,120","$1,350",1.57 Ct.,6.77,5.59,3.85,Greenish Blue,Dark,Very Slightly Included,Emerald Cut,Emerald Cut,Heat Treated,Ceylon (Sri Lanka),https://www.thenaturalsapphirecompany.com/blue-sapphires/1.57ct-ceylon-sri-lankan-emerald-cut-greenish-blue-sapphire-s6725/
U17480,"$1,130","$1,000",1.13 Ct.,8.35,6.79,3.88,Greenish Blue,Dark,Very Slightly Included,Fancy,French Cut,Heat Treated,Montana,https://www.thenaturalsapphirecompany.com/blue-sapphires/1.13ct-montana-fancy-greenish-blue-sapphire-u17480/
U17570,"$4,660","$1,434",3.25 Ct.,8.91,9.74,4.94,Greenish Blue,Medium,Eye Clean,Heart,Mixed Brilliant Cut,Heat Treated,East Africa,https://www.thenaturalsapphirecompany.com/blue-sapphires/3.25ct-east-african-heart-greenish-blue-sapphire-u17570/
S13297,$244,$400,0.61 Ct.,5.34,3.93,3.02,Color Change,Vivid,Very Slightly Included,Cushion,Mixed Brilliant Cut,No Enhancement,Ceylon (Sri Lanka),https://www.thenaturalsapphirecompany.com/blue-sapphires/0.61ct-ceylon-sri-lankan-cushion-color-change-sapphire-s13297/
U17664,"$8,524","$1,969",4.33 Ct.,10.83,8.76,5.76,Greenish Blue,Intense,Very Slightly Included,Oval,Mixed Brilliant Cut,No Enhancement,Madagascar,https://www.thenaturalsapphirecompany.com/blue-sapphires/4.33ct-madagascar-oval-greenish-blue-sapphire-u17664/
U7887,"$6,240","$3,000",2.08 Ct.,7.83,7.81,4.94,Greenish Blue,Medium,Slightly Included,Trillion,Trillion Cut,No Enhancement,Montana,https://www.thenaturalsapphirecompany.com/blue-sapphires/2.08ct-montana-trillion-greenish-blue-sapphire-u7887/
S7250,$248,$340,0.73 Ct.,4.76,4.55,3.84,Blue,Light,Very Slightly Included,Cushion,Mixed Brilliant Cut,No Enhancement,Ceylon (Sri Lanka),https://www.thenaturalsapphirecompany.com/blue-sapphires/0.73ct-ceylon-sri-lankan-cushion-blue-sapphire-s7250/
S18403,$340,$400,0.85 Ct.,5.85,5.89,3.29,Violet,Medium,Very Slightly Included,Round,Mixed Brilliant Cut,No Enhancement,Ceylon (Sri Lanka),https://www.thenaturalsapphirecompany.com/blue-sapphires/0.85ct-ceylon-sri-lankan-round-violet-sapphire-s18403/
S18428,$524,$400,1.31 Ct.,6.29,6.28,4.43,Violet,Light,Very Slightly Included,Round,Mixed Brilliant Cut,No Enhancement,Ceylon (Sri Lanka),https://www.thenaturalsapphirecompany.com/blue-sapphires/1.31ct-ceylon-sri-lankan-round-violet-sapphire-s18428/
U16690,"$4,248",$740,5.74 Ct.,10.86,8.6,6.85,Greenish Blue,Intense,Slightly Included,Radiant,Radiant Cut,Heat Treated,Madagascar,https://www.thenaturalsapphirecompany.com/blue-sapphires/5.74ct-madagascar-radiant-greenish-blue-sapphire-u16690/
U9426,"$1,877","$1,350",1.39 Ct.,6.3,6.28,4.71,Bluish Purple,Intense,Very Slightly Included,Cushion,Mixed Brilliant Cut,No Enhancement,Ceylon (Sri Lanka),https://www.thenaturalsapphirecompany.com/blue-sapphires/1.39ct-ceylon-sri-lankan-cushion-bluish-purple-sapphire-u9426/
S7473,"$9,369","$1,870",5.01 Ct.,10.98,8.68,5.04,Greenish Blue,Dark,Eye Clean,Emerald Cut,Emerald Cut,Heat Treated,Ceylon (Sri Lanka),https://www.thenaturalsapphirecompany.com/blue-sapphires/5.01ct-ceylon-sri-lankan-emerald-cut-greenish-blue-sapphire-s7473/
S7461,"$1,705","$1,100",1.55 Ct.,5.98,5.94,4.62,Bluish Green,Intense,Very Slightly Included,Asscher - Octagon,Asscher Cut,Heat Treated,Madagascar,https://www.thenaturalsapphirecompany.com/blue-sapphires/1.55ct-madagascar-asscher-octagon-bluish-green-sapphire-s7461/
B10531,"$4,212","$2,700",1.56 Ct.,6.98,6.9,4.55,Greenish Blue,Vivid,Slightly Included,Round,Brilliant Cut,Heat Treated,Montana,https://www.thenaturalsapphirecompany.com/blue-sapphires/1.56ct-montana-round-greenish-blue-sapphire-b10531/
U17421,"$4,340","$2,000",2.17 Ct.,8.75,8.45,4.85,Greenish Blue,Medium,Very Slightly Included,Fancy,Fancy Brilliant Cut,No Enhancement,Montana,https://www.thenaturalsapphirecompany.com/blue-sapphires/2.17ct-montana-fancy-greenish-blue-sapphire-u17421/
B11771,"$3,949","$2,296",1.72 Ct.,7.89,6.36,4.61,Greenish Blue,Intense,Very Slightly Included,Oval,Fancy Brilliant Cut,Heat Treated,Montana,https://www.thenaturalsapphirecompany.com/blue-sapphires/1.72ct-montana-oval-greenish-blue-sapphire-b11771/
U12975,"$60,782","$3,360",18.09 Ct.,16.38,13.75,8.68,Bluish Green,Vivid,Eye Clean,Cushion,Mixed Brilliant Cut,Heat Treated,Ceylon (Sri Lanka),https://www.thenaturalsapphirecompany.com/blue-sapphires/18.09ct-ceylon-sri-lankan-cushion-bluish-green-sapphire-u12975/
U13579,"$8,193","$1,573",5.21 Ct.,9.51,9.4,6.13,Bluish Green,Vivid,Eye Clean,Asscher - Octagon,Step Cut,Heat Treated,Ceylon (Sri Lanka),https://www.thenaturalsapphirecompany.com/blue-sapphires/5.21ct-ceylon-sri-lankan-asscher-octagon-bluish-green-sapphire-u13579/
U13079,"$1,652","$1,400",1.18 Ct.,6.34,6.3,4.22,Greyish Blue,Medium,Very Slightly Included,Round,Mixed Brilliant Cut,Heat Treated,Montana,https://www.thenaturalsapphirecompany.com/blue-sapphires/1.18ct-montana-round-greyish-blue-sapphire-u13079/
U13364,"$6,827","$1,665",4.10 Ct.,8.63,8.44,5.7,Bluish Green,Vivid,Eye Clean,Asscher - Octagon,Step Cut,Heat Treated,Ceylon (Sri Lanka),https://www.thenaturalsapphirecompany.com/blue-sapphires/4.10ct-ceylon-sri-lankan-asscher-octagon-bluish-green-sapphire-u13364/
U14227,"$7,705","$1,619",4.76 Ct.,10.75,8.26,5.24,Bluish Green,Intense,Very Slightly Included,Radiant,Radiant Cut,No Enhancement,Ceylon (Sri Lanka),https://www.thenaturalsapphirecompany.com/blue-sapphires/4.76ct-ceylon-sri-lankan-radiant-bluish-green-sapphire-u14227/
S7800,"$5,180","$1,850",2.80 Ct.,8.28,8.22,4.75,Greenish Blue,Intense,Eye Clean,Asscher - Octagon,Asscher Cut,Heat Treated,Madagascar,https://www.thenaturalsapphirecompany.com/blue-sapphires/2.80ct-madagascar-asscher-octagon-greenish-blue-sapphire-s7800/
U13653,"$5,647","$1,387",4.07 Ct.,8.92,8.85,4.83,Bluish Green,Medium,Eye Clean,Asscher - Octagon,Step Cut,No Enhancement,Thailand,https://www.thenaturalsapphirecompany.com/blue-sapphires/4.07ct-thai-asscher-octagon-bluish-green-sapphire-u13653/
S14913,$876,$600,1.46 Ct.,6.98,6.99,4.11,Violet,Medium,Slightly Included,Round,Mixed Brilliant Cut,No Enhancement,Ceylon (Sri Lanka),https://www.thenaturalsapphirecompany.com/blue-sapphires/1.46ct-ceylon-sri-lankan-round-violet-sapphire-s14913/
B16102,$308,$350,0.88 Ct.,6.04,4.75,3.97,Blue,Faint,Very Slightly Included,Cushion,Mixed Brilliant Cut,Heat Treated,Ceylon (Sri Lanka),https://www.thenaturalsapphirecompany.com/blue-sapphires/0.88ct-ceylon-sri-lankan-cushion-blue-sapphire-b16102/
S8197,"$2,066","$1,260",1.64 Ct.,6.81,6.73,4.49,Greenish Blue,Intense,Eye Clean,Round,Mixed Brilliant Cut,Heat Treated,Ceylon (Sri Lanka),https://www.thenaturalsapphirecompany.com/blue-sapphires/1.64ct-ceylon-sri-lankan-round-greenish-blue-sapphire-s8197/
U14578,"$7,234","$1,573",4.60 Ct.,10.6,8.38,5.94,Bluish Green,Vivid,Eye Clean,Oval,Mixed Brilliant Cut,Heat Treated,Ceylon (Sri Lanka),https://www.thenaturalsapphirecompany.com/blue-sapphires/4.60ct-ceylon-sri-lankan-oval-bluish-green-sapphire-u14578/
U14408,"$2,152",$800,2.69 Ct.,7.97,7.54,5.88,Greenish Blue,Dark,Very Very Slightly Included,Trillion,Trillion Cut,No Enhancement,Madagascar,https://www.thenaturalsapphirecompany.com/blue-sapphires/2.69ct-madagascar-trillion-greenish-blue-sapphire-u14408/
U14495,"$1,660","$1,000",1.66 Ct.,6.86,5.88,4.31,Bluish Green,Vivid,Very Very Slightly Included,Asscher - Octagon,Asscher Cut,No Enhancement,Ceylon (Sri Lanka),https://www.thenaturalsapphirecompany.com/blue-sapphires/1.66ct-ceylon-sri-lankan-asscher-octagon-bluish-green-sapphire-u14495/
S15133,$440,$400,1.10 Ct.,6.12,6.15,3.76,Violet,Medium,Very Slightly Included,Round,Mixed Brilliant Cut,No Enhancement,Ceylon (Sri Lanka),https://www.thenaturalsapphirecompany.com/blue-sapphires/1.10ct-ceylon-sri-lankan-round-violet-sapphire-s15133/
S4440,"$4,274","$1,850",2.31 Ct.,8,7.95,4.45,Bluish Green,Dark,Eye Clean,Asscher - Octagon,Asscher Cut,Heat Treated,Ceylon (Sri Lanka),https://www.thenaturalsapphirecompany.com/blue-sapphires/2.31ct-ceylon-sri-lankan-asscher-octagon-bluish-green-sapphire-s4440/
S14903,$732,$600,1.22 Ct.,6.75,6.7,3.43,Violet,Medium,Very Slightly Included,Round,Mixed Brilliant Cut,No Enhancement,Ceylon (Sri Lanka),https://www.thenaturalsapphirecompany.com/blue-sapphires/1.22ct-ceylon-sri-lankan-round-violet-sapphire-s14903/
B15521,"$3,900","$2,000",1.95 Ct.,8.81,5.56,4.47,Greenish Blue,Intense,Very Slightly Included,Cushion,Mixed Brilliant Cut,Heat Treated,Montana,https://www.thenaturalsapphirecompany.com/blue-sapphires/1.95ct-montana-cushion-greenish-blue-sapphire-b15521/
S9386,"$3,730",$740,5.04 Ct.,13.74,9.02,5.38,Bluish Green,Intense,Slightly Included,Pear,Mixed Brilliant Cut,No Enhancement,Madagascar,https://www.thenaturalsapphirecompany.com/blue-sapphires/5.04ct-madagascar-pear-bluish-green-sapphire-s9386/
B16832,$300,$313,0.96 Ct.,8.17,5.26,2.49,Blue,Intense,Very Slightly Included,Cushion,Mixed Brilliant Cut,No Enhancement,Nigeria,https://www.thenaturalsapphirecompany.com/blue-sapphires/0.96ct-nigerian-cushion-blue-sapphire-b16832/
S6412,"$8,303","$2,035",4.08 Ct.,9.33,7.63,5.76,Greenish Blue,Vivid,Eye Clean,Cushion,Mixed Brilliant Cut,No Enhancement,Madagascar,https://www.thenaturalsapphirecompany.com/blue-sapphires/4.08ct-madagascar-cushion-greenish-blue-sapphire-s6412/
S6231,"$7,910","$1,573",5.03 Ct.,10.68,10.62,5.61,Greenish Blue,Dark,Eye Clean,Round,Mixed Brilliant Cut,Heat Treated,Ceylon (Sri Lanka),https://www.thenaturalsapphirecompany.com/blue-sapphires/5.03ct-ceylon-sri-lankan-round-greenish-blue-sapphire-s6231/
S5060,"$1,680","$1,400",1.20 Ct.,6.29,5.35,4.14,Violet,Light,Very Slightly Included,Cushion,Mixed Brilliant Cut,No Enhancement,Montana,https://www.thenaturalsapphirecompany.com/blue-sapphires/1.20ct-montana-cushion-violet-sapphire-s5060/
S5021,$880,"$1,000",0.88 Ct.,6.04,5.42,3.59,Violet,Light,Very Slightly Included,Fancy,Mixed Brilliant Cut,No Enhancement,Montana,https://www.thenaturalsapphirecompany.com/blue-sapphires/0.88ct-montana-fancy-violet-sapphire-s5021/
S7797,"$9,486","$2,040",4.65 Ct.,10.36,7.93,5.69,Greenish Blue,Vivid,Eye Clean,Cushion,Mixed Brilliant Cut,No Enhancement,Madagascar,https://www.thenaturalsapphirecompany.com/blue-sapphires/4.65ct-madagascar-cushion-greenish-blue-sapphire-s7797/
S8334,"$11,281","$2,040",5.53 Ct.,12.18,9.3,5.85,Bluish Green,Vivid,Eye Clean,Oval,Mixed Brilliant Cut,Heat Treated,Madagascar,https://www.thenaturalsapphirecompany.com/blue-sapphires/5.53ct-madagascar-oval-bluish-green-sapphire-s8334/
S7234,"$3,830","$1,388",2.76 Ct.,8.26,8.16,5.23,Bluish Green,Intense,Eye Clean,Round,Mixed Brilliant Cut,No Enhancement,Madagascar,https://www.thenaturalsapphirecompany.com/blue-sapphires/2.76ct-madagascar-round-bluish-green-sapphire-s7234/
S6009,$225,$300,0.75 Ct.,5.54,5.52,3.24,Violet,Intense,Very Slightly Included,Round,Mixed Brilliant Cut,No Enhancement,Ceylon (Sri Lanka),https://www.thenaturalsapphirecompany.com/blue-sapphires/0.75ct-ceylon-sri-lankan-round-violet-sapphire-s6009/
S7639,"$7,505","$1,758",4.27 Ct.,8.94,8.42,5.56,Bluish Green,Vivid,Eye Clean,Asscher - Octagon,Asscher Cut,No Enhancement,West Africa,https://www.thenaturalsapphirecompany.com/blue-sapphires/4.27ct-west-african-asscher-octagon-bluish-green-sapphire-s7639/
S6766,$944,$800,1.18 Ct.,6.1,5.93,4.01,Bluish Green,Vivid,Very Slightly Included,Round,Mixed Brilliant Cut,Heat Treated,Ceylon (Sri Lanka),https://www.thenaturalsapphirecompany.com/blue-sapphires/1.18ct-ceylon-sri-lankan-round-bluish-green-sapphire-s6766/
B16407,"$5,861","$3,330",1.76 Ct.,7.16,5.32,5.2,Blue,Vivid,Very Slightly Included,Oval,Mixed Brilliant Cut,No Enhancement,Ceylon (Sri Lanka),https://www.thenaturalsapphirecompany.com/blue-sapphires/1.76ct-ceylon-sri-lankan-oval-blue-sapphire-b16407/
S8693,$992,$800,1.24 Ct.,6.64,6.61,3.77,Violet,Light,Very Slightly Included,Round,Mixed Brilliant Cut,Heat Treated,Ceylon (Sri Lanka),https://www.thenaturalsapphirecompany.com/blue-sapphires/1.24ct-ceylon-sri-lankan-round-violet-sapphire-s8693/
B12430,"$76,883","$4,590",16.75 Ct.,15.69,13.33,8.8,Blue,Intense,Eye Clean,Oval,Mixed Brilliant Cut,Heat Treated,Ceylon (Sri Lanka),https://www.thenaturalsapphirecompany.com/blue-sapphires/16.75ct-ceylon-sri-lankan-oval-blue-sapphire-b12430/
S18440,"$1,008",$600,1.68 Ct.,6.75,6.74,4.95,Violet,Medium,Very Slightly Included,Round,Mixed Brilliant Cut,No Enhancement,Ceylon (Sri Lanka),https://www.thenaturalsapphirecompany.com/blue-sapphires/1.68ct-ceylon-sri-lankan-round-violet-sapphire-s18440/
S6772,$642,$600,1.07 Ct.,6.01,5.21,3.56,Bluish Green,Intense,Very Slightly Included,Emerald Cut,Emerald Cut,Heat Treated,Ceylon (Sri Lanka),https://www.thenaturalsapphirecompany.com/blue-sapphires/1.07ct-ceylon-sri-lankan-emerald-cut-bluish-green-sapphire-s6772/
S23894,"$2,465","$1,700",1.45 Ct.,6.9,6.83,4.32,Bluish Green,Medium,Slightly Included,Round,Mixed Brilliant Cut,No Enhancement,Montana,https://www.thenaturalsapphirecompany.com/blue-sapphires/1.45ct-montana-round-bluish-green-sapphire-s23894/
S18435,"$1,278",$600,2.13 Ct.,8.14,8.12,4.33,Violet,Medium,Very Slightly Included,Round,Mixed Brilliant Cut,No Enhancement,Ceylon (Sri Lanka),https://www.thenaturalsapphirecompany.com/blue-sapphires/2.13ct-ceylon-sri-lankan-round-violet-sapphire-s18435/
S13946,"$1,402",$646,2.17 Ct.,7.44,7.43,4.63,Violet,Light,Very Slightly Included,Round,Mixed Brilliant Cut,No Enhancement,Ceylon (Sri Lanka),https://www.thenaturalsapphirecompany.com/blue-sapphires/2.17ct-ceylon-sri-lankan-round-violet-sapphire-s13946/
S6765,"$1,125",$900,1.25 Ct.,5.84,5.34,4.14,Bluish Green,Intense,Eye Clean,Cushion,Mixed Brilliant Cut,Heat Treated,Ceylon (Sri Lanka),https://www.thenaturalsapphirecompany.com/blue-sapphires/1.25ct-ceylon-sri-lankan-cushion-bluish-green-sapphire-s6765/
S15149,$584,$400,1.46 Ct.,6.96,6.89,4.08,Violet,Light,Very Slightly Included,Round,Mixed Brilliant Cut,No Enhancement,Ceylon (Sri Lanka),https://www.thenaturalsapphirecompany.com/blue-sapphires/1.46ct-ceylon-sri-lankan-round-violet-sapphire-s15149/
B16409,"$2,780","$1,536",1.81 Ct.,7.89,5.52,4.92,Blue,Medium,Eye Clean,Pear,Mixed Brilliant Cut,No Enhancement,Ceylon (Sri Lanka),https://www.thenaturalsapphirecompany.com/blue-sapphires/1.81ct-ceylon-sri-lankan-pear-blue-sapphire-b16409/
B15280,"$29,146","$5,280",5.52 Ct.,11.28,9.5,6.07,Blue,Vivid,Eye Clean,Oval,Mixed Brilliant Cut,Heat Treated,Ceylon (Sri Lanka),https://www.thenaturalsapphirecompany.com/blue-sapphires/5.52ct-ceylon-sri-lankan-oval-blue-sapphire-b15280/
B14405,$855,$900,0.95 Ct.,6.97,4.96,2.87,Blue,Medium,Very Slightly Included,Radiant,Radiant Cut,No Enhancement,Ceylon (Sri Lanka),https://www.thenaturalsapphirecompany.com/blue-sapphires/0.95ct-ceylon-sri-lankan-radiant-blue-sapphire-b14405/
B16657,"$1,969","$2,188",0.90 Ct.,5.59,5.49,3.59,Blue,Vivid,Very Slightly Included,Round,Mixed Brilliant Cut,Heat Treated,Ceylon (Sri Lanka),https://www.thenaturalsapphirecompany.com/blue-sapphires/0.90ct-ceylon-sri-lankan-round-blue-sapphire-b16657/
B16662,"$7,712","$3,672",2.10 Ct.,9.13,4.73,4.41,Blue,Vivid,Very Slightly Included,Cushion,Step Cut,Heat Treated,Ceylon (Sri Lanka),https://www.thenaturalsapphirecompany.com/blue-sapphires/2.10ct-ceylon-sri-lankan-cushion-blue-sapphire-b16662/
B16664,"$5,661","$1,665",3.40 Ct.,10.73,7.88,4.17,Blue,Intense,Eye Clean,Oval,Mixed Brilliant Cut,Heat Treated,Ceylon (Sri Lanka),https://www.thenaturalsapphirecompany.com/blue-sapphires/3.40ct-ceylon-sri-lankan-oval-blue-sapphire-b16664/
B16706,"$27,388","$5,445",5.03 Ct.,11.36,9.49,5.74,Blue,Vivid,Eye Clean,Oval,Mixed Brilliant Cut,Heat Treated,Ceylon (Sri Lanka),https://www.thenaturalsapphirecompany.com/blue-sapphires/5.03ct-ceylon-sri-lankan-oval-blue-sapphire-b16706/
B16707,"$19,348","$4,290",4.51 Ct.,9.57,9.14,5.69,Blue,Vivid,Eye Clean,Cushion,Mixed Brilliant Cut,Heat Treated,Ceylon (Sri Lanka),https://www.thenaturalsapphirecompany.com/blue-sapphires/4.51ct-ceylon-sri-lankan-cushion-blue-sapphire-b16707/
B16721,"$11,696","$3,400",3.44 Ct.,7.77,7.71,5.9,Blue,Vivid,Very Slightly Included,Cushion,Mixed Brilliant Cut,Heat Treated,Ceylon (Sri Lanka),https://www.thenaturalsapphirecompany.com/blue-sapphires/3.44ct-ceylon-sri-lankan-cushion-blue-sapphire-b16721/
S47565,$576,$533,1.08 Ct.,5.8,5.42,4.21,Bluish Green,Intense,Very Slightly Included,Oval,Mixed Brilliant Cut,Heat Treated,Madagascar,https://www.thenaturalsapphirecompany.com/blue-sapphires/1.08ct-madagascar-oval-bluish-green-sapphire-s47565/
S15350,"$1,598","$1,378",1.16 Ct.,5.99,5.46,3.73,Blue,Light,Eye Clean,Radiant,Radiant Cut,Heat Treated,Tanzania,https://www.thenaturalsapphirecompany.com/blue-sapphires/1.16ct-tanzanian-radiant-blue-sapphire-s15350/
S15355,"$1,720",$500,3.44 Ct.,9.25,10.39,5.58,Greyish Blue,Intense,Slightly Included,Fancy,Mixed Brilliant Cut,No Enhancement,East Africa,https://www.thenaturalsapphirecompany.com/blue-sapphires/3.44ct-east-african-fancy-greyish-blue-sapphire-s15355/
S15357,"$2,205","$1,500",1.47 Ct.,7.1,6.42,4.32,Bluish Green,Intense,Very Slightly Included,Fancy,Mixed Brilliant Cut,No Enhancement,Madagascar,https://www.thenaturalsapphirecompany.com/blue-sapphires/1.47ct-madagascar-fancy-bluish-green-sapphire-s15357/
S15360,"$3,264","$1,600",2.04 Ct.,7.69,7.05,4.04,Bluish Green,Intense,Very Slightly Included,Asscher - Octagon,Asscher Cut,No Enhancement,Madagascar,https://www.thenaturalsapphirecompany.com/blue-sapphires/2.04ct-madagascar-asscher-octagon-bluish-green-sapphire-s15360/
S15365,"$2,998","$1,140",2.63 Ct.,9.28,6.65,4.59,Blue,Light,Very Slightly Included,Oval,Mixed Brilliant Cut,No Enhancement,Tanzania,https://www.thenaturalsapphirecompany.com/blue-sapphires/2.63ct-tanzanian-oval-blue-sapphire-s15365/
B16760,"$3,510","$1,800",1.95 Ct.,8.48,7.36,3.75,Blue,Intense,Very Slightly Included,Oval,Mixed Brilliant Cut,Heat Treated,Thailand,https://www.thenaturalsapphirecompany.com/blue-sapphires/1.95ct-thai-oval-blue-sapphire-b16760/
B16666,"$6,743","$2,497",2.70 Ct.,10.01,7.54,3.89,Blue,Intense,Eye Clean,Oval,Mixed Brilliant Cut,Heat Treated,Ceylon (Sri Lanka),https://www.thenaturalsapphirecompany.com/blue-sapphires/2.70ct-ceylon-sri-lankan-oval-blue-sapphire-b16666/
B16670,"$2,216","$1,050",2.11 Ct.,7.9,5.87,4.1,Blue,Medium,Very Slightly Included,Emerald Cut,Emerald Cut,Heat Treated,Ceylon (Sri Lanka),https://www.thenaturalsapphirecompany.com/blue-sapphires/2.11ct-ceylon-sri-lankan-emerald-cut-blue-sapphire-b16670/
B16671,"$3,863","$1,665",2.32 Ct.,8.4,7.43,3.49,Blue,Dark,Very Slightly Included,Asscher - Octagon,Asscher Cut,Heat Treated,Ceylon (Sri Lanka),https://www.thenaturalsapphirecompany.com/blue-sapphires/2.32ct-ceylon-sri-lankan-asscher-octagon-blue-sapphire-b16671/
B16674,"$85,686","$5,720",14.98 Ct.,15.34,13.02,8.38,Blue,Vivid,Very Slightly Included,Cushion,Mixed Brilliant Cut,Heat Treated,Madagascar,https://www.thenaturalsapphirecompany.com/blue-sapphires/14.98ct-madagascar-cushion-blue-sapphire-b16674/
B16676,"$62,154","$6,160",10.09 Ct.,13.43,11.15,6.69,Blue,Vivid,Eye Clean,Cushion,Mixed Brilliant Cut,Heat Treated,Ceylon (Sri Lanka),https://www.thenaturalsapphirecompany.com/blue-sapphires/10.09ct-ceylon-sri-lankan-cushion-blue-sapphire-b16676/
S28914,"$1,620","$2,000",0.81 Ct.,5.67,5.64,3.23,Blue,Vivid,Very Slightly Included,Cushion,Mixed Brilliant Cut,Heat Treated,Ceylon (Sri Lanka),https://www.thenaturalsapphirecompany.com/blue-sapphires/0.81ct-ceylon-sri-lankan-cushion-blue-sapphire-s28914/
B16725,"$18,562","$4,125",4.50 Ct.,8.94,8.87,6.51,Blue,Vivid,Very Slightly Included,Cushion,Mixed Brilliant Cut,Heat Treated,Ceylon (Sri Lanka),https://www.thenaturalsapphirecompany.com/blue-sapphires/4.50ct-ceylon-sri-lankan-cushion-blue-sapphire-b16725/
B16732,$813,"$1,378",0.59 Ct.,4.97,4.91,3.45,Blue,Intense,Very Slightly Included,Round,Mixed Brilliant Cut,Heat Treated,Ceylon (Sri Lanka),https://www.thenaturalsapphirecompany.com/blue-sapphires/0.59ct-ceylon-sri-lankan-round-blue-sapphire-b16732/
B16735,$896,"$1,378",0.65 Ct.,4.97,4.84,3.49,Blue,Vivid,Very Slightly Included,Round,Mixed Brilliant Cut,Heat Treated,Ceylon (Sri Lanka),https://www.thenaturalsapphirecompany.com/blue-sapphires/0.65ct-ceylon-sri-lankan-round-blue-sapphire-b16735/
B16736,$896,"$1,378",0.65 Ct.,5.45,5.37,3.41,Blue,Intense,Very Slightly Included,Round,Mixed Brilliant Cut,Heat Treated,Ceylon (Sri Lanka),https://www.thenaturalsapphirecompany.com/blue-sapphires/0.65ct-ceylon-sri-lankan-round-blue-sapphire-b16736/
B16737,$909,"$1,377",0.66 Ct.,4.85,4.82,3.52,Blue,Vivid,Very Slightly Included,Round,Mixed Brilliant Cut,Heat Treated,Ceylon (Sri Lanka),https://www.thenaturalsapphirecompany.com/blue-sapphires/0.66ct-ceylon-sri-lankan-round-blue-sapphire-b16737/
B16740,"$1,116","$1,378",0.81 Ct.,5.27,5.22,3.76,Blue,Vivid,Very Slightly Included,Round,Mixed Brilliant Cut,Heat Treated,Ceylon (Sri Lanka),https://www.thenaturalsapphirecompany.com/blue-sapphires/0.81ct-ceylon-sri-lankan-round-blue-sapphire-b16740/
B16295,"$1,037",$640,1.62 Ct.,8.58,6.5,4.28,Blue,Vivid,Very Slightly Included,Pear,Mixed Brilliant Cut,Heat Treated,Ceylon (Sri Lanka),https://www.thenaturalsapphirecompany.com/blue-sapphires/1.62ct-ceylon-sri-lankan-pear-blue-sapphire-b16295/
B16437,$456,$600,0.76 Ct.,6.25,4.4,3.03,Blue,Intense,Eye Clean,Emerald Cut,Emerald Cut,Heat Treated,Ceylon (Sri Lanka),https://www.thenaturalsapphirecompany.com/blue-sapphires/0.76ct-ceylon-sri-lankan-emerald-cut-blue-sapphire-b16437/
B16335,"$1,176","$1,200",0.98 Ct.,6.09,4.51,3.6,Blue,Vivid,Very Slightly Included,Emerald Cut,Emerald Cut,No Enhancement,Ceylon (Sri Lanka),https://www.thenaturalsapphirecompany.com/blue-sapphires/0.98ct-ceylon-sri-lankan-emerald-cut-blue-sapphire-b16335/
B16345,$808,$800,1.01 Ct.,6.08,6.03,3.86,Blue,Intense,Very Slightly Included,Round,Mixed Brilliant Cut,No Enhancement,Ceylon (Sri Lanka),https://www.thenaturalsapphirecompany.com/blue-sapphires/1.01ct-ceylon-sri-lankan-round-blue-sapphire-b16345/
B16348,"$1,024",$800,1.28 Ct.,6.63,6.57,3.74,Blue,Intense,Very Slightly Included,Round,Mixed Brilliant Cut,No Enhancement,Ceylon (Sri Lanka),https://www.thenaturalsapphirecompany.com/blue-sapphires/1.28ct-ceylon-sri-lankan-round-blue-sapphire-b16348/
B16390,$896,$800,1.12 Ct.,8.15,5.09,3.47,Blue,Intense,Very Slightly Included,Oval,Mixed Brilliant Cut,No Enhancement,Ceylon (Sri Lanka),https://www.thenaturalsapphirecompany.com/blue-sapphires/1.12ct-ceylon-sri-lankan-oval-blue-sapphire-b16390/
B16392,"$1,008",$800,1.26 Ct.,7.4,5.69,3.76,Blue,Intense,Very Slightly Included,Oval,Mixed Brilliant Cut,No Enhancement,Ceylon (Sri Lanka),https://www.thenaturalsapphirecompany.com/blue-sapphires/1.26ct-ceylon-sri-lankan-oval-blue-sapphire-b16392/
B16312,"$3,672","$1,800",2.04 Ct.,8.39,5.85,4.83,Blue,Dark,Very Slightly Included,Oval,Mixed Brilliant Cut,Heat Treated,Ethiopia,https://www.thenaturalsapphirecompany.com/blue-sapphires/2.04ct-ethiopian-oval-blue-sapphire-b16312/
B16316,"$3,228","$1,200",2.69 Ct.,8.34,7.09,5.25,Color Change,Vivid,Very Slightly Included,Oval,Mixed Brilliant Cut,No Enhancement,Ceylon (Sri Lanka),https://www.thenaturalsapphirecompany.com/blue-sapphires/2.69ct-ceylon-sri-lankan-oval-color-change-sapphire-b16316/
B16317,"$3,546","$1,800",1.97 Ct.,7.93,6.06,4.42,Blue,Intense,Very Slightly Included,Cushion,Mixed Brilliant Cut,No Enhancement,Ceylon (Sri Lanka),https://www.thenaturalsapphirecompany.com/blue-sapphires/1.97ct-ceylon-sri-lankan-cushion-blue-sapphire-b16317/
B16214,$266,$359,0.74 Ct.,5.55,4.27,3.69,Blue,Intense,Very Slightly Included,Oval,Mixed Brilliant Cut,Heat Treated,Ceylon (Sri Lanka),https://www.thenaturalsapphirecompany.com/blue-sapphires/0.74ct-ceylon-sri-lankan-oval-blue-sapphire-b16214/
B16217,$281,$360,0.78 Ct.,5.57,4.24,4.4,Blue,Vivid,Very Slightly Included,Oval,Mixed Brilliant Cut,Heat Treated,Ceylon (Sri Lanka),https://www.thenaturalsapphirecompany.com/blue-sapphires/0.78ct-ceylon-sri-lankan-oval-blue-sapphire-b16217/
B16219,$288,$360,0.80 Ct.,5.61,4.69,3.81,Blue,Intense,Very Slightly Included,Oval,Mixed Brilliant Cut,Heat Treated,Ceylon (Sri Lanka),https://www.thenaturalsapphirecompany.com/blue-sapphires/0.80ct-ceylon-sri-lankan-oval-blue-sapphire-b16219/
B16223,$310,$360,0.86 Ct.,6.54,4.34,3.51,Blue,Intense,Slightly Included,Oval,Mixed Brilliant Cut,Heat Treated,Ceylon (Sri Lanka),https://www.thenaturalsapphirecompany.com/blue-sapphires/0.86ct-ceylon-sri-lankan-oval-blue-sapphire-b16223/
B16225,$346,$360,0.96 Ct.,6.99,3.72,3.47,Blue,Intense,Very Slightly Included,Emerald Cut,Emerald Cut,Heat Treated,Ceylon (Sri Lanka),https://www.thenaturalsapphirecompany.com/blue-sapphires/0.96ct-ceylon-sri-lankan-emerald-cut-blue-sapphire-b16225/
B16239,$241,$360,0.67 Ct.,4.89,4.82,3.45,Blue,Vivid,Very Slightly Included,Round,Mixed Brilliant Cut,Heat Treated,Ceylon (Sri Lanka),https://www.thenaturalsapphirecompany.com/blue-sapphires/0.67ct-ceylon-sri-lankan-round-blue-sapphire-b16239/
B16242,$259,$360,0.72 Ct.,5.04,4.67,3.5,Blue,Medium,Very Slightly Included,Round,Mixed Brilliant Cut,Heat Treated,Ceylon (Sri Lanka),https://www.thenaturalsapphirecompany.com/blue-sapphires/0.72ct-ceylon-sri-lankan-round-blue-sapphire-b16242/
B16629,"$3,978","$2,313",1.72 Ct.,8.58,6.69,3.66,Blue,Medium,Eye Clean,Oval,Mixed Brilliant Cut,No Enhancement,Ceylon (Sri Lanka),https://www.thenaturalsapphirecompany.com/blue-sapphires/1.72ct-ceylon-sri-lankan-oval-blue-sapphire-b16629/
B16632,"$10,020","$2,380",4.21 Ct.,9.22,9.12,6.01,Blue,Light,Very Slightly Included,Cushion,Mixed Brilliant Cut,No Enhancement,Ceylon (Sri Lanka),https://www.thenaturalsapphirecompany.com/blue-sapphires/4.21ct-ceylon-sri-lankan-cushion-blue-sapphire-b16632/
B16635,"$2,806","$2,300",1.22 Ct.,6.04,5.94,3.9,Blue,Intense,Eye Clean,Cushion,Mixed Brilliant Cut,Heat Treated,Ceylon (Sri Lanka),https://www.thenaturalsapphirecompany.com/blue-sapphires/1.22ct-ceylon-sri-lankan-cushion-blue-sapphire-b16635/
B16617,"$18,694","$4,537",4.12 Ct.,9.63,7.21,5.53,Blue,Intense,Very Slightly Included,Cushion,Mixed Brilliant Cut,No Enhancement,Ceylon (Sri Lanka),https://www.thenaturalsapphirecompany.com/blue-sapphires/4.12ct-ceylon-sri-lankan-cushion-blue-sapphire-b16617/
B16620,"$3,591","$2,700",1.33 Ct.,7.42,5.62,3.8,Blue,Intense,Very Slightly Included,Oval,Mixed Brilliant Cut,No Enhancement,Ceylon (Sri Lanka),https://www.thenaturalsapphirecompany.com/blue-sapphires/1.33ct-ceylon-sri-lankan-oval-blue-sapphire-b16620/
B16624,"$13,967","$4,420",3.16 Ct.,8.41,8.11,5.21,Blue,Intense,Very Slightly Included,Cushion,Mixed Brilliant Cut,No Enhancement,Ceylon (Sri Lanka),https://www.thenaturalsapphirecompany.com/blue-sapphires/3.16ct-ceylon-sri-lankan-cushion-blue-sapphire-b16624/
B16482,$704,$800,0.88 Ct.,6,5.89,3.49,Blue,Medium,Eye Clean,Round,Mixed Brilliant Cut,Heat Treated,Ceylon (Sri Lanka),https://www.thenaturalsapphirecompany.com/blue-sapphires/0.88ct-ceylon-sri-lankan-round-blue-sapphire-b16482/
B16486,"$3,100","$2,000",1.55 Ct.,7.66,5.63,3.7,Blue,Intense,Very Slightly Included,Cushion,Mixed Brilliant Cut,No Enhancement,Ceylon (Sri Lanka),https://www.thenaturalsapphirecompany.com/blue-sapphires/1.55ct-ceylon-sri-lankan-cushion-blue-sapphire-b16486/
B16493,$282,$600,0.47 Ct.,4.89,4.83,2.96,Blue,Medium,Very Slightly Included,Round,Mixed Brilliant Cut,No Enhancement,Ceylon (Sri Lanka),https://www.thenaturalsapphirecompany.com/blue-sapphires/0.47ct-ceylon-sri-lankan-round-blue-sapphire-b16493/
B16499,"$7,959","$3,330",2.39 Ct.,8.11,6.81,5.04,Color Change,Vivid,Very Slightly Included,Oval,Mixed Brilliant Cut,No Enhancement,Ceylon (Sri Lanka),https://www.thenaturalsapphirecompany.com/blue-sapphires/2.39ct-ceylon-sri-lankan-oval-color-change-sapphire-b16499/
B16503,"$2,304","$2,400",0.96 Ct.,5.32,6.8,3.59,Blue,Intense,Very Slightly Included,Heart,Mixed Brilliant Cut,No Enhancement,Ceylon (Sri Lanka),https://www.thenaturalsapphirecompany.com/blue-sapphires/0.96ct-ceylon-sri-lankan-heart-blue-sapphire-b16503/
B16509,$216,$300,0.72 Ct.,6.41,4.49,3.32,Blue,Intense,Very Slightly Included,Oval,Mixed Brilliant Cut,No Enhancement,Ceylon (Sri Lanka),https://www.thenaturalsapphirecompany.com/blue-sapphires/0.72ct-ceylon-sri-lankan-oval-blue-sapphire-b16509/
B16515,$462,$600,0.77 Ct.,7.98,4.8,2.65,Blue,Vivid,Very Slightly Included,Pear,Mixed Brilliant Cut,No Enhancement,Ceylon (Sri Lanka),https://www.thenaturalsapphirecompany.com/blue-sapphires/0.77ct-ceylon-sri-lankan-pear-blue-sapphire-b16515/
B16536,$372,$400,0.93 Ct.,6.53,5.16,3.37,Blue,Intense,Very Slightly Included,Oval,Mixed Brilliant Cut,No Enhancement,Ceylon (Sri Lanka),https://www.thenaturalsapphirecompany.com/blue-sapphires/0.93ct-ceylon-sri-lankan-oval-blue-sapphire-b16536/
B16549,$696,$600,1.16 Ct.,6.58,6.52,3.73,Blue,Vivid,Very Slightly Included,Round,Mixed Brilliant Cut,Heat Treated,Ceylon (Sri Lanka),https://www.thenaturalsapphirecompany.com/blue-sapphires/1.16ct-ceylon-sri-lankan-round-blue-sapphire-b16549/
S48146,"$6,453","$3,015",2.14 Ct.,6.88,6.62,5.03,Blue,Vivid,Very Very Slightly Included,Cushion,Mixed Brilliant Cut,Heat Treated,Ceylon (Sri Lanka),https://www.thenaturalsapphirecompany.com/blue-sapphires/2.14ct-ceylon-sri-lankan-cushion-blue-sapphire-s48146/
B17067,"$13,005","$4,250",3.06 Ct.,8.88,7.75,4.67,Blue,Vivid,Very Slightly Included,Cushion,Mixed Brilliant Cut,Heat Treated,Ceylon (Sri Lanka),https://www.thenaturalsapphirecompany.com/blue-sapphires/3.06ct-ceylon-sri-lankan-cushion-blue-sapphire-b17067/
B17070,"$1,190","$1,044",1.14 Ct.,7.11,5.6,3.16,Blue,Vivid,Very Slightly Included,Oval,Mixed Brilliant Cut,Heat Treated,Ceylon (Sri Lanka),https://www.thenaturalsapphirecompany.com/blue-sapphires/1.14ct-ceylon-sri-lankan-oval-blue-sapphire-b17070/
S48903,"$4,960","$1,526",3.25 Ct.,9.65,7.28,5.66,Purplish Blue,Vivid,Slightly Included,Oval,Mixed Brilliant Cut,Heat Treated,Ceylon (Sri Lanka),https://www.thenaturalsapphirecompany.com/blue-sapphires/3.25ct-ceylon-sri-lankan-oval-purplish-blue-sapphire-s48903/
S20879,$191,$360,0.53 Ct.,6.29,4.31,2.68,Blue,Medium,Slightly Included,Pear,Mixed Brilliant Cut,Heat Treated,Ceylon (Sri Lanka),https://www.thenaturalsapphirecompany.com/blue-sapphires/0.53ct-ceylon-sri-lankan-pear-blue-sapphire-s20879/
S20880,$360,$500,0.72 Ct.,6.57,5.12,2.81,Blue,Vivid,Very Slightly Included,Pear,Mixed Brilliant Cut,Heat Treated,Ceylon (Sri Lanka),https://www.thenaturalsapphirecompany.com/blue-sapphires/0.72ct-ceylon-sri-lankan-pear-blue-sapphire-s20880/
S20882,$173,$360,0.48 Ct.,5.18,3.97,2.94,Blue,Intense,Slightly Included,Oval,Mixed Brilliant Cut,Heat Treated,Ceylon (Sri Lanka),https://www.thenaturalsapphirecompany.com/blue-sapphires/0.48ct-ceylon-sri-lankan-oval-blue-sapphire-s20882/
S20883,$227,$360,0.63 Ct.,6.22,4.73,2.63,Blue,Intense,Slightly Included,Oval,Mixed Brilliant Cut,Heat Treated,Ceylon (Sri Lanka),https://www.thenaturalsapphirecompany.com/blue-sapphires/0.63ct-ceylon-sri-lankan-oval-blue-sapphire-s20883/
S20884,$173,$360,0.48 Ct.,5.12,3.52,2.62,Blue,Intense,Very Slightly Included,Emerald Cut,Emerald Cut,Heat Treated,Ceylon (Sri Lanka),https://www.thenaturalsapphirecompany.com/blue-sapphires/0.48ct-ceylon-sri-lankan-emerald-cut-blue-sapphire-s20884/
S30850,$343,$350,0.98 Ct.,7.27,5.04,3.29,Blue,Medium,Very Very Slightly Included,Pear,Mixed Brilliant Cut,Heat Treated,Ceylon (Sri Lanka),https://www.thenaturalsapphirecompany.com/blue-sapphires/0.98ct-ceylon-sri-lankan-pear-blue-sapphire-s30850/
S20891,"$2,083","$1,126",1.85 Ct.,7.9,6.47,3.95,Blue,Intense,Very Very Slightly Included,Oval,Mixed Brilliant Cut,Heat Treated,Ceylon (Sri Lanka),https://www.thenaturalsapphirecompany.com/blue-sapphires/1.85ct-ceylon-sri-lankan-oval-blue-sapphire-s20891/
S28816,"$4,307","$2,220",1.94 Ct.,8.19,6.18,3.91,Greenish Blue,Intense,Very Very Slightly Included,Emerald Cut,Emerald Cut,No Enhancement,Ceylon (Sri Lanka),https://www.thenaturalsapphirecompany.com/blue-sapphires/1.94ct-ceylon-sri-lankan-emerald-cut-greenish-blue-sapphire-s28816/
S25929,$180,$300,0.60 Ct.,7.53,3.95,2.68,Blue,Medium,Eye Clean,Pear,Mixed Brilliant Cut,No Enhancement,Ceylon (Sri Lanka),https://www.thenaturalsapphirecompany.com/blue-sapphires/0.60ct-ceylon-sri-lankan-pear-blue-sapphire-s25929/
S25930,$274,$301,0.91 Ct.,8.07,4.46,3.5,Blue,Medium,Very Very Slightly Included,Pear,Mixed Brilliant Cut,No Enhancement,Ceylon (Sri Lanka),https://www.thenaturalsapphirecompany.com/blue-sapphires/0.91ct-ceylon-sri-lankan-pear-blue-sapphire-s25930/
S25931,$454,$301,1.51 Ct.,9.53,5.19,4.28,Blue,Medium,Very Very Slightly Included,Pear,Mixed Brilliant Cut,No Enhancement,Ceylon (Sri Lanka),https://www.thenaturalsapphirecompany.com/blue-sapphires/1.51ct-ceylon-sri-lankan-pear-blue-sapphire-s25931/
S25932,$426,$300,1.42 Ct.,9.71,5.11,3.74,Blue,Medium,Very Very Slightly Included,Pear,Mixed Brilliant Cut,No Enhancement,Ceylon (Sri Lanka),https://www.thenaturalsapphirecompany.com/blue-sapphires/1.42ct-ceylon-sri-lankan-pear-blue-sapphire-s25932/
S25934,$304,$301,1.01 Ct.,8.69,4.55,3.46,Blue,Medium,Eye Clean,Pear,Mixed Brilliant Cut,No Enhancement,Ceylon (Sri Lanka),https://www.thenaturalsapphirecompany.com/blue-sapphires/1.01ct-ceylon-sri-lankan-pear-blue-sapphire-s25934/
S25935,$328,$301,1.09 Ct.,8.61,4.82,3.73,Blue,Medium,Very Very Slightly Included,Pear,Mixed Brilliant Cut,No Enhancement,Ceylon (Sri Lanka),https://www.thenaturalsapphirecompany.com/blue-sapphires/1.09ct-ceylon-sri-lankan-pear-blue-sapphire-s25935/
S25936,$238,$301,0.79 Ct.,8,4.67,2.96,Blue,Medium,Very Very Slightly Included,Pear,Mixed Brilliant Cut,No Enhancement,Ceylon (Sri Lanka),https://www.thenaturalsapphirecompany.com/blue-sapphires/0.79ct-ceylon-sri-lankan-pear-blue-sapphire-s25936/
S25938,$214,$301,0.71 Ct.,7.11,4.21,3.41,Blue,Intense,Very Slightly Included,Pear,Mixed Brilliant Cut,No Enhancement,Ceylon (Sri Lanka),https://www.thenaturalsapphirecompany.com/blue-sapphires/0.71ct-ceylon-sri-lankan-pear-blue-sapphire-s25938/
S25939,$282,$300,0.94 Ct.,8.05,4.72,3.44,Bluish Purple,Medium,Eye Clean,Pear,Mixed Brilliant Cut,No Enhancement,Ceylon (Sri Lanka),https://www.thenaturalsapphirecompany.com/blue-sapphires/0.94ct-ceylon-sri-lankan-pear-bluish-purple-sapphire-s25939/
S25940,$294,$300,0.98 Ct.,8.96,4.67,3.27,Bluish Purple,Medium,Slightly Included,Pear,Mixed Brilliant Cut,No Enhancement,Ceylon (Sri Lanka),https://www.thenaturalsapphirecompany.com/blue-sapphires/0.98ct-ceylon-sri-lankan-pear-bluish-purple-sapphire-s25940/
S20289,"$4,306","$3,238",1.33 Ct.,6.53,6.47,4.29,Blue,Intense,Eye Clean,Round,Mixed Brilliant Cut,Heat Treated,Ceylon (Sri Lanka),https://www.thenaturalsapphirecompany.com/blue-sapphires/1.33ct-ceylon-sri-lankan-round-blue-sapphire-s20289/
S25947,$258,$300,0.86 Ct.,6.26,4.64,3.15,Greyish Blue,Dark,Very Very Slightly Included,Emerald Cut,Emerald Cut,No Enhancement,Ceylon (Sri Lanka),https://www.thenaturalsapphirecompany.com/blue-sapphires/0.86ct-ceylon-sri-lankan-emerald-cut-greyish-blue-sapphire-s25947/
S25948,$122,$298,0.41 Ct.,4.16,4.1,2.51,Blue,Medium,Eye Clean,Princess,Princess Cut,No Enhancement,Ceylon (Sri Lanka),https://www.thenaturalsapphirecompany.com/blue-sapphires/0.41ct-ceylon-sri-lankan-princess-blue-sapphire-s25948/
S25951,$540,$400,1.35 Ct.,6.42,6.42,4.14,Blue,Intense,Slightly Included,Round,Mixed Brilliant Cut,No Enhancement,Ceylon (Sri Lanka),https://www.thenaturalsapphirecompany.com/blue-sapphires/1.35ct-ceylon-sri-lankan-round-blue-sapphire-s25951/
S25952,$412,$400,1.03 Ct.,6.38,6.45,3.34,Blue,Light,Very Very Slightly Included,Round,Mixed Brilliant Cut,No Enhancement,Ceylon (Sri Lanka),https://www.thenaturalsapphirecompany.com/blue-sapphires/1.03ct-ceylon-sri-lankan-round-blue-sapphire-s25952/
S25953,$372,$400,0.93 Ct.,5.6,5.67,3.85,Blue,Medium,Very Slightly Included,Round,Mixed Brilliant Cut,No Enhancement,Ceylon (Sri Lanka),https://www.thenaturalsapphirecompany.com/blue-sapphires/0.93ct-ceylon-sri-lankan-round-blue-sapphire-s25953/
S25954,$404,$400,1.01 Ct.,6.18,6.17,3.4,Blue,Intense,Very Slightly Included,Round,Mixed Brilliant Cut,No Enhancement,Ceylon (Sri Lanka),https://www.thenaturalsapphirecompany.com/blue-sapphires/1.01ct-ceylon-sri-lankan-round-blue-sapphire-s25954/
S25955,$392,$400,0.98 Ct.,5.94,6.03,3.43,Color Change,Intense,Slightly Included,Round,Mixed Brilliant Cut,No Enhancement,Ceylon (Sri Lanka),https://www.thenaturalsapphirecompany.com/blue-sapphires/0.98ct-ceylon-sri-lankan-round-color-change-sapphire-s25955/
S25956,$336,$400,0.84 Ct.,5.68,5.66,3.67,Violet,Medium,Slightly Included,Round,Mixed Brilliant Cut,No Enhancement,Ceylon (Sri Lanka),https://www.thenaturalsapphirecompany.com/blue-sapphires/0.84ct-ceylon-sri-lankan-round-violet-sapphire-s25956/
S25957,$328,$400,0.82 Ct.,5.52,5.46,3.31,Blue,Intense,Very Very Slightly Included,Round,Mixed Brilliant Cut,No Enhancement,Ceylon (Sri Lanka),https://www.thenaturalsapphirecompany.com/blue-sapphires/0.82ct-ceylon-sri-lankan-round-blue-sapphire-s25957/
S25958,$312,$400,0.78 Ct.,5.52,5.52,3.59,Blue,Intense,Very Very Slightly Included,Round,Mixed Brilliant Cut,No Enhancement,Ceylon (Sri Lanka),https://www.thenaturalsapphirecompany.com/blue-sapphires/0.78ct-ceylon-sri-lankan-round-blue-sapphire-s25958/
S30434,"$1,441","$1,100",1.31 Ct.,7.73,5.49,4.19,Blue,Intense,Very Very Slightly Included,Pear,Mixed Brilliant Cut,Heat Treated,Ceylon (Sri Lanka),https://www.thenaturalsapphirecompany.com/blue-sapphires/1.31ct-ceylon-sri-lankan-pear-blue-sapphire-s30434/
S30436,"$4,893","$2,127",2.30 Ct.,6.98,6.95,4.84,Blue,Intense,Eye Clean,Cushion,Mixed Brilliant Cut,Heat Treated,Ceylon (Sri Lanka),https://www.thenaturalsapphirecompany.com/blue-sapphires/2.30ct-ceylon-sri-lankan-cushion-blue-sapphire-s30436/
S30437,"$1,060","$1,000",1.06 Ct.,5.99,5.43,4.1,Blue,Vivid,Very Very Slightly Included,Oval,Mixed Brilliant Cut,Heat Treated,Ceylon (Sri Lanka),https://www.thenaturalsapphirecompany.com/blue-sapphires/1.06ct-ceylon-sri-lankan-oval-blue-sapphire-s30437/
S30445,"$2,356","$1,501",1.57 Ct.,6.82,6.84,4.12,Blue,Vivid,Very Slightly Included,Round,Mixed Brilliant Cut,Heat Treated,Ceylon (Sri Lanka),https://www.thenaturalsapphirecompany.com/blue-sapphires/1.57ct-ceylon-sri-lankan-round-blue-sapphire-s30445/
S30448,"$1,890","$1,800",1.05 Ct.,6.82,5.53,3.19,Blue,Vivid,Very Very Slightly Included,Oval,Mixed Brilliant Cut,Heat Treated,Ceylon (Sri Lanka),https://www.thenaturalsapphirecompany.com/blue-sapphires/1.05ct-ceylon-sri-lankan-oval-blue-sapphire-s30448/
S30449,"$3,348","$1,800",1.86 Ct.,6.21,5.76,5.17,Blue,Vivid,Very Very Slightly Included,Cushion,Mixed Brilliant Cut,Heat Treated,Ceylon (Sri Lanka),https://www.thenaturalsapphirecompany.com/blue-sapphires/1.86ct-ceylon-sri-lankan-cushion-blue-sapphire-s30449/
S30450,"$4,126","$1,850",2.23 Ct.,9.3,7.28,3.8,Blue,Vivid,Very Very Slightly Included,Oval,Mixed Brilliant Cut,Heat Treated,Ceylon (Sri Lanka),https://www.thenaturalsapphirecompany.com/blue-sapphires/2.23ct-ceylon-sri-lankan-oval-blue-sapphire-s30450/
S30451,"$5,217","$2,220",2.35 Ct.,8.48,6.19,4.54,Blue,Vivid,Very Very Slightly Included,Cushion,Mixed Brilliant Cut,Heat Treated,Ceylon (Sri Lanka),https://www.thenaturalsapphirecompany.com/blue-sapphires/2.35ct-ceylon-sri-lankan-cushion-blue-sapphire-s30451/
S30452,"$4,192","$2,128",1.97 Ct.,6.85,6.5,4.61,Blue,Vivid,Very Slightly Included,Cushion,Mixed Brilliant Cut,Heat Treated,Ceylon (Sri Lanka),https://www.thenaturalsapphirecompany.com/blue-sapphires/1.97ct-ceylon-sri-lankan-cushion-blue-sapphire-s30452/
S30453,"$2,100","$2,000",1.05 Ct.,5.32,5.17,4.16,Blue,Vivid,Very Very Slightly Included,Cushion,Mixed Brilliant Cut,Heat Treated,Ceylon (Sri Lanka),https://www.thenaturalsapphirecompany.com/blue-sapphires/1.05ct-ceylon-sri-lankan-cushion-blue-sapphire-s30453/
S30454,"$4,879","$2,312",2.11 Ct.,7.77,6.38,4.57,Blue,Vivid,Very Very Slightly Included,Oval,Mixed Brilliant Cut,Heat Treated,Ceylon (Sri Lanka),https://www.thenaturalsapphirecompany.com/blue-sapphires/2.11ct-ceylon-sri-lankan-oval-blue-sapphire-s30454/
S30004,"$4,292","$1,850",2.32 Ct.,7.43,7.27,4.59,Greenish Blue,Intense,Very Very Slightly Included,Asscher - Octagon,Asscher Cut,Heat Treated,Ceylon (Sri Lanka),https://www.thenaturalsapphirecompany.com/blue-sapphires/2.32ct-ceylon-sri-lankan-asscher-octagon-greenish-blue-sapphire-s30004/
S34410,"$29,898","$4,950",6.04 Ct.,11.98,9.27,6.59,Blue,Vivid,Very Very Slightly Included,Oval,Mixed Brilliant Cut,Heat Treated,Madagascar,https://www.thenaturalsapphirecompany.com/blue-sapphires/6.04ct-madagascar-oval-blue-sapphire-s34410/
S34411,"$8,991","$3,330",2.70 Ct.,7.41,7.02,5.28,Blue,Vivid,Very Very Slightly Included,Cushion,Mixed Brilliant Cut,Heat Treated,Madagascar,https://www.thenaturalsapphirecompany.com/blue-sapphires/2.70ct-madagascar-cushion-blue-sapphire-s34411/
S37791,"$2,001","$1,924",1.04 Ct.,6.49,4.88,3.58,Blue,Vivid,Very Slightly Included,Oval,Mixed Brilliant Cut,Heat Treated,Ceylon (Sri Lanka),https://www.thenaturalsapphirecompany.com/blue-sapphires/1.04ct-ceylon-sri-lankan-oval-blue-sapphire-s37791/
S37792,"$1,201","$1,238",0.97 Ct.,5.93,5.1,3.63,Blue,Vivid,Very Very Slightly Included,Oval,Mixed Brilliant Cut,Heat Treated,Ceylon (Sri Lanka),https://www.thenaturalsapphirecompany.com/blue-sapphires/0.97ct-ceylon-sri-lankan-oval-blue-sapphire-s37792/
S37793,"$3,700","$1,850",2.00 Ct.,7.86,6.56,4.37,Blue,Intense,Very Slightly Included,Oval,Mixed Brilliant Cut,Heat Treated,Ceylon (Sri Lanka),https://www.thenaturalsapphirecompany.com/blue-sapphires/2.00ct-ceylon-sri-lankan-oval-blue-sapphire-s37793/
S37794,"$2,999","$1,704",1.76 Ct.,7.87,6.37,3.96,Blue,Intense,Very Slightly Included,Oval,Mixed Brilliant Cut,Heat Treated,Ceylon (Sri Lanka),https://www.thenaturalsapphirecompany.com/blue-sapphires/1.76ct-ceylon-sri-lankan-oval-blue-sapphire-s37794/
S37796,"$1,601","$1,222",1.31 Ct.,6.41,5.42,3.86,Blue,Medium,Very Slightly Included,Cushion,Mixed Brilliant Cut,No Enhancement,Ceylon (Sri Lanka),https://www.thenaturalsapphirecompany.com/blue-sapphires/1.31ct-ceylon-sri-lankan-cushion-blue-sapphire-s37796/
S37797,"$1,599","$2,351",0.68 Ct.,5.12,5.13,3.29,Blue,Vivid,Eye Clean,Round,Mixed Brilliant Cut,Heat Treated,Ceylon (Sri Lanka),https://www.thenaturalsapphirecompany.com/blue-sapphires/0.68ct-ceylon-sri-lankan-round-blue-sapphire-s37797/
S37798,"$1,199","$1,518",0.79 Ct.,5.73,4.17,3.73,Blue,Vivid,Very Very Slightly Included,Oval,Mixed Brilliant Cut,Heat Treated,Ceylon (Sri Lanka),https://www.thenaturalsapphirecompany.com/blue-sapphires/0.79ct-ceylon-sri-lankan-oval-blue-sapphire-s37798/
S37799,"$4,624","$1,546",2.99 Ct.,9.96,7.56,4.58,Blue,Vivid,Slightly Included,Oval,Mixed Brilliant Cut,Heat Treated,Ceylon (Sri Lanka),https://www.thenaturalsapphirecompany.com/blue-sapphires/2.99ct-ceylon-sri-lankan-oval-blue-sapphire-s37799/
S37831,"$2,250","$1,000",2.25 Ct.,7.95,6.73,4.44,Blue,Medium,Slightly Included,Emerald Cut,Emerald Cut,Heat Treated,Ceylon (Sri Lanka),https://www.thenaturalsapphirecompany.com/blue-sapphires/2.25ct-ceylon-sri-lankan-emerald-cut-blue-sapphire-s37831/
S37832,"$7,548","$2,960",2.55 Ct.,9.13,7.07,4.75,Blue,Vivid,Very Very Slightly Included,Oval,Mixed Brilliant Cut,Heat Treated,Ceylon (Sri Lanka),https://www.thenaturalsapphirecompany.com/blue-sapphires/2.55ct-ceylon-sri-lankan-oval-blue-sapphire-s37832/
S37835,"$2,413","$1,201",2.01 Ct.,7.65,6.52,3.94,Bluish Green,Intense,Eye Clean,Emerald Cut,Emerald Cut,Heat Treated,Madagascar,https://www.thenaturalsapphirecompany.com/blue-sapphires/2.01ct-madagascar-emerald-cut-bluish-green-sapphire-s37835/
S40911,"$2,400","$1,420",1.69 Ct.,6.98,5.08,4.87,Purplish Blue,Intense,Very Slightly Included,Cushion,Mixed Brilliant Cut,No Enhancement,Tanzania,https://www.thenaturalsapphirecompany.com/blue-sapphires/1.69ct-tanzanian-cushion-purplish-blue-sapphire-s40911/
S40912,"$1,700",$842,2.02 Ct.,7.05,6.17,4.61,Blue,Medium,Very Slightly Included,Cushion,Mixed Brilliant Cut,No Enhancement,Tanzania,https://www.thenaturalsapphirecompany.com/blue-sapphires/2.02ct-tanzanian-cushion-blue-sapphire-s40912/
S40913,$700,$556,1.26 Ct.,7.73,5.63,3.92,Color Change,Vivid,Slightly Included,Pear,Mixed Brilliant Cut,No Enhancement,Tanzania,https://www.thenaturalsapphirecompany.com/blue-sapphires/1.26ct-tanzanian-pear-color-change-sapphire-s40913/
S40914,"$1,000",$389,2.57 Ct.,9.24,7.14,5.08,Color Change,Intense,Slightly Included,Pear,Mixed Brilliant Cut,No Enhancement,Tanzania,https://www.thenaturalsapphirecompany.com/blue-sapphires/2.57ct-tanzanian-pear-color-change-sapphire-s40914/
S40916,$850,$413,2.06 Ct.,6.48,6.11,5.37,Bluish Green,Intense,Very Slightly Included,Cushion,Mixed Brilliant Cut,No Enhancement,Tanzania,https://www.thenaturalsapphirecompany.com/blue-sapphires/2.06ct-tanzanian-cushion-bluish-green-sapphire-s40916/
S40922,$800,$426,1.88 Ct.,6.89,5.72,4.81,Purplish Blue,Intense,Very Slightly Included,Emerald Cut,Emerald Cut,Heat Treated,Tanzania,https://www.thenaturalsapphirecompany.com/blue-sapphires/1.88ct-tanzanian-emerald-cut-purplish-blue-sapphire-s40922/
S40923,"$1,550","$1,020",1.52 Ct.,7.71,6.01,4.1,Bluish Purple,Intense,Very Slightly Included,Pear,Mixed Brilliant Cut,No Enhancement,Tanzania,https://www.thenaturalsapphirecompany.com/blue-sapphires/1.52ct-tanzanian-pear-bluish-purple-sapphire-s40923/
S40924,"$1,900","$1,250",1.52 Ct.,6.48,5.6,4.48,Purplish Blue,Intense,Slightly Included,Cushion,Mixed Brilliant Cut,No Enhancement,Tanzania,https://www.thenaturalsapphirecompany.com/blue-sapphires/1.52ct-tanzanian-cushion-purplish-blue-sapphire-s40924/
S4094,"$1,932","$1,200",1.61 Ct.,7.87,6.22,3.97,Color Change,Intense,Very Slightly Included,Oval,Mixed Brilliant Cut,No Enhancement,Ceylon (Sri Lanka),https://www.thenaturalsapphirecompany.com/blue-sapphires/1.61ct-ceylon-sri-lankan-oval-color-change-sapphire-s4094/
S43594,$480,$800,0.60 Ct.,5.2,5.26,2.96,Bluish Green,Intense,Very Slightly Included,Heart,Mixed Brilliant Cut,No Enhancement,Madagascar,https://www.thenaturalsapphirecompany.com/blue-sapphires/0.60ct-madagascar-heart-bluish-green-sapphire-s43594/
S43595,$472,$800,0.59 Ct.,5.03,5.14,3,Blue,Light,Very Slightly Included,Heart,Mixed Brilliant Cut,No Enhancement,Madagascar,https://www.thenaturalsapphirecompany.com/blue-sapphires/0.59ct-madagascar-heart-blue-sapphire-s43595/
S43596,$432,$800,0.54 Ct.,5.12,4.99,3,Greyish Blue,Medium,Very Slightly Included,Heart,Mixed Brilliant Cut,No Enhancement,Madagascar,https://www.thenaturalsapphirecompany.com/blue-sapphires/0.54ct-madagascar-heart-greyish-blue-sapphire-s43596/
S43598,"$8,752","$2,805",3.12 Ct.,8.99,8.92,5.91,Blue,Intense,Very Slightly Included,Heart,Mixed Brilliant Cut,Heat Treated,Ceylon (Sri Lanka),https://www.thenaturalsapphirecompany.com/blue-sapphires/3.12ct-ceylon-sri-lankan-heart-blue-sapphire-s43598/
S43599,"$7,363","$3,700",1.99 Ct.,7.38,7.14,4.98,Bluish Green,Medium,Very Slightly Included,Round,Mixed Brilliant Cut,No Enhancement,Montana,https://www.thenaturalsapphirecompany.com/blue-sapphires/1.99ct-montana-round-bluish-green-sapphire-s43599/
S43600,"$18,355","$4,455",4.12 Ct.,10.74,8.43,4.98,Bluish Green,Dark,Eye Clean,Oval,Mixed Brilliant Cut,Heat Treated,Montana,https://www.thenaturalsapphirecompany.com/blue-sapphires/4.12ct-montana-oval-bluish-green-sapphire-s43600/
S43602,"$7,365","$3,006",2.45 Ct.,8.06,8.01,5.58,Blue,Vivid,Very Very Slightly Included,Heart,Mixed Brilliant Cut,Heat Treated,Ceylon (Sri Lanka),https://www.thenaturalsapphirecompany.com/blue-sapphires/2.45ct-ceylon-sri-lankan-heart-blue-sapphire-s43602/
S43604,"$21,962","$3,630",6.05 Ct.,10.76,9.11,6.59,Blue,Intense,Eye Clean,Radiant,Radiant Cut,Heat Treated,Ceylon (Sri Lanka),https://www.thenaturalsapphirecompany.com/blue-sapphires/6.05ct-ceylon-sri-lankan-radiant-blue-sapphire-s43604/
S43605,"$31,268","$4,125",7.58 Ct.,12.92,9.89,6.94,Blue,Intense,Eye Clean,Oval,Mixed Brilliant Cut,Heat Treated,Ceylon (Sri Lanka),https://www.thenaturalsapphirecompany.com/blue-sapphires/7.58ct-ceylon-sri-lankan-oval-blue-sapphire-s43605/
S43606,"$26,558","$5,280",5.03 Ct.,9.58,9.2,5.96,Blue,Vivid,Very Very Slightly Included,Cushion,Mixed Brilliant Cut,Heat Treated,Ceylon (Sri Lanka),https://www.thenaturalsapphirecompany.com/blue-sapphires/5.03ct-ceylon-sri-lankan-cushion-blue-sapphire-s43606/
S43608,"$21,194","$5,775",3.67 Ct.,9.84,7.4,5.54,Blue,Vivid,Eye Clean,Cushion,Mixed Brilliant Cut,Heat Treated,Ceylon (Sri Lanka),https://www.thenaturalsapphirecompany.com/blue-sapphires/3.67ct-ceylon-sri-lankan-cushion-blue-sapphire-s43608/
S43610,"$10,328","$2,550",4.05 Ct.,9.73,6.86,5.9,Bluish Green,Medium,Eye Clean,Emerald Cut,Emerald Cut,Heat Treated,Madagascar,https://www.thenaturalsapphirecompany.com/blue-sapphires/4.05ct-madagascar-emerald-cut-bluish-green-sapphire-s43610/
S43611,"$17,350","$2,475",7.01 Ct.,11.94,9.19,6.41,Bluish Green,Intense,Very Very Slightly Included,Emerald Cut,Emerald Cut,Heat Treated,Madagascar,https://www.thenaturalsapphirecompany.com/blue-sapphires/7.01ct-madagascar-emerald-cut-bluish-green-sapphire-s43611/
S43613,"$2,316","$1,200",1.93 Ct.,10.46,5.57,4.31,Blue,Intense,Very Very Slightly Included,Marquise,Mixed Brilliant Cut,No Enhancement,Ceylon (Sri Lanka),https://www.thenaturalsapphirecompany.com/blue-sapphires/1.93ct-ceylon-sri-lankan-marquise-blue-sapphire-s43613/
S43614,"$3,340","$2,000",1.67 Ct.,8.28,6.13,4.36,Blue,Vivid,Slightly Included,Oval,Mixed Brilliant Cut,No Enhancement,Ceylon (Sri Lanka),https://www.thenaturalsapphirecompany.com/blue-sapphires/1.67ct-ceylon-sri-lankan-oval-blue-sapphire-s43614/
S43617,"$2,170","$1,000",2.17 Ct.,7.11,6.99,5.49,Blue,Vivid,Slightly Included,Round,Mixed Brilliant Cut,Heat Treated,Ceylon (Sri Lanka),https://www.thenaturalsapphirecompany.com/blue-sapphires/2.17ct-ceylon-sri-lankan-round-blue-sapphire-s43617/
S43618,"$2,310","$1,500",1.54 Ct.,6.29,6.19,4.88,Blue,Intense,Slightly Included,Round,Mixed Brilliant Cut,No Enhancement,Ceylon (Sri Lanka),https://www.thenaturalsapphirecompany.com/blue-sapphires/1.54ct-ceylon-sri-lankan-round-blue-sapphire-s43618/
S45606,$636,$600,1.06 Ct.,6.07,6.14,3.55,Blue,Medium,Very Slightly Included,Round,Mixed Brilliant Cut,Heat Treated,Ceylon (Sri Lanka),https://www.thenaturalsapphirecompany.com/blue-sapphires/1.06ct-ceylon-sri-lankan-round-blue-sapphire-s45606/
S45607,$720,$600,1.20 Ct.,6.28,6.26,4.05,Blue,Intense,Slightly Included,Round,Mixed Brilliant Cut,Heat Treated,Ceylon (Sri Lanka),https://www.thenaturalsapphirecompany.com/blue-sapphires/1.20ct-ceylon-sri-lankan-round-blue-sapphire-s45607/
S45608,$594,$600,0.99 Ct.,5.74,5.78,3.77,Blue,Intense,Slightly Included,Round,Mixed Brilliant Cut,Heat Treated,Ceylon (Sri Lanka),https://www.thenaturalsapphirecompany.com/blue-sapphires/0.99ct-ceylon-sri-lankan-round-blue-sapphire-s45608/
S45609,$492,$600,0.82 Ct.,5.61,5.65,3.26,Blue,Vivid,Slightly Included,Round,Mixed Brilliant Cut,Heat Treated,Ceylon (Sri Lanka),https://www.thenaturalsapphirecompany.com/blue-sapphires/0.82ct-ceylon-sri-lankan-round-blue-sapphire-s45609/
S45610,$732,$600,1.22 Ct.,6.42,6.41,3.84,Blue,Medium,Slightly Included,Round,Mixed Brilliant Cut,Heat Treated,Ceylon (Sri Lanka),https://www.thenaturalsapphirecompany.com/blue-sapphires/1.22ct-ceylon-sri-lankan-round-blue-sapphire-s45610/
S47637,"$6,385","$1,804",3.54 Ct.,10.44,8.11,5.2,Bluish Green,Intense,Very Very Slightly Included,Oval,Mixed Brilliant Cut,Heat Treated,Madagascar,https://www.thenaturalsapphirecompany.com/blue-sapphires/3.54ct-madagascar-oval-bluish-green-sapphire-s47637/
S28917,"$1,760","$2,000",0.88 Ct.,6.51,5,2.97,Blue,Vivid,Very Very Slightly Included,Cushion,Mixed Brilliant Cut,Heat Treated,Ceylon (Sri Lanka),https://www.thenaturalsapphirecompany.com/blue-sapphires/0.88ct-ceylon-sri-lankan-cushion-blue-sapphire-s28917/
S28918,"$2,380","$2,000",1.19 Ct.,7.21,5.69,3.17,Blue,Vivid,Very Slightly Included,Cushion,Mixed Brilliant Cut,Heat Treated,Ceylon (Sri Lanka),https://www.thenaturalsapphirecompany.com/blue-sapphires/1.19ct-ceylon-sri-lankan-cushion-blue-sapphire-s28918/
S47622,"$1,201","$1,072",1.12 Ct.,6.18,6.16,3.14,Blue,Intense,Very Very Slightly Included,Asscher - Octagon,Asscher Cut,No Enhancement,Madagascar,https://www.thenaturalsapphirecompany.com/blue-sapphires/1.12ct-madagascar-asscher-octagon-blue-sapphire-s47622/
S47623,"$1,200",$811,1.48 Ct.,6.48,5.44,4.23,Bluish Green,Intense,Slightly Included,Cushion,Mixed Brilliant Cut,No Enhancement,Tanzania,https://www.thenaturalsapphirecompany.com/blue-sapphires/1.48ct-tanzanian-cushion-bluish-green-sapphire-s47623/
S28919,"$2,260","$2,000",1.13 Ct.,6.68,5.78,3.27,Blue,Vivid,Eye Clean,Cushion,Mixed Brilliant Cut,Heat Treated,Ceylon (Sri Lanka),https://www.thenaturalsapphirecompany.com/blue-sapphires/1.13ct-ceylon-sri-lankan-cushion-blue-sapphire-s28919/
S28920,"$3,192","$1,900",1.68 Ct.,7.12,7.13,4.11,Blue,Intense,Eye Clean,Round,Mixed Brilliant Cut,Heat Treated,Ceylon (Sri Lanka),https://www.thenaturalsapphirecompany.com/blue-sapphires/1.68ct-ceylon-sri-lankan-round-blue-sapphire-s28920/
S28922,"$2,622","$1,900",1.38 Ct.,6.03,6.09,4.51,Blue,Intense,Very Very Slightly Included,Round,Mixed Brilliant Cut,Heat Treated,Ceylon (Sri Lanka),https://www.thenaturalsapphirecompany.com/blue-sapphires/1.38ct-ceylon-sri-lankan-round-blue-sapphire-s28922/
S28923,"$2,052","$1,900",1.08 Ct.,6.29,6.3,3.66,Blue,Vivid,Very Slightly Included,Round,Mixed Brilliant Cut,Heat Treated,Ceylon (Sri Lanka),https://www.thenaturalsapphirecompany.com/blue-sapphires/1.08ct-ceylon-sri-lankan-round-blue-sapphire-s28923/
S28924,"$2,166","$1,900",1.14 Ct.,6.03,6.01,3.99,Blue,Intense,Very Very Slightly Included,Round,Mixed Brilliant Cut,Heat Treated,Ceylon (Sri Lanka),https://www.thenaturalsapphirecompany.com/blue-sapphires/1.14ct-ceylon-sri-lankan-round-blue-sapphire-s28924/
S28926,"$2,299","$1,900",1.21 Ct.,6.45,6.47,3.71,Blue,Intense,Very Slightly Included,Round,Mixed Brilliant Cut,Heat Treated,Ceylon (Sri Lanka),https://www.thenaturalsapphirecompany.com/blue-sapphires/1.21ct-ceylon-sri-lankan-round-blue-sapphire-s28926/
S47627,$650,$580,1.12 Ct.,5.89,5.36,3.62,Bluish Green,Intense,Slightly Included,Cushion,Mixed Brilliant Cut,No Enhancement,Tanzania,https://www.thenaturalsapphirecompany.com/blue-sapphires/1.12ct-tanzanian-cushion-bluish-green-sapphire-s47627/
S28929,"$2,451","$1,900",1.29 Ct.,6.69,6.7,3.55,Blue,Intense,Very Very Slightly Included,Round,Mixed Brilliant Cut,Heat Treated,Ceylon (Sri Lanka),https://www.thenaturalsapphirecompany.com/blue-sapphires/1.29ct-ceylon-sri-lankan-round-blue-sapphire-s28929/
S28930,"$2,875","$2,500",1.15 Ct.,6.11,6.06,4.18,Blue,Vivid,Very Slightly Included,Round,Mixed Brilliant Cut,Heat Treated,Ceylon (Sri Lanka),https://www.thenaturalsapphirecompany.com/blue-sapphires/1.15ct-ceylon-sri-lankan-round-blue-sapphire-s28930/
S28931,"$2,900","$2,500",1.16 Ct.,6.04,6.07,4,Blue,Intense,Very Very Slightly Included,Round,Mixed Brilliant Cut,Heat Treated,Ceylon (Sri Lanka),https://www.thenaturalsapphirecompany.com/blue-sapphires/1.16ct-ceylon-sri-lankan-round-blue-sapphire-s28931/
S28932,"$2,700","$2,500",1.08 Ct.,6.26,6.21,3.74,Blue,Intense,Very Slightly Included,Round,Mixed Brilliant Cut,Heat Treated,Ceylon (Sri Lanka),https://www.thenaturalsapphirecompany.com/blue-sapphires/1.08ct-ceylon-sri-lankan-round-blue-sapphire-s28932/
S28933,"$3,325","$2,500",1.33 Ct.,6.21,6.17,4.06,Blue,Vivid,Eye Clean,Round,Mixed Brilliant Cut,Heat Treated,Ceylon (Sri Lanka),https://www.thenaturalsapphirecompany.com/blue-sapphires/1.33ct-ceylon-sri-lankan-round-blue-sapphire-s28933/
S47629,$700,$593,1.18 Ct.,6.23,5.03,3.8,Greenish Blue,Intense,Slightly Included,Emerald Cut,Emerald Cut,No Enhancement,Tanzania,https://www.thenaturalsapphirecompany.com/blue-sapphires/1.18ct-tanzanian-emerald-cut-greenish-blue-sapphire-s47629/
S47630,$700,$654,1.07 Ct.,5.95,5.2,3.57,Bluish Green,Intense,Slightly Included,Asscher - Octagon,Asscher Cut,No Enhancement,Tanzania,https://www.thenaturalsapphirecompany.com/blue-sapphires/1.07ct-tanzanian-asscher-octagon-bluish-green-sapphire-s47630/
S47635,$701,$694,1.01 Ct.,7.21,4.13,3.08,Blue,Intense,Very Slightly Included,Emerald Cut,Emerald Cut,No Enhancement,Madagascar,https://www.thenaturalsapphirecompany.com/blue-sapphires/1.01ct-madagascar-emerald-cut-blue-sapphire-s47635/
S28934,"$2,975","$2,500",1.19 Ct.,6.39,6.38,3.79,Blue,Intense,Very Slightly Included,Round,Mixed Brilliant Cut,Heat Treated,Ceylon (Sri Lanka),https://www.thenaturalsapphirecompany.com/blue-sapphires/1.19ct-ceylon-sri-lankan-round-blue-sapphire-s28934/
S28935,"$2,925","$2,500",1.17 Ct.,6.64,6.53,3.47,Blue,Vivid,Very Slightly Included,Round,Mixed Brilliant Cut,Heat Treated,Ceylon (Sri Lanka),https://www.thenaturalsapphirecompany.com/blue-sapphires/1.17ct-ceylon-sri-lankan-round-blue-sapphire-s28935/
S28936,"$2,525","$2,500",1.01 Ct.,5.92,5.89,3.45,Blue,Vivid,Eye Clean,Round,Mixed Brilliant Cut,Heat Treated,Ceylon (Sri Lanka),https://www.thenaturalsapphirecompany.com/blue-sapphires/1.01ct-ceylon-sri-lankan-round-blue-sapphire-s28936/
S28937,"$2,800","$2,500",1.12 Ct.,5.94,5.91,3.66,Blue,Vivid,Very Very Slightly Included,Round,Mixed Brilliant Cut,Heat Treated,Ceylon (Sri Lanka),https://www.thenaturalsapphirecompany.com/blue-sapphires/1.12ct-ceylon-sri-lankan-round-blue-sapphire-s28937/
S28938,"$2,200","$2,500",0.88 Ct.,6.06,6,3.2,Blue,Vivid,Very Very Slightly Included,Round,Mixed Brilliant Cut,Heat Treated,Ceylon (Sri Lanka),https://www.thenaturalsapphirecompany.com/blue-sapphires/0.88ct-ceylon-sri-lankan-round-blue-sapphire-s28938/
S8413,"$1,815","$1,500",1.21 Ct.,6.27,5.3,4.33,Greenish Blue,Intense,Very Very Slightly Included,Oval,Mixed Brilliant Cut,No Enhancement,Ceylon (Sri Lanka),https://www.thenaturalsapphirecompany.com/blue-sapphires/1.21ct-ceylon-sri-lankan-oval-greenish-blue-sapphire-s8413/
S8414,"$2,295","$1,500",1.53 Ct.,6.6,5.82,3.81,Blue,Medium,Very Slightly Included,Cushion,Mixed Brilliant Cut,No Enhancement,Ceylon (Sri Lanka),https://www.thenaturalsapphirecompany.com/blue-sapphires/1.53ct-ceylon-sri-lankan-cushion-blue-sapphire-s8414/
S8433,$780,"$1,500",0.52 Ct.,6.3,4.57,2.34,Blue,Intense,Very Slightly Included,Pear,Mixed Brilliant Cut,No Enhancement,Ceylon (Sri Lanka),https://www.thenaturalsapphirecompany.com/blue-sapphires/0.52ct-ceylon-sri-lankan-pear-blue-sapphire-s8433/
S8434,"$1,170","$1,500",0.78 Ct.,6.66,4.44,3.31,Blue,Dark,Eye Clean,Pear,Mixed Brilliant Cut,Heat Treated,Ceylon (Sri Lanka),https://www.thenaturalsapphirecompany.com/blue-sapphires/0.78ct-ceylon-sri-lankan-pear-blue-sapphire-s8434/
S8443,$780,"$1,500",0.52 Ct.,4.94,3.79,3.28,Blue,Vivid,Slightly Included,Oval,Mixed Brilliant Cut,No Enhancement,Ceylon (Sri Lanka),https://www.thenaturalsapphirecompany.com/blue-sapphires/0.52ct-ceylon-sri-lankan-oval-blue-sapphire-s8443/
S15326,"$2,418","$1,300",1.86 Ct.,7.45,6.86,4.37,Color Change,Intense,Very Slightly Included,Cushion,Mixed Brilliant Cut,No Enhancement,Ceylon (Sri Lanka),https://www.thenaturalsapphirecompany.com/blue-sapphires/1.86ct-ceylon-sri-lankan-cushion-color-change-sapphire-s15326/
S15329,"$7,192","$2,313",3.11 Ct.,7.91,7.49,5.38,Bluish Green,Intense,Very Slightly Included,Asscher - Octagon,Asscher Cut,No Enhancement,Ceylon (Sri Lanka),https://www.thenaturalsapphirecompany.com/blue-sapphires/3.11ct-ceylon-sri-lankan-asscher-octagon-bluish-green-sapphire-s15329/
S15332,$742,$700,1.06 Ct.,5.51,5.24,3.76,Bluish Green,Intense,Very Slightly Included,Asscher - Octagon,Asscher Cut,No Enhancement,Madagascar,https://www.thenaturalsapphirecompany.com/blue-sapphires/1.06ct-madagascar-asscher-octagon-bluish-green-sapphire-s15332/
S15340,"$2,115",$450,4.70 Ct.,11.34,9.1,5.58,Bluish Green,Light,Slightly Included,Oval,Mixed Brilliant Cut,No Enhancement,East Africa,https://www.thenaturalsapphirecompany.com/blue-sapphires/4.70ct-east-african-oval-bluish-green-sapphire-s15340/
S15341,$916,$576,1.59 Ct.,6.48,5.42,4.79,Blue,Medium,Very Slightly Included,Cushion,Mixed Brilliant Cut,Heat Treated,Tanzania,https://www.thenaturalsapphirecompany.com/blue-sapphires/1.59ct-tanzanian-cushion-blue-sapphire-s15341/
S15342,$998,$960,1.04 Ct.,7.44,5.42,3.13,Blue,Intense,Very Slightly Included,Oval,Mixed Brilliant Cut,No Enhancement,Tanzania,https://www.thenaturalsapphirecompany.com/blue-sapphires/1.04ct-tanzanian-oval-blue-sapphire-s15342/
S15343,"$1,999","$1,298",1.54 Ct.,6.96,5.33,4.79,Blue,Medium,Eye Clean,Oval,Mixed Brilliant Cut,No Enhancement,Tanzania,https://www.thenaturalsapphirecompany.com/blue-sapphires/1.54ct-tanzanian-oval-blue-sapphire-s15343/
S15347,$997,$560,1.78 Ct.,8.51,6.37,3.9,Violet,Intense,Very Slightly Included,Oval,Mixed Brilliant Cut,Heat Treated,Tanzania,https://www.thenaturalsapphirecompany.com/blue-sapphires/1.78ct-tanzanian-oval-violet-sapphire-s15347/
S15348,"$1,910",$570,3.35 Ct.,10.39,7.42,5.67,Greyish Blue,Intense,Slightly Included,Oval,Mixed Brilliant Cut,No Enhancement,East Africa,https://www.thenaturalsapphirecompany.com/blue-sapphires/3.35ct-east-african-oval-greyish-blue-sapphire-s15348/
S20798,$855,$900,0.95 Ct.,6.13,4.96,3.63,Bluish Green,Medium,Slightly Included,Cushion,Mixed Brilliant Cut,Heat Treated,Montana,https://www.thenaturalsapphirecompany.com/blue-sapphires/0.95ct-montana-cushion-bluish-green-sapphire-s20798/
S20799,$855,$900,0.95 Ct.,6.05,4.83,3.85,Bluish Green,Light,Very Slightly Included,Cushion,Mixed Brilliant Cut,Heat Treated,Montana,https://www.thenaturalsapphirecompany.com/blue-sapphires/0.95ct-montana-cushion-bluish-green-sapphire-s20799/
S39848,$524,$400,1.31 Ct.,9.18,5.18,3.7,Greenish Blue,Intense,Very Very Slightly Included,Marquise,Mixed Brilliant Cut,Heat Treated,Madagascar,https://www.thenaturalsapphirecompany.com/blue-sapphires/1.31ct-madagascar-marquise-greenish-blue-sapphire-s39848/
S20802,$960,"$1,000",0.96 Ct.,6.54,5.23,3.48,Greenish Blue,Medium,Very Slightly Included,Oval,Mixed Brilliant Cut,Heat Treated,Montana,https://www.thenaturalsapphirecompany.com/blue-sapphires/0.96ct-montana-oval-greenish-blue-sapphire-s20802/
S20804,$970,"$1,000",0.97 Ct.,6.68,5.13,3.71,Bluish Green,Intense,Very Slightly Included,Oval,Mixed Brilliant Cut,Heat Treated,Montana,https://www.thenaturalsapphirecompany.com/blue-sapphires/0.97ct-montana-oval-bluish-green-sapphire-s20804/
S20808,$980,"$1,000",0.98 Ct.,6.23,4.92,3.41,Greenish Blue,Intense,Very Slightly Included,Cushion,Mixed Brilliant Cut,Heat Treated,Montana,https://www.thenaturalsapphirecompany.com/blue-sapphires/0.98ct-montana-cushion-greenish-blue-sapphire-s20808/
S20809,$980,"$1,000",0.98 Ct.,6.31,4.97,3.58,Blue,Medium,Very Slightly Included,Cushion,Mixed Brilliant Cut,Heat Treated,Montana,https://www.thenaturalsapphirecompany.com/blue-sapphires/0.98ct-montana-cushion-blue-sapphire-s20809/
S20810,$980,"$1,000",0.98 Ct.,6.17,5.36,3.28,Greyish Blue,Intense,Slightly Included,Cushion,Mixed Brilliant Cut,Heat Treated,Montana,https://www.thenaturalsapphirecompany.com/blue-sapphires/0.98ct-montana-cushion-greyish-blue-sapphire-s20810/
S20811,"$1,078","$1,100",0.98 Ct.,6.88,5.22,3.66,Greyish Blue,Medium,Very Slightly Included,Oval,Mixed Brilliant Cut,Heat Treated,Montana,https://www.thenaturalsapphirecompany.com/blue-sapphires/0.98ct-montana-oval-greyish-blue-sapphire-s20811/
S20812,"$1,176","$1,200",0.98 Ct.,5.55,5.59,4.08,Greenish Blue,Medium,Very Slightly Included,Round,Mixed Brilliant Cut,Heat Treated,Montana,https://www.thenaturalsapphirecompany.com/blue-sapphires/0.98ct-montana-round-greenish-blue-sapphire-s20812/
S20813,$990,"$1,000",0.99 Ct.,5.71,5.73,4.01,Purplish Blue,Medium,Very Slightly Included,Round,Mixed Brilliant Cut,Heat Treated,Montana,https://www.thenaturalsapphirecompany.com/blue-sapphires/0.99ct-montana-round-purplish-blue-sapphire-s20813/
S20821,"$2,160","$1,600",1.35 Ct.,7.03,5.58,3.94,Bluish Green,Light,Very Slightly Included,Cushion,Mixed Brilliant Cut,Heat Treated,Montana,https://www.thenaturalsapphirecompany.com/blue-sapphires/1.35ct-montana-cushion-bluish-green-sapphire-s20821/
S20823,"$2,300","$2,000",1.15 Ct.,5.93,6.03,4.58,Purplish Blue,Intense,Very Slightly Included,Round,Mixed Brilliant Cut,Heat Treated,Montana,https://www.thenaturalsapphirecompany.com/blue-sapphires/1.15ct-montana-round-purplish-blue-sapphire-s20823/
S20838,$212,$400,0.53 Ct.,5.74,3.83,3.37,Blue,Medium,Very Slightly Included,Pear,Mixed Brilliant Cut,Heat Treated,Ceylon (Sri Lanka),https://www.thenaturalsapphirecompany.com/blue-sapphires/0.53ct-ceylon-sri-lankan-pear-blue-sapphire-s20838/
S20839,$155,$360,0.43 Ct.,5.47,4.19,2.66,Blue,Medium,Slightly Included,Pear,Mixed Brilliant Cut,Heat Treated,Ceylon (Sri Lanka),https://www.thenaturalsapphirecompany.com/blue-sapphires/0.43ct-ceylon-sri-lankan-pear-blue-sapphire-s20839/
S20840,$137,$361,0.38 Ct.,5.56,3.73,2.38,Blue,Medium,Very Slightly Included,Pear,Mixed Brilliant Cut,Heat Treated,Ceylon (Sri Lanka),https://www.thenaturalsapphirecompany.com/blue-sapphires/0.38ct-ceylon-sri-lankan-pear-blue-sapphire-s20840/
S20842,$144,$360,0.40 Ct.,6.07,4.13,2.03,Blue,Medium,Very Slightly Included,Pear,Mixed Brilliant Cut,Heat Treated,Ceylon (Sri Lanka),https://www.thenaturalsapphirecompany.com/blue-sapphires/0.40ct-ceylon-sri-lankan-pear-blue-sapphire-s20842/
S20844,$156,$400,0.39 Ct.,5.78,3.96,2.32,Blue,Medium,Very Slightly Included,Pear,Mixed Brilliant Cut,Heat Treated,Ceylon (Sri Lanka),https://www.thenaturalsapphirecompany.com/blue-sapphires/0.39ct-ceylon-sri-lankan-pear-blue-sapphire-s20844/
S20846,$172,$400,0.43 Ct.,5.9,4,2.52,Blue,Intense,Very Slightly Included,Pear,Mixed Brilliant Cut,Heat Treated,Ceylon (Sri Lanka),https://www.thenaturalsapphirecompany.com/blue-sapphires/0.43ct-ceylon-sri-lankan-pear-blue-sapphire-s20846/
S20847,$137,$361,0.38 Ct.,5.4,4.18,2.29,Blue,Medium,Very Slightly Included,Pear,Mixed Brilliant Cut,Heat Treated,Ceylon (Sri Lanka),https://www.thenaturalsapphirecompany.com/blue-sapphires/0.38ct-ceylon-sri-lankan-pear-blue-sapphire-s20847/
S20848,$140,$400,0.35 Ct.,4.24,4.17,2.51,Blue,Vivid,Slightly Included,Cushion,Mixed Brilliant Cut,Heat Treated,Ceylon (Sri Lanka),https://www.thenaturalsapphirecompany.com/blue-sapphires/0.35ct-ceylon-sri-lankan-cushion-blue-sapphire-s20848/
S20849,$176,$359,0.49 Ct.,5.48,4.29,2.29,Blue,Medium,Very Slightly Included,Cushion,Mixed Brilliant Cut,Heat Treated,Ceylon (Sri Lanka),https://www.thenaturalsapphirecompany.com/blue-sapphires/0.49ct-ceylon-sri-lankan-cushion-blue-sapphire-s20849/
S20850,$184,$361,0.51 Ct.,5.31,4.22,2.85,Blue,Intense,Very Slightly Included,Oval,Mixed Brilliant Cut,Heat Treated,Ceylon (Sri Lanka),https://www.thenaturalsapphirecompany.com/blue-sapphires/0.51ct-ceylon-sri-lankan-oval-blue-sapphire-s20850/
S20851,$133,$359,0.37 Ct.,4.84,3.95,2.41,Blue,Intense,Very Slightly Included,Oval,Mixed Brilliant Cut,Heat Treated,Ceylon (Sri Lanka),https://www.thenaturalsapphirecompany.com/blue-sapphires/0.37ct-ceylon-sri-lankan-oval-blue-sapphire-s20851/
S20856,$312,$400,0.78 Ct.,4.89,4.98,4.17,Blue,Vivid,Very Slightly Included,Round,Mixed Brilliant Cut,Heat Treated,Ceylon (Sri Lanka),https://www.thenaturalsapphirecompany.com/blue-sapphires/0.78ct-ceylon-sri-lankan-round-blue-sapphire-s20856/
S20857,$160,$400,0.40 Ct.,4.54,4.55,2.75,Blue,Intense,Very Slightly Included,Round,Mixed Brilliant Cut,Heat Treated,Ceylon (Sri Lanka),https://www.thenaturalsapphirecompany.com/blue-sapphires/0.40ct-ceylon-sri-lankan-round-blue-sapphire-s20857/
S25815,$182,$200,0.91 Ct.,9.16,4.26,3.34,Bluish Purple,Medium,Eye Clean,Pear,Mixed Brilliant Cut,No Enhancement,Ceylon (Sri Lanka),https://www.thenaturalsapphirecompany.com/blue-sapphires/0.91ct-ceylon-sri-lankan-pear-bluish-purple-sapphire-s25815/
S25822,$164,$200,0.82 Ct.,8.4,6.43,1.3,Blue,Light,Eye Clean,Fancy,Step Cut,No Enhancement,Ceylon (Sri Lanka),https://www.thenaturalsapphirecompany.com/blue-sapphires/0.82ct-ceylon-sri-lankan-fancy-blue-sapphire-s25822/
S25823,$432,$300,1.44 Ct.,6.39,6.38,4.44,Blue,Medium,Very Slightly Included,Round,Mixed Brilliant Cut,No Enhancement,Ceylon (Sri Lanka),https://www.thenaturalsapphirecompany.com/blue-sapphires/1.44ct-ceylon-sri-lankan-round-blue-sapphire-s25823/
S25824,$276,$300,0.92 Ct.,5.88,5.88,3.57,Blue,Medium,Very Slightly Included,Round,Mixed Brilliant Cut,No Enhancement,Ceylon (Sri Lanka),https://www.thenaturalsapphirecompany.com/blue-sapphires/0.92ct-ceylon-sri-lankan-round-blue-sapphire-s25824/
S25825,$232,$301,0.77 Ct.,5.86,5.83,3.07,Blue,Light,Eye Clean,Round,Mixed Brilliant Cut,No Enhancement,Ceylon (Sri Lanka),https://www.thenaturalsapphirecompany.com/blue-sapphires/0.77ct-ceylon-sri-lankan-round-blue-sapphire-s25825/
S25826,$216,$300,0.72 Ct.,5.44,5.44,3.17,Blue,Medium,Very Slightly Included,Round,Mixed Brilliant Cut,No Enhancement,Ceylon (Sri Lanka),https://www.thenaturalsapphirecompany.com/blue-sapphires/0.72ct-ceylon-sri-lankan-round-blue-sapphire-s25826/
S25827,$226,$301,0.75 Ct.,5.29,5.36,3.48,Blue,Medium,Very Very Slightly Included,Round,Mixed Brilliant Cut,No Enhancement,Ceylon (Sri Lanka),https://www.thenaturalsapphirecompany.com/blue-sapphires/0.75ct-ceylon-sri-lankan-round-blue-sapphire-s25827/
S25828,$322,$301,1.07 Ct.,5.95,5.93,4.01,Blue,Medium,Very Very Slightly Included,Round,Mixed Brilliant Cut,No Enhancement,Ceylon (Sri Lanka),https://www.thenaturalsapphirecompany.com/blue-sapphires/1.07ct-ceylon-sri-lankan-round-blue-sapphire-s25828/
S25829,$250,$301,0.83 Ct.,5.51,5.59,3.51,Blue,Medium,Very Very Slightly Included,Round,Mixed Brilliant Cut,No Enhancement,Ceylon (Sri Lanka),https://www.thenaturalsapphirecompany.com/blue-sapphires/0.83ct-ceylon-sri-lankan-round-blue-sapphire-s25829/
S25830,$216,$300,0.72 Ct.,5.5,5.45,3.14,Blue,Medium,Very Very Slightly Included,Round,Mixed Brilliant Cut,No Enhancement,Ceylon (Sri Lanka),https://www.thenaturalsapphirecompany.com/blue-sapphires/0.72ct-ceylon-sri-lankan-round-blue-sapphire-s25830/
S25833,$228,$300,0.76 Ct.,5.44,5.45,3.29,Blue,Medium,Very Very Slightly Included,Round,Mixed Brilliant Cut,No Enhancement,Ceylon (Sri Lanka),https://www.thenaturalsapphirecompany.com/blue-sapphires/0.76ct-ceylon-sri-lankan-round-blue-sapphire-s25833/
S25834,$214,$301,0.71 Ct.,5.42,5.44,3.24,Blue,Light,Very Slightly Included,Round,Mixed Brilliant Cut,No Enhancement,Ceylon (Sri Lanka),https://www.thenaturalsapphirecompany.com/blue-sapphires/0.71ct-ceylon-sri-lankan-round-blue-sapphire-s25834/
S25836,$192,$300,0.64 Ct.,5.25,5.31,3.13,Blue,Medium,Eye Clean,Round,Mixed Brilliant Cut,No Enhancement,Ceylon (Sri Lanka),https://www.thenaturalsapphirecompany.com/blue-sapphires/0.64ct-ceylon-sri-lankan-round-blue-sapphire-s25836/
S25837,$226,$301,0.75 Ct.,5.33,5.32,3.58,Blue,Medium,Eye Clean,Round,Mixed Brilliant Cut,No Enhancement,Ceylon (Sri Lanka),https://www.thenaturalsapphirecompany.com/blue-sapphires/0.75ct-ceylon-sri-lankan-round-blue-sapphire-s25837/
S25838,$204,$300,0.68 Ct.,5.31,5.31,3.28,Blue,Medium,Very Very Slightly Included,Round,Mixed Brilliant Cut,No Enhancement,Ceylon (Sri Lanka),https://www.thenaturalsapphirecompany.com/blue-sapphires/0.68ct-ceylon-sri-lankan-round-blue-sapphire-s25838/
S25839,$178,$302,0.59 Ct.,4.92,4.94,3.35,Blue,Medium,Very Very Slightly Included,Round,Mixed Brilliant Cut,No Enhancement,Ceylon (Sri Lanka),https://www.thenaturalsapphirecompany.com/blue-sapphires/0.59ct-ceylon-sri-lankan-round-blue-sapphire-s25839/
S25841,$138,$300,0.46 Ct.,4.79,4.79,2.65,Blue,Intense,Eye Clean,Round,Mixed Brilliant Cut,No Enhancement,Ceylon (Sri Lanka),https://www.thenaturalsapphirecompany.com/blue-sapphires/0.46ct-ceylon-sri-lankan-round-blue-sapphire-s25841/
S25843,$170,$298,0.57 Ct.,4.66,4.69,3.4,Bluish Purple,Intense,Slightly Included,Round,Mixed Brilliant Cut,No Enhancement,Ceylon (Sri Lanka),https://www.thenaturalsapphirecompany.com/blue-sapphires/0.57ct-ceylon-sri-lankan-round-bluish-purple-sapphire-s25843/
S25847,$232,$301,0.77 Ct.,6,5.98,2.82,Purplish Blue,Medium,Very Very Slightly Included,Round,Mixed Brilliant Cut,No Enhancement,Ceylon (Sri Lanka),https://www.thenaturalsapphirecompany.com/blue-sapphires/0.77ct-ceylon-sri-lankan-round-purplish-blue-sapphire-s25847/
S25858,$358,$301,1.19 Ct.,7.36,5.94,3.43,Blue,Light,Eye Clean,Oval,Mixed Brilliant Cut,No Enhancement,Ceylon (Sri Lanka),https://www.thenaturalsapphirecompany.com/blue-sapphires/1.19ct-ceylon-sri-lankan-oval-blue-sapphire-s25858/
S25859,$388,$301,1.29 Ct.,7.84,5.68,3.55,Blue,Medium,Very Very Slightly Included,Oval,Mixed Brilliant Cut,No Enhancement,Ceylon (Sri Lanka),https://www.thenaturalsapphirecompany.com/blue-sapphires/1.29ct-ceylon-sri-lankan-oval-blue-sapphire-s25859/
S25860,$400,$301,1.33 Ct.,7.73,5.63,3.72,Blue,Medium,Very Very Slightly Included,Oval,Mixed Brilliant Cut,No Enhancement,Ceylon (Sri Lanka),https://www.thenaturalsapphirecompany.com/blue-sapphires/1.33ct-ceylon-sri-lankan-oval-blue-sapphire-s25860/
S25861,$364,$301,1.21 Ct.,7.44,5.34,3.74,Blue,Medium,Eye Clean,Oval,Mixed Brilliant Cut,No Enhancement,Ceylon (Sri Lanka),https://www.thenaturalsapphirecompany.com/blue-sapphires/1.21ct-ceylon-sri-lankan-oval-blue-sapphire-s25861/
S25862,$280,$301,0.93 Ct.,7.11,5.32,3.11,Blue,Medium,Eye Clean,Oval,Mixed Brilliant Cut,No Enhancement,Ceylon (Sri Lanka),https://www.thenaturalsapphirecompany.com/blue-sapphires/0.93ct-ceylon-sri-lankan-oval-blue-sapphire-s25862/
S25863,$256,$301,0.85 Ct.,6.73,4.87,3.19,Blue,Intense,Eye Clean,Oval,Mixed Brilliant Cut,No Enhancement,Ceylon (Sri Lanka),https://www.thenaturalsapphirecompany.com/blue-sapphires/0.85ct-ceylon-sri-lankan-oval-blue-sapphire-s25863/
S25864,$256,$301,0.85 Ct.,6.62,5.05,3.21,Blue,Intense,Eye Clean,Oval,Mixed Brilliant Cut,No Enhancement,Ceylon (Sri Lanka),https://www.thenaturalsapphirecompany.com/blue-sapphires/0.85ct-ceylon-sri-lankan-oval-blue-sapphire-s25864/
S25865,$250,$301,0.83 Ct.,6.65,4.88,3.22,Blue,Intense,Very Very Slightly Included,Oval,Mixed Brilliant Cut,No Enhancement,Ceylon (Sri Lanka),https://www.thenaturalsapphirecompany.com/blue-sapphires/0.83ct-ceylon-sri-lankan-oval-blue-sapphire-s25865/
S25867,$256,$301,0.85 Ct.,6.9,4.48,3.3,Blue,Medium,Eye Clean,Oval,Mixed Brilliant Cut,No Enhancement,Ceylon (Sri Lanka),https://www.thenaturalsapphirecompany.com/blue-sapphires/0.85ct-ceylon-sri-lankan-oval-blue-sapphire-s25867/
S25868,$210,$300,0.70 Ct.,6.52,4.56,2.92,Blue,Medium,Very Very Slightly Included,Oval,Mixed Brilliant Cut,No Enhancement,Ceylon (Sri Lanka),https://www.thenaturalsapphirecompany.com/blue-sapphires/0.70ct-ceylon-sri-lankan-oval-blue-sapphire-s25868/
S25918,"$10,180","$2,040",4.99 Ct.,10.69,7.89,6.99,Blue,Medium,Very Slightly Included,Oval,Mixed Brilliant Cut,Heat Treated,Madagascar,https://www.thenaturalsapphirecompany.com/blue-sapphires/4.99ct-madagascar-oval-blue-sapphire-s25918/
S25921,"$28,459","$5,280",5.39 Ct.,10.39,10.28,6.69,Color Change,Intense,Very Slightly Included,Round,Mixed Brilliant Cut,No Enhancement,Ceylon (Sri Lanka),https://www.thenaturalsapphirecompany.com/blue-sapphires/5.39ct-ceylon-sri-lankan-round-color-change-sapphire-s25921/
S25923,$168,$300,0.56 Ct.,5.76,3.84,3.24,Blue,Intense,Very Slightly Included,Oval,Mixed Brilliant Cut,No Enhancement,Ceylon (Sri Lanka),https://www.thenaturalsapphirecompany.com/blue-sapphires/0.56ct-ceylon-sri-lankan-oval-blue-sapphire-s25923/
S25924,$216,$300,0.72 Ct.,6.63,4.47,3.14,Blue,Medium,Very Very Slightly Included,Oval,Mixed Brilliant Cut,No Enhancement,Ceylon (Sri Lanka),https://www.thenaturalsapphirecompany.com/blue-sapphires/0.72ct-ceylon-sri-lankan-oval-blue-sapphire-s25924/
S25925,$232,$301,0.77 Ct.,6.58,4.14,3.39,Blue,Medium,Very Very Slightly Included,Oval,Mixed Brilliant Cut,No Enhancement,Ceylon (Sri Lanka),https://www.thenaturalsapphirecompany.com/blue-sapphires/0.77ct-ceylon-sri-lankan-oval-blue-sapphire-s25925/
S25928,$198,$300,0.66 Ct.,6.06,4.33,3.12,Color Change,Medium,Eye Clean,Oval,Mixed Brilliant Cut,No Enhancement,Ceylon (Sri Lanka),https://www.thenaturalsapphirecompany.com/blue-sapphires/0.66ct-ceylon-sri-lankan-oval-color-change-sapphire-s25928/
S30369,$234,$308,0.76 Ct.,5.4,4.84,2.59,Blue,Light,Very Very Slightly Included,Princess,Princess Cut,No Enhancement,Ceylon (Sri Lanka),https://www.thenaturalsapphirecompany.com/blue-sapphires/0.76ct-ceylon-sri-lankan-princess-blue-sapphire-s30369/
S30376,$300,$345,0.87 Ct.,5.66,5.58,3.28,Color Change,Intense,Slightly Included,Cushion,Mixed Brilliant Cut,No Enhancement,Ceylon (Sri Lanka),https://www.thenaturalsapphirecompany.com/blue-sapphires/0.87ct-ceylon-sri-lankan-cushion-color-change-sapphire-s30376/
S30379,$200,$190,1.05 Ct.,6.5,5.7,3.71,Blue,Faint,Eye Clean,Pear,Mixed Brilliant Cut,Heat Treated,Ceylon (Sri Lanka),https://www.thenaturalsapphirecompany.com/blue-sapphires/1.05ct-ceylon-sri-lankan-pear-blue-sapphire-s30379/
S30382,$200,$253,0.79 Ct.,5.21,5.13,3.11,Violet,Medium,Very Slightly Included,Asscher - Octagon,Asscher Cut,No Enhancement,Ceylon (Sri Lanka),https://www.thenaturalsapphirecompany.com/blue-sapphires/0.79ct-ceylon-sri-lankan-asscher-octagon-violet-sapphire-s30382/
S30383,$200,$230,0.87 Ct.,6.69,5.22,2.94,Violet,Medium,Slightly Included,Oval,Mixed Brilliant Cut,No Enhancement,Ceylon (Sri Lanka),https://www.thenaturalsapphirecompany.com/blue-sapphires/0.87ct-ceylon-sri-lankan-oval-violet-sapphire-s30383/
S30386,$200,$323,0.62 Ct.,5.58,4.84,2.84,Blue,Light,Very Very Slightly Included,Oval,Mixed Brilliant Cut,Heat Treated,Ceylon (Sri Lanka),https://www.thenaturalsapphirecompany.com/blue-sapphires/0.62ct-ceylon-sri-lankan-oval-blue-sapphire-s30386/
S30391,"$1,297","$1,190",1.09 Ct.,5.83,5.8,3.94,Bluish Green,Intense,Eye Clean,Fancy,Mixed Brilliant Cut,No Enhancement,Madagascar,https://www.thenaturalsapphirecompany.com/blue-sapphires/1.09ct-madagascar-fancy-bluish-green-sapphire-s30391/
S30400,$601,$362,1.66 Ct.,8.67,6.06,4.41,Blue,Intense,Very Slightly Included,Pear,Mixed Brilliant Cut,Heat Treated,Ceylon (Sri Lanka),https://www.thenaturalsapphirecompany.com/blue-sapphires/1.66ct-ceylon-sri-lankan-pear-blue-sapphire-s30400/
S34296,$380,$469,0.81 Ct.,5.43,5.05,3.6,Greenish Blue,Intense,Very Very Slightly Included,Cushion,Mixed Brilliant Cut,No Enhancement,Madagascar,https://www.thenaturalsapphirecompany.com/blue-sapphires/0.81ct-madagascar-cushion-greenish-blue-sapphire-s34296/
S34298,$370,$487,0.76 Ct.,5.2,5.14,3.52,Bluish Green,Intense,Very Very Slightly Included,Cushion,Mixed Brilliant Cut,No Enhancement,Madagascar,https://www.thenaturalsapphirecompany.com/blue-sapphires/0.76ct-madagascar-cushion-bluish-green-sapphire-s34298/
S34299,$270,$397,0.68 Ct.,5.31,4.49,3.32,Bluish Green,Intense,Very Very Slightly Included,Cushion,Mixed Brilliant Cut,No Enhancement,Madagascar,https://www.thenaturalsapphirecompany.com/blue-sapphires/0.68ct-madagascar-cushion-bluish-green-sapphire-s34299/
S3430,$162,$300,0.54 Ct.,6.15,4.21,2.82,Blue,Medium,Very Slightly Included,Oval,Mixed Brilliant Cut,Heat Treated,Ceylon (Sri Lanka),https://www.thenaturalsapphirecompany.com/blue-sapphires/0.54ct-ceylon-sri-lankan-oval-blue-sapphire-s3430/
S34300,$380,$469,0.81 Ct.,5.25,5,3.53,Greenish Blue,Dark,Very Slightly Included,Cushion,Mixed Brilliant Cut,No Enhancement,Madagascar,https://www.thenaturalsapphirecompany.com/blue-sapphires/0.81ct-madagascar-cushion-greenish-blue-sapphire-s34300/
S34301,$290,$403,0.72 Ct.,5.44,4.69,3.34,Bluish Green,Dark,Very Very Slightly Included,Cushion,Mixed Brilliant Cut,No Enhancement,Madagascar,https://www.thenaturalsapphirecompany.com/blue-sapphires/0.72ct-madagascar-cushion-bluish-green-sapphire-s34301/
S34302,$320,$421,0.76 Ct.,5.37,4.52,3.47,Bluish Green,Medium,Very Very Slightly Included,Cushion,Mixed Brilliant Cut,No Enhancement,Madagascar,https://www.thenaturalsapphirecompany.com/blue-sapphires/0.76ct-madagascar-cushion-bluish-green-sapphire-s34302/
S34303,$300,$417,0.72 Ct.,5.29,4.56,3.41,Bluish Green,Medium,Very Very Slightly Included,Cushion,Mixed Brilliant Cut,No Enhancement,Madagascar,https://www.thenaturalsapphirecompany.com/blue-sapphires/0.72ct-madagascar-cushion-bluish-green-sapphire-s34303/
S34304,$220,$324,0.68 Ct.,5.02,4.63,3.42,Bluish Green,Medium,Very Very Slightly Included,Cushion,Mixed Brilliant Cut,No Enhancement,Madagascar,https://www.thenaturalsapphirecompany.com/blue-sapphires/0.68ct-madagascar-cushion-bluish-green-sapphire-s34304/
S3431,$165,$300,0.55 Ct.,6.15,4.15,2.94,Blue,Medium,Very Slightly Included,Oval,Mixed Brilliant Cut,Heat Treated,Ceylon (Sri Lanka),https://www.thenaturalsapphirecompany.com/blue-sapphires/0.55ct-ceylon-sri-lankan-oval-blue-sapphire-s3431/
S34310,$200,$345,0.58 Ct.,4.92,4.48,3.17,Bluish Green,Medium,Eye Clean,Cushion,Mixed Brilliant Cut,No Enhancement,Madagascar,https://www.thenaturalsapphirecompany.com/blue-sapphires/0.58ct-madagascar-cushion-bluish-green-sapphire-s34310/
S34314,$400,$471,0.85 Ct.,6.23,5.03,3.32,Bluish Green,Medium,Slightly Included,Cushion,Mixed Brilliant Cut,No Enhancement,Madagascar,https://www.thenaturalsapphirecompany.com/blue-sapphires/0.85ct-madagascar-cushion-bluish-green-sapphire-s34314/
S34319,$400,$476,0.84 Ct.,5.49,4.82,3.55,Greenish Blue,Medium,Very Very Slightly Included,Cushion,Mixed Brilliant Cut,No Enhancement,Madagascar,https://www.thenaturalsapphirecompany.com/blue-sapphires/0.84ct-madagascar-cushion-greenish-blue-sapphire-s34319/
S34322,$274,$351,0.78 Ct.,6.14,3.79,2.98,Bluish Green,Intense,Very Slightly Included,Emerald Cut,Emerald Cut,Heat Treated,Madagascar,https://www.thenaturalsapphirecompany.com/blue-sapphires/0.78ct-madagascar-emerald-cut-bluish-green-sapphire-s34322/
S34324,$272,$344,0.79 Ct.,6.87,4.55,3.39,Greenish Blue,Intense,Very Very Slightly Included,Pear,Mixed Brilliant Cut,Heat Treated,Madagascar,https://www.thenaturalsapphirecompany.com/blue-sapphires/0.79ct-madagascar-pear-greenish-blue-sapphire-s34324/
S48471,$206,$349,0.59 Ct.,4.79,4.37,2.92,Blue,Intense,Slightly Included,Asscher - Octagon,Asscher Cut,No Enhancement,Madagascar,https://www.thenaturalsapphirecompany.com/blue-sapphires/0.59ct-madagascar-asscher-octagon-blue-sapphire-s48471/
S48472,$196,$350,0.56 Ct.,4.83,4.27,2.88,Greenish Blue,Intense,Very Slightly Included,Radiant,Radiant Cut,No Enhancement,Madagascar,https://www.thenaturalsapphirecompany.com/blue-sapphires/0.56ct-madagascar-radiant-greenish-blue-sapphire-s48472/
S3433,$121,$220,0.55 Ct.,6.13,4.1,2.99,Blue,Light,Very Slightly Included,Oval,Mixed Brilliant Cut,Heat Treated,Ceylon (Sri Lanka),https://www.thenaturalsapphirecompany.com/blue-sapphires/0.55ct-ceylon-sri-lankan-oval-blue-sapphire-s3433/
S3434,$193,$351,0.55 Ct.,5.1,5.08,3.27,Blue,Medium,Very Slightly Included,Trillion,Trillion Cut,No Enhancement,Ceylon (Sri Lanka),https://www.thenaturalsapphirecompany.com/blue-sapphires/0.55ct-ceylon-sri-lankan-trillion-blue-sapphire-s3434/
S3435,$162,$300,0.54 Ct.,6.14,4.19,2.87,Blue,Intense,Very Slightly Included,Oval,Mixed Brilliant Cut,Heat Treated,Ceylon (Sri Lanka),https://www.thenaturalsapphirecompany.com/blue-sapphires/0.54ct-ceylon-sri-lankan-oval-blue-sapphire-s3435/
S34367,$440,$518,0.85 Ct.,7.16,5.3,2.71,Blue,Vivid,Slightly Included,Pear,Mixed Brilliant Cut,Heat Treated,Ceylon (Sri Lanka),https://www.thenaturalsapphirecompany.com/blue-sapphires/0.85ct-ceylon-sri-lankan-pear-blue-sapphire-s34367/
S34403,$91,$239,0.38 Ct.,4.9,3.85,2.27,Bluish Green,Intense,Very Slightly Included,Oval,Mixed Brilliant Cut,No Enhancement,Thailand,https://www.thenaturalsapphirecompany.com/blue-sapphires/0.38ct-thai-oval-bluish-green-sapphire-s34403/
S28910,"$2,780","$2,000",1.39 Ct.,7.39,5.39,3.89,Blue,Vivid,Very Very Slightly Included,Oval,Mixed Brilliant Cut,Heat Treated,Ceylon (Sri Lanka),https://www.thenaturalsapphirecompany.com/blue-sapphires/1.39ct-ceylon-sri-lankan-oval-blue-sapphire-s28910/
S28911,"$2,660","$2,000",1.33 Ct.,7.61,5.47,3.55,Blue,Vivid,Eye Clean,Oval,Mixed Brilliant Cut,Heat Treated,Ceylon (Sri Lanka),https://www.thenaturalsapphirecompany.com/blue-sapphires/1.33ct-ceylon-sri-lankan-oval-blue-sapphire-s28911/
S37738,"$1,335",$890,1.50 Ct.,7.75,5.28,3.45,Blue,Dark,Eye Clean,Emerald Cut,Emerald Cut,Heat Treated,Ceylon (Sri Lanka),https://www.thenaturalsapphirecompany.com/blue-sapphires/1.50ct-ceylon-sri-lankan-emerald-cut-blue-sapphire-s37738/
S3774,$182,$260,0.70 Ct.,4.86,3.96,3.27,Bluish Green,Intense,Very Slightly Included,Emerald Cut,Emerald Cut,No Enhancement,Ceylon (Sri Lanka),https://www.thenaturalsapphirecompany.com/blue-sapphires/0.70ct-ceylon-sri-lankan-emerald-cut-bluish-green-sapphire-s3774/
S37750,$400,$769,0.52 Ct.,6.73,3.63,3,Purplish Blue,Intense,Very Slightly Included,Pear,Mixed Brilliant Cut,Heat Treated,Tanzania,https://www.thenaturalsapphirecompany.com/blue-sapphires/0.52ct-tanzanian-pear-purplish-blue-sapphire-s37750/
S37751,$500,$602,0.83 Ct.,4.64,4.58,4.16,Color Change,Vivid,Very Slightly Included,Cushion,Mixed Brilliant Cut,No Enhancement,Tanzania,https://www.thenaturalsapphirecompany.com/blue-sapphires/0.83ct-tanzanian-cushion-color-change-sapphire-s37751/
S37752,"$32,566","$3,410",9.55 Ct.,11.84,11.74,7.39,Greenish Blue,Vivid,Eye Clean,Asscher - Octagon,Asscher Cut,Heat Treated,Madagascar,https://www.thenaturalsapphirecompany.com/blue-sapphires/9.55ct-madagascar-asscher-octagon-greenish-blue-sapphire-s37752/
S37753,"$26,789","$2,722",9.84 Ct.,12.64,10.71,6.86,Bluish Green,Intense,Eye Clean,Emerald Cut,Emerald Cut,Heat Treated,Madagascar,https://www.thenaturalsapphirecompany.com/blue-sapphires/9.84ct-madagascar-emerald-cut-bluish-green-sapphire-s37753/
S37754,"$8,262","$2,682",3.08 Ct.,7.96,7.82,5.22,Bluish Green,Intense,Eye Clean,Asscher - Octagon,Asscher Cut,Heat Treated,Madagascar,https://www.thenaturalsapphirecompany.com/blue-sapphires/3.08ct-madagascar-asscher-octagon-bluish-green-sapphire-s37754/
S37757,"$7,122","$2,312",3.08 Ct.,7.9,7.16,5.42,Greenish Blue,Vivid,Eye Clean,Asscher - Octagon,Asscher Cut,Heat Treated,Madagascar,https://www.thenaturalsapphirecompany.com/blue-sapphires/3.08ct-madagascar-asscher-octagon-greenish-blue-sapphire-s37757/
S37758,"$5,851","$2,313",2.53 Ct.,7.27,6.69,5.3,Bluish Green,Intense,Eye Clean,Asscher - Octagon,Asscher Cut,Heat Treated,Madagascar,https://www.thenaturalsapphirecompany.com/blue-sapphires/2.53ct-madagascar-asscher-octagon-bluish-green-sapphire-s37758/
S37783,"$3,915","$2,700",1.45 Ct.,6.58,6.53,4.3,Blue,Intense,Eye Clean,Round,Mixed Brilliant Cut,Heat Treated,Ceylon (Sri Lanka),https://www.thenaturalsapphirecompany.com/blue-sapphires/1.45ct-ceylon-sri-lankan-round-blue-sapphire-s37783/
S37772,"$40,622","$4,030",10.08 Ct.,13.13,10.21,7.38,Blue,Intense,Eye Clean,Emerald Cut,Emerald Cut,Heat Treated,Ceylon (Sri Lanka),https://www.thenaturalsapphirecompany.com/blue-sapphires/10.08ct-ceylon-sri-lankan-emerald-cut-blue-sapphire-s37772/
S37773,"$45,646","$7,595",6.01 Ct.,11.86,8.98,5.47,Blue,Vivid,Eye Clean,Emerald Cut,Emerald Cut,Heat Treated,Ceylon (Sri Lanka),https://www.thenaturalsapphirecompany.com/blue-sapphires/6.01ct-ceylon-sri-lankan-emerald-cut-blue-sapphire-s37773/
S37774,"$37,908","$5,735",6.61 Ct.,10.93,10.64,6.42,Blue,Vivid,Very Very Slightly Included,Asscher - Octagon,Asscher Cut,Heat Treated,Ceylon (Sri Lanka),https://www.thenaturalsapphirecompany.com/blue-sapphires/6.61ct-ceylon-sri-lankan-asscher-octagon-blue-sapphire-s37774/
S37775,"$16,589","$3,630",4.57 Ct.,9.78,7.53,5.96,Blue,Medium,Eye Clean,Emerald Cut,Emerald Cut,Heat Treated,Ceylon (Sri Lanka),https://www.thenaturalsapphirecompany.com/blue-sapphires/4.57ct-ceylon-sri-lankan-emerald-cut-blue-sapphire-s37775/
S37776,"$18,686","$4,125",4.53 Ct.,10.03,7.48,5.73,Blue,Intense,Very Very Slightly Included,Emerald Cut,Emerald Cut,Heat Treated,Ceylon (Sri Lanka),https://www.thenaturalsapphirecompany.com/blue-sapphires/4.53ct-ceylon-sri-lankan-emerald-cut-blue-sapphire-s37776/
S37777,"$8,796","$4,420",1.99 Ct.,8.2,6.18,3.81,Blue,Vivid,Eye Clean,Emerald Cut,Emerald Cut,Heat Treated,Ceylon (Sri Lanka),https://www.thenaturalsapphirecompany.com/blue-sapphires/1.99ct-ceylon-sri-lankan-emerald-cut-blue-sapphire-s37777/
S37778,"$6,471","$4,070",1.59 Ct.,6.83,6.19,3.98,Blue,Vivid,Very Very Slightly Included,Asscher - Octagon,Asscher Cut,Heat Treated,Ceylon (Sri Lanka),https://www.thenaturalsapphirecompany.com/blue-sapphires/1.59ct-ceylon-sri-lankan-asscher-octagon-blue-sapphire-s37778/
S37779,"$9,663","$4,760",2.03 Ct.,7.01,6.96,4.32,Blue,Vivid,Very Very Slightly Included,Asscher - Octagon,Asscher Cut,Heat Treated,Ceylon (Sri Lanka),https://www.thenaturalsapphirecompany.com/blue-sapphires/2.03ct-ceylon-sri-lankan-asscher-octagon-blue-sapphire-s37779/
S37780,"$20,328","$5,775",3.52 Ct.,9.67,7.74,5.53,Blue,Vivid,Eye Clean,Oval,Mixed Brilliant Cut,Heat Treated,Madagascar,https://www.thenaturalsapphirecompany.com/blue-sapphires/3.52ct-madagascar-oval-blue-sapphire-s37780/
S37782,"$14,627","$6,120",2.39 Ct.,7.96,6.42,4.62,Blue,Vivid,Very Very Slightly Included,Emerald Cut,Emerald Cut,Heat Treated,Ceylon (Sri Lanka),https://www.thenaturalsapphirecompany.com/blue-sapphires/2.39ct-ceylon-sri-lankan-emerald-cut-blue-sapphire-s37782/
S37786,"$13,818","$5,440",2.54 Ct.,7.79,6.85,4.86,Blue,Vivid,Very Very Slightly Included,Asscher - Octagon,Asscher Cut,Heat Treated,Ceylon (Sri Lanka),https://www.thenaturalsapphirecompany.com/blue-sapphires/2.54ct-ceylon-sri-lankan-asscher-octagon-blue-sapphire-s37786/
S37788,"$3,599","$2,706",1.33 Ct.,6.78,5.22,3.98,Blue,Vivid,Eye Clean,Cushion,Mixed Brilliant Cut,Heat Treated,Ceylon (Sri Lanka),https://www.thenaturalsapphirecompany.com/blue-sapphires/1.33ct-ceylon-sri-lankan-cushion-blue-sapphire-s37788/
S37789,"$1,200","$2,143",0.56 Ct.,5.78,3.88,2.77,Blue,Vivid,Very Very Slightly Included,Oval,Mixed Brilliant Cut,Heat Treated,Ceylon (Sri Lanka),https://www.thenaturalsapphirecompany.com/blue-sapphires/0.56ct-ceylon-sri-lankan-oval-blue-sapphire-s37789/
S37790,"$3,599","$2,022",1.78 Ct.,6.99,5.91,4.58,Blue,Vivid,Very Slightly Included,Oval,Mixed Brilliant Cut,Heat Treated,Ceylon (Sri Lanka),https://www.thenaturalsapphirecompany.com/blue-sapphires/1.78ct-ceylon-sri-lankan-oval-blue-sapphire-s37790/
S28912,"$2,180","$2,000",1.09 Ct.,7.58,5.41,3.02,Blue,Vivid,Eye Clean,Oval,Mixed Brilliant Cut,Heat Treated,Ceylon (Sri Lanka),https://www.thenaturalsapphirecompany.com/blue-sapphires/1.09ct-ceylon-sri-lankan-oval-blue-sapphire-s28912/
S28913,"$2,280","$2,000",1.14 Ct.,7.09,5.5,3.72,Blue,Vivid,Very Slightly Included,Oval,Mixed Brilliant Cut,Heat Treated,Ceylon (Sri Lanka),https://www.thenaturalsapphirecompany.com/blue-sapphires/1.14ct-ceylon-sri-lankan-oval-blue-sapphire-s28913/
S40844,"$3,792","$2,400",1.58 Ct.,7.75,6.77,4.09,Blue,Intense,Very Slightly Included,Pear,Mixed Brilliant Cut,Heat Treated,Montana,https://www.thenaturalsapphirecompany.com/blue-sapphires/1.58ct-montana-pear-blue-sapphire-s40844/
S4629,"$6,370","$2,035",3.13 Ct.,9.01,8.2,4.53,Blue,Medium,Very Slightly Included,Cushion,Mixed Brilliant Cut,Heat Treated,Ceylon (Sri Lanka),https://www.thenaturalsapphirecompany.com/blue-sapphires/3.13ct-ceylon-sri-lankan-cushion-blue-sapphire-s4629/
S40845,"$3,696","$2,400",1.54 Ct.,7.58,6.81,4.05,Greenish Blue,Dark,Very Very Slightly Included,Pear,Mixed Brilliant Cut,Heat Treated,Montana,https://www.thenaturalsapphirecompany.com/blue-sapphires/1.54ct-montana-pear-greenish-blue-sapphire-s40845/
S40846,"$2,961","$2,100",1.41 Ct.,6.36,6.24,4.19,Greenish Blue,Intense,Very Slightly Included,Round,Mixed Brilliant Cut,Heat Treated,Montana,https://www.thenaturalsapphirecompany.com/blue-sapphires/1.41ct-montana-round-greenish-blue-sapphire-s40846/
S40848,"$3,011","$1,994",1.51 Ct.,6.9,6.84,4.21,Bluish Green,Intense,Very Very Slightly Included,Round,Mixed Brilliant Cut,Heat Treated,Montana,https://www.thenaturalsapphirecompany.com/blue-sapphires/1.51ct-montana-round-bluish-green-sapphire-s40848/
S40850,"$3,210","$1,994",1.61 Ct.,7.75,5.58,4.55,Bluish Green,Intense,Eye Clean,Oval,Mixed Brilliant Cut,Heat Treated,Montana,https://www.thenaturalsapphirecompany.com/blue-sapphires/1.61ct-montana-oval-bluish-green-sapphire-s40850/
S40854,"$2,835","$2,100",1.35 Ct.,6.44,6.36,4.51,Bluish Green,Intense,Very Very Slightly Included,Round,Mixed Brilliant Cut,Heat Treated,Montana,https://www.thenaturalsapphirecompany.com/blue-sapphires/1.35ct-montana-round-bluish-green-sapphire-s40854/
S40856,"$2,082","$1,750",1.19 Ct.,6.54,5.74,4.64,Bluish Green,Intense,Very Very Slightly Included,Fancy,Step Cut,Heat Treated,Montana,https://www.thenaturalsapphirecompany.com/blue-sapphires/1.19ct-montana-fancy-bluish-green-sapphire-s40856/
S40857,"$3,466","$1,500",2.31 Ct.,8.35,6.36,4.4,Blue,Light,Very Slightly Included,Radiant,Radiant Cut,No Enhancement,Tanzania,https://www.thenaturalsapphirecompany.com/blue-sapphires/2.31ct-tanzanian-radiant-blue-sapphire-s40857/
S40859,$216,"$1,137",0.19 Ct.,3.48,3.22,1.43,Blue,Intense,Very Slightly Included,Cushion,Mixed Brilliant Cut,No Enhancement,Tanzania,https://www.thenaturalsapphirecompany.com/blue-sapphires/0.19ct-tanzanian-cushion-blue-sapphire-s40859/
S4086,"$6,538","$3,515",1.86 Ct.,8.29,5.71,4.43,Blue,Vivid,Very Slightly Included,Cushion,Mixed Brilliant Cut,No Enhancement,Ceylon (Sri Lanka),https://www.thenaturalsapphirecompany.com/blue-sapphires/1.86ct-ceylon-sri-lankan-cushion-blue-sapphire-s4086/
S40863,"$6,138","$2,590",2.37 Ct.,8.88,6.9,4.63,Blue,Medium,Very Slightly Included,Oval,Mixed Brilliant Cut,No Enhancement,Ceylon (Sri Lanka),https://www.thenaturalsapphirecompany.com/blue-sapphires/2.37ct-ceylon-sri-lankan-oval-blue-sapphire-s40863/
S40868,"$16,973","$4,420",3.84 Ct.,11.37,8.1,5.73,Blue,Vivid,Very Slightly Included,Pear,Mixed Brilliant Cut,No Enhancement,Ceylon (Sri Lanka),https://www.thenaturalsapphirecompany.com/blue-sapphires/3.84ct-ceylon-sri-lankan-pear-blue-sapphire-s40868/
S40872,"$11,052","$1,870",5.91 Ct.,10.28,11.21,7.22,Greenish Blue,Medium,Very Very Slightly Included,Heart,Mixed Brilliant Cut,No Enhancement,Tanzania,https://www.thenaturalsapphirecompany.com/blue-sapphires/5.91ct-tanzanian-heart-greenish-blue-sapphire-s40872/
S40873,"$8,531","$2,127",4.01 Ct.,9.29,9.25,5.78,Bluish Green,Intense,Very Very Slightly Included,Round,Mixed Brilliant Cut,No Enhancement,Madagascar,https://www.thenaturalsapphirecompany.com/blue-sapphires/4.01ct-madagascar-round-bluish-green-sapphire-s40873/
S40874,"$2,496","$2,400",1.04 Ct.,5.8,5.73,3.46,Blue,Vivid,Slightly Included,Cushion,Mixed Brilliant Cut,No Enhancement,Thailand,https://www.thenaturalsapphirecompany.com/blue-sapphires/1.04ct-thai-cushion-blue-sapphire-s40874/
S40875,"$2,780","$2,550",1.09 Ct.,7.42,5.22,3.35,Blue,Vivid,Very Very Slightly Included,Oval,Mixed Brilliant Cut,No Enhancement,Thailand,https://www.thenaturalsapphirecompany.com/blue-sapphires/1.09ct-thai-oval-blue-sapphire-s40875/
S40876,"$2,805","$2,550",1.10 Ct.,6.4,5.3,3.19,Greenish Blue,Intense,Very Slightly Included,Emerald Cut,Emerald Cut,No Enhancement,Ceylon (Sri Lanka),https://www.thenaturalsapphirecompany.com/blue-sapphires/1.10ct-ceylon-sri-lankan-emerald-cut-greenish-blue-sapphire-s40876/
S40877,"$2,622","$1,900",1.38 Ct.,7.92,5.84,4.11,Blue,Intense,Very Slightly Included,Pear,Mixed Brilliant Cut,No Enhancement,Ceylon (Sri Lanka),https://www.thenaturalsapphirecompany.com/blue-sapphires/1.38ct-ceylon-sri-lankan-pear-blue-sapphire-s40877/
S40878,"$3,768","$2,400",1.57 Ct.,7.11,7.05,3.94,Blue,Intense,Eye Clean,Round,Mixed Brilliant Cut,No Enhancement,Ceylon (Sri Lanka),https://www.thenaturalsapphirecompany.com/blue-sapphires/1.57ct-ceylon-sri-lankan-round-blue-sapphire-s40878/
S40879,"$6,860","$3,330",2.06 Ct.,7.41,7.32,4.36,Blue,Vivid,Very Very Slightly Included,Cushion,Mixed Brilliant Cut,No Enhancement,Thailand,https://www.thenaturalsapphirecompany.com/blue-sapphires/2.06ct-thai-cushion-blue-sapphire-s40879/
S4088,"$1,660","$1,000",1.66 Ct.,7.57,5.49,4.19,Bluish Purple,Vivid,Very Slightly Included,Cushion,Mixed Brilliant Cut,No Enhancement,Ceylon (Sri Lanka),https://www.thenaturalsapphirecompany.com/blue-sapphires/1.66ct-ceylon-sri-lankan-cushion-bluish-purple-sapphire-s4088/
S40881,"$9,163","$2,975",3.08 Ct.,8.52,7.39,4.99,Blue,Intense,Very Slightly Included,Emerald Cut,Emerald Cut,Heat Treated,Ceylon (Sri Lanka),https://www.thenaturalsapphirecompany.com/blue-sapphires/3.08ct-ceylon-sri-lankan-emerald-cut-blue-sapphire-s40881/
S40883,"$67,716","$8,100",8.36 Ct.,11.71,10.76,7.45,Blue,Vivid,Very Slightly Included,Cushion,Mixed Brilliant Cut,No Enhancement,Ceylon (Sri Lanka),https://www.thenaturalsapphirecompany.com/blue-sapphires/8.36ct-ceylon-sri-lankan-cushion-blue-sapphire-s40883/
S40891,"$1,000",$625,1.60 Ct.,7.05,6.17,3.96,Blue,Medium,Very Slightly Included,Cushion,Mixed Brilliant Cut,No Enhancement,Madagascar,https://www.thenaturalsapphirecompany.com/blue-sapphires/1.60ct-madagascar-cushion-blue-sapphire-s40891/
S40894,"$1,800","$1,132",1.59 Ct.,6.24,4.92,4.98,Blue,Intense,Very Slightly Included,Cushion,Mixed Brilliant Cut,Heat Treated,Madagascar,https://www.thenaturalsapphirecompany.com/blue-sapphires/1.59ct-madagascar-cushion-blue-sapphire-s40894/
S40896,$999,$492,2.03 Ct.,10.05,6.14,4.29,Blue,Light,Very Slightly Included,Pear,Mixed Brilliant Cut,Heat Treated,Madagascar,https://www.thenaturalsapphirecompany.com/blue-sapphires/2.03ct-madagascar-pear-blue-sapphire-s40896/
S40910,"$2,000",$971,2.06 Ct.,8.51,6.63,4.04,Blue,Medium,Very Slightly Included,Oval,Mixed Brilliant Cut,No Enhancement,Tanzania,https://www.thenaturalsapphirecompany.com/blue-sapphires/2.06ct-tanzanian-oval-blue-sapphire-s40910/
S43544,$668,$928,0.72 Ct.,6.38,4.82,2.73,Blue,Vivid,Very Very Slightly Included,Oval,Mixed Brilliant Cut,Heat Treated,Ceylon (Sri Lanka),https://www.thenaturalsapphirecompany.com/blue-sapphires/0.72ct-ceylon-sri-lankan-oval-blue-sapphire-s43544/
S43545,$332,$755,0.44 Ct.,5.05,5.04,2.78,Blue,Intense,Very Slightly Included,Round,Mixed Brilliant Cut,Heat Treated,Ceylon (Sri Lanka),https://www.thenaturalsapphirecompany.com/blue-sapphires/0.44ct-ceylon-sri-lankan-round-blue-sapphire-s43545/
S43546,$332,$810,0.41 Ct.,4.46,4.46,2.84,Blue,Intense,Very Very Slightly Included,Round,Mixed Brilliant Cut,Heat Treated,Ceylon (Sri Lanka),https://www.thenaturalsapphirecompany.com/blue-sapphires/0.41ct-ceylon-sri-lankan-round-blue-sapphire-s43546/
S43549,$200,$351,0.57 Ct.,4.66,4.66,3.35,Blue,Medium,Slightly Included,Round,Mixed Brilliant Cut,Heat Treated,Ceylon (Sri Lanka),https://www.thenaturalsapphirecompany.com/blue-sapphires/0.57ct-ceylon-sri-lankan-round-blue-sapphire-s43549/
S4355,$255,$500,0.51 Ct.,6.03,3.91,2.71,Greenish Blue,Intense,Very Slightly Included,Oval,Mixed Brilliant Cut,No Enhancement,Ceylon (Sri Lanka),https://www.thenaturalsapphirecompany.com/blue-sapphires/0.51ct-ceylon-sri-lankan-oval-greenish-blue-sapphire-s4355/
S43550,$200,$377,0.53 Ct.,4.56,4.57,3.23,Blue,Medium,Very Very Slightly Included,Round,Mixed Brilliant Cut,Heat Treated,Ceylon (Sri Lanka),https://www.thenaturalsapphirecompany.com/blue-sapphires/0.53ct-ceylon-sri-lankan-round-blue-sapphire-s43550/
S43551,$400,$755,0.53 Ct.,4.47,4.46,3.26,Blue,Intense,Very Very Slightly Included,Round,Mixed Brilliant Cut,Heat Treated,Ceylon (Sri Lanka),https://www.thenaturalsapphirecompany.com/blue-sapphires/0.53ct-ceylon-sri-lankan-round-blue-sapphire-s43551/
S43553,$200,$645,0.31 Ct.,3.8,3.79,2.64,Blue,Intense,Very Very Slightly Included,Round,Mixed Brilliant Cut,Heat Treated,Ceylon (Sri Lanka),https://www.thenaturalsapphirecompany.com/blue-sapphires/0.31ct-ceylon-sri-lankan-round-blue-sapphire-s43553/
S43556,$332,$626,0.53 Ct.,5.18,4.06,2.99,Blue,Intense,Slightly Included,Oval,Mixed Brilliant Cut,Heat Treated,Ceylon (Sri Lanka),https://www.thenaturalsapphirecompany.com/blue-sapphires/0.53ct-ceylon-sri-lankan-oval-blue-sapphire-s43556/
S43557,$500,"$1,429",0.35 Ct.,4.53,3.82,2.37,Blue,Vivid,Very Slightly Included,Oval,Mixed Brilliant Cut,Heat Treated,Ceylon (Sri Lanka),https://www.thenaturalsapphirecompany.com/blue-sapphires/0.35ct-ceylon-sri-lankan-oval-blue-sapphire-s43557/
S43560,"$1,152",$360,3.20 Ct.,10.46,7.19,4.37,Blue,Vivid,Very Slightly Included,Cushion,Mixed Brilliant Cut,Heat Treated,Thailand,https://www.thenaturalsapphirecompany.com/blue-sapphires/3.20ct-thai-cushion-blue-sapphire-s43560/
S43561,"$2,599",$360,7.22 Ct.,13.69,9.04,6.72,Blue,Dark,Very Very Slightly Included,Oval,Mixed Brilliant Cut,Heat Treated,Thailand,https://www.thenaturalsapphirecompany.com/blue-sapphires/7.22ct-thai-oval-blue-sapphire-s43561/
S43562,"$1,037",$360,2.88 Ct.,9.82,7.74,4.09,Blue,Vivid,Very Slightly Included,Oval,Mixed Brilliant Cut,Heat Treated,Thailand,https://www.thenaturalsapphirecompany.com/blue-sapphires/2.88ct-thai-oval-blue-sapphire-s43562/
S43565,"$1,472",$360,4.09 Ct.,10,8.39,5.4,Blue,Vivid,Slightly Included,Oval,Mixed Brilliant Cut,Heat Treated,Thailand,https://www.thenaturalsapphirecompany.com/blue-sapphires/4.09ct-thai-oval-blue-sapphire-s43565/
S43566,"$1,073",$360,2.98 Ct.,10.67,8.4,3.41,Blue,Intense,Slightly Included,Oval,Mixed Brilliant Cut,Heat Treated,Thailand,https://www.thenaturalsapphirecompany.com/blue-sapphires/2.98ct-thai-oval-blue-sapphire-s43566/
S43567,"$1,296",$360,3.60 Ct.,10.9,8.69,4.31,Blue,Vivid,Slightly Included,Oval,Mixed Brilliant Cut,Heat Treated,Thailand,https://www.thenaturalsapphirecompany.com/blue-sapphires/3.60ct-thai-oval-blue-sapphire-s43567/
S43569,"$1,001",$360,2.78 Ct.,11.12,8.16,3.56,Blue,Dark,Very Very Slightly Included,Oval,Mixed Brilliant Cut,Heat Treated,Thailand,https://www.thenaturalsapphirecompany.com/blue-sapphires/2.78ct-thai-oval-blue-sapphire-s43569/
S43570,"$1,264",$360,3.51 Ct.,10.97,7.78,4.84,Blue,Dark,Very Slightly Included,Oval,Mixed Brilliant Cut,Heat Treated,Thailand,https://www.thenaturalsapphirecompany.com/blue-sapphires/3.51ct-thai-oval-blue-sapphire-s43570/
S43571,"$1,523",$360,4.23 Ct.,10.63,8.27,5.46,Blue,Vivid,Slightly Included,Oval,Mixed Brilliant Cut,Heat Treated,Thailand,https://www.thenaturalsapphirecompany.com/blue-sapphires/4.23ct-thai-oval-blue-sapphire-s43571/
S43572,"$1,015",$360,2.82 Ct.,9.01,8.22,4.44,Blue,Dark,Slightly Included,Cushion,Mixed Brilliant Cut,Heat Treated,Thailand,https://www.thenaturalsapphirecompany.com/blue-sapphires/2.82ct-thai-cushion-blue-sapphire-s43572/
S43573,"$1,116",$360,3.10 Ct.,10.94,8.51,3.75,Blue,Vivid,Slightly Included,Oval,Mixed Brilliant Cut,Heat Treated,Thailand,https://www.thenaturalsapphirecompany.com/blue-sapphires/3.10ct-thai-oval-blue-sapphire-s43573/
S43574,"$1,163",$360,3.23 Ct.,10.78,8.41,3.82,Blue,Vivid,Very Slightly Included,Oval,Mixed Brilliant Cut,Heat Treated,Thailand,https://www.thenaturalsapphirecompany.com/blue-sapphires/3.23ct-thai-oval-blue-sapphire-s43574/
S43576,"$1,490",$360,4.14 Ct.,10.79,8.34,4.71,Blue,Dark,Very Slightly Included,Cushion,Mixed Brilliant Cut,Heat Treated,Thailand,https://www.thenaturalsapphirecompany.com/blue-sapphires/4.14ct-thai-cushion-blue-sapphire-s43576/
S43577,"$1,026",$360,2.85 Ct.,10.51,7.65,4.03,Blue,Vivid,Slightly Included,Oval,Mixed Brilliant Cut,Heat Treated,Thailand,https://www.thenaturalsapphirecompany.com/blue-sapphires/2.85ct-thai-oval-blue-sapphire-s43577/
S43579,$990,$360,2.75 Ct.,10.75,7.53,3.68,Blue,Dark,Very Very Slightly Included,Oval,Mixed Brilliant Cut,Heat Treated,Thailand,https://www.thenaturalsapphirecompany.com/blue-sapphires/2.75ct-thai-oval-blue-sapphire-s43579/
S4358,$310,$500,0.62 Ct.,6.11,4.07,2.92,Greenish Blue,Medium,Very Slightly Included,Oval,Mixed Brilliant Cut,No Enhancement,Ceylon (Sri Lanka),https://www.thenaturalsapphirecompany.com/blue-sapphires/0.62ct-ceylon-sri-lankan-oval-greenish-blue-sapphire-s4358/
S43580,"$1,562",$360,4.34 Ct.,10.54,8.4,5.25,Blue,Vivid,Slightly Included,Oval,Mixed Brilliant Cut,Heat Treated,Thailand,https://www.thenaturalsapphirecompany.com/blue-sapphires/4.34ct-thai-oval-blue-sapphire-s43580/
S43581,$864,$360,2.40 Ct.,8.86,8,3.69,Blue,Dark,Slightly Included,Oval,Mixed Brilliant Cut,Heat Treated,Thailand,https://www.thenaturalsapphirecompany.com/blue-sapphires/2.40ct-thai-oval-blue-sapphire-s43581/
S12944,$780,"$1,200",0.65 Ct.,5.11,5.12,3.08,Bluish Purple,Vivid,Slightly Included,Round,Mixed Brilliant Cut,Heat Treated,Ceylon (Sri Lanka),https://www.thenaturalsapphirecompany.com/blue-sapphires/0.65ct-ceylon-sri-lankan-round-bluish-purple-sapphire-s12944/
B16841,$348,$400,0.87 Ct.,5.36,5.21,4.06,Blue,Intense,Very Slightly Included,Round,Mixed Brilliant Cut,Heat Treated,Ceylon (Sri Lanka),https://www.thenaturalsapphirecompany.com/blue-sapphires/0.87ct-ceylon-sri-lankan-round-blue-sapphire-b16841/
S28915,"$2,160","$2,000",1.08 Ct.,6.53,5.63,3.28,Blue,Vivid,Very Slightly Included,Cushion,Mixed Brilliant Cut,Heat Treated,Ceylon (Sri Lanka),https://www.thenaturalsapphirecompany.com/blue-sapphires/1.08ct-ceylon-sri-lankan-cushion-blue-sapphire-s28915/
S28916,"$1,940","$2,000",0.97 Ct.,5.56,5.52,3.63,Blue,Vivid,Very Very Slightly Included,Cushion,Mixed Brilliant Cut,Heat Treated,Ceylon (Sri Lanka),https://www.thenaturalsapphirecompany.com/blue-sapphires/0.97ct-ceylon-sri-lankan-cushion-blue-sapphire-s28916/
B16842,$302,$360,0.84 Ct.,7.34,5.22,2.81,Blue,Vivid,Very Slightly Included,Oval,Mixed Brilliant Cut,Heat Treated,Ceylon (Sri Lanka),https://www.thenaturalsapphirecompany.com/blue-sapphires/0.84ct-ceylon-sri-lankan-oval-blue-sapphire-b16842/
B16844,$407,$360,1.13 Ct.,6.96,5.67,3.59,Color Change,Intense,Very Slightly Included,Oval,Mixed Brilliant Cut,Heat Treated,Ceylon (Sri Lanka),https://www.thenaturalsapphirecompany.com/blue-sapphires/1.13ct-ceylon-sri-lankan-oval-color-change-sapphire-b16844/
B16847,$443,$360,1.23 Ct.,7.7,6.33,3.32,Blue,Intense,Very Slightly Included,Cushion,Mixed Brilliant Cut,Heat Treated,Ceylon (Sri Lanka),https://www.thenaturalsapphirecompany.com/blue-sapphires/1.23ct-ceylon-sri-lankan-cushion-blue-sapphire-b16847/
B16880,"$2,889","$2,700",1.07 Ct.,5.97,5.93,3.86,Blue,Vivid,Very Very Slightly Included,Round,Mixed Brilliant Cut,Heat Treated,Ceylon (Sri Lanka),https://www.thenaturalsapphirecompany.com/blue-sapphires/1.07ct-ceylon-sri-lankan-round-blue-sapphire-b16880/
B16890,"$2,369","$2,300",1.03 Ct.,6.19,5.09,3.6,Blue,Vivid,Very Very Slightly Included,Cushion,Mixed Brilliant Cut,Heat Treated,Ceylon (Sri Lanka),https://www.thenaturalsapphirecompany.com/blue-sapphires/1.03ct-ceylon-sri-lankan-cushion-blue-sapphire-b16890/
B16891,"$4,090","$3,052",1.34 Ct.,6.37,5.45,4.21,Blue,Vivid,Very Slightly Included,Cushion,Mixed Brilliant Cut,Heat Treated,Ceylon (Sri Lanka),https://www.thenaturalsapphirecompany.com/blue-sapphires/1.34ct-ceylon-sri-lankan-cushion-blue-sapphire-b16891/
B16892,"$2,725","$2,500",1.09 Ct.,5.74,5.24,3.85,Blue,Intense,Eye Clean,Asscher - Octagon,Asscher Cut,Heat Treated,Ceylon (Sri Lanka),https://www.thenaturalsapphirecompany.com/blue-sapphires/1.09ct-ceylon-sri-lankan-asscher-octagon-blue-sapphire-b16892/
B16893,"$3,877","$3,053",1.27 Ct.,6.25,5.31,4.02,Blue,Vivid,Eye Clean,Emerald Cut,Emerald Cut,Heat Treated,Ceylon (Sri Lanka),https://www.thenaturalsapphirecompany.com/blue-sapphires/1.27ct-ceylon-sri-lankan-emerald-cut-blue-sapphire-b16893/
B16906,"$1,419","$1,100",1.29 Ct.,5.98,5.87,4.07,Greenish Blue,Vivid,Eye Clean,Cushion,Mixed Brilliant Cut,Heat Treated,Ceylon (Sri Lanka),https://www.thenaturalsapphirecompany.com/blue-sapphires/1.29ct-ceylon-sri-lankan-cushion-greenish-blue-sapphire-b16906/
B16936,"$20,226","$4,455",4.54 Ct.,10.14,7.87,5.99,Blue,Vivid,Very Slightly Included,Cushion,Mixed Brilliant Cut,Heat Treated,Ceylon (Sri Lanka),https://www.thenaturalsapphirecompany.com/blue-sapphires/4.54ct-ceylon-sri-lankan-cushion-blue-sapphire-b16936/
B16943,$216,$400,0.54 Ct.,4.6,4.17,2.59,Blue,Intense,Very Slightly Included,Radiant,Radiant Cut,No Enhancement,Ceylon (Sri Lanka),https://www.thenaturalsapphirecompany.com/blue-sapphires/0.54ct-ceylon-sri-lankan-radiant-blue-sapphire-b16943/
B16956,"$17,577","$4,372",4.02 Ct.,9.36,8.05,5.77,Blue,Vivid,Very Slightly Included,Cushion,Mixed Brilliant Cut,Heat Treated,Ceylon (Sri Lanka),https://www.thenaturalsapphirecompany.com/blue-sapphires/4.02ct-ceylon-sri-lankan-cushion-blue-sapphire-b16956/
B16773,"$3,630","$1,650",2.20 Ct.,8.38,7.64,3.84,Blue,Intense,Very Slightly Included,Oval,Mixed Brilliant Cut,Heat Treated,Ceylon (Sri Lanka),https://www.thenaturalsapphirecompany.com/blue-sapphires/2.20ct-ceylon-sri-lankan-oval-blue-sapphire-b16773/
B16774,"$4,562","$1,665",2.74 Ct.,8.86,7.41,4.95,Blue,Dark,Eye Clean,Oval,Mixed Brilliant Cut,Heat Treated,Ceylon (Sri Lanka),https://www.thenaturalsapphirecompany.com/blue-sapphires/2.74ct-ceylon-sri-lankan-oval-blue-sapphire-b16774/
B16775,"$4,269","$1,872",2.28 Ct.,8.42,6.49,4.74,Blue,Intense,Very Slightly Included,Oval,Mixed Brilliant Cut,Heat Treated,Ceylon (Sri Lanka),https://www.thenaturalsapphirecompany.com/blue-sapphires/2.28ct-ceylon-sri-lankan-oval-blue-sapphire-b16775/
B16776,"$3,929","$1,665",2.36 Ct.,8.46,7.46,4.58,Blue,Intense,Very Slightly Included,Oval,Mixed Brilliant Cut,Heat Treated,Ceylon (Sri Lanka),https://www.thenaturalsapphirecompany.com/blue-sapphires/2.36ct-ceylon-sri-lankan-oval-blue-sapphire-b16776/
B16777,"$2,472","$1,274",1.94 Ct.,8.84,7.52,3.77,Blue,Intense,Very Slightly Included,Pear,Mixed Brilliant Cut,Heat Treated,Ceylon (Sri Lanka),https://www.thenaturalsapphirecompany.com/blue-sapphires/1.94ct-ceylon-sri-lankan-pear-blue-sapphire-b16777/
B16778,"$7,559","$3,330",2.27 Ct.,8.42,7.3,4.51,Blue,Intense,Very Slightly Included,Oval,Mixed Brilliant Cut,Heat Treated,Ceylon (Sri Lanka),https://www.thenaturalsapphirecompany.com/blue-sapphires/2.27ct-ceylon-sri-lankan-oval-blue-sapphire-b16778/
S33840,$310,$500,0.62 Ct.,5.3,5.3,3.02,Violet,Vivid,Very Very Slightly Included,Round,Mixed Brilliant Cut,No Enhancement,Ceylon (Sri Lanka),https://www.thenaturalsapphirecompany.com/blue-sapphires/0.62ct-ceylon-sri-lankan-round-violet-sapphire-s33840/
B16771,"$8,670","$2,168",4.00 Ct.,10.16,7.32,5.37,Blue,Intense,Very Slightly Included,Oval,Mixed Brilliant Cut,Heat Treated,Ceylon (Sri Lanka),https://www.thenaturalsapphirecompany.com/blue-sapphires/4.00ct-ceylon-sri-lankan-oval-blue-sapphire-b16771/
B16782,"$1,000","$1,124",0.89 Ct.,7.27,5.13,3.35,Blue,Intense,Very Slightly Included,Pear,Mixed Brilliant Cut,No Enhancement,Nigeria,https://www.thenaturalsapphirecompany.com/blue-sapphires/0.89ct-nigerian-pear-blue-sapphire-b16782/
B16820,"$20,790","$5,940",3.50 Ct.,9.11,7.78,5.48,Blue,Vivid,Eye Clean,Cushion,Mixed Brilliant Cut,Heat Treated,Ceylon (Sri Lanka),https://www.thenaturalsapphirecompany.com/blue-sapphires/3.50ct-ceylon-sri-lankan-cushion-blue-sapphire-b16820/
B16823,$500,$926,0.54 Ct.,6.05,4.66,2.44,Blue,Vivid,Eye Clean,Oval,Mixed Brilliant Cut,No Enhancement,Nigeria,https://www.thenaturalsapphirecompany.com/blue-sapphires/0.54ct-nigerian-oval-blue-sapphire-b16823/
B16825,$400,$588,0.68 Ct.,5.84,4.59,2.84,Blue,Vivid,Very Slightly Included,Cushion,Mixed Brilliant Cut,No Enhancement,Nigeria,https://www.thenaturalsapphirecompany.com/blue-sapphires/0.68ct-nigerian-cushion-blue-sapphire-b16825/
S8453,"$63,420","$7,000",9.06 Ct.,12.58,13.35,7.85,Blue,Vivid,Very Slightly Included,Heart,Mixed Brilliant Cut,Heat Treated,Ceylon (Sri Lanka),https://www.thenaturalsapphirecompany.com/blue-sapphires/9.06ct-ceylon-sri-lankan-heart-blue-sapphire-s8453/
S8462,"$1,408",$800,1.76 Ct.,7.98,6.07,4.44,Blue,Vivid,Very Slightly Included,Oval,Mixed Brilliant Cut,Heat Treated,Ceylon (Sri Lanka),https://www.thenaturalsapphirecompany.com/blue-sapphires/1.76ct-ceylon-sri-lankan-oval-blue-sapphire-s8462/
S8469,"$8,014","$3,515",2.28 Ct.,7.03,6.88,4.81,Blue,Vivid,Very Slightly Included,Radiant,Radiant Cut,Heat Treated,Ceylon (Sri Lanka),https://www.thenaturalsapphirecompany.com/blue-sapphires/2.28ct-ceylon-sri-lankan-radiant-blue-sapphire-s8469/
S8472,"$1,152",$800,1.44 Ct.,6.03,6.03,4.32,Greenish Blue,Medium,Very Slightly Included,Radiant,Radiant Cut,Heat Treated,Ceylon (Sri Lanka),https://www.thenaturalsapphirecompany.com/blue-sapphires/1.44ct-ceylon-sri-lankan-radiant-greenish-blue-sapphire-s8472/
S8475,"$16,361","$4,080",4.01 Ct.,8.76,8.08,5.89,Blue,Light,Eye Clean,Cushion,Mixed Brilliant Cut,No Enhancement,Ceylon (Sri Lanka),https://www.thenaturalsapphirecompany.com/blue-sapphires/4.01ct-ceylon-sri-lankan-cushion-blue-sapphire-s8475/
S8476,"$15,836","$3,910",4.05 Ct.,8.98,7.45,6.16,Blue,Light,Eye Clean,Cushion,Mixed Brilliant Cut,No Enhancement,Ceylon (Sri Lanka),https://www.thenaturalsapphirecompany.com/blue-sapphires/4.05ct-ceylon-sri-lankan-cushion-blue-sapphire-s8476/
S8477,"$16,713","$4,930",3.39 Ct.,8.17,7.2,6.04,Blue,Medium,Eye Clean,Cushion,Mixed Brilliant Cut,No Enhancement,Ceylon (Sri Lanka),https://www.thenaturalsapphirecompany.com/blue-sapphires/3.39ct-ceylon-sri-lankan-cushion-blue-sapphire-s8477/
S8480,"$16,608","$3,315",5.01 Ct.,10.83,8.21,5.54,Blue,Medium,Eye Clean,Cushion,Mixed Brilliant Cut,Heat Treated,Ceylon (Sri Lanka),https://www.thenaturalsapphirecompany.com/blue-sapphires/5.01ct-ceylon-sri-lankan-cushion-blue-sapphire-s8480/
S15373,"$1,600","$1,000",1.60 Ct.,7.31,6.39,4.24,Bluish Purple,Vivid,Very Slightly Included,Oval,Mixed Brilliant Cut,No Enhancement,Tanzania,https://www.thenaturalsapphirecompany.com/blue-sapphires/1.60ct-tanzanian-oval-bluish-purple-sapphire-s15373/
S15376,"$3,001",$968,3.10 Ct.,8.76,6.82,5.47,Color Change,Vivid,Very Slightly Included,Cushion,Mixed Brilliant Cut,Heat Treated,Tanzania,https://www.thenaturalsapphirecompany.com/blue-sapphires/3.10ct-tanzanian-cushion-color-change-sapphire-s15376/
S15378,"$2,000","$1,852",1.08 Ct.,7.32,5.8,3.33,Blue,Vivid,Very Slightly Included,Oval,Mixed Brilliant Cut,No Enhancement,Tanzania,https://www.thenaturalsapphirecompany.com/blue-sapphires/1.08ct-tanzanian-oval-blue-sapphire-s15378/
S15380,$798,$676,1.18 Ct.,7.23,5.89,3.15,Blue,Intense,Eye Clean,Oval,Mixed Brilliant Cut,No Enhancement,Tanzania,https://www.thenaturalsapphirecompany.com/blue-sapphires/1.18ct-tanzanian-oval-blue-sapphire-s15380/
S15381,"$5,549","$2,581",2.15 Ct.,8.45,7.29,4.04,Blue,Intense,Very Slightly Included,Oval,Mixed Brilliant Cut,No Enhancement,Tanzania,https://www.thenaturalsapphirecompany.com/blue-sapphires/2.15ct-tanzanian-oval-blue-sapphire-s15381/
S15382,$598,$854,0.70 Ct.,6.2,4.97,2.93,Blue,Intense,Very Slightly Included,Pear,Mixed Brilliant Cut,No Enhancement,Tanzania,https://www.thenaturalsapphirecompany.com/blue-sapphires/0.70ct-tanzanian-pear-blue-sapphire-s15382/
S15386,$824,$800,1.03 Ct.,6.55,6.06,3.31,Bluish Green,Intense,Very Slightly Included,Fancy,Step Cut,Heat Treated,Madagascar,https://www.thenaturalsapphirecompany.com/blue-sapphires/1.03ct-madagascar-fancy-bluish-green-sapphire-s15386/
S15391,"$4,408","$1,249",3.53 Ct.,8.87,9.7,5.38,Greenish Blue,Intense,Very Slightly Included,Heart,Mixed Brilliant Cut,Heat Treated,Ceylon (Sri Lanka),https://www.thenaturalsapphirecompany.com/blue-sapphires/3.53ct-ceylon-sri-lankan-heart-greenish-blue-sapphire-s15391/
S26461,"$31,853","$6,435",4.95 Ct.,11.53,7.45,6.12,Blue,Vivid,Eye Clean,Cushion,Mixed Brilliant Cut,Heat Treated,Ceylon (Sri Lanka),https://www.thenaturalsapphirecompany.com/blue-sapphires/4.95ct-ceylon-sri-lankan-cushion-blue-sapphire-s26461/
B17000,$736,$800,0.92 Ct.,7.39,5.35,3.35,Blue,Intense,Very Slightly Included,Pear,Mixed Brilliant Cut,Heat Treated,Ceylon (Sri Lanka),https://www.thenaturalsapphirecompany.com/blue-sapphires/0.92ct-ceylon-sri-lankan-pear-blue-sapphire-b17000/
B17008,"$1,164","$1,200",0.97 Ct.,5.71,5.64,3.9,Blue,Vivid,Very Slightly Included,Round,Mixed Brilliant Cut,Heat Treated,Ceylon (Sri Lanka),https://www.thenaturalsapphirecompany.com/blue-sapphires/0.97ct-ceylon-sri-lankan-round-blue-sapphire-b17008/
B17012,$960,"$1,000",0.96 Ct.,5.98,5.93,3.64,Blue,Intense,Very Slightly Included,Round,Mixed Brilliant Cut,Heat Treated,Ceylon (Sri Lanka),https://www.thenaturalsapphirecompany.com/blue-sapphires/0.96ct-ceylon-sri-lankan-round-blue-sapphire-b17012/
B17032,$302,$451,0.67 Ct.,6.79,4.66,2.64,Blue,Light,Very Slightly Included,Oval,Mixed Brilliant Cut,Heat Treated,Ceylon (Sri Lanka),https://www.thenaturalsapphirecompany.com/blue-sapphires/0.67ct-ceylon-sri-lankan-oval-blue-sapphire-b17032/
B17034,$332,$400,0.83 Ct.,7.01,4.95,3.12,Bluish Grey,Light,Very Slightly Included,Oval,Mixed Brilliant Cut,Heat Treated,Ceylon (Sri Lanka),https://www.thenaturalsapphirecompany.com/blue-sapphires/0.83ct-ceylon-sri-lankan-oval-bluish-grey-sapphire-b17034/
B17035,$396,$450,0.88 Ct.,6.19,4.99,3.15,Blue,Light,Very Slightly Included,Oval,Mixed Brilliant Cut,Heat Treated,Ceylon (Sri Lanka),https://www.thenaturalsapphirecompany.com/blue-sapphires/0.88ct-ceylon-sri-lankan-oval-blue-sapphire-b17035/
B17036,$419,$451,0.93 Ct.,7.09,5.13,3.19,Blue,Faint,Very Slightly Included,Oval,Mixed Brilliant Cut,Heat Treated,Ceylon (Sri Lanka),https://www.thenaturalsapphirecompany.com/blue-sapphires/0.93ct-ceylon-sri-lankan-oval-blue-sapphire-b17036/
S45183,$264,$600,0.44 Ct.,6.39,3.96,2.32,Blue,Light,Very Very Slightly Included,Pear,Mixed Brilliant Cut,No Enhancement,Ceylon (Sri Lanka),https://www.thenaturalsapphirecompany.com/blue-sapphires/0.44ct-ceylon-sri-lankan-pear-blue-sapphire-s45183/
B17040,$312,$400,0.78 Ct.,6.26,4.78,3.29,Blue,Medium,Very Slightly Included,Oval,Mixed Brilliant Cut,Heat Treated,Ceylon (Sri Lanka),https://www.thenaturalsapphirecompany.com/blue-sapphires/0.78ct-ceylon-sri-lankan-oval-blue-sapphire-b17040/
B17041,$672,$700,0.96 Ct.,6.47,4.89,3.17,Blue,Intense,Very Slightly Included,Cushion,Mixed Brilliant Cut,Heat Treated,Ceylon (Sri Lanka),https://www.thenaturalsapphirecompany.com/blue-sapphires/0.96ct-ceylon-sri-lankan-cushion-blue-sapphire-b17041/
B17043,$630,$600,1.05 Ct.,6.85,5.44,3.74,Blue,Intense,Very Slightly Included,Oval,Mixed Brilliant Cut,Heat Treated,Ceylon (Sri Lanka),https://www.thenaturalsapphirecompany.com/blue-sapphires/1.05ct-ceylon-sri-lankan-oval-blue-sapphire-b17043/
B17050,$774,$600,1.29 Ct.,6.12,5.48,4.3,Blue,Light,Very Slightly Included,Cushion,Mixed Brilliant Cut,Heat Treated,Ceylon (Sri Lanka),https://www.thenaturalsapphirecompany.com/blue-sapphires/1.29ct-ceylon-sri-lankan-cushion-blue-sapphire-b17050/
B17051,$714,$600,1.19 Ct.,5.82,5.71,3.99,Greenish Blue,Light,Very Slightly Included,Cushion,Mixed Brilliant Cut,Heat Treated,Ceylon (Sri Lanka),https://www.thenaturalsapphirecompany.com/blue-sapphires/1.19ct-ceylon-sri-lankan-cushion-greenish-blue-sapphire-b17051/
B17052,"$1,032",$800,1.29 Ct.,6.62,5.34,4.23,Greenish Blue,Medium,Included,Cushion,Mixed Brilliant Cut,Heat Treated,Ceylon (Sri Lanka),https://www.thenaturalsapphirecompany.com/blue-sapphires/1.29ct-ceylon-sri-lankan-cushion-greenish-blue-sapphire-b17052/
B17053,$440,$500,0.88 Ct.,6.24,4.91,3.79,Blue,Medium,Very Slightly Included,Oval,Mixed Brilliant Cut,Heat Treated,Ceylon (Sri Lanka),https://www.thenaturalsapphirecompany.com/blue-sapphires/0.88ct-ceylon-sri-lankan-oval-blue-sapphire-b17053/
B17055,$460,$500,0.92 Ct.,6.79,4.9,3.43,Blue,Light,Very Slightly Included,Oval,Mixed Brilliant Cut,Heat Treated,Ceylon (Sri Lanka),https://www.thenaturalsapphirecompany.com/blue-sapphires/0.92ct-ceylon-sri-lankan-oval-blue-sapphire-b17055/
B17056,$485,$500,0.97 Ct.,7.1,4.82,3.28,Blue,Light,Very Slightly Included,Oval,Mixed Brilliant Cut,Heat Treated,Ceylon (Sri Lanka),https://www.thenaturalsapphirecompany.com/blue-sapphires/0.97ct-ceylon-sri-lankan-oval-blue-sapphire-b17056/
B17057,$684,$600,1.14 Ct.,7.04,5.03,3.88,Blue,Light,Very Slightly Included,Oval,Mixed Brilliant Cut,Heat Treated,Ceylon (Sri Lanka),https://www.thenaturalsapphirecompany.com/blue-sapphires/1.14ct-ceylon-sri-lankan-oval-blue-sapphire-b17057/
B17059,$672,$600,1.12 Ct.,6.89,4.94,3.91,Blue,Light,Very Slightly Included,Oval,Mixed Brilliant Cut,Heat Treated,Ceylon (Sri Lanka),https://www.thenaturalsapphirecompany.com/blue-sapphires/1.12ct-ceylon-sri-lankan-oval-blue-sapphire-b17059/
B17060,$540,$600,0.90 Ct.,6.09,5.26,3.9,Blue,Medium,Very Slightly Included,Oval,Mixed Brilliant Cut,Heat Treated,Ceylon (Sri Lanka),https://www.thenaturalsapphirecompany.com/blue-sapphires/0.90ct-ceylon-sri-lankan-oval-blue-sapphire-b17060/
B17064,$820,"$1,000",0.82 Ct.,5.5,5.33,3.92,Blue,Vivid,Very Slightly Included,Round,Mixed Brilliant Cut,No Enhancement,Ceylon (Sri Lanka),https://www.thenaturalsapphirecompany.com/blue-sapphires/0.82ct-ceylon-sri-lankan-round-blue-sapphire-b17064/
S20957,"$3,861","$2,700",1.43 Ct.,7.87,5.37,3.16,Blue,Vivid,Very Slightly Included,Emerald Cut,Emerald Cut,Heat Treated,Ceylon (Sri Lanka),https://www.thenaturalsapphirecompany.com/blue-sapphires/1.43ct-ceylon-sri-lankan-emerald-cut-blue-sapphire-s20957/
S20958,"$1,281","$1,050",1.22 Ct.,6.91,5.93,3.23,Blue,Vivid,Very Slightly Included,Oval,Mixed Brilliant Cut,Heat Treated,Ceylon (Sri Lanka),https://www.thenaturalsapphirecompany.com/blue-sapphires/1.22ct-ceylon-sri-lankan-oval-blue-sapphire-s20958/
S20959,"$1,638","$1,300",1.26 Ct.,7.93,5.71,3.35,Blue,Dark,Very Slightly Included,Oval,Mixed Brilliant Cut,Heat Treated,Ceylon (Sri Lanka),https://www.thenaturalsapphirecompany.com/blue-sapphires/1.26ct-ceylon-sri-lankan-oval-blue-sapphire-s20959/
S20960,"$3,973","$2,900",1.37 Ct.,8.06,6.03,3.34,Blue,Vivid,Very Slightly Included,Oval,Mixed Brilliant Cut,Heat Treated,Ceylon (Sri Lanka),https://www.thenaturalsapphirecompany.com/blue-sapphires/1.37ct-ceylon-sri-lankan-oval-blue-sapphire-s20960/
S20961,"$13,015","$3,740",3.48 Ct.,10.04,7.78,5.27,Blue,Vivid,Very Slightly Included,Oval,Mixed Brilliant Cut,Heat Treated,Ceylon (Sri Lanka),https://www.thenaturalsapphirecompany.com/blue-sapphires/3.48ct-ceylon-sri-lankan-oval-blue-sapphire-s20961/
S25959,$364,$400,0.91 Ct.,5.84,5.83,3.59,Blue,Medium,Very Very Slightly Included,Round,Mixed Brilliant Cut,No Enhancement,Ceylon (Sri Lanka),https://www.thenaturalsapphirecompany.com/blue-sapphires/0.91ct-ceylon-sri-lankan-round-blue-sapphire-s25959/
S25960,$224,$400,0.56 Ct.,5.15,5.17,2.75,Blue,Medium,Slightly Included,Round,Mixed Brilliant Cut,No Enhancement,Ceylon (Sri Lanka),https://www.thenaturalsapphirecompany.com/blue-sapphires/0.56ct-ceylon-sri-lankan-round-blue-sapphire-s25960/
S25961,$212,$400,0.53 Ct.,5.15,5.19,2.55,Blue,Medium,Eye Clean,Round,Mixed Brilliant Cut,No Enhancement,Ceylon (Sri Lanka),https://www.thenaturalsapphirecompany.com/blue-sapphires/0.53ct-ceylon-sri-lankan-round-blue-sapphire-s25961/
S25962,$280,$400,0.70 Ct.,4.63,4.61,3.96,Blue,Vivid,Very Very Slightly Included,Round,Mixed Brilliant Cut,No Enhancement,Ceylon (Sri Lanka),https://www.thenaturalsapphirecompany.com/blue-sapphires/0.70ct-ceylon-sri-lankan-round-blue-sapphire-s25962/
S25963,$216,$400,0.54 Ct.,4.53,4.56,3.24,Blue,Vivid,Slightly Included,Round,Mixed Brilliant Cut,No Enhancement,Ceylon (Sri Lanka),https://www.thenaturalsapphirecompany.com/blue-sapphires/0.54ct-ceylon-sri-lankan-round-blue-sapphire-s25963/
S25967,$428,$400,1.07 Ct.,5.84,5.87,3.96,Violet,Light,Very Slightly Included,Round,Mixed Brilliant Cut,No Enhancement,Ceylon (Sri Lanka),https://www.thenaturalsapphirecompany.com/blue-sapphires/1.07ct-ceylon-sri-lankan-round-violet-sapphire-s25967/
S25973,$676,$400,1.69 Ct.,8.94,6.63,3.71,Blue,Light,Very Very Slightly Included,Oval,Mixed Brilliant Cut,No Enhancement,Ceylon (Sri Lanka),https://www.thenaturalsapphirecompany.com/blue-sapphires/1.69ct-ceylon-sri-lankan-oval-blue-sapphire-s25973/
S25974,$500,$400,1.25 Ct.,7.36,5.73,3.6,Blue,Medium,Eye Clean,Oval,Mixed Brilliant Cut,No Enhancement,Ceylon (Sri Lanka),https://www.thenaturalsapphirecompany.com/blue-sapphires/1.25ct-ceylon-sri-lankan-oval-blue-sapphire-s25974/
S25975,$532,$400,1.33 Ct.,6.83,5.81,4.26,Blue,Medium,Slightly Included,Oval,Mixed Brilliant Cut,No Enhancement,Ceylon (Sri Lanka),https://www.thenaturalsapphirecompany.com/blue-sapphires/1.33ct-ceylon-sri-lankan-oval-blue-sapphire-s25975/
S25976,$524,$400,1.31 Ct.,7.27,5.14,4.34,Blue,Medium,Very Very Slightly Included,Oval,Mixed Brilliant Cut,No Enhancement,Ceylon (Sri Lanka),https://www.thenaturalsapphirecompany.com/blue-sapphires/1.31ct-ceylon-sri-lankan-oval-blue-sapphire-s25976/
S25977,$424,$400,1.06 Ct.,7.55,5.57,3.2,Blue,Medium,Eye Clean,Oval,Mixed Brilliant Cut,No Enhancement,Ceylon (Sri Lanka),https://www.thenaturalsapphirecompany.com/blue-sapphires/1.06ct-ceylon-sri-lankan-oval-blue-sapphire-s25977/
S25978,$452,$400,1.13 Ct.,6.57,4.69,4.41,Blue,Vivid,Very Very Slightly Included,Oval,Mixed Brilliant Cut,No Enhancement,Ceylon (Sri Lanka),https://www.thenaturalsapphirecompany.com/blue-sapphires/1.13ct-ceylon-sri-lankan-oval-blue-sapphire-s25978/
S25979,$436,$400,1.09 Ct.,7.21,5.42,3.49,Violet,Medium,Slightly Included,Oval,Mixed Brilliant Cut,No Enhancement,Ceylon (Sri Lanka),https://www.thenaturalsapphirecompany.com/blue-sapphires/1.09ct-ceylon-sri-lankan-oval-violet-sapphire-s25979/
S30455,"$2,660","$2,000",1.33 Ct.,7.62,5.42,3.79,Blue,Vivid,Very Slightly Included,Oval,Mixed Brilliant Cut,Heat Treated,Ceylon (Sri Lanka),https://www.thenaturalsapphirecompany.com/blue-sapphires/1.33ct-ceylon-sri-lankan-oval-blue-sapphire-s30455/
S30456,"$2,300","$2,000",1.15 Ct.,6.65,6.62,3.36,Blue,Vivid,Very Slightly Included,Round,Mixed Brilliant Cut,Heat Treated,Ceylon (Sri Lanka),https://www.thenaturalsapphirecompany.com/blue-sapphires/1.15ct-ceylon-sri-lankan-round-blue-sapphire-s30456/
S30457,"$2,360","$2,000",1.18 Ct.,6.28,6.23,3.18,Blue,Vivid,Very Very Slightly Included,Cushion,Mixed Brilliant Cut,Heat Treated,Ceylon (Sri Lanka),https://www.thenaturalsapphirecompany.com/blue-sapphires/1.18ct-ceylon-sri-lankan-cushion-blue-sapphire-s30457/
S30458,"$3,718","$1,850",2.01 Ct.,7.97,6.51,4.32,Blue,Vivid,Very Slightly Included,Oval,Mixed Brilliant Cut,Heat Treated,Ceylon (Sri Lanka),https://www.thenaturalsapphirecompany.com/blue-sapphires/2.01ct-ceylon-sri-lankan-oval-blue-sapphire-s30458/
S30459,"$4,070","$1,850",2.20 Ct.,8.73,6.22,4.18,Blue,Vivid,Very Very Slightly Included,Cushion,Mixed Brilliant Cut,Heat Treated,Ceylon (Sri Lanka),https://www.thenaturalsapphirecompany.com/blue-sapphires/2.20ct-ceylon-sri-lankan-cushion-blue-sapphire-s30459/
S30460,"$4,518","$3,053",1.48 Ct.,6.65,6.63,3.54,Blue,Intense,Very Very Slightly Included,Cushion,Mixed Brilliant Cut,Heat Treated,Ceylon (Sri Lanka),https://www.thenaturalsapphirecompany.com/blue-sapphires/1.48ct-ceylon-sri-lankan-cushion-blue-sapphire-s30460/
S30461,"$3,885","$2,220",1.75 Ct.,9.03,6.01,4.2,Blue,Medium,Very Very Slightly Included,Pear,Mixed Brilliant Cut,No Enhancement,Ceylon (Sri Lanka),https://www.thenaturalsapphirecompany.com/blue-sapphires/1.75ct-ceylon-sri-lankan-pear-blue-sapphire-s30461/
S30462,"$2,440","$2,000",1.22 Ct.,7.2,4.44,3.77,Blue,Intense,Slightly Included,Emerald Cut,Emerald Cut,No Enhancement,Ceylon (Sri Lanka),https://www.thenaturalsapphirecompany.com/blue-sapphires/1.22ct-ceylon-sri-lankan-emerald-cut-blue-sapphire-s30462/
S30464,"$2,484","$1,200",2.07 Ct.,7.78,7.06,3.94,Blue,Light,Very Very Slightly Included,Cushion,Mixed Brilliant Cut,No Enhancement,Ceylon (Sri Lanka),https://www.thenaturalsapphirecompany.com/blue-sapphires/2.07ct-ceylon-sri-lankan-cushion-blue-sapphire-s30464/
S30465,"$5,744","$2,127",2.70 Ct.,9.08,7.37,4.98,Blue,Vivid,Very Very Slightly Included,Fancy,Step Cut,Heat Treated,Ceylon (Sri Lanka),https://www.thenaturalsapphirecompany.com/blue-sapphires/2.70ct-ceylon-sri-lankan-fancy-blue-sapphire-s30465/
S30466,"$7,642","$2,497",3.06 Ct.,7.36,7.15,5.93,Blue,Vivid,Very Very Slightly Included,Asscher - Octagon,Asscher Cut,Heat Treated,Ceylon (Sri Lanka),https://www.thenaturalsapphirecompany.com/blue-sapphires/3.06ct-ceylon-sri-lankan-asscher-octagon-blue-sapphire-s30466/
S30467,"$6,993","$2,498",2.80 Ct.,9.27,5.94,4.44,Blue,Vivid,Eye Clean,Emerald Cut,Emerald Cut,Heat Treated,Ceylon (Sri Lanka),https://www.thenaturalsapphirecompany.com/blue-sapphires/2.80ct-ceylon-sri-lankan-emerald-cut-blue-sapphire-s30467/
S30468,"$3,322","$2,200",1.51 Ct.,7.72,5.03,3.7,Blue,Vivid,Eye Clean,Emerald Cut,Emerald Cut,Heat Treated,Ceylon (Sri Lanka),https://www.thenaturalsapphirecompany.com/blue-sapphires/1.51ct-ceylon-sri-lankan-emerald-cut-blue-sapphire-s30468/
S28941,"$3,150","$2,500",1.26 Ct.,6.54,6.56,3.6,Blue,Vivid,Very Slightly Included,Round,Mixed Brilliant Cut,Heat Treated,Ceylon (Sri Lanka),https://www.thenaturalsapphirecompany.com/blue-sapphires/1.26ct-ceylon-sri-lankan-round-blue-sapphire-s28941/
B17096,$301,$354,0.85 Ct.,5.42,6.55,3.19,Blue,Medium,Slightly Included,Heart,Mixed Brilliant Cut,No Enhancement,Burma (Myanmar),https://www.thenaturalsapphirecompany.com/blue-sapphires/0.85ct-burma-myanmar-heart-blue-sapphire-b17096/
B17118,$264,$550,0.48 Ct.,5.72,4.49,2.9,Blue,Medium,Eye Clean,Pear,Mixed Brilliant Cut,Heat Treated,Ceylon (Sri Lanka),https://www.thenaturalsapphirecompany.com/blue-sapphires/0.48ct-ceylon-sri-lankan-pear-blue-sapphire-b17118/
B17162,"$3,700","$2,000",1.85 Ct.,8.29,6.94,4.75,Blue,Vivid,Eye Clean,Pear,Mixed Brilliant Cut,Heat Treated,Ceylon (Sri Lanka),https://www.thenaturalsapphirecompany.com/blue-sapphires/1.85ct-ceylon-sri-lankan-pear-blue-sapphire-b17162/
S28939,"$3,575","$2,500",1.43 Ct.,6.45,6.4,4.12,Blue,Intense,Very Very Slightly Included,Round,Mixed Brilliant Cut,Heat Treated,Ceylon (Sri Lanka),https://www.thenaturalsapphirecompany.com/blue-sapphires/1.43ct-ceylon-sri-lankan-round-blue-sapphire-s28939/
B17074,$981,$900,1.09 Ct.,6.33,6.29,3.51,Blue,Intense,Very Slightly Included,Round,Mixed Brilliant Cut,Heat Treated,Ceylon (Sri Lanka),https://www.thenaturalsapphirecompany.com/blue-sapphires/1.09ct-ceylon-sri-lankan-round-blue-sapphire-b17074/
B17076,"$1,091",$880,1.24 Ct.,6.77,4.81,4.06,Blue,Intense,Very Slightly Included,Cushion,Mixed Brilliant Cut,Heat Treated,Ceylon (Sri Lanka),https://www.thenaturalsapphirecompany.com/blue-sapphires/1.24ct-ceylon-sri-lankan-cushion-blue-sapphire-b17076/
S28940,"$2,850","$2,500",1.14 Ct.,6.42,6.38,3.57,Blue,Vivid,Very Slightly Included,Round,Mixed Brilliant Cut,Heat Treated,Ceylon (Sri Lanka),https://www.thenaturalsapphirecompany.com/blue-sapphires/1.14ct-ceylon-sri-lankan-round-blue-sapphire-s28940/
B17081,"$1,267",$880,1.44 Ct.,8.24,5.16,4.33,Blue,Intense,Very Slightly Included,Pear,Mixed Brilliant Cut,No Enhancement,Ceylon (Sri Lanka),https://www.thenaturalsapphirecompany.com/blue-sapphires/1.44ct-ceylon-sri-lankan-pear-blue-sapphire-b17081/
B17089,"$1,100","$1,341",0.82 Ct.,5.59,5.45,3.25,Blue,Intense,Very Slightly Included,Cushion,Mixed Brilliant Cut,Heat Treated,Ceylon (Sri Lanka),https://www.thenaturalsapphirecompany.com/blue-sapphires/0.82ct-ceylon-sri-lankan-cushion-blue-sapphire-b17089/
B17091,$879,"$1,188",0.74 Ct.,6.09,5.02,3.23,Blue,Intense,Very Slightly Included,Oval,Mixed Brilliant Cut,Heat Treated,Ceylon (Sri Lanka),https://www.thenaturalsapphirecompany.com/blue-sapphires/0.74ct-ceylon-sri-lankan-oval-blue-sapphire-b17091/
B17094,"$5,232","$2,590",2.02 Ct.,8.84,5.32,3.75,Blue,Vivid,Very Slightly Included,Emerald Cut,Emerald Cut,Heat Treated,Ceylon (Sri Lanka),https://www.thenaturalsapphirecompany.com/blue-sapphires/2.02ct-ceylon-sri-lankan-emerald-cut-blue-sapphire-b17094/
B17188,"$7,576","$2,775",2.73 Ct.,10.4,7.52,4.22,Blue,Intense,Eye Clean,Oval,Mixed Brilliant Cut,Heat Treated,Ceylon (Sri Lanka),https://www.thenaturalsapphirecompany.com/blue-sapphires/2.73ct-ceylon-sri-lankan-oval-blue-sapphire-b17188/
B17190,$558,$900,0.62 Ct.,5.3,4.43,3.41,Blue,Vivid,Very Slightly Included,Oval,Mixed Brilliant Cut,No Enhancement,Ceylon (Sri Lanka),https://www.thenaturalsapphirecompany.com/blue-sapphires/0.62ct-ceylon-sri-lankan-oval-blue-sapphire-b17190/
S15416,"$18,295","$3,630",5.04 Ct.,11.33,8.81,6.07,Color Change,Medium,Eye Clean,Oval,Mixed Brilliant Cut,No Enhancement,Madagascar,https://www.thenaturalsapphirecompany.com/blue-sapphires/5.04ct-madagascar-oval-color-change-sapphire-s15416/
S15419,"$17,939","$3,960",4.53 Ct.,8.9,8.57,6.15,Blue,Medium,Eye Clean,Radiant,Radiant Cut,Heat Treated,Ceylon (Sri Lanka),https://www.thenaturalsapphirecompany.com/blue-sapphires/4.53ct-ceylon-sri-lankan-radiant-blue-sapphire-s15419/
S15423,"$3,128","$2,300",1.36 Ct.,6.82,6.75,4.01,Blue,Medium,Eye Clean,Round,Mixed Brilliant Cut,Heat Treated,Ceylon (Sri Lanka),https://www.thenaturalsapphirecompany.com/blue-sapphires/1.36ct-ceylon-sri-lankan-round-blue-sapphire-s15423/
S15425,"$3,427","$2,300",1.49 Ct.,6.78,6.71,4.37,Blue,Medium,Very Very Slightly Included,Round,Mixed Brilliant Cut,Heat Treated,Ceylon (Sri Lanka),https://www.thenaturalsapphirecompany.com/blue-sapphires/1.49ct-ceylon-sri-lankan-round-blue-sapphire-s15425/
S15427,"$3,496","$2,300",1.52 Ct.,6.77,6.57,4.59,Blue,Medium,Slightly Included,Round,Mixed Brilliant Cut,Heat Treated,Ceylon (Sri Lanka),https://www.thenaturalsapphirecompany.com/blue-sapphires/1.52ct-ceylon-sri-lankan-round-blue-sapphire-s15427/
S15428,"$3,680","$2,300",1.60 Ct.,6.95,6.83,4.5,Blue,Intense,Very Slightly Included,Round,Mixed Brilliant Cut,Heat Treated,Ceylon (Sri Lanka),https://www.thenaturalsapphirecompany.com/blue-sapphires/1.60ct-ceylon-sri-lankan-round-blue-sapphire-s15428/
S15429,"$3,703","$2,300",1.61 Ct.,7.01,6.97,4.57,Blue,Intense,Very Slightly Included,Round,Mixed Brilliant Cut,Heat Treated,Ceylon (Sri Lanka),https://www.thenaturalsapphirecompany.com/blue-sapphires/1.61ct-ceylon-sri-lankan-round-blue-sapphire-s15429/
S15433,"$3,564","$3,300",1.08 Ct.,6.06,5.98,4.05,Blue,Vivid,Eye Clean,Round,Mixed Brilliant Cut,Heat Treated,Ceylon (Sri Lanka),https://www.thenaturalsapphirecompany.com/blue-sapphires/1.08ct-ceylon-sri-lankan-round-blue-sapphire-s15433/
S15434,"$3,680","$2,300",1.60 Ct.,8.04,6.06,4.21,Blue,Intense,Eye Clean,Oval,Mixed Brilliant Cut,Heat Treated,Ceylon (Sri Lanka),https://www.thenaturalsapphirecompany.com/blue-sapphires/1.60ct-ceylon-sri-lankan-oval-blue-sapphire-s15434/
S15437,"$2,842","$2,900",0.98 Ct.,5.91,5.86,3.87,Blue,Vivid,Eye Clean,Round,Mixed Brilliant Cut,Heat Treated,Ceylon (Sri Lanka),https://www.thenaturalsapphirecompany.com/blue-sapphires/0.98ct-ceylon-sri-lankan-round-blue-sapphire-s15437/
S15441,"$18,975","$4,125",4.60 Ct.,9.96,8.37,6.34,Blue,Intense,Very Slightly Included,Oval,Mixed Brilliant Cut,Heat Treated,Ceylon (Sri Lanka),https://www.thenaturalsapphirecompany.com/blue-sapphires/4.60ct-ceylon-sri-lankan-oval-blue-sapphire-s15441/
S15442,"$25,864","$4,125",6.27 Ct.,12.05,10.8,6.39,Blue,Intense,Eye Clean,Oval,Mixed Brilliant Cut,Heat Treated,Ceylon (Sri Lanka),https://www.thenaturalsapphirecompany.com/blue-sapphires/6.27ct-ceylon-sri-lankan-oval-blue-sapphire-s15442/
S15444,"$8,477","$2,683",3.16 Ct.,7.79,7.8,5.96,Blue,Intense,Very Slightly Included,Round,Mixed Brilliant Cut,Heat Treated,Madagascar,https://www.thenaturalsapphirecompany.com/blue-sapphires/3.16ct-madagascar-round-blue-sapphire-s15444/
S15447,"$3,604","$1,700",2.12 Ct.,7.77,7.75,4.6,Blue,Intense,Very Slightly Included,Round,Mixed Brilliant Cut,Heat Treated,Ceylon (Sri Lanka),https://www.thenaturalsapphirecompany.com/blue-sapphires/2.12ct-ceylon-sri-lankan-round-blue-sapphire-s15447/
S15448,"$3,324","$1,200",2.77 Ct.,7.64,7.68,5.84,Blue,Intense,Very Slightly Included,Round,Mixed Brilliant Cut,Heat Treated,Ceylon (Sri Lanka),https://www.thenaturalsapphirecompany.com/blue-sapphires/2.77ct-ceylon-sri-lankan-round-blue-sapphire-s15448/
S15449,"$4,895","$2,497",1.96 Ct.,7.82,7.79,4.19,Blue,Vivid,Very Slightly Included,Round,Mixed Brilliant Cut,Heat Treated,Madagascar,https://www.thenaturalsapphirecompany.com/blue-sapphires/1.96ct-madagascar-round-blue-sapphire-s15449/
S15450,"$9,087","$2,960",3.07 Ct.,10.01,7.86,4.81,Blue,Vivid,Eye Clean,Pear,Mixed Brilliant Cut,Heat Treated,Ceylon (Sri Lanka),https://www.thenaturalsapphirecompany.com/blue-sapphires/3.07ct-ceylon-sri-lankan-pear-blue-sapphire-s15450/
S48080,$400,$400,1.00 Ct.,5.4,5.29,3.85,Greenish Blue,Dark,Very Slightly Included,Cushion,Mixed Brilliant Cut,No Enhancement,Ceylon (Sri Lanka),https://www.thenaturalsapphirecompany.com/blue-sapphires/1.00ct-ceylon-sri-lankan-cushion-greenish-blue-sapphire-s48080/
S28942,"$2,650","$2,500",1.06 Ct.,6.47,6.5,3.53,Blue,Intense,Very Slightly Included,Round,Mixed Brilliant Cut,Heat Treated,Ceylon (Sri Lanka),https://www.thenaturalsapphirecompany.com/blue-sapphires/1.06ct-ceylon-sri-lankan-round-blue-sapphire-s28942/
S28943,"$3,225","$2,500",1.29 Ct.,6.28,6.26,4.34,Blue,Vivid,Very Slightly Included,Round,Mixed Brilliant Cut,Heat Treated,Ceylon (Sri Lanka),https://www.thenaturalsapphirecompany.com/blue-sapphires/1.29ct-ceylon-sri-lankan-round-blue-sapphire-s28943/
S28944,"$2,600","$2,500",1.04 Ct.,6.28,6.21,3.17,Blue,Vivid,Very Slightly Included,Round,Mixed Brilliant Cut,Heat Treated,Ceylon (Sri Lanka),https://www.thenaturalsapphirecompany.com/blue-sapphires/1.04ct-ceylon-sri-lankan-round-blue-sapphire-s28944/
S28945,"$2,900","$2,500",1.16 Ct.,5.97,5.98,4.04,Blue,Vivid,Very Slightly Included,Round,Mixed Brilliant Cut,Heat Treated,Ceylon (Sri Lanka),https://www.thenaturalsapphirecompany.com/blue-sapphires/1.16ct-ceylon-sri-lankan-round-blue-sapphire-s28945/
S28946,"$2,075","$2,500",0.83 Ct.,6,5.98,3.12,Blue,Intense,Very Slightly Included,Round,Mixed Brilliant Cut,Heat Treated,Ceylon (Sri Lanka),https://www.thenaturalsapphirecompany.com/blue-sapphires/0.83ct-ceylon-sri-lankan-round-blue-sapphire-s28946/
S28948,"$1,116","$1,200",0.93 Ct.,7.05,5.06,3.34,Blue,Dark,Very Very Slightly Included,Pear,Mixed Brilliant Cut,Heat Treated,Ceylon (Sri Lanka),https://www.thenaturalsapphirecompany.com/blue-sapphires/0.93ct-ceylon-sri-lankan-pear-blue-sapphire-s28948/
S28949,"$1,260","$1,200",1.05 Ct.,6.97,5.89,3.53,Blue,Dark,Very Very Slightly Included,Pear,Mixed Brilliant Cut,Heat Treated,Ceylon (Sri Lanka),https://www.thenaturalsapphirecompany.com/blue-sapphires/1.05ct-ceylon-sri-lankan-pear-blue-sapphire-s28949/
S28950,"$1,357","$1,201",1.13 Ct.,7.88,5.89,3.27,Blue,Dark,Very Very Slightly Included,Pear,Mixed Brilliant Cut,Heat Treated,Ceylon (Sri Lanka),https://www.thenaturalsapphirecompany.com/blue-sapphires/1.13ct-ceylon-sri-lankan-pear-blue-sapphire-s28950/
S28951,"$1,548","$1,200",1.29 Ct.,8.01,6.1,3.83,Blue,Vivid,Very Very Slightly Included,Pear,Mixed Brilliant Cut,Heat Treated,Ceylon (Sri Lanka),https://www.thenaturalsapphirecompany.com/blue-sapphires/1.29ct-ceylon-sri-lankan-pear-blue-sapphire-s28951/
S28952,"$1,164","$1,200",0.97 Ct.,8.18,5.8,2.81,Blue,Intense,Very Slightly Included,Pear,Mixed Brilliant Cut,Heat Treated,Ceylon (Sri Lanka),https://www.thenaturalsapphirecompany.com/blue-sapphires/0.97ct-ceylon-sri-lankan-pear-blue-sapphire-s28952/
S28959,"$1,100","$1,000",1.10 Ct.,6.2,5.4,3.23,Greenish Blue,Medium,Very Very Slightly Included,Emerald Cut,Emerald Cut,No Enhancement,Ceylon (Sri Lanka),https://www.thenaturalsapphirecompany.com/blue-sapphires/1.10ct-ceylon-sri-lankan-emerald-cut-greenish-blue-sapphire-s28959/
S28961,"$1,540","$1,000",1.54 Ct.,7.48,6.39,3.67,Bluish Green,Intense,Very Very Slightly Included,Emerald Cut,Emerald Cut,Heat Treated,Ceylon (Sri Lanka),https://www.thenaturalsapphirecompany.com/blue-sapphires/1.54ct-ceylon-sri-lankan-emerald-cut-bluish-green-sapphire-s28961/
S28967,"$1,848","$1,200",1.54 Ct.,7.86,5.56,3.74,Greenish Blue,Intense,Eye Clean,Cushion,Mixed Brilliant Cut,Heat Treated,Ceylon (Sri Lanka),https://www.thenaturalsapphirecompany.com/blue-sapphires/1.54ct-ceylon-sri-lankan-cushion-greenish-blue-sapphire-s28967/
S31674,"$8,568","$2,720",3.15 Ct.,8.98,8.08,4.86,Blue,Vivid,Very Very Slightly Included,Cushion,Mixed Brilliant Cut,Heat Treated,Ceylon (Sri Lanka),https://www.thenaturalsapphirecompany.com/blue-sapphires/3.15ct-ceylon-sri-lankan-cushion-blue-sapphire-s31674/
S31675,"$8,874","$3,400",2.61 Ct.,7.63,6.76,5.22,Blue,Intense,Very Slightly Included,Cushion,Mixed Brilliant Cut,No Enhancement,Ceylon (Sri Lanka),https://www.thenaturalsapphirecompany.com/blue-sapphires/2.61ct-ceylon-sri-lankan-cushion-blue-sapphire-s31675/
S31676,"$12,049","$2,975",4.05 Ct.,10.87,8.83,4.84,Blue,Vivid,Eye Clean,Oval,Mixed Brilliant Cut,Heat Treated,Ceylon (Sri Lanka),https://www.thenaturalsapphirecompany.com/blue-sapphires/4.05ct-ceylon-sri-lankan-oval-blue-sapphire-s31676/
S31677,"$11,164","$3,145",3.55 Ct.,9.46,7.8,5.58,Blue,Vivid,Very Slightly Included,Oval,Mixed Brilliant Cut,Heat Treated,Ceylon (Sri Lanka),https://www.thenaturalsapphirecompany.com/blue-sapphires/3.55ct-ceylon-sri-lankan-oval-blue-sapphire-s31677/
S48037,"$2,730","$1,300",2.10 Ct.,7.51,5.64,4.54,Color Change,Intense,Slightly Included,Cushion,Mixed Brilliant Cut,No Enhancement,Ceylon (Sri Lanka),https://www.thenaturalsapphirecompany.com/blue-sapphires/2.10ct-ceylon-sri-lankan-cushion-color-change-sapphire-s48037/
B17548,$332,$400,0.83 Ct.,7.07,5.13,3.06,Color Change,Vivid,Very Slightly Included,Oval,Mixed Brilliant Cut,Heat Treated,Ceylon (Sri Lanka),https://www.thenaturalsapphirecompany.com/blue-sapphires/0.83ct-ceylon-sri-lankan-oval-color-change-sapphire-b17548/
B17549,$437,$451,0.97 Ct.,7.14,5.15,3.53,Bluish Purple,Intense,Very Slightly Included,Oval,Mixed Brilliant Cut,Heat Treated,Ceylon (Sri Lanka),https://www.thenaturalsapphirecompany.com/blue-sapphires/0.97ct-ceylon-sri-lankan-oval-bluish-purple-sapphire-b17549/
B17551,$189,$350,0.54 Ct.,6.23,4.17,2.76,Color Change,Dark,Eye Clean,Oval,Mixed Brilliant Cut,Heat Treated,Ceylon (Sri Lanka),https://www.thenaturalsapphirecompany.com/blue-sapphires/0.54ct-ceylon-sri-lankan-oval-color-change-sapphire-b17551/
S45269,"$11,098","$2,890",3.84 Ct.,9.48,6.78,6.34,Blue,Intense,Very Slightly Included,Cushion,Mixed Brilliant Cut,No Enhancement,Ceylon (Sri Lanka),https://www.thenaturalsapphirecompany.com/blue-sapphires/3.84ct-ceylon-sri-lankan-cushion-blue-sapphire-s45269/
B17565,"$6,785","$2,081",3.26 Ct.,9.9,8.34,4.22,Blue,Dark,Very Slightly Included,Oval,Mixed Brilliant Cut,Heat Treated,Ceylon (Sri Lanka),https://www.thenaturalsapphirecompany.com/blue-sapphires/3.26ct-ceylon-sri-lankan-oval-blue-sapphire-b17565/
B17566,"$4,568","$1,872",2.44 Ct.,8.71,7.45,4.57,Blue,Intense,Slightly Included,Pear,Mixed Brilliant Cut,Heat Treated,Ceylon (Sri Lanka),https://www.thenaturalsapphirecompany.com/blue-sapphires/2.44ct-ceylon-sri-lankan-pear-blue-sapphire-b17566/
S8539,"$1,965","$1,500",1.31 Ct.,6.99,6.95,3.83,Blue,Vivid,Very Slightly Included,Round,Mixed Brilliant Cut,Heat Treated,Ceylon (Sri Lanka),https://www.thenaturalsapphirecompany.com/blue-sapphires/1.31ct-ceylon-sri-lankan-round-blue-sapphire-s8539/
S9419,"$9,697","$3,910",2.48 Ct.,7.21,7.21,5.05,Blue,Vivid,Very Slightly Included,Cushion,Mixed Brilliant Cut,Heat Treated,Ceylon (Sri Lanka),https://www.thenaturalsapphirecompany.com/blue-sapphires/2.48ct-ceylon-sri-lankan-cushion-blue-sapphire-s9419/
S9430,"$6,566","$3,608",1.82 Ct.,6.56,6.55,4.65,Blue,Intense,Very Slightly Included,Cushion,Mixed Brilliant Cut,Heat Treated,Ceylon (Sri Lanka),https://www.thenaturalsapphirecompany.com/blue-sapphires/1.82ct-ceylon-sri-lankan-cushion-blue-sapphire-s9430/
S8558,"$26,087","$4,950",5.27 Ct.,12.29,9.71,5.02,Blue,Vivid,Eye Clean,Oval,Mixed Brilliant Cut,Heat Treated,Ceylon (Sri Lanka),https://www.thenaturalsapphirecompany.com/blue-sapphires/5.27ct-ceylon-sri-lankan-oval-blue-sapphire-s8558/
S8561,"$18,444","$8,910",2.07 Ct.,8.21,6.29,4.13,Blue,Vivid,Very Slightly Included,Cushion,Mixed Brilliant Cut,No Enhancement,Ceylon (Sri Lanka),https://www.thenaturalsapphirecompany.com/blue-sapphires/2.07ct-ceylon-sri-lankan-cushion-blue-sapphire-s8561/
S8565,"$9,520","$5,950",1.60 Ct.,8.13,5.92,3.41,Blue,Intense,Eye Clean,Cushion,Mixed Brilliant Cut,No Enhancement,Ceylon (Sri Lanka),https://www.thenaturalsapphirecompany.com/blue-sapphires/1.60ct-ceylon-sri-lankan-cushion-blue-sapphire-s8565/
S8590,"$9,198","$2,035",4.52 Ct.,9.45,7.88,5.92,Bluish Green,Vivid,Eye Clean,Emerald Cut,Emerald Cut,Heat Treated,Ceylon (Sri Lanka),https://www.thenaturalsapphirecompany.com/blue-sapphires/4.52ct-ceylon-sri-lankan-emerald-cut-bluish-green-sapphire-s8590/
U14701,"$11,353","$1,615",7.03 Ct.,10.99,10.95,6.81,Bluish Green,Vivid,Eye Clean,Round,Mixed Brilliant Cut,Heat Treated,Ceylon (Sri Lanka),https://www.thenaturalsapphirecompany.com/blue-sapphires/7.03ct-ceylon-sri-lankan-round-bluish-green-sapphire-u14701/
U14704,$312,$439,0.71 Ct.,6.04,4.52,3.02,Color Change,Dark,Very Slightly Included,Oval,Mixed Brilliant Cut,Heat Treated,Ceylon (Sri Lanka),https://www.thenaturalsapphirecompany.com/blue-sapphires/0.71ct-ceylon-sri-lankan-oval-color-change-sapphire-u14704/
U14708,$120,$200,0.60 Ct.,5.17,3.7,3.08,Bluish Green,Intense,Very Slightly Included,Emerald Cut,Emerald Cut,Heat Treated,Ceylon (Sri Lanka),https://www.thenaturalsapphirecompany.com/blue-sapphires/0.60ct-ceylon-sri-lankan-emerald-cut-bluish-green-sapphire-u14708/
S47564,$690,$570,1.21 Ct.,7.31,5.38,3.42,Bluish Green,Intense,Very Slightly Included,Oval,Mixed Brilliant Cut,Heat Treated,Madagascar,https://www.thenaturalsapphirecompany.com/blue-sapphires/1.21ct-madagascar-oval-bluish-green-sapphire-s47564/
S47747,"$1,500","$1,339",1.12 Ct.,6.17,4.67,3.9,Blue,Intense,Slightly Included,Radiant,Radiant Cut,Heat Treated,Ceylon (Sri Lanka),https://www.thenaturalsapphirecompany.com/blue-sapphires/1.12ct-ceylon-sri-lankan-radiant-blue-sapphire-s47747/
B5745,"$16,779","$5,100",3.29 Ct.,9.58,6.83,5.88,Blue,Vivid,Very Slightly Included,Oval,Mixed Brilliant Cut,No Enhancement,Madagascar,https://www.thenaturalsapphirecompany.com/blue-sapphires/3.29ct-madagascar-oval-blue-sapphire-b5745/
S14270,"$22,869","$3,713",6.16 Ct.,10.57,10.31,6.43,Blue,Intense,Eye Clean,Cushion,Mixed Brilliant Cut,Heat Treated,Ceylon (Sri Lanka),https://www.thenaturalsapphirecompany.com/blue-sapphires/6.16ct-ceylon-sri-lankan-cushion-blue-sapphire-s14270/
B17532,$228,$351,0.65 Ct.,6.68,4.58,2.97,Color Change,Dark,Very Slightly Included,Oval,Mixed Brilliant Cut,Heat Treated,Ceylon (Sri Lanka),https://www.thenaturalsapphirecompany.com/blue-sapphires/0.65ct-ceylon-sri-lankan-oval-color-change-sapphire-b17532/
B17533,$228,$351,0.65 Ct.,6.02,4.07,3.43,Color Change,Vivid,Eye Clean,Oval,Mixed Brilliant Cut,Heat Treated,Ceylon (Sri Lanka),https://www.thenaturalsapphirecompany.com/blue-sapphires/0.65ct-ceylon-sri-lankan-oval-color-change-sapphire-b17533/
B17535,$152,$220,0.69 Ct.,6.58,4.65,3.15,Blue,Intense,Very Slightly Included,Oval,Mixed Brilliant Cut,Heat Treated,Ceylon (Sri Lanka),https://www.thenaturalsapphirecompany.com/blue-sapphires/0.69ct-ceylon-sri-lankan-oval-blue-sapphire-b17535/
B17536,$304,$400,0.76 Ct.,6.69,4.52,3.19,Blue,Vivid,Eye Clean,Oval,Mixed Brilliant Cut,Heat Treated,Ceylon (Sri Lanka),https://www.thenaturalsapphirecompany.com/blue-sapphires/0.76ct-ceylon-sri-lankan-oval-blue-sapphire-b17536/
B17546,$385,$550,0.70 Ct.,6.67,4.65,3.03,Purplish Blue,Intense,Slightly Included,Oval,Mixed Brilliant Cut,No Enhancement,Ceylon (Sri Lanka),https://www.thenaturalsapphirecompany.com/blue-sapphires/0.70ct-ceylon-sri-lankan-oval-purplish-blue-sapphire-b17546/
B17547,$277,$351,0.79 Ct.,7.05,4.99,2.83,Purplish Blue,Intense,Eye Clean,Oval,Mixed Brilliant Cut,Heat Treated,Ceylon (Sri Lanka),https://www.thenaturalsapphirecompany.com/blue-sapphires/0.79ct-ceylon-sri-lankan-oval-purplish-blue-sapphire-b17547/
S47651,"$3,520","$1,000",3.52 Ct.,9.46,6.99,5.17,Color Change,Medium,Very Slightly Included,Emerald Cut,Emerald Cut,Heat Treated,East Africa,https://www.thenaturalsapphirecompany.com/blue-sapphires/3.52ct-east-african-emerald-cut-color-change-sapphire-s47651/
S47654,"$3,470","$1,350",2.57 Ct.,10.27,7.5,3.83,Bluish Green,Intense,Eye Clean,Oval,Mixed Brilliant Cut,Heat Treated,Madagascar,https://www.thenaturalsapphirecompany.com/blue-sapphires/2.57ct-madagascar-oval-bluish-green-sapphire-s47654/
S47655,$699,$518,1.35 Ct.,7.15,6.11,4.16,Bluish Green,Intense,Slightly Included,Pear,Mixed Brilliant Cut,No Enhancement,Africa,https://www.thenaturalsapphirecompany.com/blue-sapphires/1.35ct-african-pear-bluish-green-sapphire-s47655/
S47656,$700,$534,1.31 Ct.,6.84,5.57,3.8,Greenish Blue,Intense,Slightly Included,Cushion,Mixed Brilliant Cut,No Enhancement,Africa,https://www.thenaturalsapphirecompany.com/blue-sapphires/1.31ct-african-cushion-greenish-blue-sapphire-s47656/
S47657,$600,$541,1.11 Ct.,6.59,5.14,3.36,Bluish Green,Intense,Very Slightly Included,Radiant,Radiant Cut,No Enhancement,Africa,https://www.thenaturalsapphirecompany.com/blue-sapphires/1.11ct-african-radiant-bluish-green-sapphire-s47657/
S47658,$599,$576,1.04 Ct.,6.94,5.14,3.64,Bluish Green,Intense,Slightly Included,Oval,Mixed Brilliant Cut,No Enhancement,Africa,https://www.thenaturalsapphirecompany.com/blue-sapphires/1.04ct-african-oval-bluish-green-sapphire-s47658/
S47659,$600,$600,1.00 Ct.,5.66,5.71,3.75,Greenish Blue,Intense,Slightly Included,Round,Mixed Brilliant Cut,No Enhancement,Africa,https://www.thenaturalsapphirecompany.com/blue-sapphires/1.00ct-african-round-greenish-blue-sapphire-s47659/
S47661,$601,$546,1.10 Ct.,5.84,5.39,3.68,Bluish Green,Intense,Eye Clean,Fancy,Step Cut,No Enhancement,Africa,https://www.thenaturalsapphirecompany.com/blue-sapphires/1.10ct-african-fancy-bluish-green-sapphire-s47661/
S47663,$651,$556,1.17 Ct.,6.66,4.96,3.49,Greenish Blue,Intense,Eye Clean,Emerald Cut,Emerald Cut,No Enhancement,Africa,https://www.thenaturalsapphirecompany.com/blue-sapphires/1.17ct-african-emerald-cut-greenish-blue-sapphire-s47663/
S47666,$995,$930,1.07 Ct.,6.52,4.56,3.47,Greenish Blue,Intense,Eye Clean,Cushion,Mixed Brilliant Cut,No Enhancement,Madagascar,https://www.thenaturalsapphirecompany.com/blue-sapphires/1.07ct-madagascar-cushion-greenish-blue-sapphire-s47666/
S47667,"$11,886","$3,910",3.04 Ct.,1,1,1,Blue,Vivid,Eye Clean,Oval,Mixed Brilliant Cut,Heat Treated,Ceylon (Sri Lanka),https://www.thenaturalsapphirecompany.com/blue-sapphires/3.04ct-ceylon-sri-lankan-oval-blue-sapphire-s47667/
S47668,"$1,199","$1,090",1.10 Ct.,5.74,4.59,4.33,Blue,Medium,Very Very Slightly Included,Emerald Cut,Emerald Cut,Heat Treated,Tanzania,https://www.thenaturalsapphirecompany.com/blue-sapphires/1.10ct-tanzanian-emerald-cut-blue-sapphire-s47668/
S47670,"$1,700","$1,405",1.21 Ct.,7.44,5.05,3.94,Purplish Blue,Intense,Very Slightly Included,Oval,Mixed Brilliant Cut,No Enhancement,Tanzania,https://www.thenaturalsapphirecompany.com/blue-sapphires/1.21ct-tanzanian-oval-purplish-blue-sapphire-s47670/
S47671,"$2,000","$1,770",1.13 Ct.,5.94,6.78,3.97,Blue,Medium,Very Very Slightly Included,Heart,Mixed Brilliant Cut,No Enhancement,Tanzania,https://www.thenaturalsapphirecompany.com/blue-sapphires/1.13ct-tanzanian-heart-blue-sapphire-s47671/
S47672,"$1,000",$610,1.64 Ct.,7.76,6.28,4.12,Blue,Light,Slightly Included,Oval,Mixed Brilliant Cut,No Enhancement,Madagascar,https://www.thenaturalsapphirecompany.com/blue-sapphires/1.64ct-madagascar-oval-blue-sapphire-s47672/
S47674,$500,$490,1.02 Ct.,5.77,4.97,3.7,Bluish Green,Intense,Very Slightly Included,Asscher - Octagon,Asscher Cut,Heat Treated,Madagascar,https://www.thenaturalsapphirecompany.com/blue-sapphires/1.02ct-madagascar-asscher-octagon-bluish-green-sapphire-s47674/
S10159,"$9,163","$3,607",2.54 Ct.,7.92,7.06,5.02,Blue,Intense,Eye Clean,Cushion,Mixed Brilliant Cut,Heat Treated,Ceylon (Sri Lanka),https://www.thenaturalsapphirecompany.com/blue-sapphires/2.54ct-ceylon-sri-lankan-cushion-blue-sapphire-s10159/
S8487,"$17,718","$4,290",4.13 Ct.,9.85,7.73,6.39,Color Change,Medium,Eye Clean,Oval,Mixed Brilliant Cut,No Enhancement,Ceylon (Sri Lanka),https://www.thenaturalsapphirecompany.com/blue-sapphires/4.13ct-ceylon-sri-lankan-oval-color-change-sapphire-s8487/
S8503,"$8,714","$2,775",3.14 Ct.,10.55,7.11,5.72,Blue,Vivid,Very Slightly Included,Pear,Mixed Brilliant Cut,Heat Treated,Ceylon (Sri Lanka),https://www.thenaturalsapphirecompany.com/blue-sapphires/3.14ct-ceylon-sri-lankan-pear-blue-sapphire-s8503/
S8504,"$5,108","$2,035",2.51 Ct.,10.63,6.58,4.63,Blue,Intense,Very Slightly Included,Pear,Mixed Brilliant Cut,Heat Treated,Ceylon (Sri Lanka),https://www.thenaturalsapphirecompany.com/blue-sapphires/2.51ct-ceylon-sri-lankan-pear-blue-sapphire-s8504/
S8509,"$2,166","$1,900",1.14 Ct.,6.86,5.21,3.46,Blue,Intense,Very Slightly Included,Cushion,Mixed Brilliant Cut,Heat Treated,Ceylon (Sri Lanka),https://www.thenaturalsapphirecompany.com/blue-sapphires/1.14ct-ceylon-sri-lankan-cushion-blue-sapphire-s8509/
S8520,"$7,048","$2,775",2.54 Ct.,8.94,7.54,4.12,Blue,Intense,Very Slightly Included,Oval,Mixed Brilliant Cut,Heat Treated,Ceylon (Sri Lanka),https://www.thenaturalsapphirecompany.com/blue-sapphires/2.54ct-ceylon-sri-lankan-oval-blue-sapphire-s8520/
S8524,"$6,638","$2,220",2.99 Ct.,8.94,8.02,5.01,Blue,Vivid,Slightly Included,Oval,Mixed Brilliant Cut,Heat Treated,Ceylon (Sri Lanka),https://www.thenaturalsapphirecompany.com/blue-sapphires/2.99ct-ceylon-sri-lankan-oval-blue-sapphire-s8524/
S8529,"$2,928","$1,600",1.83 Ct.,7.89,6.23,4.58,Blue,Intense,Very Slightly Included,Oval,Mixed Brilliant Cut,Heat Treated,Ceylon (Sri Lanka),https://www.thenaturalsapphirecompany.com/blue-sapphires/1.83ct-ceylon-sri-lankan-oval-blue-sapphire-s8529/
B17485,"$9,901","$4,420",2.24 Ct.,8.96,6.67,4.15,Blue,Intense,Very Slightly Included,Cushion,Mixed Brilliant Cut,No Enhancement,Ceylon (Sri Lanka),https://www.thenaturalsapphirecompany.com/blue-sapphires/2.24ct-ceylon-sri-lankan-cushion-blue-sapphire-b17485/
B17492,$311,$451,0.69 Ct.,6.98,4.89,3.19,Blue,Intense,Very Slightly Included,Pear,Mixed Brilliant Cut,Heat Treated,Ceylon (Sri Lanka),https://www.thenaturalsapphirecompany.com/blue-sapphires/0.69ct-ceylon-sri-lankan-pear-blue-sapphire-b17492/
B17493,$320,$400,0.80 Ct.,6.66,4.64,3.46,Blue,Intense,Eye Clean,Oval,Mixed Brilliant Cut,Heat Treated,Ceylon (Sri Lanka),https://www.thenaturalsapphirecompany.com/blue-sapphires/0.80ct-ceylon-sri-lankan-oval-blue-sapphire-b17493/
B17496,$245,$350,0.70 Ct.,7,4.98,3.14,Blue,Medium,Very Slightly Included,Pear,Mixed Brilliant Cut,Heat Treated,Ceylon (Sri Lanka),https://www.thenaturalsapphirecompany.com/blue-sapphires/0.70ct-ceylon-sri-lankan-pear-blue-sapphire-b17496/
B17498,$329,$451,0.73 Ct.,6.98,5.14,3.28,Blue,Intense,Very Slightly Included,Pear,Mixed Brilliant Cut,Heat Treated,Ceylon (Sri Lanka),https://www.thenaturalsapphirecompany.com/blue-sapphires/0.73ct-ceylon-sri-lankan-pear-blue-sapphire-b17498/
B17499,$333,$450,0.74 Ct.,7.13,5.19,3.22,Blue,Intense,Very Slightly Included,Pear,Mixed Brilliant Cut,Heat Treated,Ceylon (Sri Lanka),https://www.thenaturalsapphirecompany.com/blue-sapphires/0.74ct-ceylon-sri-lankan-pear-blue-sapphire-b17499/
B17500,$338,$451,0.75 Ct.,7,5.07,3.26,Blue,Intense,Very Slightly Included,Pear,Mixed Brilliant Cut,Heat Treated,Ceylon (Sri Lanka),https://www.thenaturalsapphirecompany.com/blue-sapphires/0.75ct-ceylon-sri-lankan-pear-blue-sapphire-b17500/
B17501,$338,$451,0.75 Ct.,6.91,5.05,3.45,Blue,Intense,Very Slightly Included,Pear,Mixed Brilliant Cut,Heat Treated,Ceylon (Sri Lanka),https://www.thenaturalsapphirecompany.com/blue-sapphires/0.75ct-ceylon-sri-lankan-pear-blue-sapphire-b17501/
B17514,$410,$651,0.63 Ct.,5.53,5.78,3.26,Blue,Vivid,Very Slightly Included,Trillion,Trillion Cut,Heat Treated,Ceylon (Sri Lanka),https://www.thenaturalsapphirecompany.com/blue-sapphires/0.63ct-ceylon-sri-lankan-trillion-blue-sapphire-b17514/
B17515,$256,$351,0.73 Ct.,5.52,5.38,3.53,Blue,Light,Slightly Included,Trillion,Trillion Cut,Heat Treated,Ceylon (Sri Lanka),https://www.thenaturalsapphirecompany.com/blue-sapphires/0.73ct-ceylon-sri-lankan-trillion-blue-sapphire-b17515/
B17517,$664,$800,0.83 Ct.,6.06,5.96,3.32,Blue,Vivid,Slightly Included,Trillion,Trillion Cut,Heat Treated,Ceylon (Sri Lanka),https://www.thenaturalsapphirecompany.com/blue-sapphires/0.83ct-ceylon-sri-lankan-trillion-blue-sapphire-b17517/
B17521,$540,$600,0.90 Ct.,6.02,6.1,3.69,Blue,Intense,Very Slightly Included,Trillion,Trillion Cut,Heat Treated,Ceylon (Sri Lanka),https://www.thenaturalsapphirecompany.com/blue-sapphires/0.90ct-ceylon-sri-lankan-trillion-blue-sapphire-b17521/
B17527,"$7,187","$3,237",2.22 Ct.,7.85,7.64,4.19,Blue,Vivid,Eye Clean,Cushion,Mixed Brilliant Cut,Heat Treated,Ceylon (Sri Lanka),https://www.thenaturalsapphirecompany.com/blue-sapphires/2.22ct-ceylon-sri-lankan-cushion-blue-sapphire-b17527/
B17465,"$4,870","$3,607",1.35 Ct.,6.66,5.27,4.03,Blue,Intense,Very Slightly Included,Emerald Cut,Emerald Cut,Heat Treated,Ceylon (Sri Lanka),https://www.thenaturalsapphirecompany.com/blue-sapphires/1.35ct-ceylon-sri-lankan-emerald-cut-blue-sapphire-b17465/
B17466,"$2,970","$2,700",1.10 Ct.,6.79,5.4,3.75,Blue,Vivid,Very Slightly Included,Oval,Mixed Brilliant Cut,Heat Treated,Ceylon (Sri Lanka),https://www.thenaturalsapphirecompany.com/blue-sapphires/1.10ct-ceylon-sri-lankan-oval-blue-sapphire-b17466/
S34456,$551,$592,0.93 Ct.,6.84,4.71,4.09,Bluish Green,Intense,Very Slightly Included,Pear,Mixed Brilliant Cut,Heat Treated,Madagascar,https://www.thenaturalsapphirecompany.com/blue-sapphires/0.93ct-madagascar-pear-bluish-green-sapphire-s34456/
S34457,$799,$754,1.06 Ct.,7.87,5.17,3.49,Bluish Green,Medium,Very Slightly Included,Pear,Mixed Brilliant Cut,Heat Treated,Madagascar,https://www.thenaturalsapphirecompany.com/blue-sapphires/1.06ct-madagascar-pear-bluish-green-sapphire-s34457/
S34458,$701,$708,0.99 Ct.,6.63,5.42,3.27,Bluish Green,Intense,Very Slightly Included,Oval,Mixed Brilliant Cut,Heat Treated,Madagascar,https://www.thenaturalsapphirecompany.com/blue-sapphires/0.99ct-madagascar-oval-bluish-green-sapphire-s34458/
S34459,"$1,100",$982,1.12 Ct.,6.94,5.12,3.75,Bluish Green,Vivid,Very Slightly Included,Oval,Mixed Brilliant Cut,Heat Treated,Madagascar,https://www.thenaturalsapphirecompany.com/blue-sapphires/1.12ct-madagascar-oval-bluish-green-sapphire-s34459/
S3446,$174,$300,0.58 Ct.,6.11,4.18,2.98,Blue,Medium,Very Slightly Included,Oval,Mixed Brilliant Cut,Heat Treated,Ceylon (Sri Lanka),https://www.thenaturalsapphirecompany.com/blue-sapphires/0.58ct-ceylon-sri-lankan-oval-blue-sapphire-s3446/
S37840,"$3,088","$1,600",1.93 Ct.,6.87,6.5,4.68,Blue,Light,Eye Clean,Asscher - Octagon,Asscher Cut,No Enhancement,Ceylon (Sri Lanka),https://www.thenaturalsapphirecompany.com/blue-sapphires/1.93ct-ceylon-sri-lankan-asscher-octagon-blue-sapphire-s37840/
S37844,"$3,328","$1,600",2.08 Ct.,7.67,7.83,4.28,Blue,Intense,Very Slightly Included,Heart,Mixed Brilliant Cut,No Enhancement,Ceylon (Sri Lanka),https://www.thenaturalsapphirecompany.com/blue-sapphires/2.08ct-ceylon-sri-lankan-heart-blue-sapphire-s37844/
S37845,"$2,392","$1,450",1.65 Ct.,7.02,6.38,4.15,Blue,Medium,Very Very Slightly Included,Cushion,Mixed Brilliant Cut,No Enhancement,Ceylon (Sri Lanka),https://www.thenaturalsapphirecompany.com/blue-sapphires/1.65ct-ceylon-sri-lankan-cushion-blue-sapphire-s37845/
S37846,"$2,170","$1,400",1.55 Ct.,6.23,6.01,4,Blue,Light,Very Very Slightly Included,Princess,Princess Cut,No Enhancement,Ceylon (Sri Lanka),https://www.thenaturalsapphirecompany.com/blue-sapphires/1.55ct-ceylon-sri-lankan-princess-blue-sapphire-s37846/
S37856,"$3,500","$1,400",2.50 Ct.,8.51,6.3,4.79,Bluish Green,Intense,Very Slightly Included,Emerald Cut,Emerald Cut,Heat Treated,Madagascar,https://www.thenaturalsapphirecompany.com/blue-sapphires/2.50ct-madagascar-emerald-cut-bluish-green-sapphire-s37856/
S40962,$494,$350,1.41 Ct.,6.24,5.36,4.27,Bluish Green,Intense,Very Very Slightly Included,Cushion,Mixed Brilliant Cut,Heat Treated,Africa,https://www.thenaturalsapphirecompany.com/blue-sapphires/1.41ct-african-cushion-bluish-green-sapphire-s40962/
S40969,$698,$450,1.55 Ct.,7.86,5.54,4.18,Bluish Green,Intense,Very Very Slightly Included,Oval,Mixed Brilliant Cut,No Enhancement,Africa,https://www.thenaturalsapphirecompany.com/blue-sapphires/1.55ct-african-oval-bluish-green-sapphire-s40969/
S40972,$300,$357,0.84 Ct.,6.54,4.89,3.67,Blue,Medium,Very Slightly Included,Pear,Mixed Brilliant Cut,No Enhancement,Ceylon (Sri Lanka),https://www.thenaturalsapphirecompany.com/blue-sapphires/0.84ct-ceylon-sri-lankan-pear-blue-sapphire-s40972/
S40973,$220,$489,0.45 Ct.,4.94,5.83,2.66,Blue,Intense,Very Very Slightly Included,Fancy,Step Cut,No Enhancement,Ceylon (Sri Lanka),https://www.thenaturalsapphirecompany.com/blue-sapphires/0.45ct-ceylon-sri-lankan-fancy-blue-sapphire-s40973/
S40974,$800,$516,1.55 Ct.,7.08,5.31,3.53,Blue,Dark,Very Very Slightly Included,Emerald Cut,Emerald Cut,No Enhancement,Ceylon (Sri Lanka),https://www.thenaturalsapphirecompany.com/blue-sapphires/1.55ct-ceylon-sri-lankan-emerald-cut-blue-sapphire-s40974/
S40975,$360,$387,0.93 Ct.,6.73,4.05,4.11,Blue,Medium,Slightly Included,Pear,Mixed Brilliant Cut,No Enhancement,Ceylon (Sri Lanka),https://www.thenaturalsapphirecompany.com/blue-sapphires/0.93ct-ceylon-sri-lankan-pear-blue-sapphire-s40975/
S40978,"$103,932","$7,345",14.15 Ct.,16.6,12.58,8.01,Blue,Vivid,Eye Clean,Oval,Mixed Brilliant Cut,Heat Treated,Ceylon (Sri Lanka),https://www.thenaturalsapphirecompany.com/blue-sapphires/14.15ct-ceylon-sri-lankan-oval-blue-sapphire-s40978/
S40980,"$5,672","$2,590",2.19 Ct.,8.24,6.57,4.99,Blue,Vivid,Very Very Slightly Included,Oval,Mixed Brilliant Cut,Heat Treated,Ceylon (Sri Lanka),https://www.thenaturalsapphirecompany.com/blue-sapphires/2.19ct-ceylon-sri-lankan-oval-blue-sapphire-s40980/
S43623,"$2,110","$1,000",2.11 Ct.,11.75,6.03,3.84,Greenish Blue,Intense,Slightly Included,Marquise,Mixed Brilliant Cut,No Enhancement,Madagascar,https://www.thenaturalsapphirecompany.com/blue-sapphires/2.11ct-madagascar-marquise-greenish-blue-sapphire-s43623/
S43627,$392,$400,0.98 Ct.,6.86,5.11,3.49,Blue,Intense,Slightly Included,Oval,Mixed Brilliant Cut,No Enhancement,Ceylon (Sri Lanka),https://www.thenaturalsapphirecompany.com/blue-sapphires/0.98ct-ceylon-sri-lankan-oval-blue-sapphire-s43627/
S43634,"$1,674","$1,080",1.55 Ct.,7.36,5.38,3.73,Blue,Light,Eye Clean,Emerald Cut,Emerald Cut,Heat Treated,Ceylon (Sri Lanka),https://www.thenaturalsapphirecompany.com/blue-sapphires/1.55ct-ceylon-sri-lankan-emerald-cut-blue-sapphire-s43634/
S43635,$196,$200,0.98 Ct.,5.72,5.73,3.83,Bluish Green,Intense,Slightly Included,Round,Mixed Brilliant Cut,Heat Treated,Madagascar,https://www.thenaturalsapphirecompany.com/blue-sapphires/0.98ct-madagascar-round-bluish-green-sapphire-s43635/
S43636,$372,$300,1.24 Ct.,6.83,4.84,3.27,Bluish Green,Intense,Very Slightly Included,Emerald Cut,Emerald Cut,No Enhancement,Madagascar,https://www.thenaturalsapphirecompany.com/blue-sapphires/1.24ct-madagascar-emerald-cut-bluish-green-sapphire-s43636/
S43638,$660,$500,1.32 Ct.,7.33,4.65,3.7,Greenish Blue,Intense,Slightly Included,Emerald Cut,Emerald Cut,No Enhancement,Madagascar,https://www.thenaturalsapphirecompany.com/blue-sapphires/1.32ct-madagascar-emerald-cut-greenish-blue-sapphire-s43638/
S45630,$210,$158,1.33 Ct.,7.55,4.65,3.6,Blue,Intense,Slightly Included,Emerald Cut,Checkerboard Cut,No Enhancement,Ceylon (Sri Lanka),https://www.thenaturalsapphirecompany.com/blue-sapphires/1.33ct-ceylon-sri-lankan-emerald-cut-blue-sapphire-s45630/
S45632,$140,$341,0.41 Ct.,4.69,3.64,2.56,Blue,Intense,Very Slightly Included,Emerald Cut,Emerald Cut,No Enhancement,Ceylon (Sri Lanka),https://www.thenaturalsapphirecompany.com/blue-sapphires/0.41ct-ceylon-sri-lankan-emerald-cut-blue-sapphire-s45632/
S45633,$100,$164,0.61 Ct.,5.07,3.59,3.19,Violet,Intense,Slightly Included,Emerald Cut,Emerald Cut,No Enhancement,Ceylon (Sri Lanka),https://www.thenaturalsapphirecompany.com/blue-sapphires/0.61ct-ceylon-sri-lankan-emerald-cut-violet-sapphire-s45633/
S45634,$80,$113,0.71 Ct.,6.05,4.82,3.24,Violet,Intense,Very Very Slightly Included,Pear,Mixed Brilliant Cut,No Enhancement,Ceylon (Sri Lanka),https://www.thenaturalsapphirecompany.com/blue-sapphires/0.71ct-ceylon-sri-lankan-pear-violet-sapphire-s45634/
S45635,$120,$240,0.50 Ct.,4.86,4.37,3.17,Blue,Medium,Very Very Slightly Included,Oval,Mixed Brilliant Cut,No Enhancement,Ceylon (Sri Lanka),https://www.thenaturalsapphirecompany.com/blue-sapphires/0.50ct-ceylon-sri-lankan-oval-blue-sapphire-s45635/
B17467,"$3,570","$3,500",1.02 Ct.,6.45,4.95,3.2,Blue,Vivid,Very Slightly Included,Emerald Cut,Emerald Cut,Heat Treated,Ceylon (Sri Lanka),https://www.thenaturalsapphirecompany.com/blue-sapphires/1.02ct-ceylon-sri-lankan-emerald-cut-blue-sapphire-b17467/
B17472,"$2,646","$2,700",0.98 Ct.,6.02,5.96,3.65,Blue,Vivid,Very Slightly Included,Round,Mixed Brilliant Cut,Heat Treated,Ceylon (Sri Lanka),https://www.thenaturalsapphirecompany.com/blue-sapphires/0.98ct-ceylon-sri-lankan-round-blue-sapphire-b17472/
B17473,"$2,295","$2,700",0.85 Ct.,5.99,5.96,3.13,Blue,Intense,Eye Clean,Round,Mixed Brilliant Cut,Heat Treated,Ceylon (Sri Lanka),https://www.thenaturalsapphirecompany.com/blue-sapphires/0.85ct-ceylon-sri-lankan-round-blue-sapphire-b17473/
B17395,"$13,359","$3,315",4.03 Ct.,8.56,7.8,6.41,Blue,Vivid,Very Slightly Included,Cushion,Mixed Brilliant Cut,Heat Treated,Madagascar,https://www.thenaturalsapphirecompany.com/blue-sapphires/4.03ct-madagascar-cushion-blue-sapphire-b17395/
B17322,$340,$500,0.68 Ct.,5.19,4.24,3.5,Blue,Intense,Eye Clean,Radiant,Radiant Cut,Heat Treated,Ceylon (Sri Lanka),https://www.thenaturalsapphirecompany.com/blue-sapphires/0.68ct-ceylon-sri-lankan-radiant-blue-sapphire-b17322/
S20954,"$3,434","$1,126",3.05 Ct.,15,7.4,3.58,Bluish Green,Dark,Very Slightly Included,Marquise,Mixed Brilliant Cut,Heat Treated,Ceylon (Sri Lanka),https://www.thenaturalsapphirecompany.com/blue-sapphires/3.05ct-ceylon-sri-lankan-marquise-bluish-green-sapphire-s20954/
S20955,"$2,346","$2,300",1.02 Ct.,6.88,4.95,3.32,Blue,Vivid,Eye Clean,Emerald Cut,Emerald Cut,Heat Treated,Ceylon (Sri Lanka),https://www.thenaturalsapphirecompany.com/blue-sapphires/1.02ct-ceylon-sri-lankan-emerald-cut-blue-sapphire-s20955/
B17356,$864,$800,1.08 Ct.,8.32,5,3.32,Blue,Intense,Very Slightly Included,Pear,Mixed Brilliant Cut,No Enhancement,Ceylon (Sri Lanka),https://www.thenaturalsapphirecompany.com/blue-sapphires/1.08ct-ceylon-sri-lankan-pear-blue-sapphire-b17356/
B17425,"$6,083","$2,692",2.26 Ct.,7.54,7.31,4.76,Blue,Vivid,Very Slightly Included,Cushion,Mixed Brilliant Cut,Heat Treated,Ceylon (Sri Lanka),https://www.thenaturalsapphirecompany.com/blue-sapphires/2.26ct-ceylon-sri-lankan-cushion-blue-sapphire-b17425/
B17461,"$4,579","$3,053",1.50 Ct.,6.59,5.98,4.49,Blue,Vivid,Very Slightly Included,Cushion,Mixed Brilliant Cut,Heat Treated,Ceylon (Sri Lanka),https://www.thenaturalsapphirecompany.com/blue-sapphires/1.50ct-ceylon-sri-lankan-cushion-blue-sapphire-b17461/
B17436,"$9,529","$3,145",3.03 Ct.,9.74,8.12,4.03,Blue,Vivid,Very Slightly Included,Cushion,Mixed Brilliant Cut,Heat Treated,Ceylon (Sri Lanka),https://www.thenaturalsapphirecompany.com/blue-sapphires/3.03ct-ceylon-sri-lankan-cushion-blue-sapphire-b17436/
S30470,"$4,348","$1,850",2.35 Ct.,7.42,6.63,5.42,Blue,Medium,Very Very Slightly Included,Cushion,Mixed Brilliant Cut,Heat Treated,Ceylon (Sri Lanka),https://www.thenaturalsapphirecompany.com/blue-sapphires/2.35ct-ceylon-sri-lankan-cushion-blue-sapphire-s30470/
S30471,"$3,810","$1,500",2.54 Ct.,7.63,7.41,4.61,Blue,Vivid,Very Very Slightly Included,Cushion,Mixed Brilliant Cut,Heat Treated,Ceylon (Sri Lanka),https://www.thenaturalsapphirecompany.com/blue-sapphires/2.54ct-ceylon-sri-lankan-cushion-blue-sapphire-s30471/
S30472,"$3,811","$1,850",2.06 Ct.,6.96,6.13,5.04,Blue,Vivid,Very Very Slightly Included,Cushion,Mixed Brilliant Cut,Heat Treated,Ceylon (Sri Lanka),https://www.thenaturalsapphirecompany.com/blue-sapphires/2.06ct-ceylon-sri-lankan-cushion-blue-sapphire-s30472/
S30475,"$1,424",$800,1.78 Ct.,6.96,6.79,4.1,Blue,Light,Very Very Slightly Included,Cushion,Mixed Brilliant Cut,No Enhancement,Ceylon (Sri Lanka),https://www.thenaturalsapphirecompany.com/blue-sapphires/1.78ct-ceylon-sri-lankan-cushion-blue-sapphire-s30475/
S30476,"$1,000",$800,1.25 Ct.,5.72,4.87,4.34,Blue,Vivid,Very Very Slightly Included,Emerald Cut,Emerald Cut,No Enhancement,Ceylon (Sri Lanka),https://www.thenaturalsapphirecompany.com/blue-sapphires/1.25ct-ceylon-sri-lankan-emerald-cut-blue-sapphire-s30476/
S30477,"$2,320","$1,600",1.45 Ct.,7.69,5.25,3.15,Blue,Medium,Very Very Slightly Included,Emerald Cut,Emerald Cut,No Enhancement,Ceylon (Sri Lanka),https://www.thenaturalsapphirecompany.com/blue-sapphires/1.45ct-ceylon-sri-lankan-emerald-cut-blue-sapphire-s30477/
B17197,"$2,508","$2,200",1.14 Ct.,6.7,5.94,3.68,Blue,Intense,Very Slightly Included,Oval,Mixed Brilliant Cut,No Enhancement,Ceylon (Sri Lanka),https://www.thenaturalsapphirecompany.com/blue-sapphires/1.14ct-ceylon-sri-lankan-oval-blue-sapphire-b17197/
B17201,"$1,547","$1,300",1.19 Ct.,7.21,4.97,3.7,Blue,Vivid,Very Slightly Included,Oval,Mixed Brilliant Cut,Heat Treated,Ceylon (Sri Lanka),https://www.thenaturalsapphirecompany.com/blue-sapphires/1.19ct-ceylon-sri-lankan-oval-blue-sapphire-b17201/
B17208,"$1,340","$1,000",1.34 Ct.,7.58,5.92,3.19,Blue,Intense,Slightly Included,Oval,Mixed Brilliant Cut,Heat Treated,Ceylon (Sri Lanka),https://www.thenaturalsapphirecompany.com/blue-sapphires/1.34ct-ceylon-sri-lankan-oval-blue-sapphire-b17208/
B17217,"$4,090","$2,035",2.01 Ct.,7.63,6.44,5.01,Blue,Intense,Very Slightly Included,Oval,Mixed Brilliant Cut,No Enhancement,Ceylon (Sri Lanka),https://www.thenaturalsapphirecompany.com/blue-sapphires/2.01ct-ceylon-sri-lankan-oval-blue-sapphire-b17217/
B17256,"$4,468","$1,943",2.30 Ct.,6.88,6.31,5.62,Blue,Intense,Very Slightly Included,Cushion,Mixed Brilliant Cut,No Enhancement,Ceylon (Sri Lanka),https://www.thenaturalsapphirecompany.com/blue-sapphires/2.30ct-ceylon-sri-lankan-cushion-blue-sapphire-b17256/
B17262,$640,$800,0.80 Ct.,5.32,5.25,3.88,Blue,Vivid,Very Slightly Included,Round,Mixed Brilliant Cut,Heat Treated,Ceylon (Sri Lanka),https://www.thenaturalsapphirecompany.com/blue-sapphires/0.80ct-ceylon-sri-lankan-round-blue-sapphire-b17262/
B17267,"$1,356","$1,200",1.13 Ct.,6.62,6.29,3.53,Blue,Intense,Very Slightly Included,Round,Mixed Brilliant Cut,No Enhancement,Ceylon (Sri Lanka),https://www.thenaturalsapphirecompany.com/blue-sapphires/1.13ct-ceylon-sri-lankan-round-blue-sapphire-b17267/
B17290,"$6,327","$2,775",2.28 Ct.,8.89,6.54,4.74,Blue,Intense,Slightly Included,Oval,Mixed Brilliant Cut,No Enhancement,Ceylon (Sri Lanka),https://www.thenaturalsapphirecompany.com/blue-sapphires/2.28ct-ceylon-sri-lankan-oval-blue-sapphire-b17290/
B17291,"$3,960","$2,000",1.98 Ct.,8.55,6.5,4.62,Blue,Intense,Very Slightly Included,Oval,Mixed Brilliant Cut,No Enhancement,Ceylon (Sri Lanka),https://www.thenaturalsapphirecompany.com/blue-sapphires/1.98ct-ceylon-sri-lankan-oval-blue-sapphire-b17291/
B17306,"$6,172","$2,220",2.78 Ct.,8.31,6.87,5.43,Blue,Intense,Very Slightly Included,Cushion,Mixed Brilliant Cut,Heat Treated,Ceylon (Sri Lanka),https://www.thenaturalsapphirecompany.com/blue-sapphires/2.78ct-ceylon-sri-lankan-cushion-blue-sapphire-b17306/
S25212,"$4,293","$3,608",1.19 Ct.,6.26,5.21,3.84,Blue,Vivid,Very Very Slightly Included,Emerald Cut,Emerald Cut,Heat Treated,Ceylon (Sri Lanka),https://www.thenaturalsapphirecompany.com/blue-sapphires/1.19ct-ceylon-sri-lankan-emerald-cut-blue-sapphire-s25212/
S26206,"$4,296","$1,665",2.58 Ct.,7.6,6.68,4.96,Blue,Medium,Very Very Slightly Included,Cushion,Mixed Brilliant Cut,Heat Treated,Ceylon (Sri Lanka),https://www.thenaturalsapphirecompany.com/blue-sapphires/2.58ct-ceylon-sri-lankan-cushion-blue-sapphire-s26206/
S25388,"$3,780","$3,500",1.08 Ct.,7.16,5.15,3.62,Blue,Intense,Very Very Slightly Included,Oval,Mixed Brilliant Cut,Heat Treated,Ceylon (Sri Lanka),https://www.thenaturalsapphirecompany.com/blue-sapphires/1.08ct-ceylon-sri-lankan-oval-blue-sapphire-s25388/
S37602,"$3,968","$3,052",1.30 Ct.,7.71,5.41,3.69,Blue,Vivid,Eye Clean,Oval,Mixed Brilliant Cut,Heat Treated,Ceylon (Sri Lanka),https://www.thenaturalsapphirecompany.com/blue-sapphires/1.30ct-ceylon-sri-lankan-oval-blue-sapphire-s37602/
S48681,"$2,197","$1,300",1.69 Ct.,6.6,6.35,4.16,Blue,Dark,Eye Clean,Asscher - Octagon,Asscher Cut,Heat Treated,Tanzania,https://www.thenaturalsapphirecompany.com/blue-sapphires/1.69ct-tanzanian-asscher-octagon-blue-sapphire-s48681/
B17586,"$2,455","$1,846",1.33 Ct.,7.34,5.25,4.28,Blue,Medium,Very Slightly Included,Cushion,Mixed Brilliant Cut,No Enhancement,Madagascar,https://www.thenaturalsapphirecompany.com/blue-sapphires/1.33ct-madagascar-cushion-blue-sapphire-b17586/
S34927,"$6,965","$2,775",2.51 Ct.,8.67,6.82,4.98,Blue,Vivid,Very Slightly Included,Oval,Mixed Brilliant Cut,Heat Treated,Ceylon (Sri Lanka),https://www.thenaturalsapphirecompany.com/blue-sapphires/2.51ct-ceylon-sri-lankan-oval-blue-sapphire-s34927/
B17587,"$2,093","$1,610",1.30 Ct.,7.23,5.28,4.24,Blue,Medium,Slightly Included,Cushion,Mixed Brilliant Cut,No Enhancement,Madagascar,https://www.thenaturalsapphirecompany.com/blue-sapphires/1.30ct-madagascar-cushion-blue-sapphire-b17587/
B17591,"$468,682","$22,425",20.90 Ct.,17.56,14.45,9.23,Blue,Vivid,Very Slightly Included,Cushion,Mixed Brilliant Cut,No Enhancement,Ceylon (Sri Lanka),https://www.thenaturalsapphirecompany.com/blue-sapphires/20.90ct-ceylon-sri-lankan-cushion-blue-sapphire-b17591/
B17570,"$4,641","$2,081",2.23 Ct.,8.45,7.11,4.29,Blue,Vivid,Eye Clean,Cushion,Mixed Brilliant Cut,Heat Treated,Ceylon (Sri Lanka),https://www.thenaturalsapphirecompany.com/blue-sapphires/2.23ct-ceylon-sri-lankan-cushion-blue-sapphire-b17570/
B17571,"$4,197","$3,469",1.21 Ct.,7,5.24,3.76,Blue,Intense,Slightly Included,Oval,Mixed Brilliant Cut,No Enhancement,Burma (Myanmar),https://www.thenaturalsapphirecompany.com/blue-sapphires/1.21ct-burma-myanmar-oval-blue-sapphire-b17571/
S47228,"$13,600","$3,342",4.07 Ct.,9.44,6.14,6.35,Color Change,Intense,Eye Clean,Radiant,Radiant Cut,No Enhancement,Ceylon (Sri Lanka),https://www.thenaturalsapphirecompany.com/blue-sapphires/4.07ct-ceylon-sri-lankan-radiant-color-change-sapphire-s47228/
S34649,"$9,074","$2,975",3.05 Ct.,8.21,8.08,5.77,Blue,Vivid,Very Very Slightly Included,Round,Mixed Brilliant Cut,Heat Treated,Ceylon (Sri Lanka),https://www.thenaturalsapphirecompany.com/blue-sapphires/3.05ct-ceylon-sri-lankan-round-blue-sapphire-s34649/
S34837,"$27,634","$4,372",6.32 Ct.,10.22,8.67,6.5,Blue,Vivid,Eye Clean,Emerald Cut,Emerald Cut,Heat Treated,West Africa,https://www.thenaturalsapphirecompany.com/blue-sapphires/6.32ct-west-african-emerald-cut-blue-sapphire-s34837/
S34838,"$22,053","$4,538",4.86 Ct.,11.12,7.69,5.47,Blue,Vivid,Very Slightly Included,Emerald Cut,Emerald Cut,Heat Treated,Ceylon (Sri Lanka),https://www.thenaturalsapphirecompany.com/blue-sapphires/4.86ct-ceylon-sri-lankan-emerald-cut-blue-sapphire-s34838/
S34839,"$31,149","$4,960",6.28 Ct.,11.54,8.37,6.47,Blue,Vivid,Very Very Slightly Included,Emerald Cut,Emerald Cut,Heat Treated,Ceylon (Sri Lanka),https://www.thenaturalsapphirecompany.com/blue-sapphires/6.28ct-ceylon-sri-lankan-emerald-cut-blue-sapphire-s34839/
B17573,"$2,628","$1,800",1.46 Ct.,7.21,4.66,3.95,Blue,Intense,Eye Clean,Emerald Cut,Emerald Cut,Heat Treated,Ceylon (Sri Lanka),https://www.thenaturalsapphirecompany.com/blue-sapphires/1.46ct-ceylon-sri-lankan-emerald-cut-blue-sapphire-b17573/
S34841,"$6,538","$2,544",2.57 Ct.,8.35,6.14,4.75,Blue,Vivid,Very Very Slightly Included,Emerald Cut,Emerald Cut,No Enhancement,Ceylon (Sri Lanka),https://www.thenaturalsapphirecompany.com/blue-sapphires/2.57ct-ceylon-sri-lankan-emerald-cut-blue-sapphire-s34841/
B17636,"$2,967","$2,300",1.29 Ct.,6.64,5.58,4.03,Blue,Medium,Very Slightly Included,Cushion,Mixed Brilliant Cut,No Enhancement,Ceylon (Sri Lanka),https://www.thenaturalsapphirecompany.com/blue-sapphires/1.29ct-ceylon-sri-lankan-cushion-blue-sapphire-b17636/
B17640,"$3,565","$2,300",1.55 Ct.,6.37,6.34,4.26,Blue,Intense,Eye Clean,Cushion,Mixed Brilliant Cut,Heat Treated,Ceylon (Sri Lanka),https://www.thenaturalsapphirecompany.com/blue-sapphires/1.55ct-ceylon-sri-lankan-cushion-blue-sapphire-b17640/
B17650,"$3,923","$2,531",1.55 Ct.,7.13,7.1,3.25,Color Change,Intense,Eye Clean,Cushion,Mixed Brilliant Cut,No Enhancement,Ceylon (Sri Lanka),https://www.thenaturalsapphirecompany.com/blue-sapphires/1.55ct-ceylon-sri-lankan-cushion-color-change-sapphire-b17650/
B17651,"$1,885","$1,830",1.03 Ct.,5.63,5.04,3.94,Blue,Intense,Slightly Included,Radiant,Radiant Cut,No Enhancement,Ceylon (Sri Lanka),https://www.thenaturalsapphirecompany.com/blue-sapphires/1.03ct-ceylon-sri-lankan-radiant-blue-sapphire-b17651/
B17653,"$3,291","$2,096",1.57 Ct.,7.17,6.95,3.45,Blue,Vivid,Slightly Included,Cushion,Mixed Brilliant Cut,Heat Treated,Ceylon (Sri Lanka),https://www.thenaturalsapphirecompany.com/blue-sapphires/1.57ct-ceylon-sri-lankan-cushion-blue-sapphire-b17653/
B17654,$317,$360,0.88 Ct.,5.93,4.73,3.22,Blue,Light,Slightly Included,Emerald Cut,Emerald Cut,Heat Treated,Ceylon (Sri Lanka),https://www.thenaturalsapphirecompany.com/blue-sapphires/0.88ct-ceylon-sri-lankan-emerald-cut-blue-sapphire-b17654/
B17655,"$1,427",$562,2.54 Ct.,7.02,6.87,6.7,Color Change,Vivid,Slightly Included,Round,Mixed Brilliant Cut,Heat Treated,Ceylon (Sri Lanka),https://www.thenaturalsapphirecompany.com/blue-sapphires/2.54ct-ceylon-sri-lankan-round-color-change-sapphire-b17655/
B17609,"$1,265","$1,100",1.15 Ct.,7.33,5.44,3.22,Blue,Medium,Eye Clean,Cushion,Mixed Brilliant Cut,Heat Treated,Ceylon (Sri Lanka),https://www.thenaturalsapphirecompany.com/blue-sapphires/1.15ct-ceylon-sri-lankan-cushion-blue-sapphire-b17609/
S10729,"$25,519","$3,630",7.03 Ct.,12.03,9.85,7,Blue,Intense,Eye Clean,Oval,Mixed Brilliant Cut,Heat Treated,Ceylon (Sri Lanka),https://www.thenaturalsapphirecompany.com/blue-sapphires/7.03ct-ceylon-sri-lankan-oval-blue-sapphire-s10729/
S38759,"$32,868","$4,950",6.64 Ct.,10.92,10.71,6.49,Blue,Vivid,Very Slightly Included,Cushion,Mixed Brilliant Cut,Heat Treated,Ceylon (Sri Lanka),https://www.thenaturalsapphirecompany.com/blue-sapphires/6.64ct-ceylon-sri-lankan-cushion-blue-sapphire-s38759/
B17624,"$3,634","$2,300",1.58 Ct.,7.36,6.1,4.34,Blue,Medium,Very Slightly Included,Oval,Mixed Brilliant Cut,No Enhancement,Ceylon (Sri Lanka),https://www.thenaturalsapphirecompany.com/blue-sapphires/1.58ct-ceylon-sri-lankan-oval-blue-sapphire-b17624/
S34930,"$3,815","$1,711",2.23 Ct.,8.19,6.12,4.32,Blue,Vivid,Slightly Included,Emerald Cut,Emerald Cut,Heat Treated,Ceylon (Sri Lanka),https://www.thenaturalsapphirecompany.com/blue-sapphires/2.23ct-ceylon-sri-lankan-emerald-cut-blue-sapphire-s34930/
S34932,"$6,445","$2,405",2.68 Ct.,11.3,7.62,4.19,Blue,Vivid,Very Slightly Included,Pear,Mixed Brilliant Cut,Heat Treated,Ceylon (Sri Lanka),https://www.thenaturalsapphirecompany.com/blue-sapphires/2.68ct-ceylon-sri-lankan-pear-blue-sapphire-s34932/
S34935,"$8,552","$3,315",2.58 Ct.,7.34,7.3,5.18,Blue,Vivid,Very Very Slightly Included,Cushion,Mixed Brilliant Cut,Heat Treated,Ceylon (Sri Lanka),https://www.thenaturalsapphirecompany.com/blue-sapphires/2.58ct-ceylon-sri-lankan-cushion-blue-sapphire-s34935/
S34937,"$7,011","$1,850",3.79 Ct.,11.36,7.3,5.94,Blue,Vivid,Very Very Slightly Included,Pear,Mixed Brilliant Cut,Heat Treated,Ceylon (Sri Lanka),https://www.thenaturalsapphirecompany.com/blue-sapphires/3.79ct-ceylon-sri-lankan-pear-blue-sapphire-s34937/
S34938,"$11,322","$3,400",3.33 Ct.,11.93,7.53,5.15,Blue,Vivid,Very Very Slightly Included,Pear,Mixed Brilliant Cut,Heat Treated,Ceylon (Sri Lanka),https://www.thenaturalsapphirecompany.com/blue-sapphires/3.33ct-ceylon-sri-lankan-pear-blue-sapphire-s34938/
S34939,"$13,024","$3,995",3.26 Ct.,9.63,7.59,5.16,Blue,Vivid,Very Slightly Included,Oval,Mixed Brilliant Cut,Heat Treated,Ceylon (Sri Lanka),https://www.thenaturalsapphirecompany.com/blue-sapphires/3.26ct-ceylon-sri-lankan-oval-blue-sapphire-s34939/
S34941,"$6,746","$2,359",2.86 Ct.,8.62,6.79,5.4,Blue,Intense,Very Slightly Included,Radiant,Radiant Cut,Heat Treated,Ceylon (Sri Lanka),https://www.thenaturalsapphirecompany.com/blue-sapphires/2.86ct-ceylon-sri-lankan-radiant-blue-sapphire-s34941/
S34943,"$2,060","$2,000",1.03 Ct.,5.59,5.56,3.86,Blue,Vivid,Eye Clean,Asscher - Octagon,Asscher Cut,Heat Treated,Ceylon (Sri Lanka),https://www.thenaturalsapphirecompany.com/blue-sapphires/1.03ct-ceylon-sri-lankan-asscher-octagon-blue-sapphire-s34943/
S35638,"$31,457","$3,487",9.02 Ct.,10.56,10.56,8.46,Blue,Medium,Very Very Slightly Included,Asscher - Octagon,Asscher Cut,Heat Treated,Ceylon (Sri Lanka),https://www.thenaturalsapphirecompany.com/blue-sapphires/9.02ct-ceylon-sri-lankan-asscher-octagon-blue-sapphire-s35638/
S35640,"$2,400","$1,500",1.60 Ct.,7.73,5.14,3.68,Blue,Intense,Very Very Slightly Included,Emerald Cut,Emerald Cut,Heat Treated,Ceylon (Sri Lanka),https://www.thenaturalsapphirecompany.com/blue-sapphires/1.60ct-ceylon-sri-lankan-emerald-cut-blue-sapphire-s35640/
S45207,"$13,816","$2,295",6.02 Ct.,10.6,8.99,6.62,Blue,Intense,Very Slightly Included,Cushion,Mixed Brilliant Cut,Heat Treated,Ceylon (Sri Lanka),https://www.thenaturalsapphirecompany.com/blue-sapphires/6.02ct-ceylon-sri-lankan-cushion-blue-sapphire-s45207/
S48904,"$16,493","$3,060",5.39 Ct.,14.43,10.27,4.32,Blue,Medium,Very Very Slightly Included,Pear,Mixed Brilliant Cut,Heat Treated,Ceylon (Sri Lanka),https://www.thenaturalsapphirecompany.com/blue-sapphires/5.39ct-ceylon-sri-lankan-pear-blue-sapphire-s48904/
S35641,"$6,573","$3,145",2.09 Ct.,8.76,6.63,4.45,Blue,Vivid,Very Very Slightly Included,Oval,Mixed Brilliant Cut,Heat Treated,Ceylon (Sri Lanka),https://www.thenaturalsapphirecompany.com/blue-sapphires/2.09ct-ceylon-sri-lankan-oval-blue-sapphire-s35641/
S35642,"$4,662","$2,220",2.10 Ct.,7.56,7.47,4.56,Blue,Intense,Very Very Slightly Included,Round,Mixed Brilliant Cut,Heat Treated,Ceylon (Sri Lanka),https://www.thenaturalsapphirecompany.com/blue-sapphires/2.10ct-ceylon-sri-lankan-round-blue-sapphire-s35642/
S35643,"$13,961","$3,825",3.65 Ct.,9.24,7.94,5.22,Blue,Vivid,Eye Clean,Cushion,Mixed Brilliant Cut,Heat Treated,Ceylon (Sri Lanka),https://www.thenaturalsapphirecompany.com/blue-sapphires/3.65ct-ceylon-sri-lankan-cushion-blue-sapphire-s35643/
S35645,"$31,962","$4,573",6.99 Ct.,12.49,9.69,6.96,Blue,Vivid,Eye Clean,Oval,Mixed Brilliant Cut,Heat Treated,Ceylon (Sri Lanka),https://www.thenaturalsapphirecompany.com/blue-sapphires/6.99ct-ceylon-sri-lankan-oval-blue-sapphire-s35645/
S35647,"$32,178","$2,325",13.84 Ct.,16.67,12.38,7.94,Blue,Medium,Very Very Slightly Included,Oval,Mixed Brilliant Cut,Heat Treated,Ceylon (Sri Lanka),https://www.thenaturalsapphirecompany.com/blue-sapphires/13.84ct-ceylon-sri-lankan-oval-blue-sapphire-s35647/
S9296,"$5,952","$3,607",1.65 Ct.,6.28,6.27,4.43,Blue,Vivid,Eye Clean,Cushion,Mixed Brilliant Cut,Heat Treated,Ceylon (Sri Lanka),https://www.thenaturalsapphirecompany.com/blue-sapphires/1.65ct-ceylon-sri-lankan-cushion-blue-sapphire-s9296/
S35898,"$4,107","$1,850",2.22 Ct.,7.95,6.41,4.59,Blue,Vivid,Very Slightly Included,Emerald Cut,Emerald Cut,Heat Treated,Ceylon (Sri Lanka),https://www.thenaturalsapphirecompany.com/blue-sapphires/2.22ct-ceylon-sri-lankan-emerald-cut-blue-sapphire-s35898/
S35899,"$2,703","$1,300",2.08 Ct.,7.4,6.02,4.82,Bluish Green,Vivid,Very Very Slightly Included,Cushion,Mixed Brilliant Cut,No Enhancement,Madagascar,https://www.thenaturalsapphirecompany.com/blue-sapphires/2.08ct-madagascar-cushion-bluish-green-sapphire-s35899/
S35900,"$6,370","$3,284",1.94 Ct.,8.26,5.88,4.19,Blue,Vivid,Very Very Slightly Included,Emerald Cut,Emerald Cut,Heat Treated,Ceylon (Sri Lanka),https://www.thenaturalsapphirecompany.com/blue-sapphires/1.94ct-ceylon-sri-lankan-emerald-cut-blue-sapphire-s35900/
S35901,"$6,549","$2,775",2.36 Ct.,7.06,7.05,5.29,Blue,Vivid,Very Very Slightly Included,Cushion,Mixed Brilliant Cut,Heat Treated,Ceylon (Sri Lanka),https://www.thenaturalsapphirecompany.com/blue-sapphires/2.36ct-ceylon-sri-lankan-cushion-blue-sapphire-s35901/
S35902,"$6,771","$2,775",2.44 Ct.,7.74,6.43,5.26,Blue,Vivid,Very Very Slightly Included,Cushion,Mixed Brilliant Cut,Heat Treated,Ceylon (Sri Lanka),https://www.thenaturalsapphirecompany.com/blue-sapphires/2.44ct-ceylon-sri-lankan-cushion-blue-sapphire-s35902/
S35903,"$5,678","$2,868",1.98 Ct.,8.38,6.1,4.66,Blue,Vivid,Very Very Slightly Included,Oval,Mixed Brilliant Cut,Heat Treated,Ceylon (Sri Lanka),https://www.thenaturalsapphirecompany.com/blue-sapphires/1.98ct-ceylon-sri-lankan-oval-blue-sapphire-s35903/
S36388,"$27,324","$4,950",5.52 Ct.,11.68,8.76,6.49,Blue,Vivid,Very Very Slightly Included,Oval,Mixed Brilliant Cut,Heat Treated,Ceylon (Sri Lanka),https://www.thenaturalsapphirecompany.com/blue-sapphires/5.52ct-ceylon-sri-lankan-oval-blue-sapphire-s36388/
S36389,"$50,334","$4,133",12.18 Ct.,14.6,11.25,7.37,Blue,Intense,Very Very Slightly Included,Emerald Cut,Emerald Cut,Heat Treated,Ceylon (Sri Lanka),https://www.thenaturalsapphirecompany.com/blue-sapphires/12.18ct-ceylon-sri-lankan-emerald-cut-blue-sapphire-s36389/
S36390,"$10,312","$3,060",3.37 Ct.,9.49,7.81,4.4,Blue,Vivid,Very Very Slightly Included,Emerald Cut,Emerald Cut,Heat Treated,Ceylon (Sri Lanka),https://www.thenaturalsapphirecompany.com/blue-sapphires/3.37ct-ceylon-sri-lankan-emerald-cut-blue-sapphire-s36390/
S39400,"$7,543","$2,498",3.02 Ct.,9.4,7.66,4.97,Blue,Intense,Very Slightly Included,Oval,Mixed Brilliant Cut,Heat Treated,Ceylon (Sri Lanka),https://www.thenaturalsapphirecompany.com/blue-sapphires/3.02ct-ceylon-sri-lankan-oval-blue-sapphire-s39400/
S39401,"$8,628","$2,465",3.50 Ct.,10.9,8.2,5.02,Blue,Intense,Very Slightly Included,Oval,Mixed Brilliant Cut,Heat Treated,Ceylon (Sri Lanka),https://www.thenaturalsapphirecompany.com/blue-sapphires/3.50ct-ceylon-sri-lankan-oval-blue-sapphire-s39401/
S47394,$84,$200,0.42 Ct.,4.51,4.53,2.63,Blue,Intense,Very Very Slightly Included,Round,Mixed Brilliant Cut,Heat Treated,Ceylon (Sri Lanka),https://www.thenaturalsapphirecompany.com/blue-sapphires/0.42ct-ceylon-sri-lankan-round-blue-sapphire-s47394/
B17656,$311,$432,0.72 Ct.,5.91,5.32,3.1,Blue,Medium,Very Slightly Included,Oval,Mixed Brilliant Cut,Heat Treated,Ceylon (Sri Lanka),https://www.thenaturalsapphirecompany.com/blue-sapphires/0.72ct-ceylon-sri-lankan-oval-blue-sapphire-b17656/
B17658,"$3,143","$1,422",2.21 Ct.,8.85,7.37,4.28,Blue,Medium,Slightly Included,Oval,Mixed Brilliant Cut,Heat Treated,Ceylon (Sri Lanka),https://www.thenaturalsapphirecompany.com/blue-sapphires/2.21ct-ceylon-sri-lankan-oval-blue-sapphire-b17658/
B17659,$314,$436,0.72 Ct.,6.53,4.84,2.67,Blue,Intense,Very Slightly Included,Oval,Mixed Brilliant Cut,Heat Treated,Ceylon (Sri Lanka),https://www.thenaturalsapphirecompany.com/blue-sapphires/0.72ct-ceylon-sri-lankan-oval-blue-sapphire-b17659/
B2080,"$2,912,700","$42,000",69.35 Ct.,24.19,20.87,15.74,Blue,Intense,Eye Clean,Oval,Modified Brilliant Cut,No Enhancement,Ceylon (Sri Lanka),https://www.thenaturalsapphirecompany.com/blue-sapphires/69.35ct-ceylon-sri-lankan-oval-blue-sapphire-b2080/
B5988,"$3,672","$2,700",1.36 Ct.,7.46,5.19,3.79,Blue,Intense,Very Slightly Included,Cushion,Mixed Brilliant Cut,No Enhancement,Ceylon (Sri Lanka),https://www.thenaturalsapphirecompany.com/blue-sapphires/1.36ct-ceylon-sri-lankan-cushion-blue-sapphire-b5988/
B6403,"$4,425","$2,500",1.77 Ct.,8.45,5.98,4.12,Blue,Dark,Slightly Included,Cushion,Mixed Brilliant Cut,No Enhancement,Burma (Myanmar),https://www.thenaturalsapphirecompany.com/blue-sapphires/1.77ct-burma-myanmar-cushion-blue-sapphire-b6403/
S20992,"$2,527","$1,805",1.40 Ct.,6.96,5.73,4.27,Greenish Blue,Intense,Very Slightly Included,Cushion,Mixed Brilliant Cut,Heat Treated,Montana,https://www.thenaturalsapphirecompany.com/blue-sapphires/1.40ct-montana-cushion-greenish-blue-sapphire-s20992/
S20995,$968,"$1,088",0.89 Ct.,5.7,5.7,3.77,Bluish Green,Intense,Very Slightly Included,Round,Mixed Brilliant Cut,Heat Treated,Montana,https://www.thenaturalsapphirecompany.com/blue-sapphires/0.89ct-montana-round-bluish-green-sapphire-s20995/
S20998,"$3,663","$2,220",1.65 Ct.,7.42,7.73,4.39,Greenish Blue,Vivid,Eye Clean,Trillion,Trillion Cut,Heat Treated,Montana,https://www.thenaturalsapphirecompany.com/blue-sapphires/1.65ct-montana-trillion-greenish-blue-sapphire-s20998/
S21000,"$3,087","$1,795",1.72 Ct.,7.48,6.21,4.82,Greenish Blue,Intense,Very Slightly Included,Oval,Mixed Brilliant Cut,Heat Treated,Montana,https://www.thenaturalsapphirecompany.com/blue-sapphires/1.72ct-montana-oval-greenish-blue-sapphire-s21000/
S21005,$407,$617,0.66 Ct.,8.75,4.63,2.41,Violet,Light,Very Slightly Included,Pear,Mixed Brilliant Cut,No Enhancement,Ceylon (Sri Lanka),https://www.thenaturalsapphirecompany.com/blue-sapphires/0.66ct-ceylon-sri-lankan-pear-violet-sapphire-s21005/
S21006,$236,$513,0.46 Ct.,5.75,3.6,2.61,Blue,Medium,Very Very Slightly Included,Oval,Mixed Brilliant Cut,No Enhancement,Ceylon (Sri Lanka),https://www.thenaturalsapphirecompany.com/blue-sapphires/0.46ct-ceylon-sri-lankan-oval-blue-sapphire-s21006/
S21007,$337,$591,0.57 Ct.,5.87,4.43,2.65,Blue,Light,Eye Clean,Oval,Mixed Brilliant Cut,No Enhancement,Ceylon (Sri Lanka),https://www.thenaturalsapphirecompany.com/blue-sapphires/0.57ct-ceylon-sri-lankan-oval-blue-sapphire-s21007/
S25997,$556,$400,1.39 Ct.,6.29,6.32,3.96,Bluish Green,Intense,Very Slightly Included,Round,Mixed Brilliant Cut,Lattice Diffused,Ceylon (Sri Lanka),https://www.thenaturalsapphirecompany.com/blue-sapphires/1.39ct-ceylon-sri-lankan-round-bluish-green-sapphire-s25997/
S26000,$468,$400,1.17 Ct.,5.91,5.88,3.76,Bluish Green,Intense,Very Very Slightly Included,Round,Mixed Brilliant Cut,Lattice Diffused,Ceylon (Sri Lanka),https://www.thenaturalsapphirecompany.com/blue-sapphires/1.17ct-ceylon-sri-lankan-round-bluish-green-sapphire-s26000/
S26004,"$1,336","$1,349",0.99 Ct.,5.5,5.56,4.05,Blue,Vivid,Very Slightly Included,Trillion,Trillion Cut,Heat Treated,Ceylon (Sri Lanka),https://www.thenaturalsapphirecompany.com/blue-sapphires/0.99ct-ceylon-sri-lankan-trillion-blue-sapphire-s26004/
S26006,$750,"$1,250",0.60 Ct.,5.05,5.05,3.08,Blue,Medium,Eye Clean,Round,Mixed Brilliant Cut,Heat Treated,Ceylon (Sri Lanka),https://www.thenaturalsapphirecompany.com/blue-sapphires/0.60ct-ceylon-sri-lankan-round-blue-sapphire-s26006/
S26007,$748,"$1,151",0.65 Ct.,5.19,5.19,3.08,Blue,Vivid,Eye Clean,Round,Mixed Brilliant Cut,Heat Treated,Ceylon (Sri Lanka),https://www.thenaturalsapphirecompany.com/blue-sapphires/0.65ct-ceylon-sri-lankan-round-blue-sapphire-s26007/
S26008,"$1,260","$1,500",0.84 Ct.,5.8,5.72,3.46,Blue,Intense,Eye Clean,Round,Mixed Brilliant Cut,Heat Treated,Ceylon (Sri Lanka),https://www.thenaturalsapphirecompany.com/blue-sapphires/0.84ct-ceylon-sri-lankan-round-blue-sapphire-s26008/
S26009,$994,"$1,169",0.85 Ct.,5.68,5.65,3.37,Blue,Intense,Very Very Slightly Included,Round,Mixed Brilliant Cut,Heat Treated,Ceylon (Sri Lanka),https://www.thenaturalsapphirecompany.com/blue-sapphires/0.85ct-ceylon-sri-lankan-round-blue-sapphire-s26009/
S26010,"$8,177","$3,145",2.60 Ct.,9.49,7.6,4.53,Color Change,Dark,Eye Clean,Oval,Mixed Brilliant Cut,Heat Treated,Ceylon (Sri Lanka),https://www.thenaturalsapphirecompany.com/blue-sapphires/2.60ct-ceylon-sri-lankan-oval-color-change-sapphire-s26010/
S30496,$170,$266,0.64 Ct.,5.87,4.19,2.48,Blue,Intense,Slightly Included,Oval,Mixed Brilliant Cut,Heat Treated,Ceylon (Sri Lanka),https://www.thenaturalsapphirecompany.com/blue-sapphires/0.64ct-ceylon-sri-lankan-oval-blue-sapphire-s30496/
S30498,$170,$202,0.84 Ct.,7.69,5.55,2.47,Blue,Intense,Slightly Included,Pear,Mixed Brilliant Cut,Heat Treated,Ceylon (Sri Lanka),https://www.thenaturalsapphirecompany.com/blue-sapphires/0.84ct-ceylon-sri-lankan-pear-blue-sapphire-s30498/
S30499,$170,$243,0.70 Ct.,5.61,4.35,3.06,Blue,Intense,Very Slightly Included,Oval,Mixed Brilliant Cut,Heat Treated,Ceylon (Sri Lanka),https://www.thenaturalsapphirecompany.com/blue-sapphires/0.70ct-ceylon-sri-lankan-oval-blue-sapphire-s30499/
S30501,$170,$279,0.61 Ct.,6.27,4.84,2.02,Blue,Intense,Slightly Included,Oval,Mixed Brilliant Cut,Heat Treated,Ceylon (Sri Lanka),https://www.thenaturalsapphirecompany.com/blue-sapphires/0.61ct-ceylon-sri-lankan-oval-blue-sapphire-s30501/
S30502,$170,$262,0.65 Ct.,5.96,5.17,2.2,Blue,Medium,Very Slightly Included,Oval,Mixed Brilliant Cut,Heat Treated,Ceylon (Sri Lanka),https://www.thenaturalsapphirecompany.com/blue-sapphires/0.65ct-ceylon-sri-lankan-oval-blue-sapphire-s30502/
S30503,$170,$243,0.70 Ct.,5.73,4.13,2.89,Blue,Medium,Slightly Included,Cushion,Mixed Brilliant Cut,Heat Treated,Ceylon (Sri Lanka),https://www.thenaturalsapphirecompany.com/blue-sapphires/0.70ct-ceylon-sri-lankan-cushion-blue-sapphire-s30503/
S30509,"$6,385","$2,660",2.40 Ct.,7.84,6.74,4.87,Blue,Intense,Very Slightly Included,Oval,Mixed Brilliant Cut,Heat Treated,Ceylon (Sri Lanka),https://www.thenaturalsapphirecompany.com/blue-sapphires/2.40ct-ceylon-sri-lankan-oval-blue-sapphire-s30509/
S30510,"$2,601","$2,204",1.18 Ct.,6.39,5.79,3.42,Blue,Dark,Very Slightly Included,Oval,Mixed Brilliant Cut,No Enhancement,Madagascar,https://www.thenaturalsapphirecompany.com/blue-sapphires/1.18ct-madagascar-oval-blue-sapphire-s30510/
S30511,"$3,299","$1,864",1.77 Ct.,7.09,7.16,4.32,Blue,Dark,Very Slightly Included,Round,Mixed Brilliant Cut,Heat Treated,Madagascar,https://www.thenaturalsapphirecompany.com/blue-sapphires/1.77ct-madagascar-round-blue-sapphire-s30511/
S30512,"$1,965","$1,500",1.31 Ct.,5.91,5.8,4.35,Blue,Dark,Very Slightly Included,Cushion,Mixed Brilliant Cut,No Enhancement,Madagascar,https://www.thenaturalsapphirecompany.com/blue-sapphires/1.31ct-madagascar-cushion-blue-sapphire-s30512/
S30514,"$3,201","$1,712",1.87 Ct.,7.86,6.07,4.09,Blue,Dark,Slightly Included,Oval,Mixed Brilliant Cut,Heat Treated,Thailand,https://www.thenaturalsapphirecompany.com/blue-sapphires/1.87ct-thai-oval-blue-sapphire-s30514/
S30515,"$2,999","$2,040",1.47 Ct.,8.39,5.92,3.34,Blue,Dark,Very Very Slightly Included,Oval,Mixed Brilliant Cut,No Enhancement,Madagascar,https://www.thenaturalsapphirecompany.com/blue-sapphires/1.47ct-madagascar-oval-blue-sapphire-s30515/
S30516,"$2,599","$1,780",1.46 Ct.,7.74,6.09,3.33,Blue,Dark,Very Very Slightly Included,Oval,Mixed Brilliant Cut,Heat Treated,Madagascar,https://www.thenaturalsapphirecompany.com/blue-sapphires/1.46ct-madagascar-oval-blue-sapphire-s30516/
S34460,$550,$632,0.87 Ct.,6.38,4.77,3.22,Bluish Green,Vivid,Very Slightly Included,Oval,Mixed Brilliant Cut,Heat Treated,Madagascar,https://www.thenaturalsapphirecompany.com/blue-sapphires/0.87ct-madagascar-oval-bluish-green-sapphire-s34460/
S34462,"$2,002","$1,016",1.97 Ct.,8.74,6.04,4.12,Blue,Medium,Very Slightly Included,Oval,Mixed Brilliant Cut,No Enhancement,Tanzania,https://www.thenaturalsapphirecompany.com/blue-sapphires/1.97ct-tanzanian-oval-blue-sapphire-s34462/
S34463,"$3,301","$2,186",1.51 Ct.,6.82,6.02,3.76,Blue,Vivid,Very Slightly Included,Cushion,Mixed Brilliant Cut,No Enhancement,Tanzania,https://www.thenaturalsapphirecompany.com/blue-sapphires/1.51ct-tanzanian-cushion-blue-sapphire-s34463/
S34464,"$3,299","$2,156",1.53 Ct.,7.71,6.41,4.17,Color Change,Vivid,Slightly Included,Pear,Mixed Brilliant Cut,No Enhancement,Tanzania,https://www.thenaturalsapphirecompany.com/blue-sapphires/1.53ct-tanzanian-pear-color-change-sapphire-s34464/
S3447,$145,$250,0.58 Ct.,6.11,4.14,3.02,Blue,Medium,Eye Clean,Oval,Mixed Brilliant Cut,Heat Treated,Ceylon (Sri Lanka),https://www.thenaturalsapphirecompany.com/blue-sapphires/0.58ct-ceylon-sri-lankan-oval-blue-sapphire-s3447/
S34471,$292,$400,0.73 Ct.,5.51,5.17,3.2,Greenish Blue,Light,Very Slightly Included,Fancy,Mixed Brilliant Cut,No Enhancement,Madagascar,https://www.thenaturalsapphirecompany.com/blue-sapphires/0.73ct-madagascar-fancy-greenish-blue-sapphire-s34471/
S34473,"$4,624","$1,820",2.54 Ct.,10.61,7.02,3.87,Blue,Medium,Very Slightly Included,Pear,Mixed Brilliant Cut,No Enhancement,Tanzania,https://www.thenaturalsapphirecompany.com/blue-sapphires/2.54ct-tanzanian-pear-blue-sapphire-s34473/
S34474,"$1,600",$788,2.03 Ct.,8.65,6.14,4.3,Blue,Intense,Slightly Included,Oval,Mixed Brilliant Cut,No Enhancement,Tanzania,https://www.thenaturalsapphirecompany.com/blue-sapphires/2.03ct-tanzanian-oval-blue-sapphire-s34474/
S3448,$232,$400,0.58 Ct.,5.47,5.54,3.08,Blue,Medium,Very Slightly Included,Trillion,Trillion Cut,Heat Treated,Ceylon (Sri Lanka),https://www.thenaturalsapphirecompany.com/blue-sapphires/0.58ct-ceylon-sri-lankan-trillion-blue-sapphire-s3448/
S34482,$600,$833,0.72 Ct.,5.56,5.74,3.08,Blue,Vivid,Very Slightly Included,Pear,Mixed Brilliant Cut,No Enhancement,Tanzania,https://www.thenaturalsapphirecompany.com/blue-sapphires/0.72ct-tanzanian-pear-blue-sapphire-s34482/
S34484,$830,$976,0.85 Ct.,5.76,5.02,3.48,Blue,Vivid,Very Slightly Included,Oval,Mixed Brilliant Cut,No Enhancement,Tanzania,https://www.thenaturalsapphirecompany.com/blue-sapphires/0.85ct-tanzanian-oval-blue-sapphire-s34484/
S34486,"$1,100","$1,467",0.75 Ct.,6.77,4.33,3.28,Blue,Vivid,Eye Clean,Pear,Mixed Brilliant Cut,No Enhancement,Tanzania,https://www.thenaturalsapphirecompany.com/blue-sapphires/0.75ct-tanzanian-pear-blue-sapphire-s34486/
S34487,$264,$400,0.66 Ct.,5.04,4.04,3.36,Bluish Green,Intense,Very Very Slightly Included,Radiant,Radiant Cut,No Enhancement,Madagascar,https://www.thenaturalsapphirecompany.com/blue-sapphires/0.66ct-madagascar-radiant-bluish-green-sapphire-s34487/
S34488,$264,$400,0.66 Ct.,5.69,4.45,3.09,Bluish Green,Light,Slightly Included,Fancy,Mixed Brilliant Cut,No Enhancement,Madagascar,https://www.thenaturalsapphirecompany.com/blue-sapphires/0.66ct-madagascar-fancy-bluish-green-sapphire-s34488/
S37892,"$1,040","$1,000",1.04 Ct.,6.33,5.26,3.35,Bluish Purple,Intense,Slightly Included,Cushion,Mixed Brilliant Cut,No Enhancement,Madagascar,https://www.thenaturalsapphirecompany.com/blue-sapphires/1.04ct-madagascar-cushion-bluish-purple-sapphire-s37892/
S37894,"$1,000","$1,000",1.00 Ct.,6.48,5.58,2.82,Color Change,Medium,Slightly Included,Cushion,Mixed Brilliant Cut,No Enhancement,Madagascar,https://www.thenaturalsapphirecompany.com/blue-sapphires/1.00ct-madagascar-cushion-color-change-sapphire-s37894/
S37900,$700,$443,1.58 Ct.,6.09,6.17,5.28,Color Change,Intense,Very Slightly Included,Round,Mixed Brilliant Cut,Heat Treated,Ceylon (Sri Lanka),https://www.thenaturalsapphirecompany.com/blue-sapphires/1.58ct-ceylon-sri-lankan-round-color-change-sapphire-s37900/
S37901,$549,$482,1.14 Ct.,7.33,5.19,3.72,Greenish Blue,Medium,Very Slightly Included,Pear,Mixed Brilliant Cut,Heat Treated,Ceylon (Sri Lanka),https://www.thenaturalsapphirecompany.com/blue-sapphires/1.14ct-ceylon-sri-lankan-pear-greenish-blue-sapphire-s37901/
S37902,"$1,199",$718,1.67 Ct.,8.47,6.59,3.44,Blue,Light,Very Slightly Included,Oval,Mixed Brilliant Cut,No Enhancement,Ceylon (Sri Lanka),https://www.thenaturalsapphirecompany.com/blue-sapphires/1.67ct-ceylon-sri-lankan-oval-blue-sapphire-s37902/
S37903,"$1,001",$646,1.55 Ct.,7.32,5.68,4.24,Blue,Intense,Slightly Included,Oval,Mixed Brilliant Cut,No Enhancement,Ceylon (Sri Lanka),https://www.thenaturalsapphirecompany.com/blue-sapphires/1.55ct-ceylon-sri-lankan-oval-blue-sapphire-s37903/
S37905,$999,$574,1.74 Ct.,8.83,6.88,3.75,Color Change,Intense,Slightly Included,Pear,Mixed Brilliant Cut,Heat Treated,Tanzania,https://www.thenaturalsapphirecompany.com/blue-sapphires/1.74ct-tanzanian-pear-color-change-sapphire-s37905/
S40986,"$7,637","$2,960",2.58 Ct.,7.63,7.55,5.69,Blue,Vivid,Very Very Slightly Included,Round,Mixed Brilliant Cut,Heat Treated,Ceylon (Sri Lanka),https://www.thenaturalsapphirecompany.com/blue-sapphires/2.58ct-ceylon-sri-lankan-round-blue-sapphire-s40986/
S47480,$112,$200,0.56 Ct.,4.76,4.75,3.18,Blue,Vivid,Eye Clean,Round,Mixed Brilliant Cut,Heat Treated,Ceylon (Sri Lanka),https://www.thenaturalsapphirecompany.com/blue-sapphires/0.56ct-ceylon-sri-lankan-round-blue-sapphire-s47480/
S40993,"$29,304","$5,280",5.55 Ct.,12.31,9.16,5.86,Blue,Vivid,Very Slightly Included,Oval,Mixed Brilliant Cut,Heat Treated,Madagascar,https://www.thenaturalsapphirecompany.com/blue-sapphires/5.55ct-madagascar-oval-blue-sapphire-s40993/
S40998,"$2,592","$1,200",2.16 Ct.,9.14,7.75,4.65,Purplish Blue,Medium,Very Slightly Included,Oval,Mixed Brilliant Cut,No Enhancement,Tanzania,https://www.thenaturalsapphirecompany.com/blue-sapphires/2.16ct-tanzanian-oval-purplish-blue-sapphire-s40998/
S41002,"$2,601","$1,646",1.58 Ct.,7.72,6.62,3.35,Blue,Intense,Very Very Slightly Included,Oval,Mixed Brilliant Cut,No Enhancement,Ceylon (Sri Lanka),https://www.thenaturalsapphirecompany.com/blue-sapphires/1.58ct-ceylon-sri-lankan-oval-blue-sapphire-s41002/
S41004,$200,$220,0.91 Ct.,7.19,5.39,3.02,Blue,Light,Slightly Included,Fancy,Step Cut,No Enhancement,Ceylon (Sri Lanka),https://www.thenaturalsapphirecompany.com/blue-sapphires/0.91ct-ceylon-sri-lankan-fancy-blue-sapphire-s41004/
S41005,"$1,100",$866,1.27 Ct.,7.83,5.14,3.74,Blue,Intense,Very Slightly Included,Oval,Mixed Brilliant Cut,No Enhancement,Ceylon (Sri Lanka),https://www.thenaturalsapphirecompany.com/blue-sapphires/1.27ct-ceylon-sri-lankan-oval-blue-sapphire-s41005/
S41006,$800,$769,1.04 Ct.,6.6,6.6,2.67,Blue,Vivid,Very Very Slightly Included,Round,Mixed Brilliant Cut,Heat Treated,Ceylon (Sri Lanka),https://www.thenaturalsapphirecompany.com/blue-sapphires/1.04ct-ceylon-sri-lankan-round-blue-sapphire-s41006/
S41007,$200,$294,0.68 Ct.,6.18,4.28,2.66,Blue,Intense,Very Slightly Included,Fancy,Step Cut,Heat Treated,Ceylon (Sri Lanka),https://www.thenaturalsapphirecompany.com/blue-sapphires/0.68ct-ceylon-sri-lankan-fancy-blue-sapphire-s41007/
S41009,$266,$240,1.11 Ct.,7.95,4.18,3.1,Blue,Intense,Slightly Included,Emerald Cut,Emerald Cut,No Enhancement,Ceylon (Sri Lanka),https://www.thenaturalsapphirecompany.com/blue-sapphires/1.11ct-ceylon-sri-lankan-emerald-cut-blue-sapphire-s41009/
S41010,$200,$211,0.95 Ct.,5.11,5.05,3.95,Blue,Vivid,Slightly Included,Asscher - Octagon,Asscher Cut,Heat Treated,Ceylon (Sri Lanka),https://www.thenaturalsapphirecompany.com/blue-sapphires/0.95ct-ceylon-sri-lankan-asscher-octagon-blue-sapphire-s41010/
S43640,$770,$500,1.54 Ct.,7.16,5.13,3.93,Greenish Blue,Vivid,Very Slightly Included,Emerald Cut,Emerald Cut,No Enhancement,Madagascar,https://www.thenaturalsapphirecompany.com/blue-sapphires/1.54ct-madagascar-emerald-cut-greenish-blue-sapphire-s43640/
S43641,$660,$508,1.30 Ct.,7.41,5.31,3.3,Greenish Blue,Intense,Very Slightly Included,Emerald Cut,Emerald Cut,No Enhancement,Madagascar,https://www.thenaturalsapphirecompany.com/blue-sapphires/1.30ct-madagascar-emerald-cut-greenish-blue-sapphire-s43641/
S43642,"$1,329",$880,1.51 Ct.,7.53,4.68,3.85,Greenish Blue,Intense,Very Very Slightly Included,Cushion,Mixed Brilliant Cut,No Enhancement,Madagascar,https://www.thenaturalsapphirecompany.com/blue-sapphires/1.51ct-madagascar-cushion-greenish-blue-sapphire-s43642/
S43643,$906,$600,1.51 Ct.,10.92,7.94,2.97,Bluish Green,Intense,Very Very Slightly Included,Fancy,Step Cut,No Enhancement,Madagascar,https://www.thenaturalsapphirecompany.com/blue-sapphires/1.51ct-madagascar-fancy-bluish-green-sapphire-s43643/
S43645,$294,$350,0.84 Ct.,6.03,5.17,2.65,Bluish Purple,Intense,Slightly Included,Cushion,Mixed Brilliant Cut,No Enhancement,Ceylon (Sri Lanka),https://www.thenaturalsapphirecompany.com/blue-sapphires/0.84ct-ceylon-sri-lankan-cushion-bluish-purple-sapphire-s43645/
S48949,"$19,562","$6,435",3.04 Ct.,7.89,7.83,5.81,Color Change,Intense,Eye Clean,Cushion,Mixed Brilliant Cut,No Enhancement,Madagascar,https://www.thenaturalsapphirecompany.com/blue-sapphires/3.04ct-madagascar-cushion-color-change-sapphire-s48949/
S43648,"$1,320","$1,000",1.32 Ct.,7.95,6,3.53,Greenish Blue,Intense,Very Very Slightly Included,Pear,Mixed Brilliant Cut,No Enhancement,Madagascar,https://www.thenaturalsapphirecompany.com/blue-sapphires/1.32ct-madagascar-pear-greenish-blue-sapphire-s43648/
S43649,"$2,455","$1,240",1.98 Ct.,6.52,6.34,5.11,Bluish Green,Vivid,Very Very Slightly Included,Asscher - Octagon,Asscher Cut,No Enhancement,Madagascar,https://www.thenaturalsapphirecompany.com/blue-sapphires/1.98ct-madagascar-asscher-octagon-bluish-green-sapphire-s43649/
S43652,"$1,654",$520,3.18 Ct.,9.23,6.15,5.26,Blue,Vivid,Slightly Included,Emerald Cut,Emerald Cut,Heat Treated,Ceylon (Sri Lanka),https://www.thenaturalsapphirecompany.com/blue-sapphires/3.18ct-ceylon-sri-lankan-emerald-cut-blue-sapphire-s43652/
S43656,$351,$322,1.09 Ct.,6.67,4.88,3.66,Blue,Intense,Very Very Slightly Included,Oval,Mixed Brilliant Cut,Heat Treated,Ceylon (Sri Lanka),https://www.thenaturalsapphirecompany.com/blue-sapphires/1.09ct-ceylon-sri-lankan-oval-blue-sapphire-s43656/
S43659,$854,$700,1.22 Ct.,5.76,5.52,4.15,Blue,Intense,Very Very Slightly Included,Cushion,Mixed Brilliant Cut,Heat Treated,Ceylon (Sri Lanka),https://www.thenaturalsapphirecompany.com/blue-sapphires/1.22ct-ceylon-sri-lankan-cushion-blue-sapphire-s43659/
B7323,"$2,546","$1,900",1.34 Ct.,7.39,5.92,3.94,Blue,Intense,Very Slightly Included,Oval,Mixed Brilliant Cut,Heat Treated,Thailand,https://www.thenaturalsapphirecompany.com/blue-sapphires/1.34ct-thai-oval-blue-sapphire-b7323/
B7324,"$1,568","$1,600",0.98 Ct.,7.53,5.19,3.41,Blue,Intense,Very Slightly Included,Oval,Mixed Brilliant Cut,Heat Treated,Thailand,https://www.thenaturalsapphirecompany.com/blue-sapphires/0.98ct-thai-oval-blue-sapphire-b7324/
B7325,"$2,565","$1,900",1.35 Ct.,8.93,5.28,3.88,Blue,Intense,Very Slightly Included,Oval,Mixed Brilliant Cut,Heat Treated,Thailand,https://www.thenaturalsapphirecompany.com/blue-sapphires/1.35ct-thai-oval-blue-sapphire-b7325/
B7331,"$9,724","$4,400",2.21 Ct.,7.63,6.87,4.9,Blue,Vivid,Very Slightly Included,Cushion,Mixed Brilliant Cut,No Enhancement,Ceylon (Sri Lanka),https://www.thenaturalsapphirecompany.com/blue-sapphires/2.21ct-ceylon-sri-lankan-cushion-blue-sapphire-b7331/
B7333,"$9,744","$4,200",2.32 Ct.,7.59,6.1,5.49,Blue,Intense,Very Slightly Included,Cushion,Mixed Brilliant Cut,No Enhancement,Ceylon (Sri Lanka),https://www.thenaturalsapphirecompany.com/blue-sapphires/2.32ct-ceylon-sri-lankan-cushion-blue-sapphire-b7333/
B7376,"$386,124","$9,200",41.97 Ct.,24.83,18.16,10.9,Blue,Vivid,Very Slightly Included,Oval,Modified Brilliant Cut,No Enhancement,Ceylon (Sri Lanka),https://www.thenaturalsapphirecompany.com/blue-sapphires/41.97ct-ceylon-sri-lankan-oval-blue-sapphire-b7376/
B7377,"$773,663","$17,250",44.85 Ct.,22.4,17.58,12.62,Blue,Vivid,Very Slightly Included,Cushion,Modified Brilliant Cut,Heat Treated,Ceylon (Sri Lanka),https://www.thenaturalsapphirecompany.com/blue-sapphires/44.85ct-ceylon-sri-lankan-cushion-blue-sapphire-b7377/
B7402,"$18,023","$4,050",4.45 Ct.,10.1,8.23,6.15,Blue,Vivid,Very Slightly Included,Oval,Mixed Brilliant Cut,Heat Treated,Ceylon (Sri Lanka),https://www.thenaturalsapphirecompany.com/blue-sapphires/4.45ct-ceylon-sri-lankan-oval-blue-sapphire-b7402/
B7513,"$1,008","$1,440",0.70 Ct.,5.89,4.89,3.22,Greenish Blue,Intense,Slightly Included,Oval,Fancy Brilliant Cut,Heat Treated,Montana,https://www.thenaturalsapphirecompany.com/blue-sapphires/0.70ct-montana-oval-greenish-blue-sapphire-b7513/
B8986,"$1,196","$1,040",1.15 Ct.,6.11,5.66,3.96,Blue,Medium,Very Slightly Included,Cushion,Mixed Brilliant Cut,No Enhancement,Ceylon (Sri Lanka),https://www.thenaturalsapphirecompany.com/blue-sapphires/1.15ct-ceylon-sri-lankan-cushion-blue-sapphire-b8986/
B9004,$237,$300,0.79 Ct.,6.88,4.82,3.19,Blue,Medium,Very Slightly Included,Oval,Mixed Brilliant Cut,Heat Treated,Ceylon (Sri Lanka),https://www.thenaturalsapphirecompany.com/blue-sapphires/0.79ct-ceylon-sri-lankan-oval-blue-sapphire-b9004/
B9040,"$69,629","$6,860",10.15 Ct.,17.43,11.26,6.58,Blue,Vivid,Eye Clean,Pear,Mixed Brilliant Cut,Heat Treated,Ceylon (Sri Lanka),https://www.thenaturalsapphirecompany.com/blue-sapphires/10.15ct-ceylon-sri-lankan-pear-blue-sapphire-b9040/
B9047,$522,$600,0.87 Ct.,6.28,4.99,3.41,Blue,Intense,Very Slightly Included,Oval,Mixed Brilliant Cut,Heat Treated,Ceylon (Sri Lanka),https://www.thenaturalsapphirecompany.com/blue-sapphires/0.87ct-ceylon-sri-lankan-oval-blue-sapphire-b9047/
B9049,"$1,627","$1,440",1.13 Ct.,5.86,4.97,4.39,Blue,Intense,Slightly Included,Cushion,Mixed Brilliant Cut,No Enhancement,Ceylon (Sri Lanka),https://www.thenaturalsapphirecompany.com/blue-sapphires/1.13ct-ceylon-sri-lankan-cushion-blue-sapphire-b9049/
B8288,"$29,279","$5,775",5.07 Ct.,11.22,7.5,6.19,Blue,Vivid,Very Slightly Included,Emerald Cut,Emerald Cut,Heat Treated,Ceylon (Sri Lanka),https://www.thenaturalsapphirecompany.com/blue-sapphires/5.07ct-ceylon-sri-lankan-emerald-cut-blue-sapphire-b8288/
B9105,"$81,536","$7,280",11.20 Ct.,12.19,11.95,7.86,Blue,Vivid,Very Slightly Included,Cushion,Mixed Brilliant Cut,Heat Treated,Ceylon (Sri Lanka),https://www.thenaturalsapphirecompany.com/blue-sapphires/11.20ct-ceylon-sri-lankan-cushion-blue-sapphire-b9105/
B9144,"$11,669","$4,420",2.64 Ct.,8.3,7,4.6,Blue,Vivid,Eye Clean,Emerald Cut,Emerald Cut,Heat Treated,Ceylon (Sri Lanka),https://www.thenaturalsapphirecompany.com/blue-sapphires/2.64ct-ceylon-sri-lankan-emerald-cut-blue-sapphire-b9144/
B6804,$343,$470,0.73 Ct.,5.08,5.04,3.51,Blue,Vivid,Very Slightly Included,Cushion,Mixed Brilliant Cut,Heat Treated,Ceylon (Sri Lanka),https://www.thenaturalsapphirecompany.com/blue-sapphires/0.73ct-ceylon-sri-lankan-cushion-blue-sapphire-b6804/
B8081,"$1,027","$1,300",0.79 Ct.,7,5.08,3.17,Blue,Intense,Slightly Included,Oval,Mixed Brilliant Cut,Heat Treated,Montana,https://www.thenaturalsapphirecompany.com/blue-sapphires/0.79ct-montana-oval-blue-sapphire-b8081/
B8241,"$297,620","$23,000",12.94 Ct.,12.93,11.44,8.77,Blue,Vivid,Very Slightly Included,Cushion,Mixed Brilliant Cut,No Enhancement,Ceylon (Sri Lanka),https://www.thenaturalsapphirecompany.com/blue-sapphires/12.94ct-ceylon-sri-lankan-cushion-blue-sapphire-b8241/
B8110,"$18,810","$4,500",4.18 Ct.,9.96,8.4,6.15,Blue,Vivid,Very Slightly Included,Oval,Mixed Brilliant Cut,Heat Treated,Madagascar,https://www.thenaturalsapphirecompany.com/blue-sapphires/4.18ct-madagascar-oval-blue-sapphire-b8110/
B8116,"$4,255","$2,128",2.00 Ct.,7.38,6.45,4.39,Blue,Vivid,Very Slightly Included,Cushion,Mixed Brilliant Cut,Heat Treated,Madagascar,https://www.thenaturalsapphirecompany.com/blue-sapphires/2.00ct-madagascar-cushion-blue-sapphire-b8116/
B7580,$514,$651,0.79 Ct.,5.08,5.06,3.78,Blue,Medium,Very Slightly Included,Cushion,Mixed Brilliant Cut,Heat Treated,Ceylon (Sri Lanka),https://www.thenaturalsapphirecompany.com/blue-sapphires/0.79ct-ceylon-sri-lankan-cushion-blue-sapphire-b7580/
B7585,$513,$766,0.67 Ct.,4.98,4.72,3.58,Blue,Medium,Eye Clean,Cushion,Mixed Brilliant Cut,Heat Treated,Ceylon (Sri Lanka),https://www.thenaturalsapphirecompany.com/blue-sapphires/0.67ct-ceylon-sri-lankan-cushion-blue-sapphire-b7585/
B7587,$410,$651,0.63 Ct.,4.78,4.76,3.42,Blue,Medium,Very Slightly Included,Cushion,Mixed Brilliant Cut,Heat Treated,Ceylon (Sri Lanka),https://www.thenaturalsapphirecompany.com/blue-sapphires/0.63ct-ceylon-sri-lankan-cushion-blue-sapphire-b7587/
B7614,"$1,570","$1,308",1.20 Ct.,7.22,5.34,3.74,Blue,Intense,Very Slightly Included,Cushion,Mixed Brilliant Cut,Heat Treated,Ceylon (Sri Lanka),https://www.thenaturalsapphirecompany.com/blue-sapphires/1.20ct-ceylon-sri-lankan-cushion-blue-sapphire-b7614/
B7708,"$4,266","$1,800",2.37 Ct.,7.85,6.3,5.11,Blue,Medium,Very Slightly Included,Cushion,Mixed Brilliant Cut,No Enhancement,Ceylon (Sri Lanka),https://www.thenaturalsapphirecompany.com/blue-sapphires/2.37ct-ceylon-sri-lankan-cushion-blue-sapphire-b7708/
B7794,"$2,214","$1,800",1.23 Ct.,7.33,4.86,3.51,Blue,Intense,Very Slightly Included,Cushion,Mixed Brilliant Cut,No Enhancement,Ceylon (Sri Lanka),https://www.thenaturalsapphirecompany.com/blue-sapphires/1.23ct-ceylon-sri-lankan-cushion-blue-sapphire-b7794/
B7810,"$3,552","$1,850",1.92 Ct.,7.44,6.08,4.58,Color Change,Intense,Very Slightly Included,Oval,Mixed Brilliant Cut,No Enhancement,Ceylon (Sri Lanka),https://www.thenaturalsapphirecompany.com/blue-sapphires/1.92ct-ceylon-sri-lankan-oval-color-change-sapphire-b7810/
B7812,"$1,711","$1,450",1.18 Ct.,6.21,5.11,4.55,Blue,Intense,Very Slightly Included,Cushion,Mixed Brilliant Cut,No Enhancement,Ceylon (Sri Lanka),https://www.thenaturalsapphirecompany.com/blue-sapphires/1.18ct-ceylon-sri-lankan-cushion-blue-sapphire-b7812/
B8028,"$159,936","$9,600",16.66 Ct.,14.57,14.55,8.17,Blue,Intense,Very Slightly Included,Cushion,Modified Brilliant Cut,No Enhancement,Burma (Myanmar),https://www.thenaturalsapphirecompany.com/blue-sapphires/16.66ct-burma-myanmar-cushion-blue-sapphire-b8028/
B8029,"$241,903","$5,750",42.07 Ct.,27.84,17.02,10.18,Blue,Dark,Very Slightly Included,Oval,Mixed Brilliant Cut,No Enhancement,Burma (Myanmar),https://www.thenaturalsapphirecompany.com/blue-sapphires/42.07ct-burma-myanmar-oval-blue-sapphire-b8029/
S15464,"$8,519","$2,775",3.07 Ct.,8.44,7.51,5.85,Blue,Dark,Very Slightly Included,Oval,Mixed Brilliant Cut,Heat Treated,Madagascar,https://www.thenaturalsapphirecompany.com/blue-sapphires/3.07ct-madagascar-oval-blue-sapphire-s15464/
S20973,"$1,777","$1,457",1.22 Ct.,6.65,5.64,4.26,Bluish Green,Intense,Very Slightly Included,Oval,Mixed Brilliant Cut,Heat Treated,Montana,https://www.thenaturalsapphirecompany.com/blue-sapphires/1.22ct-montana-oval-bluish-green-sapphire-s20973/
S20974,"$2,260","$1,712",1.32 Ct.,6.89,5.92,4.22,Greenish Blue,Intense,Very Slightly Included,Oval,Mixed Brilliant Cut,Heat Treated,Montana,https://www.thenaturalsapphirecompany.com/blue-sapphires/1.32ct-montana-oval-greenish-blue-sapphire-s20974/
S20975,"$1,541","$1,364",1.13 Ct.,6.21,6.24,4.08,Greenish Blue,Intense,Slightly Included,Round,Mixed Brilliant Cut,Heat Treated,Montana,https://www.thenaturalsapphirecompany.com/blue-sapphires/1.13ct-montana-round-greenish-blue-sapphire-s20975/
S20978,$787,$996,0.79 Ct.,5.57,5.6,3.6,Blue,Intense,Very Slightly Included,Round,Mixed Brilliant Cut,Heat Treated,Montana,https://www.thenaturalsapphirecompany.com/blue-sapphires/0.79ct-montana-round-blue-sapphire-s20978/
S20983,"$1,351","$1,437",0.94 Ct.,5.84,5.85,3.85,Greenish Blue,Intense,Very Slightly Included,Round,Mixed Brilliant Cut,Heat Treated,Montana,https://www.thenaturalsapphirecompany.com/blue-sapphires/0.94ct-montana-round-greenish-blue-sapphire-s20983/
S20984,$958,"$1,041",0.92 Ct.,6.27,5.3,3.7,Blue,Light,Very Slightly Included,Cushion,Mixed Brilliant Cut,Heat Treated,Montana,https://www.thenaturalsapphirecompany.com/blue-sapphires/0.92ct-montana-cushion-blue-sapphire-s20984/
S20986,"$1,538","$1,523",1.01 Ct.,6.53,5,3.92,Blue,Medium,Very Slightly Included,Radiant,Radiant Cut,Heat Treated,Montana,https://www.thenaturalsapphirecompany.com/blue-sapphires/1.01ct-montana-radiant-blue-sapphire-s20986/
S20987,"$2,096","$1,704",1.23 Ct.,6.83,5.85,4.17,Greenish Blue,Intense,Very Slightly Included,Cushion,Mixed Brilliant Cut,Heat Treated,Montana,https://www.thenaturalsapphirecompany.com/blue-sapphires/1.23ct-montana-cushion-greenish-blue-sapphire-s20987/
S20988,"$2,852","$2,082",1.37 Ct.,6.06,6.02,4.48,Greenish Blue,Intense,Very Slightly Included,Cushion,Mixed Brilliant Cut,Heat Treated,Montana,https://www.thenaturalsapphirecompany.com/blue-sapphires/1.37ct-montana-cushion-greenish-blue-sapphire-s20988/
S35020,"$1,815","$1,500",1.21 Ct.,6.47,5.39,3.74,Color Change,Vivid,Eye Clean,Cushion,Mixed Brilliant Cut,No Enhancement,Tanzania,https://www.thenaturalsapphirecompany.com/blue-sapphires/1.21ct-tanzanian-cushion-color-change-sapphire-s35020/
S44177,"$1,470",$700,2.10 Ct.,8.09,5.85,4.35,Bluish Green,Intense,Very Slightly Included,Cushion,Mixed Brilliant Cut,No Enhancement,Madagascar,https://www.thenaturalsapphirecompany.com/blue-sapphires/2.10ct-madagascar-cushion-bluish-green-sapphire-s44177/
S19276,"$4,212","$2,127",1.98 Ct.,7.07,6.97,4.75,Blue,Medium,Very Very Slightly Included,Cushion,Mixed Brilliant Cut,Heat Treated,Ceylon (Sri Lanka),https://www.thenaturalsapphirecompany.com/blue-sapphires/1.98ct-ceylon-sri-lankan-cushion-blue-sapphire-s19276/
S32400,"$1,368",$600,2.28 Ct.,7.52,7.44,4.28,Greenish Blue,Medium,Very Slightly Included,Princess,Princess Cut,No Enhancement,Africa,https://www.thenaturalsapphirecompany.com/blue-sapphires/2.28ct-african-princess-greenish-blue-sapphire-s32400/
S41310,"$2,296",$700,3.28 Ct.,10.84,8.58,4.63,Bluish Green,Dark,Very Slightly Included,Oval,Mixed Brilliant Cut,Heat Treated,Madagascar,https://www.thenaturalsapphirecompany.com/blue-sapphires/3.28ct-madagascar-oval-bluish-green-sapphire-s41310/
S41319,"$3,420","$1,000",3.42 Ct.,10.93,8.07,4.12,Bluish Green,Dark,Eye Clean,Oval,Mixed Brilliant Cut,Heat Treated,Madagascar,https://www.thenaturalsapphirecompany.com/blue-sapphires/3.42ct-madagascar-oval-bluish-green-sapphire-s41319/
S44224,"$31,581","$3,875",8.15 Ct.,15.51,10.23,6.9,Blue,Intense,Very Very Slightly Included,Pear,Mixed Brilliant Cut,Heat Treated,Ceylon (Sri Lanka),https://www.thenaturalsapphirecompany.com/blue-sapphires/8.15ct-ceylon-sri-lankan-pear-blue-sapphire-s44224/
S44225,"$16,672","$3,960",4.21 Ct.,14.67,7.45,5.37,Blue,Dark,Eye Clean,Pear,Mixed Brilliant Cut,Heat Treated,Ceylon (Sri Lanka),https://www.thenaturalsapphirecompany.com/blue-sapphires/4.21ct-ceylon-sri-lankan-pear-blue-sapphire-s44225/
S44226,"$5,920","$1,850",3.20 Ct.,8.65,6.65,4.97,Blue,Intense,Very Slightly Included,Emerald Cut,Emerald Cut,Heat Treated,Ceylon (Sri Lanka),https://www.thenaturalsapphirecompany.com/blue-sapphires/3.20ct-ceylon-sri-lankan-emerald-cut-blue-sapphire-s44226/
S44227,"$8,749","$3,995",2.19 Ct.,7.62,7.54,4,Blue,Vivid,Very Very Slightly Included,Asscher - Octagon,Asscher Cut,Heat Treated,Ceylon (Sri Lanka),https://www.thenaturalsapphirecompany.com/blue-sapphires/2.19ct-ceylon-sri-lankan-asscher-octagon-blue-sapphire-s44227/
S44228,"$6,993","$3,330",2.10 Ct.,7.67,7.61,4.49,Blue,Vivid,Eye Clean,Round,Mixed Brilliant Cut,Heat Treated,Ceylon (Sri Lanka),https://www.thenaturalsapphirecompany.com/blue-sapphires/2.10ct-ceylon-sri-lankan-round-blue-sapphire-s44228/
S40720,"$2,366","$1,300",1.82 Ct.,7.8,5.97,4.37,Bluish Green,Intense,Very Slightly Included,Oval,Mixed Brilliant Cut,No Enhancement,Madagascar,https://www.thenaturalsapphirecompany.com/blue-sapphires/1.82ct-madagascar-oval-bluish-green-sapphire-s40720/
S44703,$240,$500,0.48 Ct.,5.05,3.48,3.05,Blue,Intense,Very Slightly Included,Cushion,Mixed Brilliant Cut,Heat Treated,Madagascar,https://www.thenaturalsapphirecompany.com/blue-sapphires/0.48ct-madagascar-cushion-blue-sapphire-s44703/
S40107,"$82,524","$7,800",10.58 Ct.,13.97,9.88,7.39,Blue,Vivid,Eye Clean,Emerald Cut,Emerald Cut,Heat Treated,Ceylon (Sri Lanka),https://www.thenaturalsapphirecompany.com/blue-sapphires/10.58ct-ceylon-sri-lankan-emerald-cut-blue-sapphire-s40107/
S28679,$560,$800,0.70 Ct.,5.56,5.52,3.24,Greenish Blue,Medium,Eye Clean,Round,Mixed Brilliant Cut,Heat Treated,Madagascar,https://www.thenaturalsapphirecompany.com/blue-sapphires/0.70ct-madagascar-round-greenish-blue-sapphire-s28679/
S44229,"$6,743","$2,775",2.43 Ct.,7.89,7.84,5.22,Blue,Intense,Very Slightly Included,Round,Mixed Brilliant Cut,Heat Treated,Ceylon (Sri Lanka),https://www.thenaturalsapphirecompany.com/blue-sapphires/2.43ct-ceylon-sri-lankan-round-blue-sapphire-s44229/
S44230,"$7,076","$2,775",2.55 Ct.,8.32,8.25,4.69,Blue,Intense,Eye Clean,Round,Mixed Brilliant Cut,Heat Treated,Ceylon (Sri Lanka),https://www.thenaturalsapphirecompany.com/blue-sapphires/2.55ct-ceylon-sri-lankan-round-blue-sapphire-s44230/
S44231,"$16,553","$3,630",4.56 Ct.,10.05,7.78,5.75,Blue,Intense,Eye Clean,Emerald Cut,Emerald Cut,Heat Treated,Ceylon (Sri Lanka),https://www.thenaturalsapphirecompany.com/blue-sapphires/4.56ct-ceylon-sri-lankan-emerald-cut-blue-sapphire-s44231/
S44237,"$2,142","$1,400",1.53 Ct.,7.48,5.15,3.98,Violet,Vivid,Eye Clean,Emerald Cut,Emerald Cut,No Enhancement,Ceylon (Sri Lanka),https://www.thenaturalsapphirecompany.com/blue-sapphires/1.53ct-ceylon-sri-lankan-emerald-cut-violet-sapphire-s44237/
S45195,"$18,810","$4,703",4.00 Ct.,10.26,7.57,5.02,Blue,Vivid,Very Very Slightly Included,Cushion,Mixed Brilliant Cut,Heat Treated,Ceylon (Sri Lanka),https://www.thenaturalsapphirecompany.com/blue-sapphires/4.00ct-ceylon-sri-lankan-cushion-blue-sapphire-s45195/
S48166,"$1,520",$981,1.55 Ct.,7.39,5.2,4.07,Greenish Blue,Intense,Slightly Included,Emerald Cut,Emerald Cut,No Enhancement,Madagascar,https://www.thenaturalsapphirecompany.com/blue-sapphires/1.55ct-madagascar-emerald-cut-greenish-blue-sapphire-s48166/
S25759,$134,$200,0.67 Ct.,5.42,5.44,3.03,Bluish Green,Medium,Eye Clean,Round,Mixed Brilliant Cut,No Enhancement,Ceylon (Sri Lanka),https://www.thenaturalsapphirecompany.com/blue-sapphires/0.67ct-ceylon-sri-lankan-round-bluish-green-sapphire-s25759/
S48382,"$1,500","$1,145",1.31 Ct.,6.64,5.13,4.36,Blue,Vivid,Slightly Included,Cushion,Mixed Brilliant Cut,No Enhancement,Ceylon (Sri Lanka),https://www.thenaturalsapphirecompany.com/blue-sapphires/1.31ct-ceylon-sri-lankan-cushion-blue-sapphire-s48382/
S48260,"$3,408","$2,400",1.42 Ct.,7.55,5.95,3.78,Bluish Green,Intense,Very Very Slightly Included,Oval,Mixed Brilliant Cut,Heat Treated,Montana,https://www.thenaturalsapphirecompany.com/blue-sapphires/1.42ct-montana-oval-bluish-green-sapphire-s48260/
S15211,"$2,080","$1,300",1.60 Ct.,6.67,6.3,4.71,Blue,Dark,Very Slightly Included,Round,Mixed Brilliant Cut,Heat Treated,Ceylon (Sri Lanka),https://www.thenaturalsapphirecompany.com/blue-sapphires/1.60ct-ceylon-sri-lankan-round-blue-sapphire-s15211/
S15216,"$2,700","$1,500",1.80 Ct.,7.47,6.08,4.26,Blue,Intense,Very Slightly Included,Cushion,Mixed Brilliant Cut,Heat Treated,Ceylon (Sri Lanka),https://www.thenaturalsapphirecompany.com/blue-sapphires/1.80ct-ceylon-sri-lankan-cushion-blue-sapphire-s15216/
S15218,"$4,662","$1,388",3.36 Ct.,8.12,7.33,5.77,Purplish Blue,Intense,Very Slightly Included,Radiant,Radiant Cut,Heat Treated,Ceylon (Sri Lanka),https://www.thenaturalsapphirecompany.com/blue-sapphires/3.36ct-ceylon-sri-lankan-radiant-purplish-blue-sapphire-s15218/
S15772,$424,$420,1.01 Ct.,6.04,4.59,3.6,Blue,Intense,Very Slightly Included,Cushion,Mixed Brilliant Cut,Heat Treated,Ceylon (Sri Lanka),https://www.thenaturalsapphirecompany.com/blue-sapphires/1.01ct-ceylon-sri-lankan-cushion-blue-sapphire-s15772/
S15775,$707,$520,1.36 Ct.,7.16,5.55,4.18,Purplish Blue,Intense,Very Slightly Included,Oval,Mixed Brilliant Cut,Heat Treated,Ceylon (Sri Lanka),https://www.thenaturalsapphirecompany.com/blue-sapphires/1.36ct-ceylon-sri-lankan-oval-purplish-blue-sapphire-s15775/
S17403,"$14,457","$3,177",4.55 Ct.,8.94,10.89,6.07,Blue,Intense,Very Slightly Included,Heart,Mixed Brilliant Cut,No Enhancement,Ceylon (Sri Lanka),https://www.thenaturalsapphirecompany.com/blue-sapphires/4.55ct-ceylon-sri-lankan-heart-blue-sapphire-s17403/
S12059,"$5,159","$1,804",2.86 Ct.,9.58,6.29,4.03,Bluish Green,Intense,Eye Clean,Fancy,Fancy Cut,Heat Treated,Ceylon (Sri Lanka),https://www.thenaturalsapphirecompany.com/blue-sapphires/2.86ct-ceylon-sri-lankan-fancy-bluish-green-sapphire-s12059/
S32061,"$3,500","$1,378",2.54 Ct.,8.18,6.06,5.39,Blue,Vivid,Slightly Included,Cushion,Mixed Brilliant Cut,Heat Treated,Ceylon (Sri Lanka),https://www.thenaturalsapphirecompany.com/blue-sapphires/2.54ct-ceylon-sri-lankan-cushion-blue-sapphire-s32061/
S47007,"$2,000",$769,2.60 Ct.,8.32,6.82,4.72,Blue,Intense,Slightly Included,Radiant,Radiant Cut,Heat Treated,Ceylon (Sri Lanka),https://www.thenaturalsapphirecompany.com/blue-sapphires/2.60ct-ceylon-sri-lankan-radiant-blue-sapphire-s47007/
S44838,"$3,500","$1,389",2.52 Ct.,9.28,7.34,5.45,Blue,Intense,Slightly Included,Oval,Mixed Brilliant Cut,No Enhancement,Ceylon (Sri Lanka),https://www.thenaturalsapphirecompany.com/blue-sapphires/2.52ct-ceylon-sri-lankan-oval-blue-sapphire-s44838/
S36581,"$2,071",$950,2.18 Ct.,6.94,6.91,4.91,Blue,Medium,Very Slightly Included,Radiant,Radiant Cut,No Enhancement,Ceylon (Sri Lanka),https://www.thenaturalsapphirecompany.com/blue-sapphires/2.18ct-ceylon-sri-lankan-radiant-blue-sapphire-s36581/
S23690,"$1,440","$1,200",1.20 Ct.,8.07,5.72,3.63,Blue,Intense,Very Very Slightly Included,Pear,Mixed Brilliant Cut,Heat Treated,Ceylon (Sri Lanka),https://www.thenaturalsapphirecompany.com/blue-sapphires/1.20ct-ceylon-sri-lankan-pear-blue-sapphire-s23690/
S7849,"$6,734","$1,850",3.64 Ct.,11.29,7.16,4.52,Blue,Medium,Slightly Included,Cushion,Mixed Brilliant Cut,No Enhancement,Ceylon (Sri Lanka),https://www.thenaturalsapphirecompany.com/blue-sapphires/3.64ct-ceylon-sri-lankan-cushion-blue-sapphire-s7849/
S7858,"$14,926","$3,400",4.39 Ct.,9.34,8.45,6.04,Blue,Vivid,Very Slightly Included,Cushion,Mixed Brilliant Cut,Heat Treated,Ceylon (Sri Lanka),https://www.thenaturalsapphirecompany.com/blue-sapphires/4.39ct-ceylon-sri-lankan-cushion-blue-sapphire-s7858/
B8482,$553,$651,0.85 Ct.,5.9,5.16,3.34,Blue,Dark,Very Slightly Included,Cushion,Mixed Brilliant Cut,Heat Treated,Ceylon (Sri Lanka),https://www.thenaturalsapphirecompany.com/blue-sapphires/0.85ct-ceylon-sri-lankan-cushion-blue-sapphire-b8482/
B8484,$268,$400,0.67 Ct.,5.27,4.5,3.5,Blue,Vivid,Very Slightly Included,Cushion,Mixed Brilliant Cut,Heat Treated,Ceylon (Sri Lanka),https://www.thenaturalsapphirecompany.com/blue-sapphires/0.67ct-ceylon-sri-lankan-cushion-blue-sapphire-b8484/
B8488,$653,$751,0.87 Ct.,10.15,3.67,2.97,Blue,Dark,Very Slightly Included,Marquise,Mixed Brilliant Cut,Heat Treated,Ceylon (Sri Lanka),https://www.thenaturalsapphirecompany.com/blue-sapphires/0.87ct-ceylon-sri-lankan-marquise-blue-sapphire-b8488/
S47680,"$1,200","$1,165",1.03 Ct.,7.15,5.53,3.2,Blue,Intense,Eye Clean,Oval,Mixed Brilliant Cut,No Enhancement,Tanzania,https://www.thenaturalsapphirecompany.com/blue-sapphires/1.03ct-tanzanian-oval-blue-sapphire-s47680/
S47682,"$2,500","$2,404",1.04 Ct.,6.29,4.74,3.74,Blue,Intense,Slightly Included,Cushion,Mixed Brilliant Cut,No Enhancement,Tanzania,https://www.thenaturalsapphirecompany.com/blue-sapphires/1.04ct-tanzanian-cushion-blue-sapphire-s47682/
S47683,"$1,300","$1,300",1.00 Ct.,5.03,4.82,3.87,Blue,Dark,Very Very Slightly Included,Cushion,Mixed Brilliant Cut,Heat Treated,Tanzania,https://www.thenaturalsapphirecompany.com/blue-sapphires/1.00ct-tanzanian-cushion-blue-sapphire-s47683/
S47684,"$3,000","$2,941",1.02 Ct.,5.74,5.72,3.06,Blue,Intense,Very Slightly Included,Cushion,Mixed Brilliant Cut,No Enhancement,Tanzania,https://www.thenaturalsapphirecompany.com/blue-sapphires/1.02ct-tanzanian-cushion-blue-sapphire-s47684/
S47686,"$2,000","$1,961",1.02 Ct.,6.87,5.28,2.87,Blue,Intense,Included,Cushion,Mixed Brilliant Cut,No Enhancement,Tanzania,https://www.thenaturalsapphirecompany.com/blue-sapphires/1.02ct-tanzanian-cushion-blue-sapphire-s47686/
S47688,"$2,700","$1,646",1.64 Ct.,7.73,6.82,3.28,Blue,Intense,Slightly Included,Cushion,Mixed Brilliant Cut,No Enhancement,Tanzania,https://www.thenaturalsapphirecompany.com/blue-sapphires/1.64ct-tanzanian-cushion-blue-sapphire-s47688/
S47691,$800,"$1,481",0.54 Ct.,4.67,4.06,3.14,Blue,Intense,Very Slightly Included,Oval,Mixed Brilliant Cut,No Enhancement,Tanzania,https://www.thenaturalsapphirecompany.com/blue-sapphires/0.54ct-tanzanian-oval-blue-sapphire-s47691/
S47692,$700,$667,1.05 Ct.,6.25,5.19,3.84,Purplish Blue,Intense,Included,Oval,Mixed Brilliant Cut,No Enhancement,Tanzania,https://www.thenaturalsapphirecompany.com/blue-sapphires/1.05ct-tanzanian-oval-purplish-blue-sapphire-s47692/
S47694,$600,$566,1.06 Ct.,5.47,5.33,3.86,Blue,Intense,Eye Clean,Cushion,Mixed Brilliant Cut,Heat Treated,Madagascar,https://www.thenaturalsapphirecompany.com/blue-sapphires/1.06ct-madagascar-cushion-blue-sapphire-s47694/
S47695,"$1,000","$1,282",0.78 Ct.,5.57,5.65,3.46,Blue,Intense,Slightly Included,Round,Mixed Brilliant Cut,No Enhancement,Madagascar,https://www.thenaturalsapphirecompany.com/blue-sapphires/0.78ct-madagascar-round-blue-sapphire-s47695/
S47696,$500,$472,1.06 Ct.,6.64,4.93,3.6,Greenish Blue,Intense,Slightly Included,Radiant,Radiant Cut,No Enhancement,Madagascar,https://www.thenaturalsapphirecompany.com/blue-sapphires/1.06ct-madagascar-radiant-greenish-blue-sapphire-s47696/
S47697,"$1,300",$640,2.03 Ct.,6.76,6.49,5.54,Color Change,Intense,Slightly Included,Cushion,Mixed Brilliant Cut,No Enhancement,Madagascar,https://www.thenaturalsapphirecompany.com/blue-sapphires/2.03ct-madagascar-cushion-color-change-sapphire-s47697/
S47701,"$3,600","$3,025",1.19 Ct.,8.49,5.86,3.51,Blue,Intense,Very Slightly Included,Pear,Mixed Brilliant Cut,No Enhancement,Tanzania,https://www.thenaturalsapphirecompany.com/blue-sapphires/1.19ct-tanzanian-pear-blue-sapphire-s47701/
S8599,$888,$800,1.11 Ct.,6.99,5.05,3.06,Blue,Intense,Very Slightly Included,Emerald Cut,Emerald Cut,Heat Treated,Ceylon (Sri Lanka),https://www.thenaturalsapphirecompany.com/blue-sapphires/1.11ct-ceylon-sri-lankan-emerald-cut-blue-sapphire-s8599/
S8600,$880,$800,1.10 Ct.,7.06,5.02,3.06,Blue,Intense,Very Slightly Included,Emerald Cut,Emerald Cut,Heat Treated,Ceylon (Sri Lanka),https://www.thenaturalsapphirecompany.com/blue-sapphires/1.10ct-ceylon-sri-lankan-emerald-cut-blue-sapphire-s8600/
S8601,"$1,287","$1,100",1.17 Ct.,6.67,4.97,3.66,Blue,Vivid,Very Slightly Included,Emerald Cut,Emerald Cut,Heat Treated,Ceylon (Sri Lanka),https://www.thenaturalsapphirecompany.com/blue-sapphires/1.17ct-ceylon-sri-lankan-emerald-cut-blue-sapphire-s8601/
S8602,$888,$800,1.11 Ct.,6.92,4.83,3.42,Blue,Intense,Very Slightly Included,Emerald Cut,Emerald Cut,Heat Treated,Ceylon (Sri Lanka),https://www.thenaturalsapphirecompany.com/blue-sapphires/1.11ct-ceylon-sri-lankan-emerald-cut-blue-sapphire-s8602/
S8607,"$1,008",$800,1.26 Ct.,7.37,4.51,3.57,Blue,Intense,Slightly Included,Emerald Cut,Emerald Cut,Heat Treated,Ceylon (Sri Lanka),https://www.thenaturalsapphirecompany.com/blue-sapphires/1.26ct-ceylon-sri-lankan-emerald-cut-blue-sapphire-s8607/
S8616,"$8,517","$1,700",5.01 Ct.,10.55,7.88,5.89,Bluish Green,Vivid,Eye Clean,Cushion,Mixed Brilliant Cut,No Enhancement,Ceylon (Sri Lanka),https://www.thenaturalsapphirecompany.com/blue-sapphires/5.01ct-ceylon-sri-lankan-cushion-bluish-green-sapphire-s8616/
S8617,"$7,468","$2,128",3.51 Ct.,8.95,7.91,4.99,Greenish Blue,Vivid,Eye Clean,Emerald Cut,Emerald Cut,No Enhancement,Ceylon (Sri Lanka),https://www.thenaturalsapphirecompany.com/blue-sapphires/3.51ct-ceylon-sri-lankan-emerald-cut-greenish-blue-sapphire-s8617/
S8620,$760,$800,0.95 Ct.,6.8,4.81,2.93,Blue,Intense,Very Slightly Included,Emerald Cut,Emerald Cut,Heat Treated,Ceylon (Sri Lanka),https://www.thenaturalsapphirecompany.com/blue-sapphires/0.95ct-ceylon-sri-lankan-emerald-cut-blue-sapphire-s8620/
S8623,$736,$800,0.92 Ct.,7.03,4.77,2.73,Blue,Intense,Very Slightly Included,Emerald Cut,Emerald Cut,Heat Treated,Ceylon (Sri Lanka),https://www.thenaturalsapphirecompany.com/blue-sapphires/0.92ct-ceylon-sri-lankan-emerald-cut-blue-sapphire-s8623/
S8624,$550,$500,1.10 Ct.,6.05,6.02,3.84,Blue,Intense,Very Slightly Included,Round,Mixed Brilliant Cut,Heat Treated,Ceylon (Sri Lanka),https://www.thenaturalsapphirecompany.com/blue-sapphires/1.10ct-ceylon-sri-lankan-round-blue-sapphire-s8624/
S8628,$530,$500,1.06 Ct.,6.16,6.08,3.53,Blue,Intense,Very Slightly Included,Round,Mixed Brilliant Cut,Heat Treated,Ceylon (Sri Lanka),https://www.thenaturalsapphirecompany.com/blue-sapphires/1.06ct-ceylon-sri-lankan-round-blue-sapphire-s8628/
S8631,$420,$500,0.84 Ct.,5.38,5.35,3.68,Blue,Vivid,Very Slightly Included,Round,Mixed Brilliant Cut,Heat Treated,Ceylon (Sri Lanka),https://www.thenaturalsapphirecompany.com/blue-sapphires/0.84ct-ceylon-sri-lankan-round-blue-sapphire-s8631/
S8632,$485,$500,0.97 Ct.,5.76,5.71,3.94,Blue,Medium,Very Slightly Included,Round,Mixed Brilliant Cut,Heat Treated,Ceylon (Sri Lanka),https://www.thenaturalsapphirecompany.com/blue-sapphires/0.97ct-ceylon-sri-lankan-round-blue-sapphire-s8632/
S8633,$410,$500,0.82 Ct.,5.76,5.73,3.35,Blue,Intense,Very Slightly Included,Round,Mixed Brilliant Cut,Heat Treated,Ceylon (Sri Lanka),https://www.thenaturalsapphirecompany.com/blue-sapphires/0.82ct-ceylon-sri-lankan-round-blue-sapphire-s8633/
S8634,$365,$500,0.73 Ct.,5.27,5.24,3.09,Blue,Intense,Slightly Included,Round,Mixed Brilliant Cut,Heat Treated,Ceylon (Sri Lanka),https://www.thenaturalsapphirecompany.com/blue-sapphires/0.73ct-ceylon-sri-lankan-round-blue-sapphire-s8634/
S8635,$365,$500,0.73 Ct.,5.32,5.28,3.08,Blue,Intense,Very Slightly Included,Round,Mixed Brilliant Cut,Heat Treated,Ceylon (Sri Lanka),https://www.thenaturalsapphirecompany.com/blue-sapphires/0.73ct-ceylon-sri-lankan-round-blue-sapphire-s8635/
S8636,$425,$500,0.85 Ct.,5.39,5.35,3.39,Blue,Intense,Very Slightly Included,Round,Mixed Brilliant Cut,Heat Treated,Ceylon (Sri Lanka),https://www.thenaturalsapphirecompany.com/blue-sapphires/0.85ct-ceylon-sri-lankan-round-blue-sapphire-s8636/
S8637,$405,$500,0.81 Ct.,5.56,5.47,3.47,Blue,Intense,Very Slightly Included,Round,Mixed Brilliant Cut,Heat Treated,Ceylon (Sri Lanka),https://www.thenaturalsapphirecompany.com/blue-sapphires/0.81ct-ceylon-sri-lankan-round-blue-sapphire-s8637/
S8638,$280,$500,0.56 Ct.,4.9,4.87,3.15,Blue,Intense,Very Slightly Included,Round,Mixed Brilliant Cut,Heat Treated,Ceylon (Sri Lanka),https://www.thenaturalsapphirecompany.com/blue-sapphires/0.56ct-ceylon-sri-lankan-round-blue-sapphire-s8638/
S8640,$405,$500,0.81 Ct.,5.27,5.25,3.55,Blue,Vivid,Very Slightly Included,Round,Mixed Brilliant Cut,Heat Treated,Ceylon (Sri Lanka),https://www.thenaturalsapphirecompany.com/blue-sapphires/0.81ct-ceylon-sri-lankan-round-blue-sapphire-s8640/
S8641,$440,$500,0.88 Ct.,5.76,5.69,3.43,Blue,Intense,Slightly Included,Round,Mixed Brilliant Cut,Heat Treated,Ceylon (Sri Lanka),https://www.thenaturalsapphirecompany.com/blue-sapphires/0.88ct-ceylon-sri-lankan-round-blue-sapphire-s8641/
S8642,$340,$500,0.68 Ct.,5.11,5.06,3.25,Blue,Intense,Very Slightly Included,Round,Mixed Brilliant Cut,Heat Treated,Ceylon (Sri Lanka),https://www.thenaturalsapphirecompany.com/blue-sapphires/0.68ct-ceylon-sri-lankan-round-blue-sapphire-s8642/
S8643,$425,$500,0.85 Ct.,5.17,5.1,3.82,Blue,Intense,Very Slightly Included,Round,Mixed Brilliant Cut,Heat Treated,Ceylon (Sri Lanka),https://www.thenaturalsapphirecompany.com/blue-sapphires/0.85ct-ceylon-sri-lankan-round-blue-sapphire-s8643/
U14739,"$410,308","$12,075",33.98 Ct.,19.38,17.02,11.46,Color Change,Vivid,Eye Clean,Cushion,Mixed Brilliant Cut,Heat Treated,Ceylon (Sri Lanka),https://www.thenaturalsapphirecompany.com/blue-sapphires/33.98ct-ceylon-sri-lankan-cushion-color-change-sapphire-u14739/
B8492,$319,$550,0.58 Ct.,5.65,4.37,2.58,Blue,Dark,Very Slightly Included,Oval,Mixed Brilliant Cut,Heat Treated,Ceylon (Sri Lanka),https://www.thenaturalsapphirecompany.com/blue-sapphires/0.58ct-ceylon-sri-lankan-oval-blue-sapphire-b8492/
B8495,$490,$500,0.98 Ct.,6.24,4.87,3.54,Blue,Vivid,Very Slightly Included,Cushion,Mixed Brilliant Cut,Heat Treated,Ceylon (Sri Lanka),https://www.thenaturalsapphirecompany.com/blue-sapphires/0.98ct-ceylon-sri-lankan-cushion-blue-sapphire-b8495/
B8496,$144,$300,0.48 Ct.,4.98,3.31,3.2,Blue,Vivid,Very Slightly Included,Cushion,Mixed Brilliant Cut,Heat Treated,Ceylon (Sri Lanka),https://www.thenaturalsapphirecompany.com/blue-sapphires/0.48ct-ceylon-sri-lankan-cushion-blue-sapphire-b8496/
B8527,$245,$500,0.49 Ct.,5.53,3.5,2.7,Blue,Vivid,Very Slightly Included,Cushion,Mixed Brilliant Cut,Heat Treated,Ceylon (Sri Lanka),https://www.thenaturalsapphirecompany.com/blue-sapphires/0.49ct-ceylon-sri-lankan-cushion-blue-sapphire-b8527/
B8541,$475,$500,0.95 Ct.,6.49,5.47,3.07,Blue,Dark,Very Slightly Included,Cushion,Mixed Brilliant Cut,Heat Treated,Ceylon (Sri Lanka),https://www.thenaturalsapphirecompany.com/blue-sapphires/0.95ct-ceylon-sri-lankan-cushion-blue-sapphire-b8541/
B8572,$384,$400,0.96 Ct.,6.25,4.95,3.58,Blue,Dark,Very Slightly Included,Oval,Mixed Brilliant Cut,Heat Treated,Ceylon (Sri Lanka),https://www.thenaturalsapphirecompany.com/blue-sapphires/0.96ct-ceylon-sri-lankan-oval-blue-sapphire-b8572/
B8573,$239,$451,0.53 Ct.,5.33,4.36,2.77,Blue,Vivid,Very Slightly Included,Oval,Mixed Brilliant Cut,Heat Treated,Ceylon (Sri Lanka),https://www.thenaturalsapphirecompany.com/blue-sapphires/0.53ct-ceylon-sri-lankan-oval-blue-sapphire-b8573/
B6924,$585,$750,0.78 Ct.,6.16,4.8,3.17,Blue,Medium,Very Slightly Included,Cushion,Mixed Brilliant Cut,Heat Treated,Ceylon (Sri Lanka),https://www.thenaturalsapphirecompany.com/blue-sapphires/0.78ct-ceylon-sri-lankan-cushion-blue-sapphire-b6924/
B6945,$517,$680,0.76 Ct.,6.28,4.52,3.31,Blue,Vivid,Very Slightly Included,Cushion,Mixed Brilliant Cut,Heat Treated,Ceylon (Sri Lanka),https://www.thenaturalsapphirecompany.com/blue-sapphires/0.76ct-ceylon-sri-lankan-cushion-blue-sapphire-b6945/
B6996,$476,$700,0.68 Ct.,4.99,4.94,3.43,Blue,Vivid,Very Slightly Included,Cushion,Mixed Brilliant Cut,Heat Treated,Ceylon (Sri Lanka),https://www.thenaturalsapphirecompany.com/blue-sapphires/0.68ct-ceylon-sri-lankan-cushion-blue-sapphire-b6996/
B7010,$403,$650,0.62 Ct.,5.07,5.01,3.32,Blue,Medium,Very Slightly Included,Cushion,Mixed Brilliant Cut,Heat Treated,Ceylon (Sri Lanka),https://www.thenaturalsapphirecompany.com/blue-sapphires/0.62ct-ceylon-sri-lankan-cushion-blue-sapphire-b7010/
B7011,$423,$651,0.65 Ct.,5.01,4.96,3.26,Blue,Vivid,Very Slightly Included,Cushion,Mixed Brilliant Cut,Heat Treated,Ceylon (Sri Lanka),https://www.thenaturalsapphirecompany.com/blue-sapphires/0.65ct-ceylon-sri-lankan-cushion-blue-sapphire-b7011/
B7019,$384,$651,0.59 Ct.,5.11,5.06,3.04,Blue,Vivid,Very Slightly Included,Cushion,Mixed Brilliant Cut,Heat Treated,Ceylon (Sri Lanka),https://www.thenaturalsapphirecompany.com/blue-sapphires/0.59ct-ceylon-sri-lankan-cushion-blue-sapphire-b7019/
B7025,$276,$400,0.69 Ct.,5.03,4.9,3.43,Blue,Vivid,Very Slightly Included,Cushion,Mixed Brilliant Cut,Heat Treated,Ceylon (Sri Lanka),https://www.thenaturalsapphirecompany.com/blue-sapphires/0.69ct-ceylon-sri-lankan-cushion-blue-sapphire-b7025/
B7027,$436,$651,0.67 Ct.,5.09,5.04,3.35,Blue,Intense,Very Slightly Included,Cushion,Mixed Brilliant Cut,Heat Treated,Ceylon (Sri Lanka),https://www.thenaturalsapphirecompany.com/blue-sapphires/0.67ct-ceylon-sri-lankan-cushion-blue-sapphire-b7027/
B7085,"$2,595","$1,500",1.73 Ct.,6.62,6.61,3.98,Blue,Medium,Very Slightly Included,Cushion,Mixed Brilliant Cut,Heat Treated,Ceylon (Sri Lanka),https://www.thenaturalsapphirecompany.com/blue-sapphires/1.73ct-ceylon-sri-lankan-cushion-blue-sapphire-b7085/
B7094,"$91,650","$7,800",11.75 Ct.,14.42,11.44,7.35,Blue,Vivid,Very Slightly Included,Cushion,Modified Brilliant Cut,Heat Treated,Ceylon (Sri Lanka),https://www.thenaturalsapphirecompany.com/blue-sapphires/11.75ct-ceylon-sri-lankan-cushion-blue-sapphire-b7094/
B7174,"$61,631","$8,120",7.59 Ct.,12.13,9.67,6.86,Blue,Vivid,Eye Clean,Cushion,Modified Brilliant Cut,No Enhancement,Nigeria,https://www.thenaturalsapphirecompany.com/blue-sapphires/7.59ct-nigerian-cushion-blue-sapphire-b7174/
B7222,$352,$525,0.67 Ct.,6.13,5.1,2.94,Blue,Vivid,Very Slightly Included,Oval,Mixed Brilliant Cut,Heat Treated,Ceylon (Sri Lanka),https://www.thenaturalsapphirecompany.com/blue-sapphires/0.67ct-ceylon-sri-lankan-oval-blue-sapphire-b7222/
B7233,$383,$451,0.85 Ct.,6.11,5.14,3.59,Blue,Intense,Very Slightly Included,Oval,Mixed Brilliant Cut,Heat Treated,Ceylon (Sri Lanka),https://www.thenaturalsapphirecompany.com/blue-sapphires/0.85ct-ceylon-sri-lankan-oval-blue-sapphire-b7233/
B7234,$304,$400,0.76 Ct.,6.03,4.96,3.37,Blue,Medium,Very Slightly Included,Oval,Mixed Brilliant Cut,Heat Treated,Ceylon (Sri Lanka),https://www.thenaturalsapphirecompany.com/blue-sapphires/0.76ct-ceylon-sri-lankan-oval-blue-sapphire-b7234/
B7240,$301,$350,0.86 Ct.,7.01,4.97,3.37,Blue,Medium,Slightly Included,Oval,Mixed Brilliant Cut,Heat Treated,Ceylon (Sri Lanka),https://www.thenaturalsapphirecompany.com/blue-sapphires/0.86ct-ceylon-sri-lankan-oval-blue-sapphire-b7240/
B7262,$504,$525,0.96 Ct.,6.98,4.97,3.82,Blue,Intense,Slightly Included,Oval,Mixed Brilliant Cut,Heat Treated,Ceylon (Sri Lanka),https://www.thenaturalsapphirecompany.com/blue-sapphires/0.96ct-ceylon-sri-lankan-oval-blue-sapphire-b7262/
B7265,$420,$500,0.84 Ct.,7.12,5.09,2.97,Blue,Medium,Very Slightly Included,Oval,Mixed Brilliant Cut,Heat Treated,Ceylon (Sri Lanka),https://www.thenaturalsapphirecompany.com/blue-sapphires/0.84ct-ceylon-sri-lankan-oval-blue-sapphire-b7265/
B7268,$428,$451,0.95 Ct.,7.04,5.08,3.55,Blue,Medium,Very Slightly Included,Oval,Mixed Brilliant Cut,Heat Treated,Ceylon (Sri Lanka),https://www.thenaturalsapphirecompany.com/blue-sapphires/0.95ct-ceylon-sri-lankan-oval-blue-sapphire-b7268/
B7269,$429,$550,0.78 Ct.,6.08,5.09,3.34,Blue,Medium,Very Slightly Included,Oval,Mixed Brilliant Cut,Heat Treated,Ceylon (Sri Lanka),https://www.thenaturalsapphirecompany.com/blue-sapphires/0.78ct-ceylon-sri-lankan-oval-blue-sapphire-b7269/
B7279,$490,$551,0.89 Ct.,7.04,5.1,3.26,Blue,Intense,Very Slightly Included,Oval,Mixed Brilliant Cut,Heat Treated,Ceylon (Sri Lanka),https://www.thenaturalsapphirecompany.com/blue-sapphires/0.89ct-ceylon-sri-lankan-oval-blue-sapphire-b7279/
B7284,$308,$376,0.82 Ct.,7.03,5.07,3.19,Blue,Medium,Eye Clean,Oval,Mixed Brilliant Cut,Heat Treated,Ceylon (Sri Lanka),https://www.thenaturalsapphirecompany.com/blue-sapphires/0.82ct-ceylon-sri-lankan-oval-blue-sapphire-b7284/
B7292,$684,$900,0.76 Ct.,5.53,5.01,3.5,Blue,Vivid,Eye Clean,Cushion,Mixed Brilliant Cut,Heat Treated,Ceylon (Sri Lanka),https://www.thenaturalsapphirecompany.com/blue-sapphires/0.76ct-ceylon-sri-lankan-cushion-blue-sapphire-b7292/
B7299,$693,$900,0.77 Ct.,5.61,5.49,3.01,Blue,Intense,Very Slightly Included,Cushion,Mixed Brilliant Cut,Heat Treated,Ceylon (Sri Lanka),https://www.thenaturalsapphirecompany.com/blue-sapphires/0.77ct-ceylon-sri-lankan-cushion-blue-sapphire-b7299/
B7309,$468,$450,1.04 Ct.,6.62,4.68,3.68,Blue,Medium,Very Slightly Included,Emerald Cut,Emerald Cut,Heat Treated,Ceylon (Sri Lanka),https://www.thenaturalsapphirecompany.com/blue-sapphires/1.04ct-ceylon-sri-lankan-emerald-cut-blue-sapphire-b7309/
B7310,$396,$600,0.66 Ct.,5.88,4,3.02,Blue,Intense,Very Slightly Included,Emerald Cut,Emerald Cut,Heat Treated,Ceylon (Sri Lanka),https://www.thenaturalsapphirecompany.com/blue-sapphires/0.66ct-ceylon-sri-lankan-emerald-cut-blue-sapphire-b7310/
S15452,"$30,710","$5,940",5.17 Ct.,8.72,8.51,7.46,Blue,Vivid,Very Slightly Included,Cushion,Mixed Brilliant Cut,Heat Treated,Ceylon (Sri Lanka),https://www.thenaturalsapphirecompany.com/blue-sapphires/5.17ct-ceylon-sri-lankan-cushion-blue-sapphire-s15452/
S15453,"$21,226","$5,280",4.02 Ct.,9.78,8.22,5.54,Blue,Vivid,Eye Clean,Oval,Mixed Brilliant Cut,Heat Treated,Ceylon (Sri Lanka),https://www.thenaturalsapphirecompany.com/blue-sapphires/4.02ct-ceylon-sri-lankan-oval-blue-sapphire-s15453/
S15455,"$29,251","$5,280",5.54 Ct.,10.64,8.18,7.14,Blue,Vivid,Very Slightly Included,Oval,Mixed Brilliant Cut,Heat Treated,Madagascar,https://www.thenaturalsapphirecompany.com/blue-sapphires/5.54ct-madagascar-oval-blue-sapphire-s15455/
S15456,"$31,838","$5,280",6.03 Ct.,11.39,8.51,7.05,Blue,Vivid,Very Slightly Included,Oval,Mixed Brilliant Cut,Heat Treated,Madagascar,https://www.thenaturalsapphirecompany.com/blue-sapphires/6.03ct-madagascar-oval-blue-sapphire-s15456/
S15457,"$14,698","$3,740",3.93 Ct.,9.38,9.49,6.11,Blue,Vivid,Very Slightly Included,Pear,Mixed Brilliant Cut,Heat Treated,Ceylon (Sri Lanka),https://www.thenaturalsapphirecompany.com/blue-sapphires/3.93ct-ceylon-sri-lankan-pear-blue-sapphire-s15457/
S15458,"$8,469","$3,885",2.18 Ct.,8.36,8.4,4.35,Blue,Vivid,Very Slightly Included,Round,Mixed Brilliant Cut,Heat Treated,Madagascar,https://www.thenaturalsapphirecompany.com/blue-sapphires/2.18ct-madagascar-round-blue-sapphire-s15458/
S15459,"$13,600","$4,250",3.20 Ct.,8.82,8.69,5.16,Blue,Vivid,Very Slightly Included,Round,Mixed Brilliant Cut,Heat Treated,Madagascar,https://www.thenaturalsapphirecompany.com/blue-sapphires/3.20ct-madagascar-round-blue-sapphire-s15459/
S15460,"$18,186","$3,630",5.01 Ct.,9.85,8.57,5.51,Blue,Vivid,Very Slightly Included,Emerald Cut,Emerald Cut,Heat Treated,Madagascar,https://www.thenaturalsapphirecompany.com/blue-sapphires/5.01ct-madagascar-emerald-cut-blue-sapphire-s15460/
S21058,"$1,510","$1,466",1.03 Ct.,5.98,5.98,3.96,Blue,Medium,Very Slightly Included,Round,Mixed Brilliant Cut,Heat Treated,Montana,https://www.thenaturalsapphirecompany.com/blue-sapphires/1.03ct-montana-round-blue-sapphire-s21058/
S21060,"$1,582","$1,451",1.09 Ct.,6.37,5.75,3.98,Greenish Blue,Intense,Slightly Included,Fancy,Mixed Brilliant Cut,Heat Treated,Montana,https://www.thenaturalsapphirecompany.com/blue-sapphires/1.09ct-montana-fancy-greenish-blue-sapphire-s21060/
S21061,"$2,067","$1,590",1.30 Ct.,6.79,5.78,4.38,Greenish Blue,Intense,Very Slightly Included,Oval,Mixed Brilliant Cut,Heat Treated,Montana,https://www.thenaturalsapphirecompany.com/blue-sapphires/1.30ct-montana-oval-greenish-blue-sapphire-s21061/
S21063,$390,$600,0.65 Ct.,6.2,4.45,3.04,Blue,Medium,Slightly Included,Pear,Mixed Brilliant Cut,No Enhancement,Ceylon (Sri Lanka),https://www.thenaturalsapphirecompany.com/blue-sapphires/0.65ct-ceylon-sri-lankan-pear-blue-sapphire-s21063/
S21073,$400,$690,0.58 Ct.,6.56,4.14,2.93,Blue,Light,Very Very Slightly Included,Pear,Mixed Brilliant Cut,No Enhancement,Ceylon (Sri Lanka),https://www.thenaturalsapphirecompany.com/blue-sapphires/0.58ct-ceylon-sri-lankan-pear-blue-sapphire-s21073/
S21074,"$1,110",$822,1.35 Ct.,7.92,6.01,3.93,Blue,Intense,Included,Oval,Mixed Brilliant Cut,Heat Treated,Montana,https://www.thenaturalsapphirecompany.com/blue-sapphires/1.35ct-montana-oval-blue-sapphire-s21074/
S21075,$430,$662,0.65 Ct.,5.7,4.38,3.25,Purplish Blue,Light,Very Very Slightly Included,Oval,Mixed Brilliant Cut,No Enhancement,Ceylon (Sri Lanka),https://www.thenaturalsapphirecompany.com/blue-sapphires/0.65ct-ceylon-sri-lankan-oval-purplish-blue-sapphire-s21075/
S26048,"$3,863","$2,683",1.44 Ct.,8.1,5.5,3.22,Blue,Vivid,Very Very Slightly Included,Emerald Cut,Emerald Cut,Heat Treated,Ceylon (Sri Lanka),https://www.thenaturalsapphirecompany.com/blue-sapphires/1.44ct-ceylon-sri-lankan-emerald-cut-blue-sapphire-s26048/
S26049,"$3,528","$2,400",1.47 Ct.,7.88,6,2.93,Blue,Vivid,Eye Clean,Emerald Cut,Emerald Cut,Heat Treated,Ceylon (Sri Lanka),https://www.thenaturalsapphirecompany.com/blue-sapphires/1.47ct-ceylon-sri-lankan-emerald-cut-blue-sapphire-s26049/
S26051,$260,$500,0.52 Ct.,4.45,4.55,3.12,Bluish Green,Light,Eye Clean,Round,Mixed Brilliant Cut,Heat Treated,Ceylon (Sri Lanka),https://www.thenaturalsapphirecompany.com/blue-sapphires/0.52ct-ceylon-sri-lankan-round-bluish-green-sapphire-s26051/
S26055,$235,$500,0.47 Ct.,4.59,4.56,2.88,Bluish Green,Medium,Very Very Slightly Included,Round,Mixed Brilliant Cut,Heat Treated,Madagascar,https://www.thenaturalsapphirecompany.com/blue-sapphires/0.47ct-madagascar-round-bluish-green-sapphire-s26055/
S26066,$225,$500,0.45 Ct.,4.5,4.54,2.71,Bluish Green,Medium,Very Very Slightly Included,Round,Mixed Brilliant Cut,Heat Treated,Madagascar,https://www.thenaturalsapphirecompany.com/blue-sapphires/0.45ct-madagascar-round-bluish-green-sapphire-s26066/
S26088,"$1,020","$1,500",0.68 Ct.,5.32,5.32,2.98,Blue,Vivid,Very Very Slightly Included,Round,Mixed Brilliant Cut,Heat Treated,Ceylon (Sri Lanka),https://www.thenaturalsapphirecompany.com/blue-sapphires/0.68ct-ceylon-sri-lankan-round-blue-sapphire-s26088/
S26094,$796,"$1,349",0.59 Ct.,5.22,5.29,2.97,Blue,Intense,Very Very Slightly Included,Round,Mixed Brilliant Cut,Heat Treated,Ceylon (Sri Lanka),https://www.thenaturalsapphirecompany.com/blue-sapphires/0.59ct-ceylon-sri-lankan-round-blue-sapphire-s26094/
S26103,"$1,265","$1,100",1.15 Ct.,5.96,5.98,3.77,Blue,Intense,Very Slightly Included,Round,Mixed Brilliant Cut,Heat Treated,Ceylon (Sri Lanka),https://www.thenaturalsapphirecompany.com/blue-sapphires/1.15ct-ceylon-sri-lankan-round-blue-sapphire-s26103/
S26105,"$1,053","$1,170",0.90 Ct.,5.48,5.52,3.7,Blue,Vivid,Very Slightly Included,Round,Mixed Brilliant Cut,Heat Treated,Ceylon (Sri Lanka),https://www.thenaturalsapphirecompany.com/blue-sapphires/0.90ct-ceylon-sri-lankan-round-blue-sapphire-s26105/
S30636,"$2,072","$1,400",1.48 Ct.,7.35,5.2,3.74,Blue,Vivid,Very Very Slightly Included,Cushion,Mixed Brilliant Cut,No Enhancement,Tanzania,https://www.thenaturalsapphirecompany.com/blue-sapphires/1.48ct-tanzanian-cushion-blue-sapphire-s30636/
S30637,"$1,500","$1,000",1.50 Ct.,6.61,6.35,3.51,Color Change,Medium,Slightly Included,Cushion,Mixed Brilliant Cut,No Enhancement,Tanzania,https://www.thenaturalsapphirecompany.com/blue-sapphires/1.50ct-tanzanian-cushion-color-change-sapphire-s30637/
S30639,"$1,652","$1,301",1.27 Ct.,7.04,4.98,3.5,Blue,Medium,Slightly Included,Radiant,Radiant Cut,No Enhancement,Tanzania,https://www.thenaturalsapphirecompany.com/blue-sapphires/1.27ct-tanzanian-radiant-blue-sapphire-s30639/
S30640,"$3,002","$1,900",1.58 Ct.,7.44,5.8,4.36,Color Change,Intense,Eye Clean,Oval,Mixed Brilliant Cut,No Enhancement,Tanzania,https://www.thenaturalsapphirecompany.com/blue-sapphires/1.58ct-tanzanian-oval-color-change-sapphire-s30640/
S30643,"$3,220","$2,000",1.61 Ct.,7.7,6.18,3.74,Color Change,Vivid,Very Very Slightly Included,Oval,Mixed Brilliant Cut,No Enhancement,Tanzania,https://www.thenaturalsapphirecompany.com/blue-sapphires/1.61ct-tanzanian-oval-color-change-sapphire-s30643/
S30645,"$1,534","$1,300",1.18 Ct.,6.85,5.48,3.22,Color Change,Intense,Slightly Included,Emerald Cut,Emerald Cut,No Enhancement,Tanzania,https://www.thenaturalsapphirecompany.com/blue-sapphires/1.18ct-tanzanian-emerald-cut-color-change-sapphire-s30645/
