Item_ID,Total_Price,Price_Per_Carat,Weight,Length,Width,Height,Color,Intensity,Clarity,Shape,Cut,Treatment,Origin,URL
Y5495,"$1,976","$1,300",1.52 Ct.,7.09,5.58,3.66,Yellow,Intense,Eye Clean,Radiant,Radiant Cut,Heat Treated,Ceylon (Sri Lanka),https://www.thenaturalsapphirecompany.com/yellow-sapphires/1.52ct-ceylon-sri-lankan-radiant-yellow-sapphire-y5495/
S9362,"$3,795","$1,500",2.53 Ct.,8.99,6.81,4.09,Yellow,Intense,Eye Clean,Emerald Cut,Emerald Cut,Heat Treated,Ceylon (Sri Lanka),https://www.thenaturalsapphirecompany.com/yellow-sapphires/2.53ct-ceylon-sri-lankan-emerald-cut-yellow-sapphire-s9362/
S16121,"$8,525","$1,665",5.12 Ct.,10.04,9.93,6.54,Yellow,Intense,Eye Clean,Round,Mixed Brilliant Cut,Heat Treated,Ceylon (Sri Lanka),https://www.thenaturalsapphirecompany.com/yellow-sapphires/5.12ct-ceylon-sri-lankan-round-yellow-sapphire-s16121/
S10815,"$1,089",$900,1.21 Ct.,5.71,5.18,4.23,Yellow,Intense,Very Slightly Included,Radiant,Radiant Cut,Heat Treated,Ceylon (Sri Lanka),https://www.thenaturalsapphirecompany.com/yellow-sapphires/1.21ct-ceylon-sri-lankan-radiant-yellow-sapphire-s10815/
S10824,"$1,215",$900,1.35 Ct.,7.51,5.97,3.74,Yellow,Intense,Eye Clean,Oval,Mixed Brilliant Cut,Heat Treated,Ceylon (Sri Lanka),https://www.thenaturalsapphirecompany.com/yellow-sapphires/1.35ct-ceylon-sri-lankan-oval-yellow-sapphire-s10824/
S17305,"$2,782","$1,300",2.14 Ct.,8.23,6.07,4.42,Yellow,Intense,Very Very Slightly Included,Emerald Cut,Emerald Cut,No Enhancement,Ceylon (Sri Lanka),https://www.thenaturalsapphirecompany.com/yellow-sapphires/2.14ct-ceylon-sri-lankan-emerald-cut-yellow-sapphire-s17305/
S17574,"$1,143",$900,1.27 Ct.,7.76,4.96,3.74,Yellow,Intense,Very Slightly Included,Fancy,Step Cut,Heat Treated,Tanzania,https://www.thenaturalsapphirecompany.com/yellow-sapphires/1.27ct-tanzanian-fancy-yellow-sapphire-s17574/
S6785,"$1,552",$800,1.94 Ct.,12.21,5.83,3.69,Yellow,Medium,Eye Clean,Pear,Mixed Brilliant Cut,No Enhancement,Ceylon (Sri Lanka),https://www.thenaturalsapphirecompany.com/yellow-sapphires/1.94ct-ceylon-sri-lankan-pear-yellow-sapphire-s6785/
S20033,"$1,510","$1,000",1.51 Ct.,6.33,7.08,4.58,Yellow,Medium,Eye Clean,Heart,Mixed Brilliant Cut,Heat Treated,Ceylon (Sri Lanka),https://www.thenaturalsapphirecompany.com/yellow-sapphires/1.51ct-ceylon-sri-lankan-heart-yellow-sapphire-s20033/
Y4655,"$2,691","$1,300",2.07 Ct.,7.35,6.48,4.47,Yellow,Vivid,Very Very Slightly Included,Asscher - Octagon,Asscher Cut,Heat Treated,Ceylon (Sri Lanka),https://www.thenaturalsapphirecompany.com/yellow-sapphires/2.07ct-ceylon-sri-lankan-asscher-octagon-yellow-sapphire-y4655/
Y4632,"$2,090","$1,000",2.09 Ct.,7.12,6.08,4.58,Yellow,Intense,Eye Clean,Emerald Cut,Emerald Cut,Heat Treated,Ceylon (Sri Lanka),https://www.thenaturalsapphirecompany.com/yellow-sapphires/2.09ct-ceylon-sri-lankan-emerald-cut-yellow-sapphire-y4632/
S20605,$580,$450,1.29 Ct.,6.81,4.56,4.24,Yellow,Intense,Very Slightly Included,Radiant,Radiant Cut,Heat Treated,Ceylon (Sri Lanka),https://www.thenaturalsapphirecompany.com/yellow-sapphires/1.29ct-ceylon-sri-lankan-radiant-yellow-sapphire-s20605/
S8359,"$45,384","$2,325",19.52 Ct.,16.3,13.17,9.09,Yellow,Vivid,Very Slightly Included,Radiant,Radiant Cut,Heat Treated,Ceylon (Sri Lanka),https://www.thenaturalsapphirecompany.com/yellow-sapphires/19.52ct-ceylon-sri-lankan-radiant-yellow-sapphire-s8359/
Y5037,"$5,567","$1,573",3.54 Ct.,8.91,8.83,5.69,Yellow,Intense,Eye Clean,Round,Mixed Brilliant Cut,Heat Treated,Ceylon (Sri Lanka),https://www.thenaturalsapphirecompany.com/yellow-sapphires/3.54ct-ceylon-sri-lankan-round-yellow-sapphire-y5037/
Y5059,"$1,925","$1,100",1.75 Ct.,6.32,6.27,4.6,Yellow,Medium,Very Very Slightly Included,Asscher - Octagon,Asscher Cut,Heat Treated,Ceylon (Sri Lanka),https://www.thenaturalsapphirecompany.com/yellow-sapphires/1.75ct-ceylon-sri-lankan-asscher-octagon-yellow-sapphire-y5059/
Y5273,"$5,567","$1,573",3.54 Ct.,9.33,6.78,5.24,Yellow,Vivid,Eye Clean,Emerald Cut,Emerald Cut,Heat Treated,Ceylon (Sri Lanka),https://www.thenaturalsapphirecompany.com/yellow-sapphires/3.54ct-ceylon-sri-lankan-emerald-cut-yellow-sapphire-y5273/
S8247,"$2,056",$800,2.57 Ct.,8.23,6.36,5.38,Yellow,Intense,Very Slightly Included,Cushion,Mixed Brilliant Cut,No Enhancement,Ceylon (Sri Lanka),https://www.thenaturalsapphirecompany.com/yellow-sapphires/2.57ct-ceylon-sri-lankan-cushion-yellow-sapphire-s8247/
Y5069,"$25,245","$2,475",10.20 Ct.,11.19,11.02,8.07,Yellow,Vivid,Eye Clean,Asscher - Octagon,Asscher Cut,Heat Treated,Ceylon (Sri Lanka),https://www.thenaturalsapphirecompany.com/yellow-sapphires/10.20ct-ceylon-sri-lankan-asscher-octagon-yellow-sapphire-y5069/
S15103,"$6,677","$1,665",4.01 Ct.,9.6,7.7,5.07,Yellow,Intense,Eye Clean,Emerald Cut,Emerald Cut,Heat Treated,Ceylon (Sri Lanka),https://www.thenaturalsapphirecompany.com/yellow-sapphires/4.01ct-ceylon-sri-lankan-emerald-cut-yellow-sapphire-s15103/
S7898,"$2,912","$1,300",2.24 Ct.,7.86,6.93,4.49,Yellow,Light,Eye Clean,Emerald Cut,Emerald Cut,Heat Treated,Ceylon (Sri Lanka),https://www.thenaturalsapphirecompany.com/yellow-sapphires/2.24ct-ceylon-sri-lankan-emerald-cut-yellow-sapphire-s7898/
Y4866,"$1,791",$900,1.99 Ct.,9.36,5.95,4.55,Yellow,Medium,Very Slightly Included,Pear,Mixed Brilliant Cut,No Enhancement,Ceylon (Sri Lanka),https://www.thenaturalsapphirecompany.com/yellow-sapphires/1.99ct-ceylon-sri-lankan-pear-yellow-sapphire-y4866/
S6521,"$1,336",$885,1.51 Ct.,6.98,6.26,3.95,Yellow,Intense,Eye Clean,Radiant,Radiant Cut,Heat Treated,Ceylon (Sri Lanka),https://www.thenaturalsapphirecompany.com/yellow-sapphires/1.51ct-ceylon-sri-lankan-radiant-yellow-sapphire-s6521/
Y4654,"$4,218","$1,388",3.04 Ct.,8.09,7.97,5.21,Yellow,Intense,Eye Clean,Asscher - Octagon,Asscher Cut,Heat Treated,Ceylon (Sri Lanka),https://www.thenaturalsapphirecompany.com/yellow-sapphires/3.04ct-ceylon-sri-lankan-asscher-octagon-yellow-sapphire-y4654/
S10816,"$1,062",$900,1.18 Ct.,6.84,4.93,3.55,Yellow,Medium,Very Slightly Included,Radiant,Radiant Cut,Heat Treated,Ceylon (Sri Lanka),https://www.thenaturalsapphirecompany.com/yellow-sapphires/1.18ct-ceylon-sri-lankan-radiant-yellow-sapphire-s10816/
S16278,"$1,350",$860,1.57 Ct.,7.53,5.39,4.27,Yellow,Medium,Very Slightly Included,Radiant,Radiant Cut,Heat Treated,Ceylon (Sri Lanka),https://www.thenaturalsapphirecompany.com/yellow-sapphires/1.57ct-ceylon-sri-lankan-radiant-yellow-sapphire-s16278/
Y4574,"$12,384","$1,445",8.57 Ct.,12.68,9.41,7.11,Yellow,Medium,Eye Clean,Emerald Cut,Emerald Cut,Heat Treated,Ceylon (Sri Lanka),https://www.thenaturalsapphirecompany.com/yellow-sapphires/8.57ct-ceylon-sri-lankan-emerald-cut-yellow-sapphire-y4574/
Y4792,"$3,911","$1,295",3.02 Ct.,8.2,7.68,4.95,Yellow,Vivid,Eye Clean,Asscher - Octagon,Asscher Cut,Heat Treated,Ceylon (Sri Lanka),https://www.thenaturalsapphirecompany.com/yellow-sapphires/3.02ct-ceylon-sri-lankan-asscher-octagon-yellow-sapphire-y4792/
Y4115,"$4,083","$1,150",3.55 Ct.,8.57,9.85,5.58,Yellow,Medium,Very Slightly Included,Heart,Modified Brilliant Cut,No Enhancement,Ceylon (Sri Lanka),https://www.thenaturalsapphirecompany.com/yellow-sapphires/3.55ct-ceylon-sri-lankan-heart-yellow-sapphire-y4115/
CG802,"$3,710",$647,5.73 Ct.,11.47,9.05,7.09,Yellow,Intense,Very Slightly Included,Oval,Mixed Brilliant Cut,Heat Treated,Ceylon (Sri Lanka),https://www.thenaturalsapphirecompany.com/yellow-sapphires/5.73ct-ceylon-sri-lankan-oval-yellow-sapphire-cg802/
Y5488,"$6,400","$1,572",4.07 Ct.,11.16,8.67,5.7,Yellow,Medium,Very Slightly Included,Pear,Mixed Brilliant Cut,Heat Treated,Ceylon (Sri Lanka),https://www.thenaturalsapphirecompany.com/yellow-sapphires/4.07ct-ceylon-sri-lankan-pear-yellow-sapphire-y5488/
S4572,"$5,012","$1,665",3.01 Ct.,10.77,7.34,4.97,Yellow,Medium,Eye Clean,Pear,Mixed Brilliant Cut,No Enhancement,Ceylon (Sri Lanka),https://www.thenaturalsapphirecompany.com/yellow-sapphires/3.01ct-ceylon-sri-lankan-pear-yellow-sapphire-s4572/
S15473,"$11,794","$2,125",5.55 Ct.,10.05,10.03,6.67,Yellow,Light,Very Slightly Included,Round,Mixed Brilliant Cut,No Enhancement,Ceylon (Sri Lanka),https://www.thenaturalsapphirecompany.com/yellow-sapphires/5.55ct-ceylon-sri-lankan-round-yellow-sapphire-s15473/
U9711,"$2,530","$1,000",2.53 Ct.,7.85,6.93,4.81,Orangish Yellow,Vivid,Very Very Slightly Included,Asscher - Octagon,Asscher Cut,Heat Treated,Ceylon (Sri Lanka),https://www.thenaturalsapphirecompany.com/yellow-sapphires/2.53ct-ceylon-sri-lankan-asscher-octagon-orangish-yellow-sapphire-u9711/
Y4134,"$9,366","$1,388",6.75 Ct.,12.14,9.9,7.53,Yellow,Medium,Very Slightly Included,Oval,Mixed Brilliant Cut,No Enhancement,Ceylon (Sri Lanka),https://www.thenaturalsapphirecompany.com/yellow-sapphires/6.75ct-ceylon-sri-lankan-oval-yellow-sapphire-y4134/
Y4136,"$3,048","$1,200",2.54 Ct.,8.48,8.42,4.89,Yellow,Medium,Very Slightly Included,Round,Mixed Brilliant Cut,No Enhancement,Ceylon (Sri Lanka),https://www.thenaturalsapphirecompany.com/yellow-sapphires/2.54ct-ceylon-sri-lankan-round-yellow-sapphire-y4136/
Y4976,"$2,590","$1,000",2.59 Ct.,9.24,6.14,4.59,Yellow,Vivid,Very Slightly Included,Radiant,Radiant Cut,Heat Treated,Ceylon (Sri Lanka),https://www.thenaturalsapphirecompany.com/yellow-sapphires/2.59ct-ceylon-sri-lankan-radiant-yellow-sapphire-y4976/
Y5120,"$1,155",$700,1.65 Ct.,7.27,7.21,4.33,Yellow,Medium,Very Slightly Included,Round,Mixed Brilliant Cut,Heat Treated,Ceylon (Sri Lanka),https://www.thenaturalsapphirecompany.com/yellow-sapphires/1.65ct-ceylon-sri-lankan-round-yellow-sapphire-y5120/
Y5195,"$2,794","$1,100",2.54 Ct.,8.49,8.43,4.86,Yellow,Medium,Very Slightly Included,Round,Mixed Brilliant Cut,Heat Treated,Ceylon (Sri Lanka),https://www.thenaturalsapphirecompany.com/yellow-sapphires/2.54ct-ceylon-sri-lankan-round-yellow-sapphire-y5195/
Y5196,"$11,636","$1,148",10.14 Ct.,12.27,12.27,6.6,Yellow,Medium,Very Slightly Included,Asscher - Octagon,Asscher Cut,No Enhancement,Ceylon (Sri Lanka),https://www.thenaturalsapphirecompany.com/yellow-sapphires/10.14ct-ceylon-sri-lankan-asscher-octagon-yellow-sapphire-y5196/
Y4666,"$3,087","$1,050",2.94 Ct.,8.1,7.99,5.08,Yellow,Intense,Very Very Slightly Included,Asscher - Octagon,Asscher Cut,Heat Treated,Ceylon (Sri Lanka),https://www.thenaturalsapphirecompany.com/yellow-sapphires/2.94ct-ceylon-sri-lankan-asscher-octagon-yellow-sapphire-y4666/
Y4720,"$4,287","$1,387",3.09 Ct.,9.14,9.02,5,Yellow,Intense,Eye Clean,Round,Mixed Brilliant Cut,Heat Treated,Ceylon (Sri Lanka),https://www.thenaturalsapphirecompany.com/yellow-sapphires/3.09ct-ceylon-sri-lankan-round-yellow-sapphire-y4720/
S8427,"$1,806","$1,150",1.57 Ct.,6.45,5.52,4.75,Orangish Yellow,Medium,Slightly Included,Radiant,Radiant Cut,No Enhancement,Ceylon (Sri Lanka),https://www.thenaturalsapphirecompany.com/yellow-sapphires/1.57ct-ceylon-sri-lankan-radiant-orangish-yellow-sapphire-s8427/
U14631,"$3,740","$1,350",2.77 Ct.,10.6,6.49,4.87,Yellowish Orange,Intense,Slightly Included,Pear,Mixed Brilliant Cut,No Enhancement,Ceylon (Sri Lanka),https://www.thenaturalsapphirecompany.com/yellow-sapphires/2.77ct-ceylon-sri-lankan-pear-yellowish-orange-sapphire-u14631/
S15471,"$5,426","$1,295",4.19 Ct.,11.13,8.32,6.02,Yellow,Light,Very Slightly Included,Pear,Mixed Brilliant Cut,No Enhancement,Ceylon (Sri Lanka),https://www.thenaturalsapphirecompany.com/yellow-sapphires/4.19ct-ceylon-sri-lankan-pear-yellow-sapphire-s15471/
S15465,"$31,360","$2,790",11.24 Ct.,17.75,12.23,7.54,Yellow,Medium,Eye Clean,Pear,Mixed Brilliant Cut,No Enhancement,Ceylon (Sri Lanka),https://www.thenaturalsapphirecompany.com/yellow-sapphires/11.24ct-ceylon-sri-lankan-pear-yellow-sapphire-s15465/
S15466,"$29,898","$2,475",12.08 Ct.,13.54,10.06,8.53,Yellow,Medium,Eye Clean,Emerald Cut,Emerald Cut,No Enhancement,Ceylon (Sri Lanka),https://www.thenaturalsapphirecompany.com/yellow-sapphires/12.08ct-ceylon-sri-lankan-emerald-cut-yellow-sapphire-s15466/
S4618,"$13,790","$2,040",6.76 Ct.,9.72,9.72,7.42,Yellow,Medium,Very Slightly Included,Asscher - Octagon,Step Cut,No Enhancement,Ceylon (Sri Lanka),https://www.thenaturalsapphirecompany.com/yellow-sapphires/6.76ct-ceylon-sri-lankan-asscher-octagon-yellow-sapphire-s4618/
S4144,"$3,564",$900,3.96 Ct.,13.44,6.3,6.02,Yellow,Medium,Very Slightly Included,Marquise,Mixed Brilliant Cut,No Enhancement,Ceylon (Sri Lanka),https://www.thenaturalsapphirecompany.com/yellow-sapphires/3.96ct-ceylon-sri-lankan-marquise-yellow-sapphire-s4144/
S21455,"$2,704","$1,300",2.08 Ct.,7.71,7.58,4.61,Yellow,Vivid,Very Slightly Included,Round,Mixed Brilliant Cut,Heat Treated,Ceylon (Sri Lanka),https://www.thenaturalsapphirecompany.com/yellow-sapphires/2.08ct-ceylon-sri-lankan-round-yellow-sapphire-s21455/
S15944,"$6,269","$1,249",5.02 Ct.,10.05,7.97,6.46,Yellow,Light,Eye Clean,Emerald Cut,Emerald Cut,Heat Treated,Ceylon (Sri Lanka),https://www.thenaturalsapphirecompany.com/yellow-sapphires/5.02ct-ceylon-sri-lankan-emerald-cut-yellow-sapphire-s15944/
S4132,"$2,025",$900,2.25 Ct.,7.18,6.5,4.87,Yellow,Intense,Eye Clean,Asscher - Octagon,Asscher Cut,Heat Treated,Ceylon (Sri Lanka),https://www.thenaturalsapphirecompany.com/yellow-sapphires/2.25ct-ceylon-sri-lankan-asscher-octagon-yellow-sapphire-s4132/
S10263,"$1,771","$1,100",1.61 Ct.,6.28,6.2,4.35,Yellow,Light,Very Slightly Included,Radiant,Radiant Cut,No Enhancement,Ceylon (Sri Lanka),https://www.thenaturalsapphirecompany.com/yellow-sapphires/1.61ct-ceylon-sri-lankan-radiant-yellow-sapphire-s10263/
S7020,"$2,354","$1,100",2.14 Ct.,6.85,6.11,5.28,Yellow,Medium,Very Slightly Included,Asscher - Octagon,Asscher Cut,No Enhancement,Ceylon (Sri Lanka),https://www.thenaturalsapphirecompany.com/yellow-sapphires/2.14ct-ceylon-sri-lankan-asscher-octagon-yellow-sapphire-s7020/
S4119,"$2,120",$800,2.65 Ct.,8.9,6.75,5.06,Yellow,Medium,Very Slightly Included,Oval,Mixed Brilliant Cut,No Enhancement,Ceylon (Sri Lanka),https://www.thenaturalsapphirecompany.com/yellow-sapphires/2.65ct-ceylon-sri-lankan-oval-yellow-sapphire-s4119/
U15640,"$3,027",$880,3.44 Ct.,8.69,7.98,6.74,Yellowish Green,Medium,Included,Oval,Mixed Brilliant Cut,No Enhancement,Ceylon (Sri Lanka),https://www.thenaturalsapphirecompany.com/yellow-sapphires/3.44ct-ceylon-sri-lankan-oval-yellowish-green-sapphire-u15640/
S5686,"$19,463","$1,980",9.83 Ct.,12.87,11.06,6.58,Yellow,Medium,Very Slightly Included,Emerald Cut,Emerald Cut,No Enhancement,Ceylon (Sri Lanka),https://www.thenaturalsapphirecompany.com/yellow-sapphires/9.83ct-ceylon-sri-lankan-emerald-cut-yellow-sapphire-s5686/
U16056,"$1,254",$600,2.09 Ct.,8.24,6.63,4.29,Yellowish Green,Medium,Very Slightly Included,Cushion,Mixed Brilliant Cut,No Enhancement,Madagascar,https://www.thenaturalsapphirecompany.com/yellow-sapphires/2.09ct-madagascar-cushion-yellowish-green-sapphire-u16056/
S11099,"$4,985","$1,573",3.17 Ct.,10.19,7.2,4.36,Orangish Yellow,Light,Very Slightly Included,Emerald Cut,Emerald Cut,Heat Treated,Ceylon (Sri Lanka),https://www.thenaturalsapphirecompany.com/yellow-sapphires/3.17ct-ceylon-sri-lankan-emerald-cut-orangish-yellow-sapphire-s11099/
U15513,"$2,628","$1,800",1.46 Ct.,7.68,5.2,4.14,Yellowish Green,Intense,Eye Clean,Cushion,Mixed Brilliant Cut,No Enhancement,Montana,https://www.thenaturalsapphirecompany.com/yellow-sapphires/1.46ct-montana-cushion-yellowish-green-sapphire-u15513/
S5106,"$1,958","$1,100",1.78 Ct.,7.41,5.76,4.79,Yellowish Green,Light,Slightly Included,Cushion,Mixed Brilliant Cut,No Enhancement,Montana,https://www.thenaturalsapphirecompany.com/yellow-sapphires/1.78ct-montana-cushion-yellowish-green-sapphire-s5106/
S9233,"$17,882","$2,063",8.67 Ct.,11.4,11.22,6.45,Yellow,Vivid,Eye Clean,Asscher - Octagon,Asscher Cut,Heat Treated,Ceylon (Sri Lanka),https://www.thenaturalsapphirecompany.com/yellow-sapphires/8.67ct-ceylon-sri-lankan-asscher-octagon-yellow-sapphire-s9233/
S9361,"$2,496","$1,200",2.08 Ct.,7.98,6.02,4.06,Yellow,Intense,Very Slightly Included,Emerald Cut,Emerald Cut,Heat Treated,Ceylon (Sri Lanka),https://www.thenaturalsapphirecompany.com/yellow-sapphires/2.08ct-ceylon-sri-lankan-emerald-cut-yellow-sapphire-s9361/
S5517,"$2,822","$1,700",1.66 Ct.,6.42,6.4,4.66,Yellowish Orange,Vivid,Eye Clean,Radiant,Radiant Cut,Heat Treated,Ceylon (Sri Lanka),https://www.thenaturalsapphirecompany.com/yellow-sapphires/1.66ct-ceylon-sri-lankan-radiant-yellowish-orange-sapphire-s5517/
S10639,"$1,522",$880,1.73 Ct.,6.82,5.33,4.69,Yellowish Green,Light,Slightly Included,Radiant,Radiant Cut,No Enhancement,Ceylon (Sri Lanka),https://www.thenaturalsapphirecompany.com/yellow-sapphires/1.73ct-ceylon-sri-lankan-radiant-yellowish-green-sapphire-s10639/
S11285,"$3,223","$1,100",2.93 Ct.,10.11,7.05,4.6,Yellow,Medium,Very Slightly Included,Oval,Mixed Brilliant Cut,No Enhancement,Ceylon (Sri Lanka),https://www.thenaturalsapphirecompany.com/yellow-sapphires/2.93ct-ceylon-sri-lankan-oval-yellow-sapphire-s11285/
S11286,"$2,430","$1,000",2.43 Ct.,8.88,6.88,4.67,Yellow,Medium,Very Slightly Included,Oval,Mixed Brilliant Cut,No Enhancement,Ceylon (Sri Lanka),https://www.thenaturalsapphirecompany.com/yellow-sapphires/2.43ct-ceylon-sri-lankan-oval-yellow-sapphire-s11286/
S11102,"$10,649","$2,295",4.64 Ct.,13.09,8.36,5.93,Yellow,Medium,Very Slightly Included,Pear,Mixed Brilliant Cut,No Enhancement,Ceylon (Sri Lanka),https://www.thenaturalsapphirecompany.com/yellow-sapphires/4.64ct-ceylon-sri-lankan-pear-yellow-sapphire-s11102/
S11364,"$3,938","$1,100",3.58 Ct.,10.52,8.41,5,Orangish Yellow,Intense,Very Very Slightly Included,Oval,Mixed Brilliant Cut,Heat Treated,Ceylon (Sri Lanka),https://www.thenaturalsapphirecompany.com/yellow-sapphires/3.58ct-ceylon-sri-lankan-oval-orangish-yellow-sapphire-s11364/
S11373,"$8,029","$1,295",6.20 Ct.,12.05,9.17,5.56,Orangish Yellow,Intense,Eye Clean,Cushion,Mixed Brilliant Cut,Heat Treated,Ceylon (Sri Lanka),https://www.thenaturalsapphirecompany.com/yellow-sapphires/6.20ct-ceylon-sri-lankan-cushion-orangish-yellow-sapphire-s11373/
S17243,"$3,575","$1,100",3.25 Ct.,10.34,6.84,4.58,Yellowish Green,Medium,Slightly Included,Cushion,Mixed Brilliant Cut,No Enhancement,Madagascar,https://www.thenaturalsapphirecompany.com/yellow-sapphires/3.25ct-madagascar-cushion-yellowish-green-sapphire-s17243/
S10851,"$3,563","$1,360",2.62 Ct.,8.2,7.13,4.27,Yellow,Medium,Eye Clean,Radiant,Radiant Cut,Heat Treated,Ceylon (Sri Lanka),https://www.thenaturalsapphirecompany.com/yellow-sapphires/2.62ct-ceylon-sri-lankan-radiant-yellow-sapphire-s10851/
S10845,$868,$700,1.24 Ct.,5.97,5.75,4.65,Yellow,Medium,Very Slightly Included,Round,Mixed Brilliant Cut,No Enhancement,Ceylon (Sri Lanka),https://www.thenaturalsapphirecompany.com/yellow-sapphires/1.24ct-ceylon-sri-lankan-round-yellow-sapphire-s10845/
S11093,"$2,520","$1,200",2.10 Ct.,7.72,7.33,4.61,Yellow,Medium,Very Slightly Included,Round,Mixed Brilliant Cut,No Enhancement,Ceylon (Sri Lanka),https://www.thenaturalsapphirecompany.com/yellow-sapphires/2.10ct-ceylon-sri-lankan-round-yellow-sapphire-s11093/
S4620,"$7,400","$1,480",5.00 Ct.,10.68,7.91,5.37,Orangish Yellow,Vivid,Eye Clean,Emerald Cut,Emerald Cut,Heat Treated,Ceylon (Sri Lanka),https://www.thenaturalsapphirecompany.com/yellow-sapphires/5.00ct-ceylon-sri-lankan-emerald-cut-orangish-yellow-sapphire-s4620/
S5722,"$1,360",$866,1.57 Ct.,6.22,5.74,4.25,Yellow,Medium,Eye Clean,Asscher - Octagon,Asscher Cut,Heat Treated,Ceylon (Sri Lanka),https://www.thenaturalsapphirecompany.com/yellow-sapphires/1.57ct-ceylon-sri-lankan-asscher-octagon-yellow-sapphire-s5722/
S18062,"$3,298","$1,118",2.95 Ct.,8.74,7.09,5.06,Yellow,Intense,Very Slightly Included,Radiant,Radiant Cut,Heat Treated,Ceylon (Sri Lanka),https://www.thenaturalsapphirecompany.com/yellow-sapphires/2.95ct-ceylon-sri-lankan-radiant-yellow-sapphire-s18062/
S18020,"$3,896","$1,249",3.12 Ct.,8.3,8.32,5.65,Yellow,Light,Very Slightly Included,Round,Mixed Brilliant Cut,Heat Treated,Ceylon (Sri Lanka),https://www.thenaturalsapphirecompany.com/yellow-sapphires/3.12ct-ceylon-sri-lankan-round-yellow-sapphire-s18020/
U6084,"$1,320","$1,000",1.32 Ct.,6.87,5.38,3.74,Yellowish Green,Light,Very Slightly Included,Cushion,Mixed Brilliant Cut,No Enhancement,Montana,https://www.thenaturalsapphirecompany.com/yellow-sapphires/1.32ct-montana-cushion-yellowish-green-sapphire-u6084/
U5037,"$2,895","$1,500",1.93 Ct.,7.24,7.15,4.96,Greenish Yellow,Light,Very Slightly Included,Round,Modified Brilliant Cut,No Enhancement,Montana,https://www.thenaturalsapphirecompany.com/yellow-sapphires/1.93ct-montana-round-greenish-yellow-sapphire-u5037/
U5710,"$3,179","$1,100",2.89 Ct.,8.63,6.31,5.47,Yellowish Green,Medium,Slightly Included,Cushion,Mixed Brilliant Cut,No Enhancement,Montana,https://www.thenaturalsapphirecompany.com/yellow-sapphires/2.89ct-montana-cushion-yellowish-green-sapphire-u5710/
S12642,"$8,201","$2,035",4.03 Ct.,9.23,9.17,6.07,Yellow,Intense,Eye Clean,Round,Mixed Brilliant Cut,Heat Treated,Ceylon (Sri Lanka),https://www.thenaturalsapphirecompany.com/yellow-sapphires/4.03ct-ceylon-sri-lankan-round-yellow-sapphire-s12642/
S12643,"$5,210","$1,480",3.52 Ct.,8.83,8.71,5.85,Yellow,Vivid,Eye Clean,Round,Mixed Brilliant Cut,Heat Treated,Ceylon (Sri Lanka),https://www.thenaturalsapphirecompany.com/yellow-sapphires/3.52ct-ceylon-sri-lankan-round-yellow-sapphire-s12643/
U10371,$900,"$1,200",0.75 Ct.,5.32,5.28,3.63,Greenish Yellow,Intense,Very Slightly Included,Round,Mixed Brilliant Cut,Heat Treated,Montana,https://www.thenaturalsapphirecompany.com/yellow-sapphires/0.75ct-montana-round-greenish-yellow-sapphire-u10371/
S17941,"$16,155","$2,890",5.59 Ct.,9,8.13,7.42,Yellow,Light,Very Slightly Included,Radiant,Radiant Cut,No Enhancement,Madagascar,https://www.thenaturalsapphirecompany.com/yellow-sapphires/5.59ct-madagascar-radiant-yellow-sapphire-s17941/
S6786,"$3,976","$1,295",3.07 Ct.,10.21,7.94,4.82,Yellow,Intense,Very Slightly Included,Oval,Mixed Brilliant Cut,No Enhancement,Ceylon (Sri Lanka),https://www.thenaturalsapphirecompany.com/yellow-sapphires/3.07ct-ceylon-sri-lankan-oval-yellow-sapphire-s6786/
Y5298,"$2,554","$1,240",2.06 Ct.,7.92,6.14,3.94,Yellow,Light,Very Slightly Included,Radiant,Radiant Cut,No Enhancement,Ceylon (Sri Lanka),https://www.thenaturalsapphirecompany.com/yellow-sapphires/2.06ct-ceylon-sri-lankan-radiant-yellow-sapphire-y5298/
S6618,"$1,860","$1,200",1.55 Ct.,6.29,6.25,4.26,Yellow,Light,Eye Clean,Cushion,Mixed Brilliant Cut,No Enhancement,Ceylon (Sri Lanka),https://www.thenaturalsapphirecompany.com/yellow-sapphires/1.55ct-ceylon-sri-lankan-cushion-yellow-sapphire-s6618/
S6619,"$1,956","$1,200",1.63 Ct.,6.97,6.89,4.27,Yellow,Medium,Very Slightly Included,Round,Mixed Brilliant Cut,No Enhancement,Ceylon (Sri Lanka),https://www.thenaturalsapphirecompany.com/yellow-sapphires/1.63ct-ceylon-sri-lankan-round-yellow-sapphire-s6619/
S6929,"$1,838","$1,050",1.75 Ct.,7.26,7.21,4.55,Yellow,Medium,Very Slightly Included,Round,Mixed Brilliant Cut,Heat Treated,Ceylon (Sri Lanka),https://www.thenaturalsapphirecompany.com/yellow-sapphires/1.75ct-ceylon-sri-lankan-round-yellow-sapphire-s6929/
S6983,"$4,329","$1,388",3.12 Ct.,9.17,7.96,4.83,Yellow,Intense,Very Slightly Included,Cushion,Mixed Brilliant Cut,No Enhancement,Madagascar,https://www.thenaturalsapphirecompany.com/yellow-sapphires/3.12ct-madagascar-cushion-yellow-sapphire-s6983/
S4637,"$16,541","$1,700",9.73 Ct.,13.06,10.74,8.1,Yellow,Vivid,Eye Clean,Oval,Mixed Brilliant Cut,Heat Treated,Ceylon (Sri Lanka),https://www.thenaturalsapphirecompany.com/yellow-sapphires/9.73ct-ceylon-sri-lankan-oval-yellow-sapphire-s4637/
S6601,"$1,980","$1,100",1.80 Ct.,7.54,6.86,4.05,Yellow,Vivid,Slightly Included,Cushion,Mixed Brilliant Cut,Heat Treated,Ceylon (Sri Lanka),https://www.thenaturalsapphirecompany.com/yellow-sapphires/1.80ct-ceylon-sri-lankan-cushion-yellow-sapphire-s6601/
U10538,"$2,145","$1,300",1.65 Ct.,6.84,7.22,4.85,Yellowish Green,Medium,Very Slightly Included,Trillion,Trillion Cut,Heat Treated,Montana,https://www.thenaturalsapphirecompany.com/yellow-sapphires/1.65ct-montana-trillion-yellowish-green-sapphire-u10538/
U6372,"$1,155",$700,1.65 Ct.,7.42,5.93,4.08,Yellow,Intense,Very Slightly Included,Cushion,Mixed Brilliant Cut,No Enhancement,Madagascar,https://www.thenaturalsapphirecompany.com/yellow-sapphires/1.65ct-madagascar-cushion-yellow-sapphire-u6372/
Y4735,"$2,058","$1,150",1.79 Ct.,8.38,6.36,4.11,Yellow,Intense,Very Slightly Included,Oval,Mixed Brilliant Cut,No Enhancement,Ceylon (Sri Lanka),https://www.thenaturalsapphirecompany.com/yellow-sapphires/1.79ct-ceylon-sri-lankan-oval-yellow-sapphire-y4735/
Y3722,"$17,101","$1,609",10.63 Ct.,12.82,12.61,7.71,Yellow,Medium,Eye Clean,Cushion,Modified Brilliant Cut,No Enhancement,Ceylon (Sri Lanka),https://www.thenaturalsapphirecompany.com/yellow-sapphires/10.63ct-ceylon-sri-lankan-cushion-yellow-sapphire-y3722/
Y3848,"$1,760","$1,100",1.60 Ct.,6.71,5.52,4.51,Yellow,Light,Slightly Included,Radiant,Radiant Cut,Heat Treated,Ceylon (Sri Lanka),https://www.thenaturalsapphirecompany.com/yellow-sapphires/1.60ct-ceylon-sri-lankan-radiant-yellow-sapphire-y3848/
S11759,"$1,458",$600,2.43 Ct.,7.9,7.89,5.11,Yellow,Medium,Slightly Included,Round,Mixed Brilliant Cut,No Enhancement,Ceylon (Sri Lanka),https://www.thenaturalsapphirecompany.com/yellow-sapphires/2.43ct-ceylon-sri-lankan-round-yellow-sapphire-s11759/
Y4324,"$2,895","$1,500",1.93 Ct.,7.14,7.04,4.88,Yellow,Medium,Very Slightly Included,Round,Modified Brilliant Cut,No Enhancement,Ceylon (Sri Lanka),https://www.thenaturalsapphirecompany.com/yellow-sapphires/1.93ct-ceylon-sri-lankan-round-yellow-sapphire-y4324/
Y4580,"$2,786","$1,400",1.99 Ct.,7.48,5.61,4.37,Yellow,Medium,Very Very Slightly Included,Emerald Cut,Emerald Cut,Heat Treated,Ceylon (Sri Lanka),https://www.thenaturalsapphirecompany.com/yellow-sapphires/1.99ct-ceylon-sri-lankan-emerald-cut-yellow-sapphire-y4580/
S3221,$156,$220,0.71 Ct.,6.11,4.16,3.06,Yellow,Light,Very Slightly Included,Emerald Cut,Emerald Cut,No Enhancement,Ceylon (Sri Lanka),https://www.thenaturalsapphirecompany.com/yellow-sapphires/0.71ct-ceylon-sri-lankan-emerald-cut-yellow-sapphire-s3221/
S12204,"$1,549",$968,1.60 Ct.,6.32,5.74,4.54,Yellow,Vivid,Very Slightly Included,Cushion,Mixed Brilliant Cut,No Enhancement,Ceylon (Sri Lanka),https://www.thenaturalsapphirecompany.com/yellow-sapphires/1.60ct-ceylon-sri-lankan-cushion-yellow-sapphire-s12204/
U16977,"$2,008",$800,2.51 Ct.,7.43,7.43,5.08,Yellowish Brown,Intense,Slightly Included,Radiant,Radiant Cut,Heat Treated,Ceylon (Sri Lanka),https://www.thenaturalsapphirecompany.com/yellow-sapphires/2.51ct-ceylon-sri-lankan-radiant-yellowish-brown-sapphire-u16977/
S12320,"$49,857","$2,320",21.49 Ct.,17.75,13.22,10.43,Yellow,Light,Very Slightly Included,Oval,Mixed Brilliant Cut,Heat Treated,Ceylon (Sri Lanka),https://www.thenaturalsapphirecompany.com/yellow-sapphires/21.49ct-ceylon-sri-lankan-oval-yellow-sapphire-s12320/
S12581,"$3,504","$1,600",2.19 Ct.,8.9,6.6,4.4,Yellow,Intense,Very Very Slightly Included,Oval,Mixed Brilliant Cut,Heat Treated,Ceylon (Sri Lanka),https://www.thenaturalsapphirecompany.com/yellow-sapphires/2.19ct-ceylon-sri-lankan-oval-yellow-sapphire-s12581/
Y4897,"$1,515",$750,2.02 Ct.,6.76,6.64,4.65,Yellow,Intense,Eye Clean,Asscher - Octagon,Asscher Cut,Heat Treated,Ceylon (Sri Lanka),https://www.thenaturalsapphirecompany.com/yellow-sapphires/2.02ct-ceylon-sri-lankan-asscher-octagon-yellow-sapphire-y4897/
S11676,"$11,769","$1,955",6.02 Ct.,10.03,8.52,6.88,Yellow,Vivid,Eye Clean,Radiant,Radiant Cut,Heat Treated,Ceylon (Sri Lanka),https://www.thenaturalsapphirecompany.com/yellow-sapphires/6.02ct-ceylon-sri-lankan-radiant-yellow-sapphire-s11676/
S11680,"$14,300","$2,040",7.01 Ct.,11.41,11.29,6.77,Yellow,Medium,Very Slightly Included,Round,Mixed Brilliant Cut,Heat Treated,Ceylon (Sri Lanka),https://www.thenaturalsapphirecompany.com/yellow-sapphires/7.01ct-ceylon-sri-lankan-round-yellow-sapphire-s11680/
S6782,"$2,760",$800,3.45 Ct.,8.4,8.31,6.48,Yellowish Green,Intense,Very Slightly Included,Round,Mixed Brilliant Cut,Heat Treated,Madagascar,https://www.thenaturalsapphirecompany.com/yellow-sapphires/3.45ct-madagascar-round-yellowish-green-sapphire-s6782/
S18539,"$2,160",$800,2.70 Ct.,7.5,7.53,5.75,Yellow,Intense,Very Slightly Included,Round,Mixed Brilliant Cut,No Enhancement,Ceylon (Sri Lanka),https://www.thenaturalsapphirecompany.com/yellow-sapphires/2.70ct-ceylon-sri-lankan-round-yellow-sapphire-s18539/
S13620,"$7,155","$1,573",4.55 Ct.,10.78,7.07,5.29,Yellow,Vivid,Very Very Slightly Included,Emerald Cut,Emerald Cut,No Enhancement,Ceylon (Sri Lanka),https://www.thenaturalsapphirecompany.com/yellow-sapphires/4.55ct-ceylon-sri-lankan-emerald-cut-yellow-sapphire-s13620/
S3684,"$11,968","$1,700",7.04 Ct.,11.86,9.48,5.85,Yellow,Vivid,Eye Clean,Emerald Cut,Step Cut,Heat Treated,Ceylon (Sri Lanka),https://www.thenaturalsapphirecompany.com/yellow-sapphires/7.04ct-ceylon-sri-lankan-emerald-cut-yellow-sapphire-s3684/
S12931,"$2,594","$1,050",2.47 Ct.,9.14,7.15,4.93,Yellow,Medium,Very Slightly Included,Oval,Mixed Brilliant Cut,Heat Treated,Ceylon (Sri Lanka),https://www.thenaturalsapphirecompany.com/yellow-sapphires/2.47ct-ceylon-sri-lankan-oval-yellow-sapphire-s12931/
S13740,"$3,311","$1,100",3.01 Ct.,8.29,7.25,5.22,Yellowish Green,Medium,Very Slightly Included,Cushion,Mixed Brilliant Cut,Heat Treated,Ceylon (Sri Lanka),https://www.thenaturalsapphirecompany.com/yellow-sapphires/3.01ct-ceylon-sri-lankan-cushion-yellowish-green-sapphire-s13740/
Y4996,"$2,171","$1,300",1.67 Ct.,7.84,5.96,4.33,Yellow,Intense,Very Slightly Included,Oval,Mixed Brilliant Cut,Heat Treated,Ceylon (Sri Lanka),https://www.thenaturalsapphirecompany.com/yellow-sapphires/1.67ct-ceylon-sri-lankan-oval-yellow-sapphire-y4996/
S7200,"$6,204","$1,758",3.53 Ct.,8.76,8.69,5.78,Yellow,Medium,Eye Clean,Round,Mixed Brilliant Cut,Heat Treated,Ceylon (Sri Lanka),https://www.thenaturalsapphirecompany.com/yellow-sapphires/3.53ct-ceylon-sri-lankan-round-yellow-sapphire-s7200/
S7203,"$45,769","$2,393",19.13 Ct.,15.6,12.11,10.25,Yellow,Intense,Eye Clean,Emerald Cut,Mixed Brilliant Cut,Heat Treated,Ceylon (Sri Lanka),https://www.thenaturalsapphirecompany.com/yellow-sapphires/19.13ct-ceylon-sri-lankan-emerald-cut-yellow-sapphire-s7203/
S7206,"$5,361","$1,665",3.22 Ct.,8.54,8.43,5.39,Yellow,Medium,Very Slightly Included,Round,Mixed Brilliant Cut,Heat Treated,Ceylon (Sri Lanka),https://www.thenaturalsapphirecompany.com/yellow-sapphires/3.22ct-ceylon-sri-lankan-round-yellow-sapphire-s7206/
U8598,"$4,284","$1,200",3.57 Ct.,9.47,7.95,4.94,Greenish Yellow,Medium,Very Slightly Included,Radiant,Radiant Cut,No Enhancement,Ceylon (Sri Lanka),https://www.thenaturalsapphirecompany.com/yellow-sapphires/3.57ct-ceylon-sri-lankan-radiant-greenish-yellow-sapphire-u8598/
U16358,"$2,352",$800,2.94 Ct.,8.36,8.3,5.53,Yellowish Green,Intense,Very Slightly Included,Round,Mixed Brilliant Cut,Heat Treated,Ceylon (Sri Lanka),https://www.thenaturalsapphirecompany.com/yellow-sapphires/2.94ct-ceylon-sri-lankan-round-yellowish-green-sapphire-u16358/
S14171,"$5,571","$1,757",3.17 Ct.,7.78,7.43,5.68,Yellow,Medium,Eye Clean,Cushion,Mixed Brilliant Cut,No Enhancement,Ceylon (Sri Lanka),https://www.thenaturalsapphirecompany.com/yellow-sapphires/3.17ct-ceylon-sri-lankan-cushion-yellow-sapphire-s14171/
S14172,"$3,885","$1,110",3.50 Ct.,9.5,6.93,5.45,Yellow,Intense,Very Slightly Included,Cushion,Mixed Brilliant Cut,Heat Treated,Ceylon (Sri Lanka),https://www.thenaturalsapphirecompany.com/yellow-sapphires/3.50ct-ceylon-sri-lankan-cushion-yellow-sapphire-s14172/
S14174,"$20,192","$2,063",9.79 Ct.,13.07,10.02,8.33,Yellow,Medium,Eye Clean,Cushion,Mixed Brilliant Cut,Heat Treated,Ceylon (Sri Lanka),https://www.thenaturalsapphirecompany.com/yellow-sapphires/9.79ct-ceylon-sri-lankan-cushion-yellow-sapphire-s14174/
S14175,"$19,723","$1,609",12.26 Ct.,12.47,12.36,7.92,Orangish Yellow,Intense,Eye Clean,Cushion,Mixed Brilliant Cut,Heat Treated,Ceylon (Sri Lanka),https://www.thenaturalsapphirecompany.com/yellow-sapphires/12.26ct-ceylon-sri-lankan-cushion-orangish-yellow-sapphire-s14175/
S14176,"$43,299","$2,867",15.10 Ct.,14.97,13.34,8.48,Yellow,Medium,Eye Clean,Oval,Mixed Brilliant Cut,No Enhancement,Ceylon (Sri Lanka),https://www.thenaturalsapphirecompany.com/yellow-sapphires/15.10ct-ceylon-sri-lankan-oval-yellow-sapphire-s14176/
S14177,"$44,780","$2,790",16.05 Ct.,15.09,11.6,8.47,Yellow,Medium,Eye Clean,Emerald Cut,Emerald Cut,No Enhancement,Ceylon (Sri Lanka),https://www.thenaturalsapphirecompany.com/yellow-sapphires/16.05ct-ceylon-sri-lankan-emerald-cut-yellow-sapphire-s14177/
U8318,"$1,296","$1,200",1.08 Ct.,5.92,5.36,4.05,Yellowish Green,Light,Eye Clean,Cushion,Mixed Brilliant Cut,Heat Treated,Montana,https://www.thenaturalsapphirecompany.com/yellow-sapphires/1.08ct-montana-cushion-yellowish-green-sapphire-u8318/
U8786,"$1,520","$1,600",0.95 Ct.,6.19,4.51,3.59,Yellowish Green,Intense,Eye Clean,Cushion,Scissor Cut,No Enhancement,Montana,https://www.thenaturalsapphirecompany.com/yellow-sapphires/0.95ct-montana-cushion-yellowish-green-sapphire-u8786/
U8788,"$1,235","$1,300",0.95 Ct.,6.55,4.76,3.3,Yellowish Green,Medium,Eye Clean,Cushion,Mixed Brilliant Cut,No Enhancement,Montana,https://www.thenaturalsapphirecompany.com/yellow-sapphires/0.95ct-montana-cushion-yellowish-green-sapphire-u8788/
Y4653,"$4,440","$1,480",3.00 Ct.,8.37,8.27,5.69,Yellow,Intense,Very Slightly Included,Round,Mixed Brilliant Cut,Heat Treated,Ceylon (Sri Lanka),https://www.thenaturalsapphirecompany.com/yellow-sapphires/3.00ct-ceylon-sri-lankan-round-yellow-sapphire-y4653/
U9261,$770,"$1,100",0.70 Ct.,5.36,5.27,3.48,Yellowish Green,Medium,Very Slightly Included,Round,Mixed Brilliant Cut,No Enhancement,Montana,https://www.thenaturalsapphirecompany.com/yellow-sapphires/0.70ct-montana-round-yellowish-green-sapphire-u9261/
S19797,"$13,090","$1,711",7.65 Ct.,14.31,9.31,7.33,Yellow,Intense,Very Slightly Included,Pear,Mixed Brilliant Cut,No Enhancement,Ceylon (Sri Lanka),https://www.thenaturalsapphirecompany.com/yellow-sapphires/7.65ct-ceylon-sri-lankan-pear-yellow-sapphire-s19797/
Y5192,"$2,262",$600,3.77 Ct.,9.42,6.79,5.59,Yellow,Intense,Slightly Included,Emerald Cut,Emerald Cut,Heat Treated,Ceylon (Sri Lanka),https://www.thenaturalsapphirecompany.com/yellow-sapphires/3.77ct-ceylon-sri-lankan-emerald-cut-yellow-sapphire-y5192/
Y4875,"$9,282","$1,700",5.46 Ct.,11.53,9.26,5.58,Yellow,Intense,Very Slightly Included,Cushion,Mixed Brilliant Cut,No Enhancement,Ceylon (Sri Lanka),https://www.thenaturalsapphirecompany.com/yellow-sapphires/5.46ct-ceylon-sri-lankan-cushion-yellow-sapphire-y4875/
Y4893,"$26,483","$1,650",16.05 Ct.,15.18,11.67,8.87,Yellow,Intense,Very Slightly Included,Radiant,Radiant Cut,Heat Treated,Ceylon (Sri Lanka),https://www.thenaturalsapphirecompany.com/yellow-sapphires/16.05ct-ceylon-sri-lankan-radiant-yellow-sapphire-y4893/
Y4650,"$2,412","$1,200",2.01 Ct.,7.16,6.28,4.92,Yellow,Intense,Very Very Slightly Included,Asscher - Octagon,Asscher Cut,Heat Treated,Ceylon (Sri Lanka),https://www.thenaturalsapphirecompany.com/yellow-sapphires/2.01ct-ceylon-sri-lankan-asscher-octagon-yellow-sapphire-y4650/
Y4908,"$1,406",$990,1.42 Ct.,7.43,5.32,3.91,Yellow,Medium,Very Slightly Included,Cushion,Mixed Brilliant Cut,No Enhancement,Ceylon (Sri Lanka),https://www.thenaturalsapphirecompany.com/yellow-sapphires/1.42ct-ceylon-sri-lankan-cushion-yellow-sapphire-y4908/
Y4799,$803,$550,1.46 Ct.,6.3,6.27,4.73,Yellow,Medium,Eye Clean,Round,Mixed Brilliant Cut,No Enhancement,Ceylon (Sri Lanka),https://www.thenaturalsapphirecompany.com/yellow-sapphires/1.46ct-ceylon-sri-lankan-round-yellow-sapphire-y4799/
Y4803,"$3,857","$1,900",2.03 Ct.,6.42,6.39,5.03,Yellow,Intense,Eye Clean,Asscher - Octagon,Asscher Cut,Heat Treated,Ceylon (Sri Lanka),https://www.thenaturalsapphirecompany.com/yellow-sapphires/2.03ct-ceylon-sri-lankan-asscher-octagon-yellow-sapphire-y4803/
Y4804,"$9,320","$1,445",6.45 Ct.,11.05,8.99,6.2,Yellow,Intense,Very Slightly Included,Emerald Cut,Emerald Cut,Heat Treated,Ceylon (Sri Lanka),https://www.thenaturalsapphirecompany.com/yellow-sapphires/6.45ct-ceylon-sri-lankan-emerald-cut-yellow-sapphire-y4804/
Y4734,"$2,174","$1,150",1.89 Ct.,8.47,6.81,4.16,Greenish Yellow,Light,Very Slightly Included,Oval,Mixed Brilliant Cut,No Enhancement,Ceylon (Sri Lanka),https://www.thenaturalsapphirecompany.com/yellow-sapphires/1.89ct-ceylon-sri-lankan-oval-greenish-yellow-sapphire-y4734/
Y4687,"$10,370","$1,700",6.10 Ct.,10.4,9.26,6.17,Yellow,Intense,Eye Clean,Emerald Cut,Emerald Cut,Heat Treated,Ceylon (Sri Lanka),https://www.thenaturalsapphirecompany.com/yellow-sapphires/6.10ct-ceylon-sri-lankan-emerald-cut-yellow-sapphire-y4687/
Y4694,"$7,988","$1,572",5.08 Ct.,9.35,9.35,5.93,Yellow,Medium,Eye Clean,Radiant,Radiant Cut,Heat Treated,Ceylon (Sri Lanka),https://www.thenaturalsapphirecompany.com/yellow-sapphires/5.08ct-ceylon-sri-lankan-radiant-yellow-sapphire-y4694/
Y4699,"$1,544",$800,1.93 Ct.,7.39,5.22,4.93,Yellow,Medium,Eye Clean,Emerald Cut,Step Cut,No Enhancement,Ceylon (Sri Lanka),https://www.thenaturalsapphirecompany.com/yellow-sapphires/1.93ct-ceylon-sri-lankan-emerald-cut-yellow-sapphire-y4699/
Y4712,"$17,360","$1,733",10.02 Ct.,11.7,11.68,8.1,Orangish Yellow,Vivid,Very Slightly Included,Cushion,Mixed Brilliant Cut,Heat Treated,Ceylon (Sri Lanka),https://www.thenaturalsapphirecompany.com/yellow-sapphires/10.02ct-ceylon-sri-lankan-cushion-orangish-yellow-sapphire-y4712/
Y4713,"$10,404","$2,040",5.10 Ct.,10.32,8.58,5.76,Yellow,Medium,Eye Clean,Emerald Cut,Emerald Cut,No Enhancement,Ceylon (Sri Lanka),https://www.thenaturalsapphirecompany.com/yellow-sapphires/5.10ct-ceylon-sri-lankan-emerald-cut-yellow-sapphire-y4713/
Y4721,"$1,683",$900,1.87 Ct.,8.99,5.94,4.33,Yellow,Light,Very Slightly Included,Oval,Mixed Brilliant Cut,No Enhancement,Ceylon (Sri Lanka),https://www.thenaturalsapphirecompany.com/yellow-sapphires/1.87ct-ceylon-sri-lankan-oval-yellow-sapphire-y4721/
S7900,"$6,604","$1,850",3.57 Ct.,7.96,7.54,5.75,Yellow,Intense,Eye Clean,Asscher - Octagon,Asscher Cut,Heat Treated,Ceylon (Sri Lanka),https://www.thenaturalsapphirecompany.com/yellow-sapphires/3.57ct-ceylon-sri-lankan-asscher-octagon-yellow-sapphire-s7900/
S7918,"$2,574","$1,100",2.34 Ct.,7.52,7.45,4.38,Yellow,Light,Very Slightly Included,Cushion,Mixed Brilliant Cut,No Enhancement,Ceylon (Sri Lanka),https://www.thenaturalsapphirecompany.com/yellow-sapphires/2.34ct-ceylon-sri-lankan-cushion-yellow-sapphire-s7918/
S7919,"$2,754",$900,3.06 Ct.,9.48,7.77,4.99,Yellow,Medium,Very Slightly Included,Oval,Mixed Brilliant Cut,Heat Treated,Ceylon (Sri Lanka),https://www.thenaturalsapphirecompany.com/yellow-sapphires/3.06ct-ceylon-sri-lankan-oval-yellow-sapphire-s7919/
S7922,"$3,348","$1,350",2.48 Ct.,9.74,6.39,4.78,Yellow,Medium,Very Slightly Included,Oval,Mixed Brilliant Cut,No Enhancement,Ceylon (Sri Lanka),https://www.thenaturalsapphirecompany.com/yellow-sapphires/2.48ct-ceylon-sri-lankan-oval-yellow-sapphire-s7922/
Y4599,"$2,255","$1,100",2.05 Ct.,6.98,6.48,4.48,Yellow,Medium,Eye Clean,Asscher - Octagon,Asscher Cut,No Enhancement,Ceylon (Sri Lanka),https://www.thenaturalsapphirecompany.com/yellow-sapphires/2.05ct-ceylon-sri-lankan-asscher-octagon-yellow-sapphire-y4599/
Y4620,"$2,255","$1,100",2.05 Ct.,6.99,6.94,4.51,Yellow,Intense,Eye Clean,Asscher - Octagon,Asscher Cut,No Enhancement,Ceylon (Sri Lanka),https://www.thenaturalsapphirecompany.com/yellow-sapphires/2.05ct-ceylon-sri-lankan-asscher-octagon-yellow-sapphire-y4620/
Y4658,"$3,302","$1,300",2.54 Ct.,7.37,7.33,4.7,Yellow,Intense,Eye Clean,Asscher - Octagon,Asscher Cut,Heat Treated,Ceylon (Sri Lanka),https://www.thenaturalsapphirecompany.com/yellow-sapphires/2.54ct-ceylon-sri-lankan-asscher-octagon-yellow-sapphire-y4658/
Y4662,"$2,312","$1,150",2.01 Ct.,7.44,6.66,4.78,Yellow,Medium,Very Slightly Included,Oval,Mixed Brilliant Cut,No Enhancement,Ceylon (Sri Lanka),https://www.thenaturalsapphirecompany.com/yellow-sapphires/2.01ct-ceylon-sri-lankan-oval-yellow-sapphire-y4662/
U13959,"$1,524","$1,200",1.27 Ct.,6.6,6.59,3.85,Yellowish Green,Intense,Very Slightly Included,Cushion,Mixed Brilliant Cut,No Enhancement,Montana,https://www.thenaturalsapphirecompany.com/yellow-sapphires/1.27ct-montana-cushion-yellowish-green-sapphire-u13959/
Y3912,"$24,342","$1,530",15.91 Ct.,17.05,11.47,7.19,Yellow,Medium,Very Slightly Included,Emerald Cut,Emerald Cut,No Enhancement,Ceylon (Sri Lanka),https://www.thenaturalsapphirecompany.com/yellow-sapphires/15.91ct-ceylon-sri-lankan-emerald-cut-yellow-sapphire-y3912/
Y3918,"$6,777","$1,572",4.31 Ct.,9.74,9.7,5.69,Yellow,Medium,Very Slightly Included,Round,Mixed Brilliant Cut,No Enhancement,Ceylon (Sri Lanka),https://www.thenaturalsapphirecompany.com/yellow-sapphires/4.31ct-ceylon-sri-lankan-round-yellow-sapphire-y3918/
Y3920,"$18,030","$1,500",12.02 Ct.,13.89,10.55,8.4,Yellow,Medium,Very Slightly Included,Emerald Cut,Emerald Cut,No Enhancement,Ceylon (Sri Lanka),https://www.thenaturalsapphirecompany.com/yellow-sapphires/12.02ct-ceylon-sri-lankan-emerald-cut-yellow-sapphire-y3920/
Y3985,"$20,769","$2,062",10.07 Ct.,13.39,12.02,6.59,Yellow,Medium,Very Slightly Included,Radiant,Radiant Cut,No Enhancement,Ceylon (Sri Lanka),https://www.thenaturalsapphirecompany.com/yellow-sapphires/10.07ct-ceylon-sri-lankan-radiant-yellow-sapphire-y3985/
Y4008,"$44,906","$1,275",35.22 Ct.,18.65,16.88,11.21,Yellow,Medium,Very Slightly Included,Cushion,Brilliant Cut,No Enhancement,Ceylon (Sri Lanka),https://www.thenaturalsapphirecompany.com/yellow-sapphires/35.22ct-ceylon-sri-lankan-cushion-yellow-sapphire-y4008/
Y4051,"$11,481","$1,105",10.39 Ct.,13.19,11.18,6.96,Yellow,Light,Very Slightly Included,Emerald Cut,Emerald Cut,No Enhancement,Ceylon (Sri Lanka),https://www.thenaturalsapphirecompany.com/yellow-sapphires/10.39ct-ceylon-sri-lankan-emerald-cut-yellow-sapphire-y4051/
Y4187,"$1,197",$900,1.33 Ct.,6.63,6.55,4.18,Yellow,Light,Very Slightly Included,Round,Mixed Brilliant Cut,No Enhancement,Ceylon (Sri Lanka),https://www.thenaturalsapphirecompany.com/yellow-sapphires/1.33ct-ceylon-sri-lankan-round-yellow-sapphire-y4187/
Y4188,"$1,699","$1,370",1.24 Ct.,6.98,5.68,4.14,Yellow,Light,Very Very Slightly Included,Oval,Mixed Brilliant Cut,No Enhancement,Ceylon (Sri Lanka),https://www.thenaturalsapphirecompany.com/yellow-sapphires/1.24ct-ceylon-sri-lankan-oval-yellow-sapphire-y4188/
Y4316,"$2,736","$1,200",2.28 Ct.,7.58,7.46,4.69,Yellow,Light,Very Slightly Included,Cushion,Mixed Brilliant Cut,No Enhancement,Ceylon (Sri Lanka),https://www.thenaturalsapphirecompany.com/yellow-sapphires/2.28ct-ceylon-sri-lankan-cushion-yellow-sapphire-y4316/
Y4317,"$1,650","$1,000",1.65 Ct.,7.76,5.81,3.9,Yellow,Intense,Very Slightly Included,Oval,Mixed Brilliant Cut,Heat Treated,Ceylon (Sri Lanka),https://www.thenaturalsapphirecompany.com/yellow-sapphires/1.65ct-ceylon-sri-lankan-oval-yellow-sapphire-y4317/
U13942,"$1,248","$1,200",1.04 Ct.,6.11,5.99,3.64,Yellowish Green,Medium,Very Slightly Included,Round,Mixed Brilliant Cut,No Enhancement,Montana,https://www.thenaturalsapphirecompany.com/yellow-sapphires/1.04ct-montana-round-yellowish-green-sapphire-u13942/
Y4399,"$1,850","$1,350",1.37 Ct.,7.83,6.01,3.94,Yellow,Medium,Very Slightly Included,Oval,Mixed Brilliant Cut,Heat Treated,Montana,https://www.thenaturalsapphirecompany.com/yellow-sapphires/1.37ct-montana-oval-yellow-sapphire-y4399/
Y4581,"$3,924","$1,295",3.03 Ct.,7.95,7.22,5.14,Yellow,Light,Very Slightly Included,Asscher - Octagon,Asscher Cut,No Enhancement,Ceylon (Sri Lanka),https://www.thenaturalsapphirecompany.com/yellow-sapphires/3.03ct-ceylon-sri-lankan-asscher-octagon-yellow-sapphire-y4581/
Y4585,"$12,113","$1,615",7.50 Ct.,11.66,11.59,7.62,Yellow,Medium,Very Slightly Included,Round,Mixed Brilliant Cut,No Enhancement,Ceylon (Sri Lanka),https://www.thenaturalsapphirecompany.com/yellow-sapphires/7.50ct-ceylon-sri-lankan-round-yellow-sapphire-y4585/
Y3828,"$11,203","$1,390",8.06 Ct.,12.3,9.3,6.89,Yellow,Intense,Very Slightly Included,Emerald Cut,Emerald Cut,No Enhancement,Ceylon (Sri Lanka),https://www.thenaturalsapphirecompany.com/yellow-sapphires/8.06ct-ceylon-sri-lankan-emerald-cut-yellow-sapphire-y3828/
Y3896,"$10,120","$2,300",4.40 Ct.,10.54,7.23,6.37,Yellow,Vivid,Very Slightly Included,Cushion,Mixed Brilliant Cut,No Enhancement,Ceylon (Sri Lanka),https://www.thenaturalsapphirecompany.com/yellow-sapphires/4.40ct-ceylon-sri-lankan-cushion-yellow-sapphire-y3896/
Y3109,"$19,350","$1,800",10.75 Ct.,11.9,10.79,8.69,Yellow,Medium,Very Slightly Included,Asscher - Octagon,Asscher Cut,No Enhancement,Ceylon (Sri Lanka),https://www.thenaturalsapphirecompany.com/yellow-sapphires/10.75ct-ceylon-sri-lankan-asscher-octagon-yellow-sapphire-y3109/
S7638,"$22,243","$1,568",14.19 Ct.,14.73,13.27,8.43,Yellow,Vivid,Eye Clean,Oval,Mixed Brilliant Cut,Heat Treated,Thailand,https://www.thenaturalsapphirecompany.com/yellow-sapphires/14.19ct-thai-oval-yellow-sapphire-s7638/
S14538,"$1,948",$950,2.05 Ct.,7.36,6.49,4.1,Yellow,Medium,Very Slightly Included,Asscher - Octagon,Asscher Cut,Heat Treated,Ceylon (Sri Lanka),https://www.thenaturalsapphirecompany.com/yellow-sapphires/2.05ct-ceylon-sri-lankan-asscher-octagon-yellow-sapphire-s14538/
S14544,"$1,891",$950,1.99 Ct.,8.6,6.12,3.77,Yellow,Medium,Eye Clean,Emerald Cut,Emerald Cut,Heat Treated,Ceylon (Sri Lanka),https://www.thenaturalsapphirecompany.com/yellow-sapphires/1.99ct-ceylon-sri-lankan-emerald-cut-yellow-sapphire-s14544/
Y4059,"$30,938","$2,475",12.50 Ct.,12.48,11.94,9.21,Yellow,Intense,Very Slightly Included,Radiant,Radiant Cut,No Enhancement,Ceylon (Sri Lanka),https://www.thenaturalsapphirecompany.com/yellow-sapphires/12.50ct-ceylon-sri-lankan-radiant-yellow-sapphire-y4059/
Y4078,"$1,232",$800,1.54 Ct.,6.34,6.16,4.81,Yellow,Medium,Very Slightly Included,Round,Mixed Brilliant Cut,Heat Treated,Ceylon (Sri Lanka),https://www.thenaturalsapphirecompany.com/yellow-sapphires/1.54ct-ceylon-sri-lankan-round-yellow-sapphire-y4078/
Y4091,"$10,412","$1,295",8.04 Ct.,12.3,8.57,7.6,Yellow,Intense,Very Slightly Included,Emerald Cut,Emerald Cut,Heat Treated,Ceylon (Sri Lanka),https://www.thenaturalsapphirecompany.com/yellow-sapphires/8.04ct-ceylon-sri-lankan-emerald-cut-yellow-sapphire-y4091/
Y4139,"$37,990","$2,325",16.34 Ct.,15.18,11.79,9.13,Yellow,Intense,Very Very Slightly Included,Emerald Cut,Emerald Cut,No Enhancement,Ceylon (Sri Lanka),https://www.thenaturalsapphirecompany.com/yellow-sapphires/16.34ct-ceylon-sri-lankan-emerald-cut-yellow-sapphire-y4139/
Y4158,"$1,939",$700,2.77 Ct.,9.05,9.01,5.04,Yellow,Medium,Very Slightly Included,Round,Brilliant Cut,No Enhancement,Ceylon (Sri Lanka),https://www.thenaturalsapphirecompany.com/yellow-sapphires/2.77ct-ceylon-sri-lankan-round-yellow-sapphire-y4158/
S5765,"$4,496","$1,484",3.03 Ct.,8.31,7.64,4.49,Orangish Yellow,Intense,Very Very Slightly Included,Asscher - Octagon,Asscher Cut,Heat Treated,Ceylon (Sri Lanka),https://www.thenaturalsapphirecompany.com/yellow-sapphires/3.03ct-ceylon-sri-lankan-asscher-octagon-orangish-yellow-sapphire-s5765/
Y4510,$765,$500,1.53 Ct.,6.56,5.82,4.7,Yellow,Intense,Very Slightly Included,Oval,Mixed Brilliant Cut,No Enhancement,Ceylon (Sri Lanka),https://www.thenaturalsapphirecompany.com/yellow-sapphires/1.53ct-ceylon-sri-lankan-oval-yellow-sapphire-y4510/
S19803,"$7,215","$1,390",5.19 Ct.,12.32,8.96,6.08,Yellow,Light,Very Slightly Included,Pear,Mixed Brilliant Cut,No Enhancement,Ceylon (Sri Lanka),https://www.thenaturalsapphirecompany.com/yellow-sapphires/5.19ct-ceylon-sri-lankan-pear-yellow-sapphire-s19803/
S19806,"$6,290","$1,023",6.15 Ct.,14.35,9.1,6.41,Yellow,Light,Very Slightly Included,Pear,Mixed Brilliant Cut,No Enhancement,Ceylon (Sri Lanka),https://www.thenaturalsapphirecompany.com/yellow-sapphires/6.15ct-ceylon-sri-lankan-pear-yellow-sapphire-s19806/
Y4358,"$2,310","$1,000",2.31 Ct.,7.5,7.45,4.05,Yellow,Medium,Very Slightly Included,Asscher - Octagon,Asscher Cut,No Enhancement,Ceylon (Sri Lanka),https://www.thenaturalsapphirecompany.com/yellow-sapphires/2.31ct-ceylon-sri-lankan-asscher-octagon-yellow-sapphire-y4358/
Y3628,"$19,947","$1,815",10.99 Ct.,12.25,10.63,7.92,Yellow,Vivid,Very Slightly Included,Radiant,Radiant Cut,No Enhancement,Ceylon (Sri Lanka),https://www.thenaturalsapphirecompany.com/yellow-sapphires/10.99ct-ceylon-sri-lankan-radiant-yellow-sapphire-y3628/
Y3629,"$14,334","$1,570",9.13 Ct.,12.44,11.99,6.25,Yellow,Medium,Eye Clean,Cushion,Mixed Brilliant Cut,No Enhancement,Ceylon (Sri Lanka),https://www.thenaturalsapphirecompany.com/yellow-sapphires/9.13ct-ceylon-sri-lankan-cushion-yellow-sapphire-y3629/
Y4420,"$17,384","$1,568",11.09 Ct.,12.89,12.71,8.51,Yellow,Medium,Eye Clean,Round,Mixed Brilliant Cut,No Enhancement,Ceylon (Sri Lanka),https://www.thenaturalsapphirecompany.com/yellow-sapphires/11.09ct-ceylon-sri-lankan-round-yellow-sapphire-y4420/
Y4453,"$7,469",$971,7.69 Ct.,11.09,11.02,6.9,Yellow,Medium,Eye Clean,Cushion,Mixed Brilliant Cut,Heat Treated,Ceylon (Sri Lanka),https://www.thenaturalsapphirecompany.com/yellow-sapphires/7.69ct-ceylon-sri-lankan-cushion-yellow-sapphire-y4453/
Y4456,"$3,530","$1,000",3.53 Ct.,8.1,8.09,5.62,Yellow,Intense,Very Slightly Included,Asscher - Octagon,Asscher Cut,Heat Treated,Ceylon (Sri Lanka),https://www.thenaturalsapphirecompany.com/yellow-sapphires/3.53ct-ceylon-sri-lankan-asscher-octagon-yellow-sapphire-y4456/
U9807,"$1,733",$968,1.79 Ct.,6.88,6.8,4.05,Yellowish Brown,Intense,Very Slightly Included,Asscher - Octagon,Asscher Cut,No Enhancement,Ceylon (Sri Lanka),https://www.thenaturalsapphirecompany.com/yellow-sapphires/1.79ct-ceylon-sri-lankan-asscher-octagon-yellowish-brown-sapphire-u9807/
U9825,"$2,840",$800,3.55 Ct.,9.5,7.27,5.27,Yellowish Brown,Intense,Very Slightly Included,Radiant,Radiant Cut,No Enhancement,Ceylon (Sri Lanka),https://www.thenaturalsapphirecompany.com/yellow-sapphires/3.55ct-ceylon-sri-lankan-radiant-yellowish-brown-sapphire-u9825/
Y5152,"$4,357","$1,388",3.14 Ct.,7.77,7.58,6.44,Yellow,Light,Very Slightly Included,Round,Mixed Brilliant Cut,No Enhancement,Ceylon (Sri Lanka),https://www.thenaturalsapphirecompany.com/yellow-sapphires/3.14ct-ceylon-sri-lankan-round-yellow-sapphire-y5152/
Y3145,"$34,726","$2,312",15.02 Ct.,14.77,11.57,9.24,Yellow,Medium,Eye Clean,Radiant,Radiant Cut,No Enhancement,Ceylon (Sri Lanka),https://www.thenaturalsapphirecompany.com/yellow-sapphires/15.02ct-ceylon-sri-lankan-radiant-yellow-sapphire-y3145/
S14466,"$8,541","$1,665",5.13 Ct.,10.8,7.01,6.26,Yellow,Medium,Very Slightly Included,Emerald Cut,Emerald Cut,Heat Treated,Ceylon (Sri Lanka),https://www.thenaturalsapphirecompany.com/yellow-sapphires/5.13ct-ceylon-sri-lankan-emerald-cut-yellow-sapphire-s14466/
S14467,"$21,062","$2,475",8.51 Ct.,12.5,10.72,6.45,Yellow,Intense,Eye Clean,Emerald Cut,Emerald Cut,Heat Treated,Ceylon (Sri Lanka),https://www.thenaturalsapphirecompany.com/yellow-sapphires/8.51ct-ceylon-sri-lankan-emerald-cut-yellow-sapphire-s14467/
S14469,"$24,701","$2,475",9.98 Ct.,13.07,11.26,6.95,Yellow,Intense,Eye Clean,Emerald Cut,Emerald Cut,Heat Treated,Ceylon (Sri Lanka),https://www.thenaturalsapphirecompany.com/yellow-sapphires/9.98ct-ceylon-sri-lankan-emerald-cut-yellow-sapphire-s14469/
S14861,"$3,290","$1,530",2.15 Ct.,8.75,6.41,4.15,Yellow,Intense,Very Very Slightly Included,Emerald Cut,Emerald Cut,Heat Treated,Ceylon (Sri Lanka),https://www.thenaturalsapphirecompany.com/yellow-sapphires/2.15ct-ceylon-sri-lankan-emerald-cut-yellow-sapphire-s14861/
Y5070,"$25,146","$2,475",10.16 Ct.,11.34,11.33,8.31,Yellow,Medium,Very Slightly Included,Asscher - Octagon,Asscher Cut,Heat Treated,Ceylon (Sri Lanka),https://www.thenaturalsapphirecompany.com/yellow-sapphires/10.16ct-ceylon-sri-lankan-asscher-octagon-yellow-sapphire-y5070/
Y5077,"$3,915","$1,500",2.61 Ct.,8.53,6.52,4.38,Yellow,Intense,Very Very Slightly Included,Emerald Cut,Emerald Cut,Heat Treated,Ceylon (Sri Lanka),https://www.thenaturalsapphirecompany.com/yellow-sapphires/2.61ct-ceylon-sri-lankan-emerald-cut-yellow-sapphire-y5077/
Y5079,"$11,046","$1,955",5.65 Ct.,9.7,9.61,6.15,Yellow,Light,Eye Clean,Asscher - Octagon,Asscher Cut,Heat Treated,Ceylon (Sri Lanka),https://www.thenaturalsapphirecompany.com/yellow-sapphires/5.65ct-ceylon-sri-lankan-asscher-octagon-yellow-sapphire-y5079/
Y5084,"$7,894","$1,573",5.02 Ct.,9.19,9.17,5.75,Yellow,Light,Eye Clean,Asscher - Octagon,Asscher Cut,Heat Treated,Ceylon (Sri Lanka),https://www.thenaturalsapphirecompany.com/yellow-sapphires/5.02ct-ceylon-sri-lankan-asscher-octagon-yellow-sapphire-y5084/
Y5065,"$8,594","$1,275",6.74 Ct.,10.11,10.04,6.56,Yellow,Medium,Eye Clean,Asscher - Octagon,Asscher Cut,Heat Treated,Ceylon (Sri Lanka),https://www.thenaturalsapphirecompany.com/yellow-sapphires/6.74ct-ceylon-sri-lankan-asscher-octagon-yellow-sapphire-y5065/
Y5066,"$9,892","$1,955",5.06 Ct.,10.46,8.85,5.47,Yellow,Vivid,Eye Clean,Emerald Cut,Emerald Cut,Heat Treated,Ceylon (Sri Lanka),https://www.thenaturalsapphirecompany.com/yellow-sapphires/5.06ct-ceylon-sri-lankan-emerald-cut-yellow-sapphire-y5066/
Y5100,"$10,404","$1,700",6.12 Ct.,9.74,8.88,7.07,Yellow,Intense,Very Slightly Included,Asscher - Octagon,Asscher Cut,No Enhancement,Ceylon (Sri Lanka),https://www.thenaturalsapphirecompany.com/yellow-sapphires/6.12ct-ceylon-sri-lankan-asscher-octagon-yellow-sapphire-y5100/
Y5104,"$6,306","$1,573",4.01 Ct.,9.65,7.51,6.1,Yellow,Medium,Very Slightly Included,Oval,Mixed Brilliant Cut,Heat Treated,Ceylon (Sri Lanka),https://www.thenaturalsapphirecompany.com/yellow-sapphires/4.01ct-ceylon-sri-lankan-oval-yellow-sapphire-y5104/
Y5173,"$2,618","$1,100",2.38 Ct.,8.8,7.14,5.14,Yellow,Medium,Very Slightly Included,Oval,Mixed Brilliant Cut,No Enhancement,Ceylon (Sri Lanka),https://www.thenaturalsapphirecompany.com/yellow-sapphires/2.38ct-ceylon-sri-lankan-oval-yellow-sapphire-y5173/
Y5185,"$1,728",$900,1.92 Ct.,6.64,6.56,5.14,Yellowish Brown,Vivid,Very Slightly Included,Cushion,Mixed Brilliant Cut,No Enhancement,Ceylon (Sri Lanka),https://www.thenaturalsapphirecompany.com/yellow-sapphires/1.92ct-ceylon-sri-lankan-cushion-yellowish-brown-sapphire-y5185/
Y5194,"$4,654","$1,203",3.87 Ct.,9.2,8.58,5.77,Yellow,Vivid,Eye Clean,Cushion,Mixed Brilliant Cut,Heat Treated,Ceylon (Sri Lanka),https://www.thenaturalsapphirecompany.com/yellow-sapphires/3.87ct-ceylon-sri-lankan-cushion-yellow-sapphire-y5194/
Y5038,"$5,944","$1,572",3.78 Ct.,9.58,9.51,5.48,Yellow,Vivid,Eye Clean,Round,Mixed Brilliant Cut,Heat Treated,Ceylon (Sri Lanka),https://www.thenaturalsapphirecompany.com/yellow-sapphires/3.78ct-ceylon-sri-lankan-round-yellow-sapphire-y5038/
Y5048,"$5,551","$1,573",3.53 Ct.,8.62,8.52,5.84,Yellow,Vivid,Eye Clean,Round,Mixed Brilliant Cut,Heat Treated,Ceylon (Sri Lanka),https://www.thenaturalsapphirecompany.com/yellow-sapphires/3.53ct-ceylon-sri-lankan-round-yellow-sapphire-y5048/
Y5054,"$6,589","$1,573",4.19 Ct.,9.01,8.86,6.44,Yellow,Vivid,Eye Clean,Round,Mixed Brilliant Cut,Heat Treated,Ceylon (Sri Lanka),https://www.thenaturalsapphirecompany.com/yellow-sapphires/4.19ct-ceylon-sri-lankan-round-yellow-sapphire-y5054/
Y5009,"$1,716","$1,100",1.56 Ct.,6.45,6.25,3.95,Yellow,Intense,Very Slightly Included,Asscher - Octagon,Asscher Cut,Heat Treated,Ceylon (Sri Lanka),https://www.thenaturalsapphirecompany.com/yellow-sapphires/1.56ct-ceylon-sri-lankan-asscher-octagon-yellow-sapphire-y5009/
Y5015,"$2,176",$850,2.56 Ct.,8.53,6.03,4.64,Yellow,Medium,Very Slightly Included,Emerald Cut,Emerald Cut,No Enhancement,Ceylon (Sri Lanka),https://www.thenaturalsapphirecompany.com/yellow-sapphires/2.56ct-ceylon-sri-lankan-emerald-cut-yellow-sapphire-y5015/
Y5018,"$1,254",$600,2.09 Ct.,7.63,7.43,4.36,Yellow,Faint,Eye Clean,Cushion,Mixed Brilliant Cut,No Enhancement,Ceylon (Sri Lanka),https://www.thenaturalsapphirecompany.com/yellow-sapphires/2.09ct-ceylon-sri-lankan-cushion-yellow-sapphire-y5018/
U14549,"$1,297",$990,1.31 Ct.,6.25,6.17,3.98,Greenish Yellow,Medium,Very Slightly Included,Asscher - Octagon,Asscher Cut,No Enhancement,Ceylon (Sri Lanka),https://www.thenaturalsapphirecompany.com/yellow-sapphires/1.31ct-ceylon-sri-lankan-asscher-octagon-greenish-yellow-sapphire-u14549/
Y4939,"$1,556",$850,1.83 Ct.,8.64,6.16,4.17,Yellow,Medium,Very Slightly Included,Oval,Mixed Brilliant Cut,No Enhancement,Ceylon (Sri Lanka),https://www.thenaturalsapphirecompany.com/yellow-sapphires/1.83ct-ceylon-sri-lankan-oval-yellow-sapphire-y4939/
S8272,"$8,125","$1,665",4.88 Ct.,12.25,9.51,5.57,Yellow,Medium,Very Slightly Included,Oval,Mixed Brilliant Cut,No Enhancement,Ceylon (Sri Lanka),https://www.thenaturalsapphirecompany.com/yellow-sapphires/4.88ct-ceylon-sri-lankan-oval-yellow-sapphire-s8272/
S8274,"$1,734",$850,2.04 Ct.,9.88,6.79,3.68,Yellow,Medium,Very Slightly Included,Oval,Mixed Brilliant Cut,No Enhancement,Ceylon (Sri Lanka),https://www.thenaturalsapphirecompany.com/yellow-sapphires/2.04ct-ceylon-sri-lankan-oval-yellow-sapphire-s8274/
Y4590,"$3,556","$1,400",2.54 Ct.,8.75,6.18,4.53,Yellow,Light,Very Very Slightly Included,Radiant,Radiant Cut,No Enhancement,Ceylon (Sri Lanka),https://www.thenaturalsapphirecompany.com/yellow-sapphires/2.54ct-ceylon-sri-lankan-radiant-yellow-sapphire-y4590/
Y4927,"$2,478",$700,3.54 Ct.,9.62,7.34,5.88,Yellow,Medium,Very Slightly Included,Oval,Mixed Brilliant Cut,No Enhancement,Ceylon (Sri Lanka),https://www.thenaturalsapphirecompany.com/yellow-sapphires/3.54ct-ceylon-sri-lankan-oval-yellow-sapphire-y4927/
S8084,"$2,008",$800,2.51 Ct.,9.73,7.59,3.96,Yellow,Intense,Very Slightly Included,Oval,Mixed Brilliant Cut,Heat Treated,Ceylon (Sri Lanka),https://www.thenaturalsapphirecompany.com/yellow-sapphires/2.51ct-ceylon-sri-lankan-oval-yellow-sapphire-s8084/
Y5128,"$2,211","$1,100",2.01 Ct.,8.48,5.71,4.28,Greenish Yellow,Medium,Very Slightly Included,Emerald Cut,Emerald Cut,No Enhancement,Ceylon (Sri Lanka),https://www.thenaturalsapphirecompany.com/yellow-sapphires/2.01ct-ceylon-sri-lankan-emerald-cut-greenish-yellow-sapphire-y5128/
Y5130,"$6,277","$1,665",3.77 Ct.,9.71,9.29,4.86,Yellow,Medium,Very Slightly Included,Cushion,Mixed Brilliant Cut,No Enhancement,Ceylon (Sri Lanka),https://www.thenaturalsapphirecompany.com/yellow-sapphires/3.77ct-ceylon-sri-lankan-cushion-yellow-sapphire-y5130/
Y5139,"$1,009",$770,1.31 Ct.,5.75,5.62,4.4,Orangish Yellow,Medium,Very Slightly Included,Round,Mixed Brilliant Cut,Heat Treated,Ceylon (Sri Lanka),https://www.thenaturalsapphirecompany.com/yellow-sapphires/1.31ct-ceylon-sri-lankan-round-orangish-yellow-sapphire-y5139/
Y5153,"$6,979","$1,387",5.03 Ct.,8.58,8.48,6.39,Yellow,Intense,Very Slightly Included,Princess,Princess Cut,Heat Treated,Ceylon (Sri Lanka),https://www.thenaturalsapphirecompany.com/yellow-sapphires/5.03ct-ceylon-sri-lankan-princess-yellow-sapphire-y5153/
Y5156,"$3,531","$1,100",3.21 Ct.,8.28,8.28,4.88,Yellowish Green,Medium,Very Slightly Included,Princess,Princess Cut,Heat Treated,Ceylon (Sri Lanka),https://www.thenaturalsapphirecompany.com/yellow-sapphires/3.21ct-ceylon-sri-lankan-princess-yellowish-green-sapphire-y5156/
Y5157,"$2,124",$900,2.36 Ct.,9.27,6.63,4.05,Yellow,Intense,Slightly Included,Cushion,Mixed Brilliant Cut,No Enhancement,Ceylon (Sri Lanka),https://www.thenaturalsapphirecompany.com/yellow-sapphires/2.36ct-ceylon-sri-lankan-cushion-yellow-sapphire-y5157/
Y5146,"$1,206",$900,1.34 Ct.,6.83,5.91,3.92,Yellow,Medium,Very Slightly Included,Cushion,Mixed Brilliant Cut,No Enhancement,Ceylon (Sri Lanka),https://www.thenaturalsapphirecompany.com/yellow-sapphires/1.34ct-ceylon-sri-lankan-cushion-yellow-sapphire-y5146/
Y5148,"$1,278",$770,1.66 Ct.,7.58,5.98,4.45,Yellow,Intense,Slightly Included,Cushion,Mixed Brilliant Cut,Heat Treated,Ceylon (Sri Lanka),https://www.thenaturalsapphirecompany.com/yellow-sapphires/1.66ct-ceylon-sri-lankan-cushion-yellow-sapphire-y5148/
Y5164,"$2,592",$900,2.88 Ct.,8.28,6.63,5.62,Yellow,Medium,Very Slightly Included,Radiant,Radiant Cut,No Enhancement,Ceylon (Sri Lanka),https://www.thenaturalsapphirecompany.com/yellow-sapphires/2.88ct-ceylon-sri-lankan-radiant-yellow-sapphire-y5164/
Y5268,"$16,034","$1,530",10.48 Ct.,12.35,9.92,8.52,Yellow,Medium,Very Slightly Included,Emerald Cut,Emerald Cut,No Enhancement,Ceylon (Sri Lanka),https://www.thenaturalsapphirecompany.com/yellow-sapphires/10.48ct-ceylon-sri-lankan-emerald-cut-yellow-sapphire-y5268/
Y5271,"$9,834","$1,955",5.03 Ct.,11.55,8.45,4.96,Yellow,Vivid,Very Slightly Included,Emerald Cut,Emerald Cut,Heat Treated,Ceylon (Sri Lanka),https://www.thenaturalsapphirecompany.com/yellow-sapphires/5.03ct-ceylon-sri-lankan-emerald-cut-yellow-sapphire-y5271/
Y5178,"$1,301",$850,1.53 Ct.,7.6,6.03,3.7,Yellow,Medium,Very Slightly Included,Radiant,Radiant Cut,Heat Treated,Ceylon (Sri Lanka),https://www.thenaturalsapphirecompany.com/yellow-sapphires/1.53ct-ceylon-sri-lankan-radiant-yellow-sapphire-y5178/
Y5249,"$1,260",$900,1.40 Ct.,7.53,7.48,3.55,Yellow,Intense,Very Slightly Included,Round,Mixed Brilliant Cut,No Enhancement,Madagascar,https://www.thenaturalsapphirecompany.com/yellow-sapphires/1.40ct-madagascar-round-yellow-sapphire-y5249/
Y5222,"$2,144",$800,2.68 Ct.,8.62,6.68,5.22,Yellow,Medium,Very Very Slightly Included,Cushion,Mixed Brilliant Cut,No Enhancement,Ceylon (Sri Lanka),https://www.thenaturalsapphirecompany.com/yellow-sapphires/2.68ct-ceylon-sri-lankan-cushion-yellow-sapphire-y5222/
Y5326,"$11,900","$1,700",7.00 Ct.,11.26,11.15,7.1,Yellow,Vivid,Eye Clean,Round,Mixed Brilliant Cut,Heat Treated,Ceylon (Sri Lanka),https://www.thenaturalsapphirecompany.com/yellow-sapphires/7.00ct-ceylon-sri-lankan-round-yellow-sapphire-y5326/
Y5300,"$2,088","$1,060",1.97 Ct.,8.72,7.03,3.47,Greenish Yellow,Intense,Slightly Included,Cushion,Mixed Brilliant Cut,No Enhancement,Ceylon (Sri Lanka),https://www.thenaturalsapphirecompany.com/yellow-sapphires/1.97ct-ceylon-sri-lankan-cushion-greenish-yellow-sapphire-y5300/
Y5110,"$8,883","$1,615",5.50 Ct.,12.05,8.82,6.69,Yellow,Medium,Eye Clean,Pear,Mixed Brilliant Cut,Heat Treated,Ceylon (Sri Lanka),https://www.thenaturalsapphirecompany.com/yellow-sapphires/5.50ct-ceylon-sri-lankan-pear-yellow-sapphire-y5110/
Y5112,"$13,959",$900,15.51 Ct.,13.81,13.71,9.15,Yellow,Medium,Very Slightly Included,Round,Mixed Brilliant Cut,No Enhancement,Ceylon (Sri Lanka),https://www.thenaturalsapphirecompany.com/yellow-sapphires/15.51ct-ceylon-sri-lankan-round-yellow-sapphire-y5112/
Y5119,"$15,749","$2,040",7.72 Ct.,11.05,9.36,7.91,Yellow,Light,Very Slightly Included,Emerald Cut,Emerald Cut,No Enhancement,Ceylon (Sri Lanka),https://www.thenaturalsapphirecompany.com/yellow-sapphires/7.72ct-ceylon-sri-lankan-emerald-cut-yellow-sapphire-y5119/
Y5349,"$49,151","$2,537",19.37 Ct.,18.32,15.46,8.73,Yellow,Vivid,Very Slightly Included,Oval,Mixed Brilliant Cut,Heat Treated,Ceylon (Sri Lanka),https://www.thenaturalsapphirecompany.com/yellow-sapphires/19.37ct-ceylon-sri-lankan-oval-yellow-sapphire-y5349/
Y5351,"$11,750","$2,040",5.76 Ct.,11.76,9.2,6.48,Yellow,Vivid,Eye Clean,Oval,Mixed Brilliant Cut,Heat Treated,Ceylon (Sri Lanka),https://www.thenaturalsapphirecompany.com/yellow-sapphires/5.76ct-ceylon-sri-lankan-oval-yellow-sapphire-y5351/
Y5352,"$9,350","$1,870",5.00 Ct.,9.79,9.31,6.03,Yellow,Vivid,Eye Clean,Cushion,Mixed Brilliant Cut,Heat Treated,Ceylon (Sri Lanka),https://www.thenaturalsapphirecompany.com/yellow-sapphires/5.00ct-ceylon-sri-lankan-cushion-yellow-sapphire-y5352/
Y4956,"$6,156","$1,018",6.05 Ct.,11.86,8.43,6.21,Yellow,Medium,Very Slightly Included,Cushion,Mixed Brilliant Cut,Heat Treated,Ceylon (Sri Lanka),https://www.thenaturalsapphirecompany.com/yellow-sapphires/6.05ct-ceylon-sri-lankan-cushion-yellow-sapphire-y4956/
S8265,"$1,520",$800,1.90 Ct.,7.21,6.18,4.98,Yellow,Intense,Very Slightly Included,Oval,Mixed Brilliant Cut,No Enhancement,Ceylon (Sri Lanka),https://www.thenaturalsapphirecompany.com/yellow-sapphires/1.90ct-ceylon-sri-lankan-oval-yellow-sapphire-s8265/
Y3376,"$3,324","$1,200",2.77 Ct.,7.75,9.37,4.86,Yellow,Medium,Very Slightly Included,Heart,Mixed Brilliant Cut,No Enhancement,Ceylon (Sri Lanka),https://www.thenaturalsapphirecompany.com/yellow-sapphires/2.77ct-ceylon-sri-lankan-heart-yellow-sapphire-y3376/
S7547,"$2,090","$2,750",0.76 Ct.,5.99,4.71,3.14,Yellowish Brown,Intense,Very Slightly Included,Oval,Mixed Brilliant Cut,Heat Treated,Madagascar,https://www.thenaturalsapphirecompany.com/yellow-sapphires/0.76ct-madagascar-oval-yellowish-brown-sapphire-s7547/
U9313,$432,$900,0.48 Ct.,4.72,4.69,3.18,Greenish Yellow,Light,Very Slightly Included,Round,Modified Brilliant Cut,Heat Treated,Montana,https://www.thenaturalsapphirecompany.com/yellow-sapphires/0.48ct-montana-round-greenish-yellow-sapphire-u9313/
U13438,"$2,222","$1,452",1.53 Ct.,6.93,6.88,4.54,Greenish Yellow,Medium,Very Slightly Included,Round,Mixed Brilliant Cut,Heat Treated,Montana,https://www.thenaturalsapphirecompany.com/yellow-sapphires/1.53ct-montana-round-greenish-yellow-sapphire-u13438/
Y4291,"$1,692",$850,1.99 Ct.,9.15,7.11,4.03,Yellow,Intense,Very Slightly Included,Oval,Mixed Brilliant Cut,No Enhancement,Ceylon (Sri Lanka),https://www.thenaturalsapphirecompany.com/yellow-sapphires/1.99ct-ceylon-sri-lankan-oval-yellow-sapphire-y4291/
Y4719,"$4,007","$1,110",3.61 Ct.,8.65,9.67,5.62,Yellow,Medium,Very Slightly Included,Heart,Mixed Brilliant Cut,No Enhancement,Ceylon (Sri Lanka),https://www.thenaturalsapphirecompany.com/yellow-sapphires/3.61ct-ceylon-sri-lankan-heart-yellow-sapphire-y4719/
S7257,$109,$260,0.42 Ct.,4.67,4.52,2.84,Yellowish Green,Medium,Very Slightly Included,Round,Mixed Brilliant Cut,No Enhancement,Madagascar,https://www.thenaturalsapphirecompany.com/yellow-sapphires/0.42ct-madagascar-round-yellowish-green-sapphire-s7257/
U7958,"$1,092","$1,400",0.78 Ct.,5.28,5.16,4.02,Yellowish Green,Medium,Eye Clean,Round,Modified Brilliant Cut,Heat Treated,Montana,https://www.thenaturalsapphirecompany.com/yellow-sapphires/0.78ct-montana-round-yellowish-green-sapphire-u7958/
U11809,"$3,150","$1,800",1.75 Ct.,8.46,6.46,4.47,Yellowish Green,Intense,Very Slightly Included,Pear,Mixed Brilliant Cut,Heat Treated,Montana,https://www.thenaturalsapphirecompany.com/yellow-sapphires/1.75ct-montana-pear-yellowish-green-sapphire-u11809/
S9596,$96,$200,0.48 Ct.,4.67,4.58,3.2,Orangish Yellow,Vivid,Very Slightly Included,Round,Mixed Brilliant Cut,Heat Treated,Ceylon (Sri Lanka),https://www.thenaturalsapphirecompany.com/yellow-sapphires/0.48ct-ceylon-sri-lankan-round-orangish-yellow-sapphire-s9596/
S9597,$86,$200,0.43 Ct.,4.55,4.52,3.03,Yellow,Intense,Very Slightly Included,Round,Mixed Brilliant Cut,Heat Treated,Ceylon (Sri Lanka),https://www.thenaturalsapphirecompany.com/yellow-sapphires/0.43ct-ceylon-sri-lankan-round-yellow-sapphire-s9597/
S9599,$92,$200,0.46 Ct.,4.56,4.54,3.21,Orangish Yellow,Medium,Very Slightly Included,Round,Mixed Brilliant Cut,Heat Treated,Ceylon (Sri Lanka),https://www.thenaturalsapphirecompany.com/yellow-sapphires/0.46ct-ceylon-sri-lankan-round-orangish-yellow-sapphire-s9599/
S9620,$101,$220,0.46 Ct.,4.6,4.48,3.1,Orangish Yellow,Intense,Very Slightly Included,Round,Mixed Brilliant Cut,Heat Treated,Ceylon (Sri Lanka),https://www.thenaturalsapphirecompany.com/yellow-sapphires/0.46ct-ceylon-sri-lankan-round-orangish-yellow-sapphire-s9620/
S9622,$101,$220,0.46 Ct.,4.68,4.58,3.05,Orangish Yellow,Intense,Very Slightly Included,Round,Mixed Brilliant Cut,Heat Treated,Ceylon (Sri Lanka),https://www.thenaturalsapphirecompany.com/yellow-sapphires/0.46ct-ceylon-sri-lankan-round-orangish-yellow-sapphire-s9622/
S9623,$103,$219,0.47 Ct.,4.61,4.57,3.12,Orangish Yellow,Intense,Very Slightly Included,Round,Mixed Brilliant Cut,Heat Treated,Ceylon (Sri Lanka),https://www.thenaturalsapphirecompany.com/yellow-sapphires/0.47ct-ceylon-sri-lankan-round-orangish-yellow-sapphire-s9623/
S9630,$90,$220,0.41 Ct.,4.57,4.48,2.91,Orangish Yellow,Intense,Very Slightly Included,Round,Mixed Brilliant Cut,Heat Treated,Ceylon (Sri Lanka),https://www.thenaturalsapphirecompany.com/yellow-sapphires/0.41ct-ceylon-sri-lankan-round-orangish-yellow-sapphire-s9630/
S9648,$105,$250,0.42 Ct.,4.56,4.58,2.87,Orangish Yellow,Intense,Very Slightly Included,Round,Mixed Brilliant Cut,Heat Treated,Ceylon (Sri Lanka),https://www.thenaturalsapphirecompany.com/yellow-sapphires/0.42ct-ceylon-sri-lankan-round-orangish-yellow-sapphire-s9648/
S12318,$106,$241,0.44 Ct.,4.61,4.6,2.85,Orangish Yellow,Intense,Very Slightly Included,Round,Mixed Brilliant Cut,Heat Treated,Ceylon (Sri Lanka),https://www.thenaturalsapphirecompany.com/yellow-sapphires/0.44ct-ceylon-sri-lankan-round-orangish-yellow-sapphire-s12318/
S12319,$98,$239,0.41 Ct.,4.53,4.55,2.77,Yellow,Intense,Eye Clean,Round,Mixed Brilliant Cut,Heat Treated,Ceylon (Sri Lanka),https://www.thenaturalsapphirecompany.com/yellow-sapphires/0.41ct-ceylon-sri-lankan-round-yellow-sapphire-s12319/
S12303,$120,$200,0.60 Ct.,5.46,5.47,3,Yellow,Medium,Very Slightly Included,Round,Mixed Brilliant Cut,Heat Treated,Ceylon (Sri Lanka),https://www.thenaturalsapphirecompany.com/yellow-sapphires/0.60ct-ceylon-sri-lankan-round-yellow-sapphire-s12303/
S5096,"$2,988","$1,800",1.66 Ct.,8.71,6.18,4.11,Yellowish Green,Light,Eye Clean,Fancy,Step Cut,No Enhancement,Montana,https://www.thenaturalsapphirecompany.com/yellow-sapphires/1.66ct-montana-fancy-yellowish-green-sapphire-s5096/
S6595,"$1,726",$850,2.03 Ct.,7.87,5.95,5.06,Orangish Yellow,Intense,Slightly Included,Oval,Mixed Brilliant Cut,Heat Treated,Ceylon (Sri Lanka),https://www.thenaturalsapphirecompany.com/yellow-sapphires/2.03ct-ceylon-sri-lankan-oval-orangish-yellow-sapphire-s6595/
S7086,"$3,476","$1,100",3.16 Ct.,8.11,9.56,5.22,Yellow,Intense,Very Slightly Included,Heart,Mixed Brilliant Cut,Heat Treated,Ceylon (Sri Lanka),https://www.thenaturalsapphirecompany.com/yellow-sapphires/3.16ct-ceylon-sri-lankan-heart-yellow-sapphire-s7086/
U6150,"$1,884","$1,200",1.57 Ct.,6.71,5.94,4.36,Yellowish Green,Medium,Very Slightly Included,Oval,Mixed Brilliant Cut,No Enhancement,Montana,https://www.thenaturalsapphirecompany.com/yellow-sapphires/1.57ct-montana-oval-yellowish-green-sapphire-u6150/
S5771,$973,$632,1.54 Ct.,7.92,6.42,3.56,Yellow,Medium,Very Slightly Included,Oval,Mixed Brilliant Cut,Heat Treated,Ceylon (Sri Lanka),https://www.thenaturalsapphirecompany.com/yellow-sapphires/1.54ct-ceylon-sri-lankan-oval-yellow-sapphire-s5771/
S4141,"$1,736",$800,2.17 Ct.,8.13,6.24,4.99,Yellow,Medium,Very Slightly Included,Oval,Mixed Brilliant Cut,No Enhancement,Ceylon (Sri Lanka),https://www.thenaturalsapphirecompany.com/yellow-sapphires/2.17ct-ceylon-sri-lankan-oval-yellow-sapphire-s4141/
U16057,"$1,302",$600,2.17 Ct.,7.06,7.02,5.34,Greenish Yellow,Intense,Very Slightly Included,Round,Mixed Brilliant Cut,No Enhancement,Madagascar,https://www.thenaturalsapphirecompany.com/yellow-sapphires/2.17ct-madagascar-round-greenish-yellow-sapphire-u16057/
U15577,"$1,170","$1,000",1.17 Ct.,6.02,5.96,4.39,Yellowish Green,Medium,Very Slightly Included,Round,Mixed Brilliant Cut,No Enhancement,Montana,https://www.thenaturalsapphirecompany.com/yellow-sapphires/1.17ct-montana-round-yellowish-green-sapphire-u15577/
U15684,"$2,321","$1,100",2.11 Ct.,8.15,8,4.25,Orangish Yellow,Vivid,Eye Clean,Round,Mixed Brilliant Cut,Heat Treated,Ceylon (Sri Lanka),https://www.thenaturalsapphirecompany.com/yellow-sapphires/2.11ct-ceylon-sri-lankan-round-orangish-yellow-sapphire-u15684/
Y5534,$128,$251,0.51 Ct.,5.03,4.96,3.09,Yellow,Faint,Very Slightly Included,Round,Mixed Brilliant Cut,No Enhancement,Ceylon (Sri Lanka),https://www.thenaturalsapphirecompany.com/yellow-sapphires/0.51ct-ceylon-sri-lankan-round-yellow-sapphire-y5534/
S10180,$94,$200,0.47 Ct.,6.07,4.64,2.33,Yellow,Light,Very Slightly Included,Oval,Mixed Brilliant Cut,No Enhancement,Ceylon (Sri Lanka),https://www.thenaturalsapphirecompany.com/yellow-sapphires/0.47ct-ceylon-sri-lankan-oval-yellow-sapphire-s10180/
Y5373,$128,$221,0.58 Ct.,5.08,5,3.41,Yellow,Intense,Very Slightly Included,Round,Mixed Brilliant Cut,Heat Treated,Ceylon (Sri Lanka),https://www.thenaturalsapphirecompany.com/yellow-sapphires/0.58ct-ceylon-sri-lankan-round-yellow-sapphire-y5373/
U6700,"$3,821",$775,4.93 Ct.,10.43,8.48,6.68,Orangish Yellow,Vivid,Eye Clean,Cushion,Mixed Brilliant Cut,Heat Treated,Ceylon (Sri Lanka),https://www.thenaturalsapphirecompany.com/yellow-sapphires/4.93ct-ceylon-sri-lankan-cushion-orangish-yellow-sapphire-u6700/
U11842,"$1,164","$1,200",0.97 Ct.,5.89,5.78,3.89,Yellowish Green,Medium,Very Slightly Included,Round,Brilliant Cut,No Enhancement,Montana,https://www.thenaturalsapphirecompany.com/yellow-sapphires/0.97ct-montana-round-yellowish-green-sapphire-u11842/
S9628,$106,$221,0.48 Ct.,6.14,3.95,2.62,Yellowish Orange,Intense,Eye Clean,Oval,Mixed Brilliant Cut,Heat Treated,Ceylon (Sri Lanka),https://www.thenaturalsapphirecompany.com/yellow-sapphires/0.48ct-ceylon-sri-lankan-oval-yellowish-orange-sapphire-s9628/
S9602,$100,$200,0.50 Ct.,6.01,4.01,2.73,Orangish Yellow,Medium,Very Slightly Included,Oval,Mixed Brilliant Cut,Heat Treated,Ceylon (Sri Lanka),https://www.thenaturalsapphirecompany.com/yellow-sapphires/0.50ct-ceylon-sri-lankan-oval-orangish-yellow-sapphire-s9602/
Y5508,$104,$200,0.52 Ct.,6.11,4.25,2.86,Yellow,Intense,Eye Clean,Oval,Mixed Brilliant Cut,Heat Treated,Ceylon (Sri Lanka),https://www.thenaturalsapphirecompany.com/yellow-sapphires/0.52ct-ceylon-sri-lankan-oval-yellow-sapphire-y5508/
S4772,$106,$200,0.53 Ct.,6.15,4.22,2.75,Yellow,Light,Very Slightly Included,Oval,Mixed Brilliant Cut,No Enhancement,Ceylon (Sri Lanka),https://www.thenaturalsapphirecompany.com/yellow-sapphires/0.53ct-ceylon-sri-lankan-oval-yellow-sapphire-s4772/
Y5530,$94,$200,0.47 Ct.,6.06,4.06,2.57,Yellow,Light,Very Slightly Included,Oval,Mixed Brilliant Cut,No Enhancement,Ceylon (Sri Lanka),https://www.thenaturalsapphirecompany.com/yellow-sapphires/0.47ct-ceylon-sri-lankan-oval-yellow-sapphire-y5530/
Y5538,$106,$200,0.53 Ct.,6.04,4,2.94,Yellow,Light,Very Slightly Included,Oval,Mixed Brilliant Cut,No Enhancement,Ceylon (Sri Lanka),https://www.thenaturalsapphirecompany.com/yellow-sapphires/0.53ct-ceylon-sri-lankan-oval-yellow-sapphire-y5538/
S9583,$92,$170,0.54 Ct.,6.13,4.06,2.83,Yellow,Light,Very Slightly Included,Oval,Mixed Brilliant Cut,Heat Treated,Ceylon (Sri Lanka),https://www.thenaturalsapphirecompany.com/yellow-sapphires/0.54ct-ceylon-sri-lankan-oval-yellow-sapphire-s9583/
S9584,$105,$169,0.62 Ct.,6.09,4.07,3.31,Yellow,Medium,Very Slightly Included,Oval,Mixed Brilliant Cut,Heat Treated,Ceylon (Sri Lanka),https://www.thenaturalsapphirecompany.com/yellow-sapphires/0.62ct-ceylon-sri-lankan-oval-yellow-sapphire-s9584/
S9585,$83,$169,0.49 Ct.,5.97,4.09,2.68,Yellow,Medium,Very Slightly Included,Oval,Mixed Brilliant Cut,Heat Treated,Ceylon (Sri Lanka),https://www.thenaturalsapphirecompany.com/yellow-sapphires/0.49ct-ceylon-sri-lankan-oval-yellow-sapphire-s9585/
S9586,$90,$170,0.53 Ct.,6.18,4.31,2.64,Yellow,Medium,Very Slightly Included,Oval,Mixed Brilliant Cut,Heat Treated,Ceylon (Sri Lanka),https://www.thenaturalsapphirecompany.com/yellow-sapphires/0.53ct-ceylon-sri-lankan-oval-yellow-sapphire-s9586/
S7607,$110,$224,0.49 Ct.,4.44,4.24,3.06,Greenish Yellow,Medium,Very Slightly Included,Oval,Mixed Brilliant Cut,Heat Treated,Madagascar,https://www.thenaturalsapphirecompany.com/yellow-sapphires/0.49ct-madagascar-oval-greenish-yellow-sapphire-s7607/
S7613,$66,$143,0.46 Ct.,4.91,4.2,2.5,Yellowish Green,Intense,Very Slightly Included,Oval,Mixed Brilliant Cut,Heat Treated,Madagascar,https://www.thenaturalsapphirecompany.com/yellow-sapphires/0.46ct-madagascar-oval-yellowish-green-sapphire-s7613/
Y4175,"$1,331","$1,040",1.28 Ct.,6.98,4.89,4.29,Yellow,Medium,Very Slightly Included,Cushion,Mixed Brilliant Cut,No Enhancement,Ceylon (Sri Lanka),https://www.thenaturalsapphirecompany.com/yellow-sapphires/1.28ct-ceylon-sri-lankan-cushion-yellow-sapphire-y4175/
S4411,$576,$800,0.72 Ct.,6.54,4.6,3.14,Yellowish Orange,Intense,Very Very Slightly Included,Pear,Mixed Brilliant Cut,Heat Treated,Ceylon (Sri Lanka),https://www.thenaturalsapphirecompany.com/yellow-sapphires/0.72ct-ceylon-sri-lankan-pear-yellowish-orange-sapphire-s4411/
S3226,$154,$200,0.77 Ct.,6,4.08,3.4,Yellow,Light,Very Slightly Included,Emerald Cut,Emerald Cut,No Enhancement,Ceylon (Sri Lanka),https://www.thenaturalsapphirecompany.com/yellow-sapphires/0.77ct-ceylon-sri-lankan-emerald-cut-yellow-sapphire-s3226/
U12670,$510,"$1,000",0.51 Ct.,5.23,4.14,3.1,Yellowish Brown,Intense,Eye Clean,Oval,Mixed Brilliant Cut,Heat Treated,Montana,https://www.thenaturalsapphirecompany.com/yellow-sapphires/0.51ct-montana-oval-yellowish-brown-sapphire-u12670/
Y4181,"$1,344","$1,200",1.12 Ct.,6.61,4.26,4.37,Yellow,Medium,Very Slightly Included,Radiant,Modified Brilliant Cut,No Enhancement,Ceylon (Sri Lanka),https://www.thenaturalsapphirecompany.com/yellow-sapphires/1.12ct-ceylon-sri-lankan-radiant-yellow-sapphire-y4181/
S14419,"$5,920","$1,480",4.00 Ct.,12.58,7.64,5.86,Yellow,Light,Very Slightly Included,Pear,Mixed Brilliant Cut,No Enhancement,Ceylon (Sri Lanka),https://www.thenaturalsapphirecompany.com/yellow-sapphires/4.00ct-ceylon-sri-lankan-pear-yellow-sapphire-s14419/
S19740,$935,$550,1.70 Ct.,7.14,7.48,3.89,Yellow,Medium,Very Slightly Included,Heart,Mixed Brilliant Cut,Lattice Diffused,Ceylon (Sri Lanka),https://www.thenaturalsapphirecompany.com/yellow-sapphires/1.70ct-ceylon-sri-lankan-heart-yellow-sapphire-s19740/
S19890,"$1,599","$1,088",1.47 Ct.,6.9,6.17,3.44,Yellow,Intense,Slightly Included,Cushion,Mixed Brilliant Cut,No Enhancement,Ceylon (Sri Lanka),https://www.thenaturalsapphirecompany.com/yellow-sapphires/1.47ct-ceylon-sri-lankan-cushion-yellow-sapphire-s19890/
Y4883,$553,$700,0.79 Ct.,6.52,4.88,2.91,Yellow,Intense,Very Slightly Included,Oval,Mixed Brilliant Cut,Heat Treated,Montana,https://www.thenaturalsapphirecompany.com/yellow-sapphires/0.79ct-montana-oval-yellow-sapphire-y4883/
Y4943,$792,$990,0.80 Ct.,5.6,6.64,3.18,Yellow,Light,Very Slightly Included,Heart,Mixed Brilliant Cut,No Enhancement,Ceylon (Sri Lanka),https://www.thenaturalsapphirecompany.com/yellow-sapphires/0.80ct-ceylon-sri-lankan-heart-yellow-sapphire-y4943/
U14242,$154,$200,0.77 Ct.,5.53,5.52,3.31,Yellowish Green,Intense,Very Slightly Included,Heart,Mixed Brilliant Cut,No Enhancement,Ceylon (Sri Lanka),https://www.thenaturalsapphirecompany.com/yellow-sapphires/0.77ct-ceylon-sri-lankan-heart-yellowish-green-sapphire-u14242/
S15163,"$26,283","$2,615",10.05 Ct.,17.47,11.02,7.19,Yellow,Intense,Eye Clean,Pear,Mixed Brilliant Cut,No Enhancement,Tanzania,https://www.thenaturalsapphirecompany.com/yellow-sapphires/10.05ct-tanzanian-pear-yellow-sapphire-s15163/
U7934,"$1,428","$1,400",1.02 Ct.,5.94,5.28,3.65,Yellowish Green,Medium,Eye Clean,Cushion,Mixed Brilliant Cut,No Enhancement,Montana,https://www.thenaturalsapphirecompany.com/yellow-sapphires/1.02ct-montana-cushion-yellowish-green-sapphire-u7934/
U12443,"$1,344",$960,1.40 Ct.,6.16,5.38,4.75,Yellowish Green,Intense,Very Slightly Included,Radiant,Radiant Cut,No Enhancement,Madagascar,https://www.thenaturalsapphirecompany.com/yellow-sapphires/1.40ct-madagascar-radiant-yellowish-green-sapphire-u12443/
S18200,$164,$200,0.82 Ct.,6.19,3.92,3.33,Yellowish Green,Medium,Slightly Included,Emerald Cut,Emerald Cut,No Enhancement,Ceylon (Sri Lanka),https://www.thenaturalsapphirecompany.com/yellow-sapphires/0.82ct-ceylon-sri-lankan-emerald-cut-yellowish-green-sapphire-s18200/
S3225,$169,$219,0.77 Ct.,6.55,4.56,3.08,Yellow,Light,Very Slightly Included,Emerald Cut,Emerald Cut,No Enhancement,Ceylon (Sri Lanka),https://www.thenaturalsapphirecompany.com/yellow-sapphires/0.77ct-ceylon-sri-lankan-emerald-cut-yellow-sapphire-s3225/
S3214,$147,$219,0.67 Ct.,6.04,4.05,2.93,Yellow,Medium,Very Slightly Included,Emerald Cut,Emerald Cut,No Enhancement,Ceylon (Sri Lanka),https://www.thenaturalsapphirecompany.com/yellow-sapphires/0.67ct-ceylon-sri-lankan-emerald-cut-yellow-sapphire-s3214/
S6629,$824,$800,1.03 Ct.,5.39,6.49,3.56,Yellow,Intense,Very Slightly Included,Heart,Mixed Brilliant Cut,Heat Treated,Ceylon (Sri Lanka),https://www.thenaturalsapphirecompany.com/yellow-sapphires/1.03ct-ceylon-sri-lankan-heart-yellow-sapphire-s6629/
U10209,"$1,474","$1,100",1.34 Ct.,6.27,6.22,4.57,Greenish Yellow,Medium,Eye Clean,Round,Mixed Brilliant Cut,No Enhancement,Montana,https://www.thenaturalsapphirecompany.com/yellow-sapphires/1.34ct-montana-round-greenish-yellow-sapphire-u10209/
U10369,$798,"$1,050",0.76 Ct.,5.16,5.09,3.78,Yellowish Green,Medium,Eye Clean,Round,Mixed Brilliant Cut,Heat Treated,Montana,https://www.thenaturalsapphirecompany.com/yellow-sapphires/0.76ct-montana-round-yellowish-green-sapphire-u10369/
S3233,$166,$200,0.83 Ct.,6.48,4.54,3.26,Yellow,Light,Very Slightly Included,Emerald Cut,Emerald Cut,No Enhancement,Ceylon (Sri Lanka),https://www.thenaturalsapphirecompany.com/yellow-sapphires/0.83ct-ceylon-sri-lankan-emerald-cut-yellow-sapphire-s3233/
S15962,$880,$800,1.10 Ct.,5.82,6.94,3.7,Yellow,Medium,Eye Clean,Heart,Mixed Brilliant Cut,Heat Treated,Ceylon (Sri Lanka),https://www.thenaturalsapphirecompany.com/yellow-sapphires/1.10ct-ceylon-sri-lankan-heart-yellow-sapphire-s15962/
U14973,"$2,691","$1,300",2.07 Ct.,7.56,7.51,4.72,Yellowish Green,Medium,Very Slightly Included,Round,Mixed Brilliant Cut,No Enhancement,Ceylon (Sri Lanka),https://www.thenaturalsapphirecompany.com/yellow-sapphires/2.07ct-ceylon-sri-lankan-round-yellowish-green-sapphire-u14973/
Y5398,$150,$221,0.68 Ct.,6.04,3.99,3.22,Yellow,Light,Eye Clean,Radiant,Radiant Cut,Heat Treated,Ceylon (Sri Lanka),https://www.thenaturalsapphirecompany.com/yellow-sapphires/0.68ct-ceylon-sri-lankan-radiant-yellow-sapphire-y5398/
Y5393,$158,$251,0.63 Ct.,6.09,4,3.04,Yellow,Intense,Very Slightly Included,Radiant,Radiant Cut,Heat Treated,Ceylon (Sri Lanka),https://www.thenaturalsapphirecompany.com/yellow-sapphires/0.63ct-ceylon-sri-lankan-radiant-yellow-sapphire-y5393/
Y5401,$156,$220,0.71 Ct.,6.01,4.13,3.28,Yellowish Orange,Intense,Very Slightly Included,Radiant,Radiant Cut,Heat Treated,Ceylon (Sri Lanka),https://www.thenaturalsapphirecompany.com/yellow-sapphires/0.71ct-ceylon-sri-lankan-radiant-yellowish-orange-sapphire-y5401/
S9547,"$38,789","$1,938",20.02 Ct.,15.52,15.4,10.71,Yellow,Vivid,Very Slightly Included,Round,Mixed Brilliant Cut,Heat Treated,Ceylon (Sri Lanka),https://www.thenaturalsapphirecompany.com/yellow-sapphires/20.02ct-ceylon-sri-lankan-round-yellow-sapphire-s9547/
S16648,$501,$486,1.03 Ct.,6.9,4.68,3.51,Yellowish Green,Intense,Very Slightly Included,Oval,Mixed Brilliant Cut,No Enhancement,Ceylon (Sri Lanka),https://www.thenaturalsapphirecompany.com/yellow-sapphires/1.03ct-ceylon-sri-lankan-oval-yellowish-green-sapphire-s16648/
S16257,"$2,200","$1,302",1.69 Ct.,6.54,6.28,4.39,Yellow,Light,Very Slightly Included,Round,Mixed Brilliant Cut,No Enhancement,Ceylon (Sri Lanka),https://www.thenaturalsapphirecompany.com/yellow-sapphires/1.69ct-ceylon-sri-lankan-round-yellow-sapphire-s16257/
S16662,$740,$871,0.85 Ct.,5.14,6.16,3.52,Greenish Yellow,Intense,Eye Clean,Heart,Mixed Brilliant Cut,No Enhancement,Ceylon (Sri Lanka),https://www.thenaturalsapphirecompany.com/yellow-sapphires/0.85ct-ceylon-sri-lankan-heart-greenish-yellow-sapphire-s16662/
S16246,$679,$859,0.79 Ct.,4.89,5.65,3.68,Yellow,Intense,Very Slightly Included,Heart,Mixed Brilliant Cut,No Enhancement,Ceylon (Sri Lanka),https://www.thenaturalsapphirecompany.com/yellow-sapphires/0.79ct-ceylon-sri-lankan-heart-yellow-sapphire-s16246/
S16306,"$1,160","$1,094",1.06 Ct.,6.61,5.29,4,Greenish Yellow,Intense,Eye Clean,Oval,Mixed Brilliant Cut,No Enhancement,Ceylon (Sri Lanka),https://www.thenaturalsapphirecompany.com/yellow-sapphires/1.06ct-ceylon-sri-lankan-oval-greenish-yellow-sapphire-s16306/
S16270,$990,$876,1.13 Ct.,6.63,6.55,3.36,Yellow,Light,Very Slightly Included,Heart,Mixed Brilliant Cut,No Enhancement,Ceylon (Sri Lanka),https://www.thenaturalsapphirecompany.com/yellow-sapphires/1.13ct-ceylon-sri-lankan-heart-yellow-sapphire-s16270/
U12699,$470,"$1,000",0.47 Ct.,5.48,4.31,2.66,Yellowish Orange,Intense,Very Slightly Included,Oval,Mixed Brilliant Cut,Heat Treated,Montana,https://www.thenaturalsapphirecompany.com/yellow-sapphires/0.47ct-montana-oval-yellowish-orange-sapphire-u12699/
S3562,"$1,000",$500,2.00 Ct.,7.7,7.4,3.88,Yellowish Green,Medium,Very Slightly Included,Asscher - Octagon,Asscher Cut,No Enhancement,Ceylon (Sri Lanka),https://www.thenaturalsapphirecompany.com/yellow-sapphires/2.00ct-ceylon-sri-lankan-asscher-octagon-yellowish-green-sapphire-s3562/
Y5390,$130,$220,0.59 Ct.,5.95,4.02,2.94,Yellow,Medium,Eye Clean,Radiant,Radiant Cut,Heat Treated,Ceylon (Sri Lanka),https://www.thenaturalsapphirecompany.com/yellow-sapphires/0.59ct-ceylon-sri-lankan-radiant-yellow-sapphire-y5390/
S3809,$156,$260,0.60 Ct.,5.22,4,2.86,Greenish Yellow,Intense,Very Slightly Included,Emerald Cut,Emerald Cut,No Enhancement,Ceylon (Sri Lanka),https://www.thenaturalsapphirecompany.com/yellow-sapphires/0.60ct-ceylon-sri-lankan-emerald-cut-greenish-yellow-sapphire-s3809/
Y5389,$145,$250,0.58 Ct.,5.96,4.04,2.82,Yellow,Intense,Eye Clean,Radiant,Radiant Cut,Heat Treated,Ceylon (Sri Lanka),https://www.thenaturalsapphirecompany.com/yellow-sapphires/0.58ct-ceylon-sri-lankan-radiant-yellow-sapphire-y5389/
S3525,$599,$370,1.62 Ct.,7.75,5.9,3.66,Greenish Yellow,Intense,Very Slightly Included,Radiant,Radiant Cut,No Enhancement,Ceylon (Sri Lanka),https://www.thenaturalsapphirecompany.com/yellow-sapphires/1.62ct-ceylon-sri-lankan-radiant-greenish-yellow-sapphire-s3525/
U17496,"$2,324","$1,400",1.66 Ct.,7.39,6.26,4.14,Yellowish Green,Medium,Very Slightly Included,Radiant,Radiant Cut,Heat Treated,Montana,https://www.thenaturalsapphirecompany.com/yellow-sapphires/1.66ct-montana-radiant-yellowish-green-sapphire-u17496/
S13616,"$1,817","$1,050",1.73 Ct.,7.88,6.06,3.6,Yellow,Intense,Eye Clean,Emerald Cut,Emerald Cut,No Enhancement,Ceylon (Sri Lanka),https://www.thenaturalsapphirecompany.com/yellow-sapphires/1.73ct-ceylon-sri-lankan-emerald-cut-yellow-sapphire-s13616/
U9342,"$2,822","$1,350",2.09 Ct.,7.17,6.1,5.08,Orangish Yellow,Medium,Very Slightly Included,Radiant,Radiant Cut,No Enhancement,Ceylon (Sri Lanka),https://www.thenaturalsapphirecompany.com/yellow-sapphires/2.09ct-ceylon-sri-lankan-radiant-orangish-yellow-sapphire-u9342/
Y4906,"$1,327",$990,1.34 Ct.,6.9,6.23,3.77,Greenish Yellow,Intense,Very Slightly Included,Cushion,Mixed Brilliant Cut,No Enhancement,Ceylon (Sri Lanka),https://www.thenaturalsapphirecompany.com/yellow-sapphires/1.34ct-ceylon-sri-lankan-cushion-greenish-yellow-sapphire-y4906/
U13635,"$1,681","$1,378",1.22 Ct.,6.75,5.8,4.15,Yellowish Brown,Intense,Eye Clean,Oval,Mixed Brilliant Cut,Heat Treated,Montana,https://www.thenaturalsapphirecompany.com/yellow-sapphires/1.22ct-montana-oval-yellowish-brown-sapphire-u13635/
U13638,"$1,670","$1,000",1.67 Ct.,6.95,6.93,3.9,Yellowish Green,Intense,Very Slightly Included,Asscher - Octagon,Asscher Cut,No Enhancement,Ceylon (Sri Lanka),https://www.thenaturalsapphirecompany.com/yellow-sapphires/1.67ct-ceylon-sri-lankan-asscher-octagon-yellowish-green-sapphire-u13638/
U14565,"$1,960",$990,1.98 Ct.,8.27,6.82,4.14,Greenish Yellow,Medium,Very Slightly Included,Cushion,Mixed Brilliant Cut,No Enhancement,Ceylon (Sri Lanka),https://www.thenaturalsapphirecompany.com/yellow-sapphires/1.98ct-ceylon-sri-lankan-cushion-greenish-yellow-sapphire-u14565/
U7972,"$2,700","$1,800",1.50 Ct.,7.41,6.08,4.13,Yellowish Green,Medium,Very Slightly Included,Oval,Mixed Brilliant Cut,Heat Treated,Montana,https://www.thenaturalsapphirecompany.com/yellow-sapphires/1.50ct-montana-oval-yellowish-green-sapphire-u7972/
S13918,"$31,536","$2,269",13.90 Ct.,14.1,11.87,8.91,Yellowish Orange,Intense,Eye Clean,Cushion,Mixed Brilliant Cut,Heat Treated,Ceylon (Sri Lanka),https://www.thenaturalsapphirecompany.com/yellow-sapphires/13.90ct-ceylon-sri-lankan-cushion-yellowish-orange-sapphire-s13918/
U12902,"$1,664","$1,300",1.28 Ct.,7.59,5.77,3.8,Yellowish Green,Intense,Very Slightly Included,Oval,Mixed Brilliant Cut,Heat Treated,Montana,https://www.thenaturalsapphirecompany.com/yellow-sapphires/1.28ct-montana-oval-yellowish-green-sapphire-u12902/
U11583,"$2,134","$1,100",1.94 Ct.,7.61,7.6,3.9,Greenish Yellow,Medium,Very Slightly Included,Asscher - Octagon,Asscher Cut,No Enhancement,Ceylon (Sri Lanka),https://www.thenaturalsapphirecompany.com/yellow-sapphires/1.94ct-ceylon-sri-lankan-asscher-octagon-greenish-yellow-sapphire-u11583/
U11632,"$7,040","$2,200",3.20 Ct.,13.32,9.12,5.25,Yellowish Green,Medium,Very Slightly Included,Fancy,Fancy Brilliant Cut,No Enhancement,Montana,https://www.thenaturalsapphirecompany.com/yellow-sapphires/3.20ct-montana-fancy-yellowish-green-sapphire-u11632/
U11873,"$3,700","$2,000",1.85 Ct.,8.3,6.07,4.2,Yellowish Green,Intense,Very Very Slightly Included,Emerald Cut,Emerald Cut,No Enhancement,Montana,https://www.thenaturalsapphirecompany.com/yellow-sapphires/1.85ct-montana-emerald-cut-yellowish-green-sapphire-u11873/
S12752,"$3,276","$1,400",2.34 Ct.,11.08,7.7,4.48,Yellowish Green,Light,Very Slightly Included,Fancy,Step Cut,No Enhancement,Montana,https://www.thenaturalsapphirecompany.com/yellow-sapphires/2.34ct-montana-fancy-yellowish-green-sapphire-s12752/
S10228,"$17,936","$1,650",10.87 Ct.,15.97,12.8,6.45,Yellow,Vivid,Very Slightly Included,Oval,Mixed Brilliant Cut,Heat Treated,Ceylon (Sri Lanka),https://www.thenaturalsapphirecompany.com/yellow-sapphires/10.87ct-ceylon-sri-lankan-oval-yellow-sapphire-s10228/
S14547,"$8,528",$925,9.22 Ct.,12.12,10.3,7.69,Yellowish Orange,Intense,Very Slightly Included,Radiant,Radiant Cut,Heat Treated,Ceylon (Sri Lanka),https://www.thenaturalsapphirecompany.com/yellow-sapphires/9.22ct-ceylon-sri-lankan-radiant-yellowish-orange-sapphire-s14547/
U14089,"$2,145","$1,500",1.43 Ct.,6.86,6.03,4.36,Yellowish Green,Intense,Very Slightly Included,Oval,Mixed Brilliant Cut,Heat Treated,Montana,https://www.thenaturalsapphirecompany.com/yellow-sapphires/1.43ct-montana-oval-yellowish-green-sapphire-u14089/
U14573,"$1,764",$900,1.96 Ct.,7,6.79,4.67,Yellowish Brown,Intense,Very Slightly Included,Cushion,Mixed Brilliant Cut,No Enhancement,Ceylon (Sri Lanka),https://www.thenaturalsapphirecompany.com/yellow-sapphires/1.96ct-ceylon-sri-lankan-cushion-yellowish-brown-sapphire-u14573/
U14550,"$2,070",$900,2.30 Ct.,8.52,6.39,4.41,Yellow,Intense,Very Slightly Included,Cushion,Mixed Brilliant Cut,Heat Treated,Ceylon (Sri Lanka),https://www.thenaturalsapphirecompany.com/yellow-sapphires/2.30ct-ceylon-sri-lankan-cushion-yellow-sapphire-u14550/
U15637,"$5,540",$916,6.05 Ct.,13.57,8.88,6.24,Yellowish Green,Intense,Very Slightly Included,Pear,Mixed Brilliant Cut,Heat Treated,Ceylon (Sri Lanka),https://www.thenaturalsapphirecompany.com/yellow-sapphires/6.05ct-ceylon-sri-lankan-pear-yellowish-green-sapphire-u15637/
U10638,"$1,573","$1,300",1.21 Ct.,6.43,5.44,4.03,Yellowish Green,Medium,Very Slightly Included,Cushion,Mixed Brilliant Cut,No Enhancement,Montana,https://www.thenaturalsapphirecompany.com/yellow-sapphires/1.21ct-montana-cushion-yellowish-green-sapphire-u10638/
U10604,"$2,610","$1,500",1.74 Ct.,7.46,6.72,4.49,Yellowish Green,Intense,Very Slightly Included,Cushion,Mixed Brilliant Cut,No Enhancement,Montana,https://www.thenaturalsapphirecompany.com/yellow-sapphires/1.74ct-montana-cushion-yellowish-green-sapphire-u10604/
U10576,"$1,443","$1,300",1.11 Ct.,5.97,5.83,4.08,Greenish Yellow,Medium,Very Slightly Included,Cushion,Mixed Brilliant Cut,No Enhancement,Montana,https://www.thenaturalsapphirecompany.com/yellow-sapphires/1.11ct-montana-cushion-greenish-yellow-sapphire-u10576/
U11804,"$4,057","$1,572",2.58 Ct.,7.76,7.66,5.2,Yellowish Green,Intense,Very Slightly Included,Round,Modified Brilliant Cut,No Enhancement,Montana,https://www.thenaturalsapphirecompany.com/yellow-sapphires/2.58ct-montana-round-yellowish-green-sapphire-u11804/
U12696,$828,$900,0.92 Ct.,5.63,5.61,3.91,Yellowish Green,Medium,Very Slightly Included,Round,Mixed Brilliant Cut,Heat Treated,Montana,https://www.thenaturalsapphirecompany.com/yellow-sapphires/0.92ct-montana-round-yellowish-green-sapphire-u12696/
U11853,"$1,482","$1,300",1.14 Ct.,6.84,4.89,3.79,Yellowish Green,Medium,Very Slightly Included,Cushion,Mixed Brilliant Cut,No Enhancement,Montana,https://www.thenaturalsapphirecompany.com/yellow-sapphires/1.14ct-montana-cushion-yellowish-green-sapphire-u11853/
U12235,"$1,836","$1,200",1.53 Ct.,6.69,6.61,3.65,Yellow,Medium,Eye Clean,Asscher - Octagon,Asscher Cut,No Enhancement,Ceylon (Sri Lanka),https://www.thenaturalsapphirecompany.com/yellow-sapphires/1.53ct-ceylon-sri-lankan-asscher-octagon-yellow-sapphire-u12235/
U12510,"$3,587",$850,4.22 Ct.,8.59,9.1,6.53,Yellowish Green,Vivid,Eye Clean,Heart,Mixed Brilliant Cut,No Enhancement,Ceylon (Sri Lanka),https://www.thenaturalsapphirecompany.com/yellow-sapphires/4.22ct-ceylon-sri-lankan-heart-yellowish-green-sapphire-u12510/
U7469,"$1,272","$1,200",1.06 Ct.,5.78,4.82,4.03,Yellowish Green,Medium,Very Slightly Included,Cushion,Mixed Brilliant Cut,No Enhancement,Montana,https://www.thenaturalsapphirecompany.com/yellow-sapphires/1.06ct-montana-cushion-yellowish-green-sapphire-u7469/
U7478,"$2,520","$1,500",1.68 Ct.,7.82,6.03,4.45,Yellowish Green,Medium,Very Slightly Included,Oval,Mixed Brilliant Cut,No Enhancement,Montana,https://www.thenaturalsapphirecompany.com/yellow-sapphires/1.68ct-montana-oval-yellowish-green-sapphire-u7478/
U7569,"$2,074","$1,450",1.43 Ct.,6.94,6.04,4.4,Yellowish Green,Intense,Very Slightly Included,Oval,Mixed Brilliant Cut,No Enhancement,Montana,https://www.thenaturalsapphirecompany.com/yellow-sapphires/1.43ct-montana-oval-yellowish-green-sapphire-u7569/
U7585,"$1,272",$800,1.59 Ct.,6.85,6.11,4.37,Yellowish Green,Medium,Slightly Included,Cushion,Mixed Brilliant Cut,No Enhancement,Montana,https://www.thenaturalsapphirecompany.com/yellow-sapphires/1.59ct-montana-cushion-yellowish-green-sapphire-u7585/
U7662,"$1,526","$1,400",1.09 Ct.,6.51,5.25,3.71,Yellowish Green,Medium,Very Slightly Included,Cushion,Mixed Brilliant Cut,No Enhancement,Montana,https://www.thenaturalsapphirecompany.com/yellow-sapphires/1.09ct-montana-cushion-yellowish-green-sapphire-u7662/
U7664,"$1,568","$1,400",1.12 Ct.,5.87,4.64,4.3,Yellowish Green,Intense,Eye Clean,Cushion,Mixed Brilliant Cut,No Enhancement,Montana,https://www.thenaturalsapphirecompany.com/yellow-sapphires/1.12ct-montana-cushion-yellowish-green-sapphire-u7664/
S19480,"$3,562","$2,024",1.76 Ct.,7.73,6,4.43,Yellowish Green,Light,Very Slightly Included,Cushion,Mixed Brilliant Cut,No Enhancement,Montana,https://www.thenaturalsapphirecompany.com/yellow-sapphires/1.76ct-montana-cushion-yellowish-green-sapphire-s19480/
S19484,"$5,670","$2,700",2.10 Ct.,7.31,7.27,5.11,Yellowish Green,Intense,Very Slightly Included,Cushion,Mixed Brilliant Cut,No Enhancement,Montana,https://www.thenaturalsapphirecompany.com/yellow-sapphires/2.10ct-montana-cushion-yellowish-green-sapphire-s19484/
U8317,"$1,176","$1,200",0.98 Ct.,5.85,4.79,3.84,Yellowish Green,Light,Eye Clean,Cushion,Mixed Brilliant Cut,Heat Treated,Montana,https://www.thenaturalsapphirecompany.com/yellow-sapphires/0.98ct-montana-cushion-yellowish-green-sapphire-u8317/
U8493,"$3,266","$1,150",2.84 Ct.,9.28,7.15,5.24,Yellowish Green,Intense,Slightly Included,Oval,Mixed Brilliant Cut,No Enhancement,Montana,https://www.thenaturalsapphirecompany.com/yellow-sapphires/2.84ct-montana-oval-yellowish-green-sapphire-u8493/
U8309,"$2,016","$1,400",1.44 Ct.,7,5.87,4.18,Yellowish Green,Light,Eye Clean,Oval,Mixed Brilliant Cut,No Enhancement,Montana,https://www.thenaturalsapphirecompany.com/yellow-sapphires/1.44ct-montana-oval-yellowish-green-sapphire-u8309/
U12882,"$1,600",$964,1.66 Ct.,8.05,6.04,3.46,Yellowish Green,Medium,Very Slightly Included,Radiant,Radiant Cut,No Enhancement,Ceylon (Sri Lanka),https://www.thenaturalsapphirecompany.com/yellow-sapphires/1.66ct-ceylon-sri-lankan-radiant-yellowish-green-sapphire-u12882/
U13110,"$3,048","$1,200",2.54 Ct.,7.72,7.06,5.18,Orangish Yellow,Intense,Very Slightly Included,Cushion,Mixed Brilliant Cut,Heat Treated,Ceylon (Sri Lanka),https://www.thenaturalsapphirecompany.com/yellow-sapphires/2.54ct-ceylon-sri-lankan-cushion-orangish-yellow-sapphire-u13110/
U11798,$769,"$1,012",0.76 Ct.,5.49,5.39,3.6,Yellowish Orange,Intense,Very Slightly Included,Round,Brilliant Cut,Heat Treated,Montana,https://www.thenaturalsapphirecompany.com/yellow-sapphires/0.76ct-montana-round-yellowish-orange-sapphire-u11798/
U11019,$783,$450,1.74 Ct.,7.22,7.18,4.69,Yellowish Green,Medium,Very Slightly Included,Round,Brilliant Cut,No Enhancement,Ceylon (Sri Lanka),https://www.thenaturalsapphirecompany.com/yellow-sapphires/1.74ct-ceylon-sri-lankan-round-yellowish-green-sapphire-u11019/
S4254,"$1,827",$900,2.03 Ct.,8.06,7.95,4.1,Greenish Yellow,Intense,Eye Clean,Round,Mixed Brilliant Cut,Heat Treated,Ceylon (Sri Lanka),https://www.thenaturalsapphirecompany.com/yellow-sapphires/2.03ct-ceylon-sri-lankan-round-greenish-yellow-sapphire-s4254/
S19139,"$3,818","$1,480",2.58 Ct.,8.26,8.25,5.08,Orangish Yellow,Intense,Eye Clean,Round,Mixed Brilliant Cut,Heat Treated,Ceylon (Sri Lanka),https://www.thenaturalsapphirecompany.com/yellow-sapphires/2.58ct-ceylon-sri-lankan-round-orangish-yellow-sapphire-s19139/
U11526,"$3,330","$1,500",2.22 Ct.,8.5,6.87,4.13,Yellowish Green,Medium,Very Slightly Included,Cushion,Mixed Brilliant Cut,No Enhancement,Ceylon (Sri Lanka),https://www.thenaturalsapphirecompany.com/yellow-sapphires/2.22ct-ceylon-sri-lankan-cushion-yellowish-green-sapphire-u11526/
U9536,"$4,810","$1,480",3.25 Ct.,9.53,9.04,4.34,Orangish Yellow,Intense,Eye Clean,Cushion,Modified Brilliant Cut,Heat Treated,Ceylon (Sri Lanka),https://www.thenaturalsapphirecompany.com/yellow-sapphires/3.25ct-ceylon-sri-lankan-cushion-orangish-yellow-sapphire-u9536/
U9791,"$3,744","$1,600",2.34 Ct.,7.48,7.4,5.32,Yellowish Brown,Medium,Very Slightly Included,Round,Mixed Brilliant Cut,No Enhancement,Ceylon (Sri Lanka),https://www.thenaturalsapphirecompany.com/yellow-sapphires/2.34ct-ceylon-sri-lankan-round-yellowish-brown-sapphire-u9791/
U16897,"$4,187",$832,5.03 Ct.,11.04,8.8,5.15,Yellow,Medium,Slightly Included,Cushion,Mixed Brilliant Cut,Heat Treated,Ceylon (Sri Lanka),https://www.thenaturalsapphirecompany.com/yellow-sapphires/5.03ct-ceylon-sri-lankan-cushion-yellow-sapphire-u16897/
S9856,"$1,602",$600,2.67 Ct.,9.04,7.48,4.24,Greenish Yellow,Intense,Slightly Included,Cushion,Mixed Brilliant Cut,Heat Treated,Ceylon (Sri Lanka),https://www.thenaturalsapphirecompany.com/yellow-sapphires/2.67ct-ceylon-sri-lankan-cushion-greenish-yellow-sapphire-s9856/
U16893,"$4,619","$1,017",4.54 Ct.,9.19,8.38,5.96,Yellow,Intense,Very Slightly Included,Cushion,Mixed Brilliant Cut,No Enhancement,Ceylon (Sri Lanka),https://www.thenaturalsapphirecompany.com/yellow-sapphires/4.54ct-ceylon-sri-lankan-cushion-yellow-sapphire-u16893/
U10575,"$1,212","$1,200",1.01 Ct.,5.95,5.36,4.01,Greenish Yellow,Medium,Very Slightly Included,Cushion,Mixed Brilliant Cut,Heat Treated,Montana,https://www.thenaturalsapphirecompany.com/yellow-sapphires/1.01ct-montana-cushion-greenish-yellow-sapphire-u10575/
U6943,"$1,704","$1,200",1.42 Ct.,6.61,5.51,4.12,Yellowish Green,Medium,Very Slightly Included,Cushion,Mixed Brilliant Cut,No Enhancement,Montana,https://www.thenaturalsapphirecompany.com/yellow-sapphires/1.42ct-montana-cushion-yellowish-green-sapphire-u6943/
S15287,"$4,390","$1,295",3.39 Ct.,8.51,7.38,5.25,Greenish Yellow,Intense,Very Very Slightly Included,Radiant,Radiant Cut,Heat Treated,Madagascar,https://www.thenaturalsapphirecompany.com/yellow-sapphires/3.39ct-madagascar-radiant-greenish-yellow-sapphire-s15287/
U5088,"$3,031","$1,450",2.09 Ct.,7.12,6.6,5.23,Yellowish Green,Medium,Very Slightly Included,Cushion,Mixed Brilliant Cut,No Enhancement,Montana,https://www.thenaturalsapphirecompany.com/yellow-sapphires/2.09ct-montana-cushion-yellowish-green-sapphire-u5088/
U10325,"$1,080","$1,350",0.80 Ct.,7.21,5.38,3.08,Orangish Yellow,Intense,Very Slightly Included,Pear,Mixed Brilliant Cut,Heat Treated,Montana,https://www.thenaturalsapphirecompany.com/yellow-sapphires/0.80ct-montana-pear-orangish-yellow-sapphire-u10325/
U5299,"$1,528",$800,1.91 Ct.,6.65,5.69,5.12,Yellowish Green,Medium,Very Slightly Included,Cushion,Mixed Brilliant Cut,No Enhancement,Montana,https://www.thenaturalsapphirecompany.com/yellow-sapphires/1.91ct-montana-cushion-yellowish-green-sapphire-u5299/
U6042,"$1,650","$1,000",1.65 Ct.,6.46,6.47,4.89,Greenish Yellow,Medium,Very Slightly Included,Cushion,Mixed Brilliant Cut,No Enhancement,Ceylon (Sri Lanka),https://www.thenaturalsapphirecompany.com/yellow-sapphires/1.65ct-ceylon-sri-lankan-cushion-greenish-yellow-sapphire-u6042/
U10092,"$1,277","$1,150",1.11 Ct.,6.27,6.18,4.02,Yellowish Green,Medium,Very Slightly Included,Round,Mixed Brilliant Cut,No Enhancement,Ceylon (Sri Lanka),https://www.thenaturalsapphirecompany.com/yellow-sapphires/1.11ct-ceylon-sri-lankan-round-yellowish-green-sapphire-u10092/
U16180,"$1,070","$1,151",0.93 Ct.,6.34,4.86,3.83,Greenish Yellow,Medium,Eye Clean,Radiant,Radiant Cut,Heat Treated,Montana,https://www.thenaturalsapphirecompany.com/yellow-sapphires/0.93ct-montana-radiant-greenish-yellow-sapphire-u16180/
U16185,"$2,230","$1,000",2.23 Ct.,8.37,6.69,4.34,Yellowish Green,Intense,Very Very Slightly Included,Cushion,Mixed Brilliant Cut,No Enhancement,Madagascar,https://www.thenaturalsapphirecompany.com/yellow-sapphires/2.23ct-madagascar-cushion-yellowish-green-sapphire-u16185/
U15347,"$1,313","$1,300",1.01 Ct.,7.47,4.8,2.66,Yellowish Green,Medium,Very Slightly Included,Radiant,Radiant Cut,No Enhancement,Montana,https://www.thenaturalsapphirecompany.com/yellow-sapphires/1.01ct-montana-radiant-yellowish-green-sapphire-u15347/
U15599,"$2,781",$880,3.16 Ct.,8.91,8.61,4.87,Greenish Yellow,Medium,Very Slightly Included,Radiant,Radiant Cut,Heat Treated,Ceylon (Sri Lanka),https://www.thenaturalsapphirecompany.com/yellow-sapphires/3.16ct-ceylon-sri-lankan-radiant-greenish-yellow-sapphire-u15599/
U15628,"$1,802",$990,1.82 Ct.,8.77,6.12,3.51,Yellowish Green,Intense,Very Slightly Included,Emerald Cut,Emerald Cut,No Enhancement,Ceylon (Sri Lanka),https://www.thenaturalsapphirecompany.com/yellow-sapphires/1.82ct-ceylon-sri-lankan-emerald-cut-yellowish-green-sapphire-u15628/
U15635,"$3,133",$880,3.56 Ct.,9.39,8.42,5.27,Yellowish Brown,Vivid,Slightly Included,Radiant,Radiant Cut,Heat Treated,Ceylon (Sri Lanka),https://www.thenaturalsapphirecompany.com/yellow-sapphires/3.56ct-ceylon-sri-lankan-radiant-yellowish-brown-sapphire-u15635/
U9129,"$3,926","$1,300",3.02 Ct.,9.35,7,4.64,Orangish Yellow,Medium,Very Very Slightly Included,Emerald Cut,Emerald Cut,No Enhancement,Ceylon (Sri Lanka),https://www.thenaturalsapphirecompany.com/yellow-sapphires/3.02ct-ceylon-sri-lankan-emerald-cut-orangish-yellow-sapphire-u9129/
Y4573,"$9,249","$1,526",6.06 Ct.,12.73,8.87,5.75,Orangish Yellow,Vivid,Eye Clean,Cushion,Mixed Brilliant Cut,Heat Treated,Ceylon (Sri Lanka),https://www.thenaturalsapphirecompany.com/yellow-sapphires/6.06ct-ceylon-sri-lankan-cushion-orangish-yellow-sapphire-y4573/
U15211,"$2,772","$1,100",2.52 Ct.,8.72,6.88,5.43,Yellowish Green,Intense,Very Slightly Included,Pear,Mixed Brilliant Cut,No Enhancement,Tanzania,https://www.thenaturalsapphirecompany.com/yellow-sapphires/2.52ct-tanzanian-pear-yellowish-green-sapphire-u15211/
U15213,"$1,414",$700,2.02 Ct.,7.46,8.1,4.64,Greenish Yellow,Intense,Eye Clean,Heart,Mixed Brilliant Cut,No Enhancement,Tanzania,https://www.thenaturalsapphirecompany.com/yellow-sapphires/2.02ct-tanzanian-heart-greenish-yellow-sapphire-u15213/
S21066,"$2,947","$1,819",1.62 Ct.,7.5,6.32,4.54,Greenish Yellow,Medium,Very Slightly Included,Cushion,Mixed Brilliant Cut,Heat Treated,Montana,https://www.thenaturalsapphirecompany.com/yellow-sapphires/1.62ct-montana-cushion-greenish-yellow-sapphire-s21066/
S10846,"$3,795","$1,100",3.45 Ct.,9.31,6.73,5.8,Greenish Yellow,Medium,Very Slightly Included,Radiant,Radiant Cut,Heat Treated,Ceylon (Sri Lanka),https://www.thenaturalsapphirecompany.com/yellow-sapphires/3.45ct-ceylon-sri-lankan-radiant-greenish-yellow-sapphire-s10846/
Y4941,"$2,544",$990,2.57 Ct.,9.03,6.66,5.1,Greenish Yellow,Intense,Very Slightly Included,Oval,Mixed Brilliant Cut,No Enhancement,Ceylon (Sri Lanka),https://www.thenaturalsapphirecompany.com/yellow-sapphires/2.57ct-ceylon-sri-lankan-oval-greenish-yellow-sapphire-y4941/
S7140,"$4,029","$1,110",3.63 Ct.,9.65,8.04,5.63,Greenish Yellow,Intense,Very Slightly Included,Oval,Mixed Brilliant Cut,Heat Treated,Ceylon (Sri Lanka),https://www.thenaturalsapphirecompany.com/yellow-sapphires/3.63ct-ceylon-sri-lankan-oval-greenish-yellow-sapphire-s7140/
Y4919,"$1,218",$990,1.23 Ct.,6.22,5.86,4.07,Yellowish Brown,Medium,Very Slightly Included,Cushion,Mixed Brilliant Cut,No Enhancement,Ceylon (Sri Lanka),https://www.thenaturalsapphirecompany.com/yellow-sapphires/1.23ct-ceylon-sri-lankan-cushion-yellowish-brown-sapphire-y4919/
U14574,"$2,614",$990,2.64 Ct.,9.64,7.67,4.71,Greenish Yellow,Intense,Very Slightly Included,Oval,Mixed Brilliant Cut,No Enhancement,Ceylon (Sri Lanka),https://www.thenaturalsapphirecompany.com/yellow-sapphires/2.64ct-ceylon-sri-lankan-oval-greenish-yellow-sapphire-u14574/
U14295,"$1,604",$990,1.62 Ct.,7.42,6.48,4.14,Greenish Yellow,Intense,Very Slightly Included,Cushion,Mixed Brilliant Cut,No Enhancement,Ceylon (Sri Lanka),https://www.thenaturalsapphirecompany.com/yellow-sapphires/1.62ct-ceylon-sri-lankan-cushion-greenish-yellow-sapphire-u14295/
Y5175,"$3,833","$1,295",2.96 Ct.,9.61,7.74,5.04,Orangish Yellow,Intense,Eye Clean,Oval,Mixed Brilliant Cut,Heat Treated,Ceylon (Sri Lanka),https://www.thenaturalsapphirecompany.com/yellow-sapphires/2.96ct-ceylon-sri-lankan-oval-orangish-yellow-sapphire-y5175/
U14503,"$1,534",$990,1.55 Ct.,6.79,6.74,3.98,Greenish Yellow,Intense,Eye Clean,Cushion,Mixed Brilliant Cut,No Enhancement,Ceylon (Sri Lanka),https://www.thenaturalsapphirecompany.com/yellow-sapphires/1.55ct-ceylon-sri-lankan-cushion-greenish-yellow-sapphire-u14503/
U14570,"$1,762",$990,1.78 Ct.,8.68,6.74,3.87,Greenish Yellow,Medium,Very Slightly Included,Oval,Mixed Brilliant Cut,No Enhancement,Ceylon (Sri Lanka),https://www.thenaturalsapphirecompany.com/yellow-sapphires/1.78ct-ceylon-sri-lankan-oval-greenish-yellow-sapphire-u14570/
Y5129,"$3,051",$900,3.39 Ct.,9.42,6.94,5.26,Orangish Yellow,Intense,Very Slightly Included,Cushion,Mixed Brilliant Cut,No Enhancement,Ceylon (Sri Lanka),https://www.thenaturalsapphirecompany.com/yellow-sapphires/3.39ct-ceylon-sri-lankan-cushion-orangish-yellow-sapphire-y5129/
U13985,"$2,925","$1,500",1.95 Ct.,9.17,6.36,4.46,Yellowish Green,Intense,Slightly Included,Pear,Mixed Brilliant Cut,No Enhancement,Montana,https://www.thenaturalsapphirecompany.com/yellow-sapphires/1.95ct-montana-pear-yellowish-green-sapphire-u13985/
S8022,"$1,801",$826,2.18 Ct.,7.51,6.21,5.05,Orangish Yellow,Intense,Very Slightly Included,Cushion,Mixed Brilliant Cut,No Enhancement,Ceylon (Sri Lanka),https://www.thenaturalsapphirecompany.com/yellow-sapphires/2.18ct-ceylon-sri-lankan-cushion-orangish-yellow-sapphire-s8022/
U13930,"$1,144","$1,300",0.88 Ct.,5.5,5.33,3.61,Yellowish Green,Medium,Very Slightly Included,Cushion,Mixed Brilliant Cut,No Enhancement,Montana,https://www.thenaturalsapphirecompany.com/yellow-sapphires/0.88ct-montana-cushion-yellowish-green-sapphire-u13930/
U13932,"$1,260","$1,400",0.90 Ct.,6.12,4.82,3.64,Yellowish Green,Medium,Very Slightly Included,Cushion,Mixed Brilliant Cut,No Enhancement,Montana,https://www.thenaturalsapphirecompany.com/yellow-sapphires/0.90ct-montana-cushion-yellowish-green-sapphire-u13932/
U14030,$962,"$1,300",0.74 Ct.,5.5,5.44,3.69,Yellowish Green,Medium,Eye Clean,Round,Mixed Brilliant Cut,Heat Treated,Montana,https://www.thenaturalsapphirecompany.com/yellow-sapphires/0.74ct-montana-round-yellowish-green-sapphire-u14030/
U14036,$897,"$1,150",0.78 Ct.,5.53,5.49,3.75,Greenish Yellow,Intense,Very Slightly Included,Round,Mixed Brilliant Cut,Heat Treated,Montana,https://www.thenaturalsapphirecompany.com/yellow-sapphires/0.78ct-montana-round-greenish-yellow-sapphire-u14036/
U14038,"$1,053","$1,350",0.78 Ct.,7.25,5.92,3.16,Greenish Yellow,Medium,Very Slightly Included,Fancy,Fancy Cut,Heat Treated,Montana,https://www.thenaturalsapphirecompany.com/yellow-sapphires/0.78ct-montana-fancy-greenish-yellow-sapphire-u14038/
Y4738,"$1,584",$990,1.60 Ct.,7.97,6.36,4.05,Greenish Yellow,Intense,Slightly Included,Oval,Mixed Brilliant Cut,No Enhancement,Ceylon (Sri Lanka),https://www.thenaturalsapphirecompany.com/yellow-sapphires/1.60ct-ceylon-sri-lankan-oval-greenish-yellow-sapphire-y4738/
U9293,"$1,064","$1,400",0.76 Ct.,5.43,5.36,3.59,Greenish Yellow,Medium,Very Slightly Included,Round,Modified Brilliant Cut,No Enhancement,Ceylon (Sri Lanka),https://www.thenaturalsapphirecompany.com/yellow-sapphires/0.76ct-ceylon-sri-lankan-round-greenish-yellow-sapphire-u9293/
U9699,"$17,167","$1,403",12.24 Ct.,13.75,10.99,8.44,Yellowish Orange,Vivid,Eye Clean,Radiant,Radiant Cut,Heat Treated,Ceylon (Sri Lanka),https://www.thenaturalsapphirecompany.com/yellow-sapphires/12.24ct-ceylon-sri-lankan-radiant-yellowish-orange-sapphire-u9699/
U13636,"$1,710","$1,000",1.71 Ct.,6.55,6.5,4.22,Yellowish Green,Medium,Very Slightly Included,Asscher - Octagon,Asscher Cut,No Enhancement,Ceylon (Sri Lanka),https://www.thenaturalsapphirecompany.com/yellow-sapphires/1.71ct-ceylon-sri-lankan-asscher-octagon-yellowish-green-sapphire-u13636/
U13838,"$1,896",$800,2.37 Ct.,8.71,5.85,4.83,Greenish Yellow,Intense,Very Slightly Included,Emerald Cut,Emerald Cut,No Enhancement,Ceylon (Sri Lanka),https://www.thenaturalsapphirecompany.com/yellow-sapphires/2.37ct-ceylon-sri-lankan-emerald-cut-greenish-yellow-sapphire-u13838/
Y4401,$975,"$1,300",0.75 Ct.,5.85,4.89,3.46,Yellowish Green,Intense,Eye Clean,Oval,Mixed Brilliant Cut,Heat Treated,Montana,https://www.thenaturalsapphirecompany.com/yellow-sapphires/0.75ct-montana-oval-yellowish-green-sapphire-y4401/
U9395,$924,$790,1.17 Ct.,6.08,6.02,4.18,Greenish Yellow,Medium,Very Slightly Included,Round,Mixed Brilliant Cut,No Enhancement,Ceylon (Sri Lanka),https://www.thenaturalsapphirecompany.com/yellow-sapphires/1.17ct-ceylon-sri-lankan-round-greenish-yellow-sapphire-u9395/
S14457,"$28,933","$2,475",11.69 Ct.,15.38,11.2,6.22,Yellowish Orange,Intense,Very Slightly Included,Emerald Cut,Emerald Cut,Heat Treated,Ceylon (Sri Lanka),https://www.thenaturalsapphirecompany.com/yellow-sapphires/11.69ct-ceylon-sri-lankan-emerald-cut-yellowish-orange-sapphire-s14457/
U5233,"$2,548","$1,400",1.82 Ct.,7.36,6.35,4.35,Yellowish Green,Medium,Very Slightly Included,Oval,Mixed Brilliant Cut,No Enhancement,Montana,https://www.thenaturalsapphirecompany.com/yellow-sapphires/1.82ct-montana-oval-yellowish-green-sapphire-u5233/
S17006,"$8,823","$1,758",5.02 Ct.,12.16,8.41,6.77,Greenish Yellow,Vivid,Eye Clean,Pear,Mixed Brilliant Cut,Heat Treated,Ceylon (Sri Lanka),https://www.thenaturalsapphirecompany.com/yellow-sapphires/5.02ct-ceylon-sri-lankan-pear-greenish-yellow-sapphire-s17006/
U9675,"$1,629",$900,1.81 Ct.,9.11,7,3.71,Yellowish Green,Medium,Very Slightly Included,Oval,Mixed Brilliant Cut,No Enhancement,Ceylon (Sri Lanka),https://www.thenaturalsapphirecompany.com/yellow-sapphires/1.81ct-ceylon-sri-lankan-oval-yellowish-green-sapphire-u9675/
S15733,$342,$300,1.14 Ct.,6.63,6.6,3.51,Yellow,Medium,Very Very Slightly Included,Round,Mixed Brilliant Cut,No Enhancement,Ceylon (Sri Lanka),https://www.thenaturalsapphirecompany.com/yellow-sapphires/1.14ct-ceylon-sri-lankan-round-yellow-sapphire-s15733/
S12704,"$2,016","$1,600",1.26 Ct.,7.98,5.77,3.94,Yellowish Green,Intense,Very Slightly Included,Pear,Mixed Brilliant Cut,No Enhancement,Montana,https://www.thenaturalsapphirecompany.com/yellow-sapphires/1.26ct-montana-pear-yellowish-green-sapphire-s12704/
S44152,"$2,001",$794,2.52 Ct.,9.68,7.33,4.78,Yellowish Green,Intense,Very Slightly Included,Pear,Mixed Brilliant Cut,No Enhancement,Ceylon (Sri Lanka),https://www.thenaturalsapphirecompany.com/yellow-sapphires/2.52ct-ceylon-sri-lankan-pear-yellowish-green-sapphire-s44152/
S44157,"$1,685",$830,2.03 Ct.,11.36,5.79,4.26,Orangish Yellow,Intense,Slightly Included,Marquise,Mixed Brilliant Cut,Heat Treated,Ceylon (Sri Lanka),https://www.thenaturalsapphirecompany.com/yellow-sapphires/2.03ct-ceylon-sri-lankan-marquise-orangish-yellow-sapphire-s44157/
S44159,"$2,415","$1,150",2.10 Ct.,8.11,7.36,4.4,Greenish Yellow,Medium,Very Very Slightly Included,Oval,Mixed Brilliant Cut,No Enhancement,Ceylon (Sri Lanka),https://www.thenaturalsapphirecompany.com/yellow-sapphires/2.10ct-ceylon-sri-lankan-oval-greenish-yellow-sapphire-s44159/
S44160,"$2,453",$870,2.82 Ct.,8.74,7.27,4.6,Orangish Yellow,Intense,Very Slightly Included,Emerald Cut,Emerald Cut,Heat Treated,Ceylon (Sri Lanka),https://www.thenaturalsapphirecompany.com/yellow-sapphires/2.82ct-ceylon-sri-lankan-emerald-cut-orangish-yellow-sapphire-s44160/
S44161,"$2,575",$870,2.96 Ct.,10.26,7.34,4.98,Yellowish Orange,Vivid,Eye Clean,Oval,Mixed Brilliant Cut,Heat Treated,Ceylon (Sri Lanka),https://www.thenaturalsapphirecompany.com/yellow-sapphires/2.96ct-ceylon-sri-lankan-oval-yellowish-orange-sapphire-s44161/
S44162,"$2,313",$900,2.57 Ct.,10.14,7.09,5.15,Orangish Yellow,Intense,Slightly Included,Pear,Mixed Brilliant Cut,Heat Treated,Ceylon (Sri Lanka),https://www.thenaturalsapphirecompany.com/yellow-sapphires/2.57ct-ceylon-sri-lankan-pear-orangish-yellow-sapphire-s44162/
S44165,"$2,958",$970,3.05 Ct.,7.75,7.6,5.22,Yellow,Intense,Eye Clean,Asscher - Octagon,Asscher Cut,Heat Treated,Ceylon (Sri Lanka),https://www.thenaturalsapphirecompany.com/yellow-sapphires/3.05ct-ceylon-sri-lankan-asscher-octagon-yellow-sapphire-s44165/
S46116,$460,$474,0.97 Ct.,6.54,4.93,3.64,Yellow,Light,Eye Clean,Pear,Mixed Brilliant Cut,Heat Treated,Ceylon (Sri Lanka),https://www.thenaturalsapphirecompany.com/yellow-sapphires/0.97ct-ceylon-sri-lankan-pear-yellow-sapphire-s46116/
S46124,$400,$533,0.75 Ct.,5.68,4.53,2.69,Yellow,Intense,Very Slightly Included,Oval,Mixed Brilliant Cut,Heat Treated,Ceylon (Sri Lanka),https://www.thenaturalsapphirecompany.com/yellow-sapphires/0.75ct-ceylon-sri-lankan-oval-yellow-sapphire-s46124/
S46125,$300,$254,1.18 Ct.,7.3,6.11,2.71,Yellow,Medium,Slightly Included,Cushion,Mixed Brilliant Cut,Heat Treated,Ceylon (Sri Lanka),https://www.thenaturalsapphirecompany.com/yellow-sapphires/1.18ct-ceylon-sri-lankan-cushion-yellow-sapphire-s46125/
S41501,"$10,302","$3,400",3.03 Ct.,9.44,7.13,4.84,Yellowish Green,Medium,Slightly Included,Oval,Mixed Brilliant Cut,No Enhancement,Montana,https://www.thenaturalsapphirecompany.com/yellow-sapphires/3.03ct-montana-oval-yellowish-green-sapphire-s41501/
U16186,$826,$700,1.18 Ct.,6.63,5.79,3.39,Yellowish Green,Intense,Very Slightly Included,Cushion,Mixed Brilliant Cut,No Enhancement,Madagascar,https://www.thenaturalsapphirecompany.com/yellow-sapphires/1.18ct-madagascar-cushion-yellowish-green-sapphire-u16186/
S48013,$760,$576,1.32 Ct.,6.3,5.73,3.38,Yellowish Orange,Intense,Very Slightly Included,Cushion,Mixed Brilliant Cut,Heat Treated,Ceylon (Sri Lanka),https://www.thenaturalsapphirecompany.com/yellow-sapphires/1.32ct-ceylon-sri-lankan-cushion-yellowish-orange-sapphire-s48013/
U15887,$450,$450,1.00 Ct.,6.14,6.05,3.97,Yellowish Orange,Intense,Eye Clean,Round,Mixed Brilliant Cut,Heat Treated,Ceylon (Sri Lanka),https://www.thenaturalsapphirecompany.com/yellow-sapphires/1.00ct-ceylon-sri-lankan-round-yellowish-orange-sapphire-u15887/
S20922,"$2,416",$800,3.02 Ct.,9.1,9.1,5.27,Yellow,Faint,Very Slightly Included,Round,Mixed Brilliant Cut,Heat Treated,Ceylon (Sri Lanka),https://www.thenaturalsapphirecompany.com/yellow-sapphires/3.02ct-ceylon-sri-lankan-round-yellow-sapphire-s20922/
S9405,"$3,537","$1,350",2.62 Ct.,11.51,6.91,4.48,Orangish Yellow,Vivid,Eye Clean,Pear,Mixed Brilliant Cut,Heat Treated,Ceylon (Sri Lanka),https://www.thenaturalsapphirecompany.com/yellow-sapphires/2.62ct-ceylon-sri-lankan-pear-orangish-yellow-sapphire-s9405/
S15782,$207,$300,0.69 Ct.,6.02,4.14,2.67,Yellow,Medium,Very Slightly Included,Emerald Cut,Emerald Cut,No Enhancement,Ceylon (Sri Lanka),https://www.thenaturalsapphirecompany.com/yellow-sapphires/0.69ct-ceylon-sri-lankan-emerald-cut-yellow-sapphire-s15782/
S15804,$171,$300,0.57 Ct.,5.7,3.82,2.59,Yellow,Light,Very Slightly Included,Emerald Cut,Emerald Cut,No Enhancement,Ceylon (Sri Lanka),https://www.thenaturalsapphirecompany.com/yellow-sapphires/0.57ct-ceylon-sri-lankan-emerald-cut-yellow-sapphire-s15804/
S4145,"$1,414",$700,2.02 Ct.,8.36,6.27,4.47,Yellowish Green,Intense,Very Slightly Included,Oval,Mixed Brilliant Cut,No Enhancement,Madagascar,https://www.thenaturalsapphirecompany.com/yellow-sapphires/2.02ct-madagascar-oval-yellowish-green-sapphire-s4145/
S21425,"$1,793","$1,100",1.63 Ct.,7.69,6.09,3.91,Yellow,Intense,Very Slightly Included,Cushion,Mixed Brilliant Cut,No Enhancement,Ceylon (Sri Lanka),https://www.thenaturalsapphirecompany.com/yellow-sapphires/1.63ct-ceylon-sri-lankan-cushion-yellow-sapphire-s21425/
S21427,"$1,936","$1,100",1.76 Ct.,6.84,6.16,4.55,Yellow,Medium,Very Slightly Included,Cushion,Mixed Brilliant Cut,No Enhancement,Ceylon (Sri Lanka),https://www.thenaturalsapphirecompany.com/yellow-sapphires/1.76ct-ceylon-sri-lankan-cushion-yellow-sapphire-s21427/
S30871,"$8,738","$1,700",5.14 Ct.,9.83,8.6,5.72,Yellowish Orange,Vivid,Very Very Slightly Included,Emerald Cut,Emerald Cut,Heat Treated,Ceylon (Sri Lanka),https://www.thenaturalsapphirecompany.com/yellow-sapphires/5.14ct-ceylon-sri-lankan-emerald-cut-yellowish-orange-sapphire-s30871/
S34755,"$2,340","$1,983",1.18 Ct.,5.58,5.57,4.16,Yellowish Green,Medium,Very Slightly Included,Radiant,Radiant Cut,Heat Treated,Madagascar,https://www.thenaturalsapphirecompany.com/yellow-sapphires/1.18ct-madagascar-radiant-yellowish-green-sapphire-s34755/
S38125,$300,$400,0.75 Ct.,6.27,5.38,1.97,Yellow,Light,Slightly Included,Fancy,Step Cut,Heat Treated,Montana,https://www.thenaturalsapphirecompany.com/yellow-sapphires/0.75ct-montana-fancy-yellow-sapphire-s38125/
S3813,$252,$360,0.70 Ct.,4.91,4.32,3.56,Yellow,Intense,Very Slightly Included,Radiant,Radiant Cut,No Enhancement,Ceylon (Sri Lanka),https://www.thenaturalsapphirecompany.com/yellow-sapphires/0.70ct-ceylon-sri-lankan-radiant-yellow-sapphire-s3813/
S3814,$237,$300,0.79 Ct.,5.63,4.5,3.17,Yellow,Intense,Very Slightly Included,Radiant,Radiant Cut,Heat Treated,Ceylon (Sri Lanka),https://www.thenaturalsapphirecompany.com/yellow-sapphires/0.79ct-ceylon-sri-lankan-radiant-yellow-sapphire-s3814/
S38140,$339,$346,0.98 Ct.,7.01,5.08,3.58,Yellow,Medium,Very Very Slightly Included,Pear,Mixed Brilliant Cut,Heat Treated,Ceylon (Sri Lanka),https://www.thenaturalsapphirecompany.com/yellow-sapphires/0.98ct-ceylon-sri-lankan-pear-yellow-sapphire-s38140/
S3815,$137,$240,0.57 Ct.,5.71,4.52,2.91,Yellow,Intense,Very Slightly Included,Oval,Mixed Brilliant Cut,Heat Treated,Ceylon (Sri Lanka),https://www.thenaturalsapphirecompany.com/yellow-sapphires/0.57ct-ceylon-sri-lankan-oval-yellow-sapphire-s3815/
S43838,"$9,250","$1,807",5.12 Ct.,10.25,8.23,6.57,Yellowish Orange,Vivid,Very Slightly Included,Cushion,Mixed Brilliant Cut,Heat Treated,Ceylon (Sri Lanka),https://www.thenaturalsapphirecompany.com/yellow-sapphires/5.12ct-ceylon-sri-lankan-cushion-yellowish-orange-sapphire-s43838/
S45889,"$1,500",$909,1.65 Ct.,7.5,6.37,3.24,Orangish Yellow,Intense,Very Very Slightly Included,Emerald Cut,Emerald Cut,Heat Treated,Tanzania,https://www.thenaturalsapphirecompany.com/yellow-sapphires/1.65ct-tanzanian-emerald-cut-orangish-yellow-sapphire-s45889/
S45890,"$2,400",$960,2.50 Ct.,9.11,7.11,4.65,Orangish Yellow,Intense,Very Very Slightly Included,Oval,Mixed Brilliant Cut,Heat Treated,Tanzania,https://www.thenaturalsapphirecompany.com/yellow-sapphires/2.50ct-tanzanian-oval-orangish-yellow-sapphire-s45890/
S35155,$980,$700,1.40 Ct.,6.62,6.62,4.3,Yellow,Light,Very Very Slightly Included,Round,Mixed Brilliant Cut,Heat Treated,Madagascar,https://www.thenaturalsapphirecompany.com/yellow-sapphires/1.40ct-madagascar-round-yellow-sapphire-s35155/
S35156,$816,$501,1.63 Ct.,7.2,5.05,4.48,Yellow,Light,Eye Clean,Emerald Cut,Emerald Cut,Heat Treated,Ceylon (Sri Lanka),https://www.thenaturalsapphirecompany.com/yellow-sapphires/1.63ct-ceylon-sri-lankan-emerald-cut-yellow-sapphire-s35156/
S15831,$879,$656,1.34 Ct.,6.39,5.37,4.33,Yellowish Green,Intense,Very Slightly Included,Cushion,Mixed Brilliant Cut,No Enhancement,Ceylon (Sri Lanka),https://www.thenaturalsapphirecompany.com/yellow-sapphires/1.34ct-ceylon-sri-lankan-cushion-yellowish-green-sapphire-s15831/
S15843,"$1,981","$1,262",1.57 Ct.,6.94,6.91,4.31,Orangish Yellow,Intense,Eye Clean,Round,Mixed Brilliant Cut,Heat Treated,Ceylon (Sri Lanka),https://www.thenaturalsapphirecompany.com/yellow-sapphires/1.57ct-ceylon-sri-lankan-round-orangish-yellow-sapphire-s15843/
S26339,"$1,452",$600,2.42 Ct.,8.58,5.54,4.87,Yellow,Light,Very Very Slightly Included,Emerald Cut,Emerald Cut,No Enhancement,Ceylon (Sri Lanka),https://www.thenaturalsapphirecompany.com/yellow-sapphires/2.42ct-ceylon-sri-lankan-emerald-cut-yellow-sapphire-s26339/
S26348,$972,$600,1.62 Ct.,6.79,6.76,4.26,Yellow,Medium,Eye Clean,Radiant,Radiant Cut,No Enhancement,Ceylon (Sri Lanka),https://www.thenaturalsapphirecompany.com/yellow-sapphires/1.62ct-ceylon-sri-lankan-radiant-yellow-sapphire-s26348/
S30923,"$3,884","$1,572",2.47 Ct.,7.45,8.18,5.15,Greenish Yellow,Intense,Very Very Slightly Included,Heart,Mixed Brilliant Cut,Heat Treated,Ceylon (Sri Lanka),https://www.thenaturalsapphirecompany.com/yellow-sapphires/2.47ct-ceylon-sri-lankan-heart-greenish-yellow-sapphire-s30923/
S30925,"$1,998",$956,2.09 Ct.,7.4,5.97,5.54,Yellow,Intense,Very Very Slightly Included,Oval,Mixed Brilliant Cut,Heat Treated,Ceylon (Sri Lanka),https://www.thenaturalsapphirecompany.com/yellow-sapphires/2.09ct-ceylon-sri-lankan-oval-yellow-sapphire-s30925/
S30926,"$1,400",$993,1.41 Ct.,6.57,6.58,4.33,Yellow,Light,Very Very Slightly Included,Round,Mixed Brilliant Cut,No Enhancement,Ceylon (Sri Lanka),https://www.thenaturalsapphirecompany.com/yellow-sapphires/1.41ct-ceylon-sri-lankan-round-yellow-sapphire-s30926/
S30927,"$3,403","$1,070",3.18 Ct.,11.19,7.1,5.04,Yellow,Light,Slightly Included,Pear,Mixed Brilliant Cut,No Enhancement,Ceylon (Sri Lanka),https://www.thenaturalsapphirecompany.com/yellow-sapphires/3.18ct-ceylon-sri-lankan-pear-yellow-sapphire-s30927/
S30928,"$1,999",$934,2.14 Ct.,8.07,6.59,4.52,Yellowish Orange,Intense,Eye Clean,Oval,Mixed Brilliant Cut,Heat Treated,Ceylon (Sri Lanka),https://www.thenaturalsapphirecompany.com/yellow-sapphires/2.14ct-ceylon-sri-lankan-oval-yellowish-orange-sapphire-s30928/
S30929,"$2,001",$944,2.12 Ct.,8.2,5.91,4.57,Yellowish Orange,Vivid,Very Slightly Included,Radiant,Radiant Cut,Heat Treated,Ceylon (Sri Lanka),https://www.thenaturalsapphirecompany.com/yellow-sapphires/2.12ct-ceylon-sri-lankan-radiant-yellowish-orange-sapphire-s30929/
S30930,"$2,000",$930,2.15 Ct.,6.94,6.44,5.48,Yellowish Orange,Intense,Very Slightly Included,Cushion,Mixed Brilliant Cut,Heat Treated,Ceylon (Sri Lanka),https://www.thenaturalsapphirecompany.com/yellow-sapphires/2.15ct-ceylon-sri-lankan-cushion-yellowish-orange-sapphire-s30930/
S30931,"$3,000","$1,435",2.09 Ct.,9.3,6.52,4.67,Orangish Yellow,Medium,Eye Clean,Pear,Mixed Brilliant Cut,Heat Treated,Ceylon (Sri Lanka),https://www.thenaturalsapphirecompany.com/yellow-sapphires/2.09ct-ceylon-sri-lankan-pear-orangish-yellow-sapphire-s30931/
S30934,"$1,998",$938,2.13 Ct.,8.2,5.89,4.37,Yellow,Intense,Very Very Slightly Included,Cushion,Mixed Brilliant Cut,Heat Treated,Ceylon (Sri Lanka),https://www.thenaturalsapphirecompany.com/yellow-sapphires/2.13ct-ceylon-sri-lankan-cushion-yellow-sapphire-s30934/
S34783,"$11,704","$2,295",5.10 Ct.,9.08,8.68,6.7,Yellow,Intense,Very Very Slightly Included,Asscher - Octagon,Asscher Cut,Heat Treated,Ceylon (Sri Lanka),https://www.thenaturalsapphirecompany.com/yellow-sapphires/5.10ct-ceylon-sri-lankan-asscher-octagon-yellow-sapphire-s34783/
S38155,$400,$345,1.16 Ct.,6.97,5.48,3.93,Yellow,Light,Very Very Slightly Included,Oval,Mixed Brilliant Cut,Heat Treated,Ceylon (Sri Lanka),https://www.thenaturalsapphirecompany.com/yellow-sapphires/1.16ct-ceylon-sri-lankan-oval-yellow-sapphire-s38155/
S38156,$420,$261,1.61 Ct.,7.4,5.85,4.6,Yellow,Light,Very Slightly Included,Oval,Mixed Brilliant Cut,No Enhancement,Ceylon (Sri Lanka),https://www.thenaturalsapphirecompany.com/yellow-sapphires/1.61ct-ceylon-sri-lankan-oval-yellow-sapphire-s38156/
S38160,$300,$278,1.08 Ct.,8.84,5.8,3.47,Yellow,Light,Very Very Slightly Included,Fancy,Step Cut,No Enhancement,Ceylon (Sri Lanka),https://www.thenaturalsapphirecompany.com/yellow-sapphires/1.08ct-ceylon-sri-lankan-fancy-yellow-sapphire-s38160/
S38166,$350,$289,1.21 Ct.,6.41,6.4,4.03,Yellow,Intense,Very Very Slightly Included,Round,Mixed Brilliant Cut,No Enhancement,Ceylon (Sri Lanka),https://www.thenaturalsapphirecompany.com/yellow-sapphires/1.21ct-ceylon-sri-lankan-round-yellow-sapphire-s38166/
S38178,$166,$361,0.46 Ct.,5.98,3.91,2.7,Orangish Yellow,Intense,Eye Clean,Pear,Mixed Brilliant Cut,Heat Treated,Ceylon (Sri Lanka),https://www.thenaturalsapphirecompany.com/yellow-sapphires/0.46ct-ceylon-sri-lankan-pear-orangish-yellow-sapphire-s38178/
S41267,$720,$600,1.20 Ct.,6.16,6.1,4.29,Yellow,Light,Very Slightly Included,Round,Mixed Brilliant Cut,No Enhancement,Ceylon (Sri Lanka),https://www.thenaturalsapphirecompany.com/yellow-sapphires/1.20ct-ceylon-sri-lankan-round-yellow-sapphire-s41267/
S41269,$780,$750,1.04 Ct.,7.17,5.34,3.42,Yellow,Vivid,Very Slightly Included,Oval,Mixed Brilliant Cut,Heat Treated,Ceylon (Sri Lanka),https://www.thenaturalsapphirecompany.com/yellow-sapphires/1.04ct-ceylon-sri-lankan-oval-yellow-sapphire-s41269/
S41285,"$6,166","$1,193",5.17 Ct.,10.47,8.25,6.16,Yellowish Orange,Intense,Very Slightly Included,Radiant,Radiant Cut,Heat Treated,Ceylon (Sri Lanka),https://www.thenaturalsapphirecompany.com/yellow-sapphires/5.17ct-ceylon-sri-lankan-radiant-yellowish-orange-sapphire-s41285/
S15852,$901,$850,1.06 Ct.,7.61,5.36,3.48,Orangish Yellow,Intense,Eye Clean,Pear,Mixed Brilliant Cut,Heat Treated,Ceylon (Sri Lanka),https://www.thenaturalsapphirecompany.com/yellow-sapphires/1.06ct-ceylon-sri-lankan-pear-orangish-yellow-sapphire-s15852/
S15869,"$1,039",$852,1.22 Ct.,6.27,6.29,4.02,Yellow,Medium,Very Slightly Included,Round,Mixed Brilliant Cut,Heat Treated,Ceylon (Sri Lanka),https://www.thenaturalsapphirecompany.com/yellow-sapphires/1.22ct-ceylon-sri-lankan-round-yellow-sapphire-s15869/
S15873,"$1,881",$936,2.01 Ct.,8.36,6.38,4.67,Yellowish Orange,Vivid,Eye Clean,Oval,Mixed Brilliant Cut,Heat Treated,Ceylon (Sri Lanka),https://www.thenaturalsapphirecompany.com/yellow-sapphires/2.01ct-ceylon-sri-lankan-oval-yellowish-orange-sapphire-s15873/
S15875,"$1,981","$1,262",1.57 Ct.,7.16,7.19,4.19,Yellow,Intense,Eye Clean,Round,Mixed Brilliant Cut,Heat Treated,Ceylon (Sri Lanka),https://www.thenaturalsapphirecompany.com/yellow-sapphires/1.57ct-ceylon-sri-lankan-round-yellow-sapphire-s15875/
S15877,"$1,841","$1,188",1.55 Ct.,7.19,6.09,4.29,Yellow,Intense,Eye Clean,Oval,Mixed Brilliant Cut,Heat Treated,Ceylon (Sri Lanka),https://www.thenaturalsapphirecompany.com/yellow-sapphires/1.55ct-ceylon-sri-lankan-oval-yellow-sapphire-s15877/
S48009,"$5,950","$2,960",2.01 Ct.,7.33,9.15,3.2,Yellowish Green,Light,Very Slightly Included,Fancy,Fantasy Cut (3D),No Enhancement,Montana,https://www.thenaturalsapphirecompany.com/yellow-sapphires/2.01ct-montana-fancy-yellowish-green-sapphire-s48009/
S21503,"$1,284",$600,2.14 Ct.,7.45,5.81,5.7,Yellow,Medium,Eye Clean,Cushion,Mixed Brilliant Cut,No Enhancement,Ceylon (Sri Lanka),https://www.thenaturalsapphirecompany.com/yellow-sapphires/2.14ct-ceylon-sri-lankan-cushion-yellow-sapphire-s21503/
S30935,"$2,000","$1,010",1.98 Ct.,7.52,6.02,5.06,Orangish Yellow,Intense,Very Slightly Included,Cushion,Mixed Brilliant Cut,Heat Treated,Ceylon (Sri Lanka),https://www.thenaturalsapphirecompany.com/yellow-sapphires/1.98ct-ceylon-sri-lankan-cushion-orangish-yellow-sapphire-s30935/
S30936,"$3,701","$1,690",2.19 Ct.,8.99,6.28,4.97,Yellowish Orange,Intense,Very Very Slightly Included,Pear,Mixed Brilliant Cut,Heat Treated,Ceylon (Sri Lanka),https://www.thenaturalsapphirecompany.com/yellow-sapphires/2.19ct-ceylon-sri-lankan-pear-yellowish-orange-sapphire-s30936/
S30937,"$2,700","$1,184",2.28 Ct.,7.99,7.39,5.03,Yellow,Intense,Very Very Slightly Included,Oval,Mixed Brilliant Cut,Heat Treated,Ceylon (Sri Lanka),https://www.thenaturalsapphirecompany.com/yellow-sapphires/2.28ct-ceylon-sri-lankan-oval-yellow-sapphire-s30937/
S30939,"$3,698","$1,840",2.01 Ct.,8.77,6.74,4.34,Yellowish Orange,Intense,Very Very Slightly Included,Pear,Mixed Brilliant Cut,Heat Treated,Ceylon (Sri Lanka),https://www.thenaturalsapphirecompany.com/yellow-sapphires/2.01ct-ceylon-sri-lankan-pear-yellowish-orange-sapphire-s30939/
S30942,"$3,698","$1,450",2.55 Ct.,9.04,6.73,5,Yellow,Medium,Very Slightly Included,Oval,Mixed Brilliant Cut,Heat Treated,Ceylon (Sri Lanka),https://www.thenaturalsapphirecompany.com/yellow-sapphires/2.55ct-ceylon-sri-lankan-oval-yellow-sapphire-s30942/
S30943,"$2,600","$1,232",2.11 Ct.,7.16,6.5,5.31,Orangish Yellow,Intense,Very Very Slightly Included,Cushion,Mixed Brilliant Cut,Heat Treated,Ceylon (Sri Lanka),https://www.thenaturalsapphirecompany.com/yellow-sapphires/2.11ct-ceylon-sri-lankan-cushion-orangish-yellow-sapphire-s30943/
S30944,"$1,000",$704,1.42 Ct.,6.39,5.91,4.49,Yellow,Medium,Eye Clean,Cushion,Mixed Brilliant Cut,Heat Treated,Ceylon (Sri Lanka),https://www.thenaturalsapphirecompany.com/yellow-sapphires/1.42ct-ceylon-sri-lankan-cushion-yellow-sapphire-s30944/
S30945,"$1,600",$884,1.81 Ct.,7.27,7.26,4.01,Yellowish Orange,Vivid,Very Very Slightly Included,Round,Mixed Brilliant Cut,Heat Treated,Ceylon (Sri Lanka),https://www.thenaturalsapphirecompany.com/yellow-sapphires/1.81ct-ceylon-sri-lankan-round-yellowish-orange-sapphire-s30945/
S30946,"$1,201",$806,1.49 Ct.,7.93,6.33,3.79,Orangish Yellow,Medium,Very Slightly Included,Cushion,Mixed Brilliant Cut,Heat Treated,Ceylon (Sri Lanka),https://www.thenaturalsapphirecompany.com/yellow-sapphires/1.49ct-ceylon-sri-lankan-cushion-orangish-yellow-sapphire-s30946/
S30947,"$1,701",$900,1.89 Ct.,6.44,6.35,5.79,Orangish Yellow,Intense,Very Very Slightly Included,Round,Mixed Brilliant Cut,Heat Treated,Ceylon (Sri Lanka),https://www.thenaturalsapphirecompany.com/yellow-sapphires/1.89ct-ceylon-sri-lankan-round-orangish-yellow-sapphire-s30947/
S30948,"$2,400","$1,106",2.17 Ct.,7.3,6.48,5.39,Yellow,Intense,Very Slightly Included,Cushion,Mixed Brilliant Cut,Heat Treated,Ceylon (Sri Lanka),https://www.thenaturalsapphirecompany.com/yellow-sapphires/2.17ct-ceylon-sri-lankan-cushion-yellow-sapphire-s30948/
S38195,$239,$184,1.30 Ct.,5.94,5.9,4.29,Yellow,Medium,Very Slightly Included,Cushion,Mixed Brilliant Cut,Heat Treated,Ceylon (Sri Lanka),https://www.thenaturalsapphirecompany.com/yellow-sapphires/1.30ct-ceylon-sri-lankan-cushion-yellow-sapphire-s38195/
S41295,"$2,666",$984,2.71 Ct.,8.98,6.55,4.73,Yellow,Medium,Eye Clean,Radiant,Radiant Cut,No Enhancement,Ceylon (Sri Lanka),https://www.thenaturalsapphirecompany.com/yellow-sapphires/2.71ct-ceylon-sri-lankan-radiant-yellow-sapphire-s41295/
S48834,"$6,234","$1,850",3.37 Ct.,10,7.92,5.66,Yellow,Intense,Eye Clean,Oval,Mixed Brilliant Cut,Heat Treated,Ceylon (Sri Lanka),https://www.thenaturalsapphirecompany.com/yellow-sapphires/3.37ct-ceylon-sri-lankan-oval-yellow-sapphire-s48834/
S15886,"$2,201","$1,448",1.52 Ct.,6.9,5.94,3.99,Orangish Yellow,Intense,Very Very Slightly Included,Radiant,Radiant Cut,Heat Treated,Ceylon (Sri Lanka),https://www.thenaturalsapphirecompany.com/yellow-sapphires/1.52ct-ceylon-sri-lankan-radiant-orangish-yellow-sapphire-s15886/
S21517,"$1,584",$800,1.98 Ct.,10.12,7.23,4,Yellow,Intense,Eye Clean,Pear,Mixed Brilliant Cut,No Enhancement,Ceylon (Sri Lanka),https://www.thenaturalsapphirecompany.com/yellow-sapphires/1.98ct-ceylon-sri-lankan-pear-yellow-sapphire-s21517/
S21518,"$1,462",$720,2.03 Ct.,9.29,4.84,4.03,Yellow,Medium,Very Slightly Included,Emerald Cut,Emerald Cut,No Enhancement,Ceylon (Sri Lanka),https://www.thenaturalsapphirecompany.com/yellow-sapphires/2.03ct-ceylon-sri-lankan-emerald-cut-yellow-sapphire-s21518/
S21520,"$1,953",$900,2.17 Ct.,7.27,8.29,4.85,Yellow,Medium,Very Very Slightly Included,Heart,Mixed Brilliant Cut,No Enhancement,Ceylon (Sri Lanka),https://www.thenaturalsapphirecompany.com/yellow-sapphires/2.17ct-ceylon-sri-lankan-heart-yellow-sapphire-s21520/
S21521,"$3,020","$1,000",3.02 Ct.,9.84,7.05,4.86,Yellow,Light,Very Slightly Included,Cushion,Mixed Brilliant Cut,No Enhancement,Ceylon (Sri Lanka),https://www.thenaturalsapphirecompany.com/yellow-sapphires/3.02ct-ceylon-sri-lankan-cushion-yellow-sapphire-s21521/
S26400,"$2,456",$800,3.07 Ct.,7.88,7.84,5.28,Yellow,Medium,Very Slightly Included,Radiant,Radiant Cut,No Enhancement,Ceylon (Sri Lanka),https://www.thenaturalsapphirecompany.com/yellow-sapphires/3.07ct-ceylon-sri-lankan-radiant-yellow-sapphire-s26400/
S30951,"$2,599","$1,268",2.05 Ct.,7.87,5.84,4.71,Orangish Yellow,Intense,Very Very Slightly Included,Cushion,Mixed Brilliant Cut,Heat Treated,Ceylon (Sri Lanka),https://www.thenaturalsapphirecompany.com/yellow-sapphires/2.05ct-ceylon-sri-lankan-cushion-orangish-yellow-sapphire-s30951/
S30952,"$20,724","$1,650",12.56 Ct.,13.28,12.83,7.36,Yellow,Medium,Very Slightly Included,Radiant,Radiant Cut,No Enhancement,Ceylon (Sri Lanka),https://www.thenaturalsapphirecompany.com/yellow-sapphires/12.56ct-ceylon-sri-lankan-radiant-yellow-sapphire-s30952/
S30953,"$35,643","$2,868",12.43 Ct.,15.14,10.46,7.14,Yellow,Intense,Eye Clean,Emerald Cut,Emerald Cut,No Enhancement,Ceylon (Sri Lanka),https://www.thenaturalsapphirecompany.com/yellow-sapphires/12.43ct-ceylon-sri-lankan-emerald-cut-yellow-sapphire-s30953/
S34823,$246,$300,0.82 Ct.,6.5,4.87,3.01,Greenish Yellow,Intense,Very Very Slightly Included,Oval,Mixed Brilliant Cut,Heat Treated,Ceylon (Sri Lanka),https://www.thenaturalsapphirecompany.com/yellow-sapphires/0.82ct-ceylon-sri-lankan-oval-greenish-yellow-sapphire-s34823/
S34829,$340,$596,0.57 Ct.,4.96,4.19,3.05,Yellowish Green,Medium,Very Very Slightly Included,Cushion,Mixed Brilliant Cut,Heat Treated,Ceylon (Sri Lanka),https://www.thenaturalsapphirecompany.com/yellow-sapphires/0.57ct-ceylon-sri-lankan-cushion-yellowish-green-sapphire-s34829/
S10181,$333,$330,1.01 Ct.,6.7,6.14,3.59,Yellow,Light,Very Slightly Included,Oval,Mixed Brilliant Cut,No Enhancement,Ceylon (Sri Lanka),https://www.thenaturalsapphirecompany.com/yellow-sapphires/1.01ct-ceylon-sri-lankan-oval-yellow-sapphire-s10181/
S41327,$909,$900,1.01 Ct.,6.16,6.28,3.66,Yellowish Green,Intense,Very Slightly Included,Trillion,Trillion Cut,Heat Treated,Montana,https://www.thenaturalsapphirecompany.com/yellow-sapphires/1.01ct-montana-trillion-yellowish-green-sapphire-s41327/
S41329,$980,"$1,000",0.98 Ct.,5.9,5.9,3.7,Yellowish Green,Light,Slightly Included,Round,Mixed Brilliant Cut,Heat Treated,Montana,https://www.thenaturalsapphirecompany.com/yellow-sapphires/0.98ct-montana-round-yellowish-green-sapphire-s41329/
S41331,"$1,050","$1,000",1.05 Ct.,8.47,6.42,3.27,Greenish Yellow,Light,Very Slightly Included,Fancy,Step Cut,Heat Treated,Montana,https://www.thenaturalsapphirecompany.com/yellow-sapphires/1.05ct-montana-fancy-greenish-yellow-sapphire-s41331/
S10048,"$56,133","$2,100",26.73 Ct.,18.53,14.94,11.45,Yellow,Vivid,Very Slightly Included,Oval,Mixed Brilliant Cut,No Enhancement,Ceylon (Sri Lanka),https://www.thenaturalsapphirecompany.com/yellow-sapphires/26.73ct-ceylon-sri-lankan-oval-yellow-sapphire-s10048/
S15919,"$2,286",$600,3.81 Ct.,10.15,8.08,5.72,Yellowish Orange,Intense,Very Slightly Included,Oval,Mixed Brilliant Cut,Heat Treated,Ceylon (Sri Lanka),https://www.thenaturalsapphirecompany.com/yellow-sapphires/3.81ct-ceylon-sri-lankan-oval-yellowish-orange-sapphire-s15919/
S45988,"$9,350","$2,258",4.14 Ct.,8.91,7.96,6.22,Yellowish Orange,Intense,Very Slightly Included,Cushion,Mixed Brilliant Cut,Heat Treated,Ceylon (Sri Lanka),https://www.thenaturalsapphirecompany.com/yellow-sapphires/4.14ct-ceylon-sri-lankan-cushion-yellowish-orange-sapphire-s45988/
S16023,"$3,144","$1,200",2.62 Ct.,8.82,8.06,4.12,Yellow,Medium,Very Very Slightly Included,Cushion,Mixed Brilliant Cut,Heat Treated,Ceylon (Sri Lanka),https://www.thenaturalsapphirecompany.com/yellow-sapphires/2.62ct-ceylon-sri-lankan-cushion-yellow-sapphire-s16023/
S21716,"$3,000",$997,3.01 Ct.,9.08,7.81,4.39,Yellowish Brown,Intense,Eye Clean,Cushion,Mixed Brilliant Cut,No Enhancement,Ceylon (Sri Lanka),https://www.thenaturalsapphirecompany.com/yellow-sapphires/3.01ct-ceylon-sri-lankan-cushion-yellowish-brown-sapphire-s21716/
S21718,"$1,440",$852,1.69 Ct.,7.33,8.03,3.97,Yellow,Medium,Eye Clean,Heart,Mixed Brilliant Cut,No Enhancement,Ceylon (Sri Lanka),https://www.thenaturalsapphirecompany.com/yellow-sapphires/1.69ct-ceylon-sri-lankan-heart-yellow-sapphire-s21718/
S26549,$240,$226,1.06 Ct.,7.26,5.2,3.47,Yellow,Medium,Eye Clean,Oval,Mixed Brilliant Cut,No Enhancement,Ceylon (Sri Lanka),https://www.thenaturalsapphirecompany.com/yellow-sapphires/1.06ct-ceylon-sri-lankan-oval-yellow-sapphire-s26549/
S4364,$711,$450,1.58 Ct.,8.12,6.16,3.79,Yellowish Green,Intense,Eye Clean,Oval,Mixed Brilliant Cut,No Enhancement,Ceylon (Sri Lanka),https://www.thenaturalsapphirecompany.com/yellow-sapphires/1.58ct-ceylon-sri-lankan-oval-yellowish-green-sapphire-s4364/
S31096,$744,$800,0.93 Ct.,6.29,5.05,3.47,Yellowish Green,Light,Very Slightly Included,Oval,Mixed Brilliant Cut,No Enhancement,Montana,https://www.thenaturalsapphirecompany.com/yellow-sapphires/0.93ct-montana-oval-yellowish-green-sapphire-s31096/
S31100,"$1,188","$1,200",0.99 Ct.,8.02,5.66,3.64,Greenish Yellow,Light,Very Slightly Included,Fancy,Step Cut,No Enhancement,Montana,https://www.thenaturalsapphirecompany.com/yellow-sapphires/0.99ct-montana-fancy-greenish-yellow-sapphire-s31100/
S38342,"$2,000",$922,2.17 Ct.,8,6.49,4.14,Orangish Yellow,Medium,Slightly Included,Radiant,Radiant Cut,No Enhancement,Ceylon (Sri Lanka),https://www.thenaturalsapphirecompany.com/yellow-sapphires/2.17ct-ceylon-sri-lankan-radiant-orangish-yellow-sapphire-s38342/
S21763,$172,$400,0.43 Ct.,4.39,4.23,3.36,Greenish Yellow,Intense,Slightly Included,Princess,Princess Cut,Heat Treated,Ceylon (Sri Lanka),https://www.thenaturalsapphirecompany.com/yellow-sapphires/0.43ct-ceylon-sri-lankan-princess-greenish-yellow-sapphire-s21763/
S21765,"$20,406","$2,104",9.70 Ct.,12.62,12.58,6.77,Yellow,Medium,Eye Clean,Radiant,Radiant Cut,No Enhancement,Ceylon (Sri Lanka),https://www.thenaturalsapphirecompany.com/yellow-sapphires/9.70ct-ceylon-sri-lankan-radiant-yellow-sapphire-s21765/
S21766,"$24,370","$2,310",10.55 Ct.,11.64,11.54,7.83,Yellow,Intense,Very Slightly Included,Asscher - Octagon,Asscher Cut,Heat Treated,Ceylon (Sri Lanka),https://www.thenaturalsapphirecompany.com/yellow-sapphires/10.55ct-ceylon-sri-lankan-asscher-octagon-yellow-sapphire-s21766/
S21768,"$44,676","$2,945",15.17 Ct.,13.52,12.8,9.52,Yellow,Medium,Very Slightly Included,Asscher - Octagon,Asscher Cut,No Enhancement,Ceylon (Sri Lanka),https://www.thenaturalsapphirecompany.com/yellow-sapphires/15.17ct-ceylon-sri-lankan-asscher-octagon-yellow-sapphire-s21768/
S21770,"$27,465","$2,227",12.33 Ct.,14.17,12.06,7.01,Yellow,Medium,Eye Clean,Radiant,Radiant Cut,Heat Treated,Ceylon (Sri Lanka),https://www.thenaturalsapphirecompany.com/yellow-sapphires/12.33ct-ceylon-sri-lankan-radiant-yellow-sapphire-s21770/
S26618,$950,$500,1.90 Ct.,7.22,7.22,4.77,Yellow,Faint,Very Very Slightly Included,Round,Mixed Brilliant Cut,No Enhancement,Ceylon (Sri Lanka),https://www.thenaturalsapphirecompany.com/yellow-sapphires/1.90ct-ceylon-sri-lankan-round-yellow-sapphire-s26618/
S26620,$270,$200,1.35 Ct.,6.39,5.55,4.45,Yellow,Faint,Slightly Included,Oval,Mixed Brilliant Cut,No Enhancement,Ceylon (Sri Lanka),https://www.thenaturalsapphirecompany.com/yellow-sapphires/1.35ct-ceylon-sri-lankan-oval-yellow-sapphire-s26620/
S26621,$180,$200,0.90 Ct.,7.91,5.16,3.16,Yellow,Light,Very Slightly Included,Pear,Mixed Brilliant Cut,No Enhancement,Ceylon (Sri Lanka),https://www.thenaturalsapphirecompany.com/yellow-sapphires/0.90ct-ceylon-sri-lankan-pear-yellow-sapphire-s26621/
S26622,$164,$200,0.82 Ct.,6.92,5,2.93,Yellow,Faint,Slightly Included,Oval,Mixed Brilliant Cut,No Enhancement,Ceylon (Sri Lanka),https://www.thenaturalsapphirecompany.com/yellow-sapphires/0.82ct-ceylon-sri-lankan-oval-yellow-sapphire-s26622/
S26625,$188,$251,0.75 Ct.,6.41,4.46,2.51,Yellow,Faint,Very Very Slightly Included,Radiant,Radiant Cut,No Enhancement,Ceylon (Sri Lanka),https://www.thenaturalsapphirecompany.com/yellow-sapphires/0.75ct-ceylon-sri-lankan-radiant-yellow-sapphire-s26625/
S31121,"$1,140","$1,000",1.14 Ct.,6.88,6.79,3.86,Yellowish Green,Light,Very Slightly Included,Fancy,Step Cut,No Enhancement,Montana,https://www.thenaturalsapphirecompany.com/yellow-sapphires/1.14ct-montana-fancy-yellowish-green-sapphire-s31121/
S31126,"$1,044",$900,1.16 Ct.,6.95,4.88,3.75,Yellowish Green,Medium,Very Slightly Included,Radiant,Radiant Cut,No Enhancement,Montana,https://www.thenaturalsapphirecompany.com/yellow-sapphires/1.16ct-montana-radiant-yellowish-green-sapphire-s31126/
S31131,$861,$700,1.23 Ct.,7.16,6.17,3.85,Greenish Yellow,Light,Very Slightly Included,Fancy,Step Cut,No Enhancement,Montana,https://www.thenaturalsapphirecompany.com/yellow-sapphires/1.23ct-montana-fancy-greenish-yellow-sapphire-s31131/
S34965,$500,$427,1.17 Ct.,7.52,5.34,3.06,Yellowish Brown,Intense,Slightly Included,Oval,Mixed Brilliant Cut,Heat Treated,Madagascar,https://www.thenaturalsapphirecompany.com/yellow-sapphires/1.17ct-madagascar-oval-yellowish-brown-sapphire-s34965/
S34967,$240,$338,0.71 Ct.,5.65,4.71,2.88,Yellowish Green,Medium,Slightly Included,Oval,Mixed Brilliant Cut,Heat Treated,Madagascar,https://www.thenaturalsapphirecompany.com/yellow-sapphires/0.71ct-madagascar-oval-yellowish-green-sapphire-s34967/
S34981,$212,$200,1.06 Ct.,5.37,6.49,3.86,Yellowish Green,Intense,Slightly Included,Heart,Mixed Brilliant Cut,Heat Treated,Thailand,https://www.thenaturalsapphirecompany.com/yellow-sapphires/1.06ct-thai-heart-yellowish-green-sapphire-s34981/
S34986,$160,$400,0.40 Ct.,5.42,3.1,2.39,Yellowish Green,Medium,Slightly Included,Radiant,Radiant Cut,Heat Treated,Madagascar,https://www.thenaturalsapphirecompany.com/yellow-sapphires/0.40ct-madagascar-radiant-yellowish-green-sapphire-s34986/
S38346,$500,$446,1.12 Ct.,7.03,5.4,3.61,Yellowish Green,Intense,Slightly Included,Oval,Mixed Brilliant Cut,No Enhancement,Tanzania,https://www.thenaturalsapphirecompany.com/yellow-sapphires/1.12ct-tanzanian-oval-yellowish-green-sapphire-s38346/
S38357,$400,$357,1.12 Ct.,7.03,5.79,3.03,Yellowish Green,Medium,Very Slightly Included,Oval,Mixed Brilliant Cut,No Enhancement,Tanzania,https://www.thenaturalsapphirecompany.com/yellow-sapphires/1.12ct-tanzanian-oval-yellowish-green-sapphire-s38357/
S15963,$856,$800,1.07 Ct.,6.85,4.34,3.72,Orangish Yellow,Intense,Very Slightly Included,Radiant,Radiant Cut,No Enhancement,Ceylon (Sri Lanka),https://www.thenaturalsapphirecompany.com/yellow-sapphires/1.07ct-ceylon-sri-lankan-radiant-orangish-yellow-sapphire-s15963/
S15964,$636,$600,1.06 Ct.,6.66,5.37,3.52,Yellow,Intense,Very Slightly Included,Oval,Mixed Brilliant Cut,Heat Treated,Ceylon (Sri Lanka),https://www.thenaturalsapphirecompany.com/yellow-sapphires/1.06ct-ceylon-sri-lankan-oval-yellow-sapphire-s15964/
S21695,"$1,440","$1,274",1.13 Ct.,8.04,5.42,3.24,Yellowish Orange,Medium,Very Slightly Included,Pear,Mixed Brilliant Cut,No Enhancement,Ceylon (Sri Lanka),https://www.thenaturalsapphirecompany.com/yellow-sapphires/1.13ct-ceylon-sri-lankan-pear-yellowish-orange-sapphire-s21695/
S21699,"$7,955","$3,414",2.33 Ct.,9.68,7.24,3.92,Orangish Yellow,Medium,Eye Clean,Oval,Mixed Brilliant Cut,No Enhancement,Ceylon (Sri Lanka),https://www.thenaturalsapphirecompany.com/yellow-sapphires/2.33ct-ceylon-sri-lankan-oval-orangish-yellow-sapphire-s21699/
S21700,"$2,800","$1,007",2.78 Ct.,9.14,7.58,4.76,Yellow,Medium,Slightly Included,Oval,Mixed Brilliant Cut,No Enhancement,Ceylon (Sri Lanka),https://www.thenaturalsapphirecompany.com/yellow-sapphires/2.78ct-ceylon-sri-lankan-oval-yellow-sapphire-s21700/
S21701,"$2,400","$1,076",2.23 Ct.,8.93,6.71,4.34,Yellow,Medium,Very Slightly Included,Oval,Mixed Brilliant Cut,No Enhancement,Ceylon (Sri Lanka),https://www.thenaturalsapphirecompany.com/yellow-sapphires/2.23ct-ceylon-sri-lankan-oval-yellow-sapphire-s21701/
S26503,"$1,638","$1,400",1.17 Ct.,6.04,6.12,4.33,Yellowish Green,Intense,Very Slightly Included,Round,Mixed Brilliant Cut,No Enhancement,Madagascar,https://www.thenaturalsapphirecompany.com/yellow-sapphires/1.17ct-madagascar-round-yellowish-green-sapphire-s26503/
S26505,"$2,310","$1,500",1.54 Ct.,6.56,6.6,4.47,Yellowish Green,Medium,Very Slightly Included,Round,Mixed Brilliant Cut,No Enhancement,Madagascar,https://www.thenaturalsapphirecompany.com/yellow-sapphires/1.54ct-madagascar-round-yellowish-green-sapphire-s26505/
S26510,"$3,350","$1,701",1.97 Ct.,8.21,6.18,3.72,Yellowish Green,Intense,Very Slightly Included,Emerald Cut,Emerald Cut,No Enhancement,Madagascar,https://www.thenaturalsapphirecompany.com/yellow-sapphires/1.97ct-madagascar-emerald-cut-yellowish-green-sapphire-s26510/
S34907,"$2,282","$1,400",1.63 Ct.,7.17,7.09,4.37,Yellow,Intense,Eye Clean,Round,Mixed Brilliant Cut,No Enhancement,Ceylon (Sri Lanka),https://www.thenaturalsapphirecompany.com/yellow-sapphires/1.63ct-ceylon-sri-lankan-round-yellow-sapphire-s34907/
S38301,$166,$107,1.55 Ct.,8.02,5.97,3.8,Yellow,Light,Very Slightly Included,Oval,Mixed Brilliant Cut,No Enhancement,Ceylon (Sri Lanka),https://www.thenaturalsapphirecompany.com/yellow-sapphires/1.55ct-ceylon-sri-lankan-oval-yellow-sapphire-s38301/
,,,,,,,,,,,,,,https://www.thenaturalsapphirecompany.com/yellow-sapphires/1.13ct-ceylon-sri-lankan-oval-yellow-sapphire-s38302/
S38303,$200,$175,1.14 Ct.,6.01,6.04,4.32,Yellow,Medium,Very Very Slightly Included,Round,Mixed Brilliant Cut,No Enhancement,Ceylon (Sri Lanka),https://www.thenaturalsapphirecompany.com/yellow-sapphires/1.14ct-ceylon-sri-lankan-round-yellow-sapphire-s38303/
S17335,"$1,848","$1,400",1.32 Ct.,6.23,8.25,3.35,Orangish Yellow,Intense,Very Slightly Included,Heart,Mixed Brilliant Cut,Heat Treated,Ceylon (Sri Lanka),https://www.thenaturalsapphirecompany.com/yellow-sapphires/1.32ct-ceylon-sri-lankan-heart-orangish-yellow-sapphire-s17335/
S43948,"$1,300","$1,016",1.28 Ct.,5.83,5.45,3.97,Yellowish Green,Intense,Slightly Included,Radiant,Radiant Cut,No Enhancement,Madagascar,https://www.thenaturalsapphirecompany.com/yellow-sapphires/1.28ct-madagascar-radiant-yellowish-green-sapphire-s43948/
S43949,"$1,199","$1,090",1.10 Ct.,6.23,6.66,3.31,Yellowish Green,Light,Very Very Slightly Included,Heart,Mixed Brilliant Cut,No Enhancement,Madagascar,https://www.thenaturalsapphirecompany.com/yellow-sapphires/1.10ct-madagascar-heart-yellowish-green-sapphire-s43949/
S43952,"$1,140","$1,000",1.14 Ct.,6.08,6.02,4.07,Greenish Yellow,Light,Slightly Included,Round,Mixed Brilliant Cut,Heat Treated,Montana,https://www.thenaturalsapphirecompany.com/yellow-sapphires/1.14ct-montana-round-greenish-yellow-sapphire-s43952/
S45943,"$1,771","$1,100",1.61 Ct.,7.85,6.08,4.03,Yellow,Light,Eye Clean,Oval,Mixed Brilliant Cut,No Enhancement,Tanzania,https://www.thenaturalsapphirecompany.com/yellow-sapphires/1.61ct-tanzanian-oval-yellow-sapphire-s45943/
S44100,$81,$123,0.66 Ct.,6.58,4.31,2.87,Yellow,Light,Slightly Included,Oval,Mixed Brilliant Cut,No Enhancement,Ceylon (Sri Lanka),https://www.thenaturalsapphirecompany.com/yellow-sapphires/0.66ct-ceylon-sri-lankan-oval-yellow-sapphire-s44100/
S15956,$630,$600,1.05 Ct.,5.96,4.78,3.92,Yellow,Medium,Very Slightly Included,Radiant,Radiant Cut,No Enhancement,Ceylon (Sri Lanka),https://www.thenaturalsapphirecompany.com/yellow-sapphires/1.05ct-ceylon-sri-lankan-radiant-yellow-sapphire-s15956/
S21635,"$1,540","$1,000",1.54 Ct.,6.01,5.98,4.16,Yellowish Green,Intense,Very Slightly Included,Asscher - Octagon,Asscher Cut,No Enhancement,Madagascar,https://www.thenaturalsapphirecompany.com/yellow-sapphires/1.54ct-madagascar-asscher-octagon-yellowish-green-sapphire-s21635/
S21653,"$15,035","$1,870",8.04 Ct.,14.84,10.15,6.09,Yellow,Vivid,Eye Clean,Oval,Mixed Brilliant Cut,Heat Treated,Ceylon (Sri Lanka),https://www.thenaturalsapphirecompany.com/yellow-sapphires/8.04ct-ceylon-sri-lankan-oval-yellow-sapphire-s21653/
S21655,"$22,275","$2,228",10.00 Ct.,14.16,10.84,8.31,Yellow,Vivid,Very Slightly Included,Oval,Mixed Brilliant Cut,No Enhancement,Ceylon (Sri Lanka),https://www.thenaturalsapphirecompany.com/yellow-sapphires/10.00ct-ceylon-sri-lankan-oval-yellow-sapphire-s21655/
S21656,"$26,496","$2,310",11.47 Ct.,15.13,11.65,7.6,Yellow,Medium,Very Slightly Included,Oval,Mixed Brilliant Cut,No Enhancement,Ceylon (Sri Lanka),https://www.thenaturalsapphirecompany.com/yellow-sapphires/11.47ct-ceylon-sri-lankan-oval-yellow-sapphire-s21656/
S21657,"$50,924","$2,900",17.56 Ct.,16.42,13.68,9.55,Yellow,Medium,Eye Clean,Oval,Mixed Brilliant Cut,No Enhancement,Ceylon (Sri Lanka),https://www.thenaturalsapphirecompany.com/yellow-sapphires/17.56ct-ceylon-sri-lankan-oval-yellow-sapphire-s21657/
S21658,"$24,874","$2,475",10.05 Ct.,11.83,11.27,8.11,Yellow,Vivid,Eye Clean,Cushion,Mixed Brilliant Cut,Heat Treated,Ceylon (Sri Lanka),https://www.thenaturalsapphirecompany.com/yellow-sapphires/10.05ct-ceylon-sri-lankan-cushion-yellow-sapphire-s21658/
S21659,"$28,359","$2,805",10.11 Ct.,13.57,11.15,7.58,Yellow,Intense,Very Slightly Included,Cushion,Mixed Brilliant Cut,No Enhancement,Ceylon (Sri Lanka),https://www.thenaturalsapphirecompany.com/yellow-sapphires/10.11ct-ceylon-sri-lankan-cushion-yellow-sapphire-s21659/
S21662,"$46,469","$3,100",14.99 Ct.,14.15,14.12,8.11,Yellow,Intense,Eye Clean,Cushion,Mixed Brilliant Cut,No Enhancement,Ceylon (Sri Lanka),https://www.thenaturalsapphirecompany.com/yellow-sapphires/14.99ct-ceylon-sri-lankan-cushion-yellow-sapphire-s21662/
S21663,"$36,050","$2,248",16.04 Ct.,14.78,14.23,7.75,Yellow,Intense,Eye Clean,Cushion,Mixed Brilliant Cut,Heat Treated,Ceylon (Sri Lanka),https://www.thenaturalsapphirecompany.com/yellow-sapphires/16.04ct-ceylon-sri-lankan-cushion-yellow-sapphire-s21663/
S21664,"$56,624","$1,960",28.89 Ct.,16.86,16.53,11.37,Yellow,Light,Eye Clean,Cushion,Mixed Brilliant Cut,No Enhancement,Ceylon (Sri Lanka),https://www.thenaturalsapphirecompany.com/yellow-sapphires/28.89ct-ceylon-sri-lankan-cushion-yellow-sapphire-s21664/
S21666,$632,$550,1.15 Ct.,6.26,6.24,3.39,Yellow,Intense,Very Slightly Included,Round,Mixed Brilliant Cut,Lattice Diffused,Ceylon (Sri Lanka),https://www.thenaturalsapphirecompany.com/yellow-sapphires/1.15ct-ceylon-sri-lankan-round-yellow-sapphire-s21666/
S21675,$399,$242,1.65 Ct.,7.94,5.63,4.21,Yellow,Medium,Very Slightly Included,Oval,Mixed Brilliant Cut,No Enhancement,Ceylon (Sri Lanka),https://www.thenaturalsapphirecompany.com/yellow-sapphires/1.65ct-ceylon-sri-lankan-oval-yellow-sapphire-s21675/
S21676,"$1,400",$558,2.51 Ct.,9.37,6.57,4.58,Orangish Yellow,Medium,Eye Clean,Oval,Mixed Brilliant Cut,Heat Treated,Ceylon (Sri Lanka),https://www.thenaturalsapphirecompany.com/yellow-sapphires/2.51ct-ceylon-sri-lankan-oval-orangish-yellow-sapphire-s21676/
S26476,$220,$176,1.25 Ct.,8.36,6.38,3.72,Yellow,Medium,Eye Clean,Pear,Mixed Brilliant Cut,No Enhancement,Ceylon (Sri Lanka),https://www.thenaturalsapphirecompany.com/yellow-sapphires/1.25ct-ceylon-sri-lankan-pear-yellow-sapphire-s26476/
S31018,"$1,700",$810,2.10 Ct.,7.65,7.64,4.73,Yellowish Green,Vivid,Very Slightly Included,Round,Mixed Brilliant Cut,Heat Treated,Madagascar,https://www.thenaturalsapphirecompany.com/yellow-sapphires/2.10ct-madagascar-round-yellowish-green-sapphire-s31018/
S31022,"$1,000",$645,1.55 Ct.,7.03,5.37,3.79,Yellowish Green,Faint,Very Slightly Included,Emerald Cut,Emerald Cut,No Enhancement,Madagascar,https://www.thenaturalsapphirecompany.com/yellow-sapphires/1.55ct-madagascar-emerald-cut-yellowish-green-sapphire-s31022/
S34860,$208,$800,0.26 Ct.,4.04,4.03,2.27,Yellowish Green,Light,Very Slightly Included,Round,Mixed Brilliant Cut,Heat Treated,Montana,https://www.thenaturalsapphirecompany.com/yellow-sapphires/0.26ct-montana-round-yellowish-green-sapphire-s34860/
S34861,$208,$800,0.26 Ct.,4.18,3.93,2.31,Yellowish Orange,Light,Slightly Included,Round,Mixed Brilliant Cut,Heat Treated,Montana,https://www.thenaturalsapphirecompany.com/yellow-sapphires/0.26ct-montana-round-yellowish-orange-sapphire-s34861/
S38269,$464,$400,1.16 Ct.,6.46,6.5,3.94,Yellow,Light,Very Slightly Included,Round,Mixed Brilliant Cut,No Enhancement,Ceylon (Sri Lanka),https://www.thenaturalsapphirecompany.com/yellow-sapphires/1.16ct-ceylon-sri-lankan-round-yellow-sapphire-s38269/
S41339,"$8,578","$3,108",2.76 Ct.,9.21,6.74,4.86,Yellowish Green,Medium,Very Very Slightly Included,Radiant,Radiant Cut,Heat Treated,Montana,https://www.thenaturalsapphirecompany.com/yellow-sapphires/2.76ct-montana-radiant-yellowish-green-sapphire-s41339/
S41341,"$1,928",$800,2.41 Ct.,7.86,9.1,4.9,Yellowish Green,Intense,Very Slightly Included,Trillion,Trillion Cut,Heat Treated,Montana,https://www.thenaturalsapphirecompany.com/yellow-sapphires/2.41ct-montana-trillion-yellowish-green-sapphire-s41341/
Y4841,"$2,000","$1,000",2.00 Ct.,7.9,5.95,3.9,Yellow,Medium,Very Slightly Included,Emerald Cut,Emerald Cut,No Enhancement,Ceylon (Sri Lanka),https://www.thenaturalsapphirecompany.com/yellow-sapphires/2.00ct-ceylon-sri-lankan-emerald-cut-yellow-sapphire-y4841/
S40300,"$9,765","$1,360",7.18 Ct.,19.42,9.49,5.45,Yellow,Intense,Very Slightly Included,Marquise,Mixed Brilliant Cut,No Enhancement,Ceylon (Sri Lanka),https://www.thenaturalsapphirecompany.com/yellow-sapphires/7.18ct-ceylon-sri-lankan-marquise-yellow-sapphire-s40300/
S48795,$354,$300,1.18 Ct.,6.4,5.19,3.83,Yellow,Medium,Slightly Included,Emerald Cut,Emerald Cut,Heat Treated,Ceylon (Sri Lanka),https://www.thenaturalsapphirecompany.com/yellow-sapphires/1.18ct-ceylon-sri-lankan-emerald-cut-yellow-sapphire-s48795/
S48783,$474,$300,1.58 Ct.,7.56,5.41,3.81,Yellow,Light,Very Very Slightly Included,Radiant,Radiant Cut,Heat Treated,Madagascar,https://www.thenaturalsapphirecompany.com/yellow-sapphires/1.58ct-madagascar-radiant-yellow-sapphire-s48783/
S48785,$604,$400,1.51 Ct.,7.76,6.41,3.7,Yellowish Green,Medium,Very Slightly Included,Oval,Mixed Brilliant Cut,Heat Treated,Madagascar,https://www.thenaturalsapphirecompany.com/yellow-sapphires/1.51ct-madagascar-oval-yellowish-green-sapphire-s48785/
S48786,$512,$330,1.55 Ct.,7.76,5.13,3.67,Yellow,Medium,Very Very Slightly Included,Radiant,Radiant Cut,Heat Treated,Ceylon (Sri Lanka),https://www.thenaturalsapphirecompany.com/yellow-sapphires/1.55ct-ceylon-sri-lankan-radiant-yellow-sapphire-s48786/
S37049,"$1,170",$770,1.52 Ct.,6.07,8.07,4.04,Orangish Yellow,Intense,Very Slightly Included,Heart,Mixed Brilliant Cut,Heat Treated,Africa,https://www.thenaturalsapphirecompany.com/yellow-sapphires/1.52ct-african-heart-orangish-yellow-sapphire-s37049/
S37050,"$1,164",$710,1.64 Ct.,6.47,6.07,4.54,Greenish Yellow,Intense,Very Slightly Included,Asscher - Octagon,Asscher Cut,No Enhancement,Africa,https://www.thenaturalsapphirecompany.com/yellow-sapphires/1.64ct-african-asscher-octagon-greenish-yellow-sapphire-s37050/
S43738,$500,$476,1.05 Ct.,6.23,5.28,3.8,Yellowish Green,Medium,Very Slightly Included,Oval,Mixed Brilliant Cut,No Enhancement,Tanzania,https://www.thenaturalsapphirecompany.com/yellow-sapphires/1.05ct-tanzanian-oval-yellowish-green-sapphire-s43738/
S43741,$400,$364,1.10 Ct.,6.86,6.03,2.89,Yellowish Green,Light,Very Very Slightly Included,Oval,Mixed Brilliant Cut,No Enhancement,Tanzania,https://www.thenaturalsapphirecompany.com/yellow-sapphires/1.10ct-tanzanian-oval-yellowish-green-sapphire-s43741/
S43743,$499,$462,1.08 Ct.,6.17,5.39,3.94,Yellowish Green,Intense,Very Very Slightly Included,Oval,Mixed Brilliant Cut,No Enhancement,Tanzania,https://www.thenaturalsapphirecompany.com/yellow-sapphires/1.08ct-tanzanian-oval-yellowish-green-sapphire-s43743/
S43747,$600,$465,1.29 Ct.,7.13,5.36,3.86,Yellowish Green,Intense,Slightly Included,Oval,Mixed Brilliant Cut,No Enhancement,Tanzania,https://www.thenaturalsapphirecompany.com/yellow-sapphires/1.29ct-tanzanian-oval-yellowish-green-sapphire-s43747/
S43751,$600,$526,1.14 Ct.,6.63,5.18,4.06,Yellowish Green,Intense,Very Very Slightly Included,Oval,Mixed Brilliant Cut,No Enhancement,Tanzania,https://www.thenaturalsapphirecompany.com/yellow-sapphires/1.14ct-tanzanian-oval-yellowish-green-sapphire-s43751/
S43757,$699,$564,1.24 Ct.,6.49,5.61,4.01,Yellowish Green,Intense,Very Slightly Included,Oval,Mixed Brilliant Cut,No Enhancement,Tanzania,https://www.thenaturalsapphirecompany.com/yellow-sapphires/1.24ct-tanzanian-oval-yellowish-green-sapphire-s43757/
S34559,"$1,188","$1,100",1.08 Ct.,6,5.71,3.33,Yellow,Light,Very Slightly Included,Princess,Princess Cut,No Enhancement,Madagascar,https://www.thenaturalsapphirecompany.com/yellow-sapphires/1.08ct-madagascar-princess-yellow-sapphire-s34559/
S37992,$120,$145,0.83 Ct.,5.71,5.69,3.6,Yellow,Medium,Slightly Included,Round,Mixed Brilliant Cut,No Enhancement,Ceylon (Sri Lanka),https://www.thenaturalsapphirecompany.com/yellow-sapphires/0.83ct-ceylon-sri-lankan-round-yellow-sapphire-s37992/
S37994,$260,$248,1.05 Ct.,6.39,4.61,3.97,Yellow,Intense,Very Very Slightly Included,Oval,Mixed Brilliant Cut,No Enhancement,Ceylon (Sri Lanka),https://www.thenaturalsapphirecompany.com/yellow-sapphires/1.05ct-ceylon-sri-lankan-oval-yellow-sapphire-s37994/
S48935,"$6,406","$2,313",2.77 Ct.,7.73,7.62,5.85,Yellowish Orange,Vivid,Eye Clean,Round,Mixed Brilliant Cut,Heat Treated,Ceylon (Sri Lanka),https://www.thenaturalsapphirecompany.com/yellow-sapphires/2.77ct-ceylon-sri-lankan-round-yellowish-orange-sapphire-s48935/
S4110,"$1,014",$600,1.69 Ct.,8.88,6.83,4.22,Yellow,Light,Very Slightly Included,Pear,Mixed Brilliant Cut,No Enhancement,Ceylon (Sri Lanka),https://www.thenaturalsapphirecompany.com/yellow-sapphires/1.69ct-ceylon-sri-lankan-pear-yellow-sapphire-s4110/
S43728,$500,$526,0.95 Ct.,6.11,4.89,3.79,Yellowish Green,Intense,Very Very Slightly Included,Oval,Mixed Brilliant Cut,No Enhancement,Tanzania,https://www.thenaturalsapphirecompany.com/yellow-sapphires/0.95ct-tanzanian-oval-yellowish-green-sapphire-s43728/
S43729,$500,$379,1.32 Ct.,7.02,4.99,4.41,Yellowish Green,Intense,Very Slightly Included,Oval,Mixed Brilliant Cut,No Enhancement,Tanzania,https://www.thenaturalsapphirecompany.com/yellow-sapphires/1.32ct-tanzanian-oval-yellowish-green-sapphire-s43729/
S43730,$501,$486,1.03 Ct.,6.52,5.37,3.51,Yellowish Green,Intense,Eye Clean,Oval,Mixed Brilliant Cut,No Enhancement,Tanzania,https://www.thenaturalsapphirecompany.com/yellow-sapphires/1.03ct-tanzanian-oval-yellowish-green-sapphire-s43730/
S43731,$499,$480,1.04 Ct.,6.7,5.75,3.11,Yellowish Green,Medium,Eye Clean,Oval,Mixed Brilliant Cut,No Enhancement,Tanzania,https://www.thenaturalsapphirecompany.com/yellow-sapphires/1.04ct-tanzanian-oval-yellowish-green-sapphire-s43731/
S43733,$500,$476,1.05 Ct.,6.69,5.3,3.54,Yellowish Green,Intense,Eye Clean,Oval,Mixed Brilliant Cut,No Enhancement,Tanzania,https://www.thenaturalsapphirecompany.com/yellow-sapphires/1.05ct-tanzanian-oval-yellowish-green-sapphire-s43733/
S43734,$400,$392,1.02 Ct.,6.13,5.06,3.74,Yellowish Green,Intense,Very Slightly Included,Oval,Mixed Brilliant Cut,No Enhancement,Tanzania,https://www.thenaturalsapphirecompany.com/yellow-sapphires/1.02ct-tanzanian-oval-yellowish-green-sapphire-s43734/
S45780,$500,$331,1.51 Ct.,6.69,5.38,4.4,Yellow,Light,Slightly Included,Cushion,Mixed Brilliant Cut,Heat Treated,Ceylon (Sri Lanka),https://www.thenaturalsapphirecompany.com/yellow-sapphires/1.51ct-ceylon-sri-lankan-cushion-yellow-sapphire-s45780/
S45781,$500,$467,1.07 Ct.,5.96,5.34,3.45,Yellow,Light,Very Slightly Included,Asscher - Octagon,Asscher Cut,Heat Treated,Ceylon (Sri Lanka),https://www.thenaturalsapphirecompany.com/yellow-sapphires/1.07ct-ceylon-sri-lankan-asscher-octagon-yellow-sapphire-s45781/
S45784,"$1,600",$762,2.10 Ct.,7.51,5.9,4.37,Yellow,Light,Very Slightly Included,Emerald Cut,Emerald Cut,Heat Treated,Ceylon (Sri Lanka),https://www.thenaturalsapphirecompany.com/yellow-sapphires/2.10ct-ceylon-sri-lankan-emerald-cut-yellow-sapphire-s45784/
S21131,"$1,848",$800,2.31 Ct.,8.91,7.11,4.29,Yellow,Intense,Very Very Slightly Included,Cushion,Mixed Brilliant Cut,No Enhancement,Ceylon (Sri Lanka),https://www.thenaturalsapphirecompany.com/yellow-sapphires/2.31ct-ceylon-sri-lankan-cushion-yellow-sapphire-s21131/
S21141,"$1,908",$900,2.12 Ct.,8.51,6.6,4.88,Yellow,Intense,Very Slightly Included,Oval,Mixed Brilliant Cut,No Enhancement,Ceylon (Sri Lanka),https://www.thenaturalsapphirecompany.com/yellow-sapphires/2.12ct-ceylon-sri-lankan-oval-yellow-sapphire-s21141/
S21145,"$1,600",$800,2.00 Ct.,9.62,6.64,4.21,Yellow,Intense,Very Very Slightly Included,Pear,Mixed Brilliant Cut,No Enhancement,Ceylon (Sri Lanka),https://www.thenaturalsapphirecompany.com/yellow-sapphires/2.00ct-ceylon-sri-lankan-pear-yellow-sapphire-s21145/
S21148,"$2,208",$800,2.76 Ct.,10.95,7.16,4.86,Yellow,Medium,Eye Clean,Pear,Mixed Brilliant Cut,No Enhancement,Ceylon (Sri Lanka),https://www.thenaturalsapphirecompany.com/yellow-sapphires/2.76ct-ceylon-sri-lankan-pear-yellow-sapphire-s21148/
S21150,"$1,536",$800,1.92 Ct.,8.43,6.73,4.79,Yellow,Medium,Very Slightly Included,Pear,Mixed Brilliant Cut,No Enhancement,Ceylon (Sri Lanka),https://www.thenaturalsapphirecompany.com/yellow-sapphires/1.92ct-ceylon-sri-lankan-pear-yellow-sapphire-s21150/
S21155,"$3,340","$1,000",3.34 Ct.,9.35,6.85,5.86,Yellow,Medium,Very Slightly Included,Oval,Mixed Brilliant Cut,No Enhancement,Ceylon (Sri Lanka),https://www.thenaturalsapphirecompany.com/yellow-sapphires/3.34ct-ceylon-sri-lankan-oval-yellow-sapphire-s21155/
S21157,"$1,880",$800,2.35 Ct.,6.92,6.87,5.8,Yellowish Brown,Medium,Very Slightly Included,Cushion,Mixed Brilliant Cut,No Enhancement,Ceylon (Sri Lanka),https://www.thenaturalsapphirecompany.com/yellow-sapphires/2.35ct-ceylon-sri-lankan-cushion-yellowish-brown-sapphire-s21157/
S21158,"$2,240",$800,2.80 Ct.,9.69,7.82,5.03,Yellow,Intense,Very Slightly Included,Pear,Mixed Brilliant Cut,No Enhancement,Ceylon (Sri Lanka),https://www.thenaturalsapphirecompany.com/yellow-sapphires/2.80ct-ceylon-sri-lankan-pear-yellow-sapphire-s21158/
S21161,"$1,800",$900,2.00 Ct.,8.27,7.03,4.51,Yellow,Light,Very Very Slightly Included,Oval,Mixed Brilliant Cut,No Enhancement,Ceylon (Sri Lanka),https://www.thenaturalsapphirecompany.com/yellow-sapphires/2.00ct-ceylon-sri-lankan-oval-yellow-sapphire-s21161/
S34593,"$2,754","$1,350",2.04 Ct.,8.05,6.29,4.12,Yellowish Green,Vivid,Very Slightly Included,Emerald Cut,Emerald Cut,Heat Treated,Ceylon (Sri Lanka),https://www.thenaturalsapphirecompany.com/yellow-sapphires/2.04ct-ceylon-sri-lankan-emerald-cut-yellowish-green-sapphire-s34593/
S38005,$656,$800,0.82 Ct.,4.91,4.79,3.59,Yellowish Green,Medium,Very Slightly Included,Princess,Princess Cut,Heat Treated,Montana,https://www.thenaturalsapphirecompany.com/yellow-sapphires/0.82ct-montana-princess-yellowish-green-sapphire-s38005/
S38007,$260,$245,1.06 Ct.,6.59,5.22,3.87,Yellow,Light,Very Very Slightly Included,Pear,Mixed Brilliant Cut,No Enhancement,Ceylon (Sri Lanka),https://www.thenaturalsapphirecompany.com/yellow-sapphires/1.06ct-ceylon-sri-lankan-pear-yellow-sapphire-s38007/
S38009,$200,$150,1.33 Ct.,7.28,4.73,3.53,Yellow,Intense,Slightly Included,Emerald Cut,Emerald Cut,No Enhancement,Ceylon (Sri Lanka),https://www.thenaturalsapphirecompany.com/yellow-sapphires/1.33ct-ceylon-sri-lankan-emerald-cut-yellow-sapphire-s38009/
S38015,$240,$168,1.43 Ct.,7.57,6.35,3.26,Yellow,Light,Very Very Slightly Included,Oval,Mixed Brilliant Cut,No Enhancement,Ceylon (Sri Lanka),https://www.thenaturalsapphirecompany.com/yellow-sapphires/1.43ct-ceylon-sri-lankan-oval-yellow-sapphire-s38015/
S38020,$220,$168,1.31 Ct.,6,5.37,4.16,Yellow,Intense,Very Slightly Included,Cushion,Mixed Brilliant Cut,No Enhancement,Ceylon (Sri Lanka),https://www.thenaturalsapphirecompany.com/yellow-sapphires/1.31ct-ceylon-sri-lankan-cushion-yellow-sapphire-s38020/
S38021,$520,$400,1.30 Ct.,9.44,4.93,3.66,Yellow,Intense,Very Very Slightly Included,Pear,Mixed Brilliant Cut,No Enhancement,Ceylon (Sri Lanka),https://www.thenaturalsapphirecompany.com/yellow-sapphires/1.30ct-ceylon-sri-lankan-pear-yellow-sapphire-s38021/
S38022,$280,$308,0.91 Ct.,7.16,4.61,3.9,Yellow,Intense,Slightly Included,Fancy,Step Cut,No Enhancement,Ceylon (Sri Lanka),https://www.thenaturalsapphirecompany.com/yellow-sapphires/0.91ct-ceylon-sri-lankan-fancy-yellow-sapphire-s38022/
S38025,$260,$195,1.33 Ct.,6.97,5.28,4.02,Yellow,Intense,Very Slightly Included,Oval,Mixed Brilliant Cut,No Enhancement,Ceylon (Sri Lanka),https://www.thenaturalsapphirecompany.com/yellow-sapphires/1.33ct-ceylon-sri-lankan-oval-yellow-sapphire-s38025/
S41111,$686,$440,1.56 Ct.,7.51,5.74,4.28,Yellowish Green,Intense,Very Slightly Included,Oval,Mixed Brilliant Cut,No Enhancement,Africa,https://www.thenaturalsapphirecompany.com/yellow-sapphires/1.56ct-african-oval-yellowish-green-black-opal-s41111/
S21175,$200,$154,1.30 Ct.,7.03,5.68,3.53,Yellow,Light,Slightly Included,Cushion,Mixed Brilliant Cut,No Enhancement,Ceylon (Sri Lanka),https://www.thenaturalsapphirecompany.com/yellow-sapphires/1.30ct-ceylon-sri-lankan-cushion-yellow-sapphire-s21175/
S21176,$200,$182,1.10 Ct.,6.55,7.14,3.49,Yellow,Light,Very Slightly Included,Heart,Mixed Brilliant Cut,No Enhancement,Ceylon (Sri Lanka),https://www.thenaturalsapphirecompany.com/yellow-sapphires/1.10ct-ceylon-sri-lankan-heart-yellow-sapphire-s21176/
S21177,$200,$200,1.00 Ct.,6.09,6.61,3.46,Yellow,Light,Slightly Included,Heart,Mixed Brilliant Cut,No Enhancement,Ceylon (Sri Lanka),https://www.thenaturalsapphirecompany.com/yellow-sapphires/1.00ct-ceylon-sri-lankan-heart-yellow-sapphire-s21177/
S21191,$200,$144,1.39 Ct.,7.03,5.64,3.86,Yellow,Faint,Slightly Included,Radiant,Radiant Cut,No Enhancement,Ceylon (Sri Lanka),https://www.thenaturalsapphirecompany.com/yellow-sapphires/1.39ct-ceylon-sri-lankan-radiant-yellow-sapphire-s21191/
S21200,"$5,048","$1,573",3.21 Ct.,8.09,7.82,5.82,Orangish Yellow,Vivid,Eye Clean,Cushion,Mixed Brilliant Cut,Heat Treated,Ceylon (Sri Lanka),https://www.thenaturalsapphirecompany.com/yellow-sapphires/3.21ct-ceylon-sri-lankan-cushion-orangish-yellow-sapphire-s21200/
S26185,$740,$400,1.85 Ct.,6.53,6.52,4.57,Yellow,Faint,Eye Clean,Asscher - Octagon,Asscher Cut,No Enhancement,Ceylon (Sri Lanka),https://www.thenaturalsapphirecompany.com/yellow-sapphires/1.85ct-ceylon-sri-lankan-asscher-octagon-yellow-sapphire-s26185/
S26187,$916,$400,2.29 Ct.,8.49,6.11,3.86,Yellow,Light,Very Slightly Included,Emerald Cut,Emerald Cut,No Enhancement,Ceylon (Sri Lanka),https://www.thenaturalsapphirecompany.com/yellow-sapphires/2.29ct-ceylon-sri-lankan-emerald-cut-yellow-sapphire-s26187/
S30746,"$1,584","$1,200",1.32 Ct.,6.44,6.42,4.31,Greenish Yellow,Light,Very Slightly Included,Round,Mixed Brilliant Cut,Heat Treated,Montana,https://www.thenaturalsapphirecompany.com/yellow-sapphires/1.32ct-montana-round-greenish-yellow-sapphire-s30746/
S30759,"$1,000",$667,1.50 Ct.,6.69,5.57,4.39,Yellowish Green,Intense,Slightly Included,Radiant,Radiant Cut,No Enhancement,Madagascar,https://www.thenaturalsapphirecompany.com/yellow-sapphires/1.50ct-madagascar-radiant-yellowish-green-sapphire-s30759/
S34637,$600,$390,1.54 Ct.,6.82,5.55,4.78,Yellow,Medium,Very Slightly Included,Oval,Mixed Brilliant Cut,No Enhancement,Ceylon (Sri Lanka),https://www.thenaturalsapphirecompany.com/yellow-sapphires/1.54ct-ceylon-sri-lankan-oval-yellow-sapphire-s34637/
S38038,"$3,630","$1,040",3.49 Ct.,10.1,7.38,6.18,Yellow,Light,Very Very Slightly Included,Pear,Mixed Brilliant Cut,No Enhancement,Ceylon (Sri Lanka),https://www.thenaturalsapphirecompany.com/yellow-sapphires/3.49ct-ceylon-sri-lankan-pear-yellow-sapphire-s38038/
S38039,"$11,399","$1,647",6.92 Ct.,12.8,8.26,7.62,Yellow,Intense,Eye Clean,Oval,Mixed Brilliant Cut,No Enhancement,Ceylon (Sri Lanka),https://www.thenaturalsapphirecompany.com/yellow-sapphires/6.92ct-ceylon-sri-lankan-oval-yellow-sapphire-s38039/
S38045,"$3,870","$1,000",3.87 Ct.,16.12,6.98,4.5,Yellowish Green,Intense,Very Slightly Included,Pear,Mixed Brilliant Cut,No Enhancement,Madagascar,https://www.thenaturalsapphirecompany.com/yellow-sapphires/3.87ct-madagascar-pear-yellowish-green-sapphire-s38045/
S21237,$508,$400,1.27 Ct.,7.17,4.08,3.81,Greenish Yellow,Medium,Very Slightly Included,Emerald Cut,Emerald Cut,Heat Treated,Ceylon (Sri Lanka),https://www.thenaturalsapphirecompany.com/yellow-sapphires/1.27ct-ceylon-sri-lankan-emerald-cut-greenish-yellow-sapphire-s21237/
S26211,"$2,002","$1,300",1.54 Ct.,6.51,6.49,4.6,Yellow,Medium,Slightly Included,Round,Mixed Brilliant Cut,No Enhancement,Ceylon (Sri Lanka),https://www.thenaturalsapphirecompany.com/yellow-sapphires/1.54ct-ceylon-sri-lankan-round-yellow-sapphire-s26211/
S26212,"$1,989","$1,300",1.53 Ct.,7.93,5.94,3.98,Yellow,Medium,Slightly Included,Oval,Mixed Brilliant Cut,No Enhancement,Ceylon (Sri Lanka),https://www.thenaturalsapphirecompany.com/yellow-sapphires/1.53ct-ceylon-sri-lankan-oval-yellow-sapphire-s26212/
S30774,$500,$446,1.12 Ct.,6.59,5.01,3.2,Greenish Yellow,Medium,Very Very Slightly Included,Emerald Cut,Emerald Cut,No Enhancement,Madagascar,https://www.thenaturalsapphirecompany.com/yellow-sapphires/1.12ct-madagascar-emerald-cut-greenish-yellow-sapphire-s30774/
S30792,$700,$385,1.82 Ct.,10.12,5.37,4.22,Yellow,Intense,Eye Clean,Marquise,Mixed Brilliant Cut,No Enhancement,Ceylon (Sri Lanka),https://www.thenaturalsapphirecompany.com/yellow-sapphires/1.82ct-ceylon-sri-lankan-marquise-yellow-sapphire-s30792/
S30793,"$2,799","$1,102",2.54 Ct.,8.28,5.9,5.08,Yellow,Medium,Very Slightly Included,Cushion,Mixed Brilliant Cut,No Enhancement,Ceylon (Sri Lanka),https://www.thenaturalsapphirecompany.com/yellow-sapphires/2.54ct-ceylon-sri-lankan-cushion-yellow-sapphire-s30793/
S30794,$800,$684,1.17 Ct.,9,5.97,2.93,Orangish Yellow,Medium,Very Very Slightly Included,Pear,Mixed Brilliant Cut,No Enhancement,Ceylon (Sri Lanka),https://www.thenaturalsapphirecompany.com/yellow-sapphires/1.17ct-ceylon-sri-lankan-pear-orangish-yellow-sapphire-s30794/
S30795,"$1,340",$838,1.60 Ct.,7.14,6.05,3.88,Yellow,Intense,Very Very Slightly Included,Emerald Cut,Emerald Cut,No Enhancement,Ceylon (Sri Lanka),https://www.thenaturalsapphirecompany.com/yellow-sapphires/1.60ct-ceylon-sri-lankan-emerald-cut-yellow-sapphire-s30795/
S34663,"$3,591","$1,350",2.66 Ct.,7.77,7.2,5.02,Yellow,Intense,Very Very Slightly Included,Radiant,Radiant Cut,No Enhancement,Ceylon (Sri Lanka),https://www.thenaturalsapphirecompany.com/yellow-sapphires/2.66ct-ceylon-sri-lankan-radiant-yellow-sapphire-s34663/
S38054,"$6,137","$1,295",4.74 Ct.,13.72,8.55,5.54,Yellow,Vivid,Very Slightly Included,Pear,Mixed Brilliant Cut,No Enhancement,Ceylon (Sri Lanka),https://www.thenaturalsapphirecompany.com/yellow-sapphires/4.74ct-ceylon-sri-lankan-pear-yellow-sapphire-s38054/
S41175,$281,$260,1.08 Ct.,7.36,5.64,3.37,Yellow,Intense,Very Very Slightly Included,Oval,Mixed Brilliant Cut,No Enhancement,Ceylon (Sri Lanka),https://www.thenaturalsapphirecompany.com/yellow-sapphires/1.08ct-ceylon-sri-lankan-oval-yellow-sapphire-s41175/
S41176,$228,$224,1.02 Ct.,6.12,4.56,3.85,Yellow,Intense,Very Slightly Included,Cushion,Mixed Brilliant Cut,No Enhancement,Ceylon (Sri Lanka),https://www.thenaturalsapphirecompany.com/yellow-sapphires/1.02ct-ceylon-sri-lankan-cushion-yellow-sapphire-s41176/
U16084,"$1,328",$800,1.66 Ct.,7.97,5.66,3.99,Yellowish Green,Medium,Very Slightly Included,Cushion,Mixed Brilliant Cut,Heat Treated,Madagascar,https://www.thenaturalsapphirecompany.com/yellow-sapphires/1.66ct-madagascar-cushion-yellowish-green-sapphire-u16084/
U16104,"$1,296",$800,1.62 Ct.,6.55,5.89,4.12,Yellowish Green,Medium,Very Slightly Included,Emerald Cut,Emerald Cut,No Enhancement,Madagascar,https://www.thenaturalsapphirecompany.com/yellow-sapphires/1.62ct-madagascar-emerald-cut-yellowish-green-sapphire-u16104/
Y4710,$212,$200,1.06 Ct.,5.99,5.27,3.59,Yellow,Medium,Very Slightly Included,Cushion,Mixed Brilliant Cut,Heat Treated,Ceylon (Sri Lanka),https://www.thenaturalsapphirecompany.com/yellow-sapphires/1.06ct-ceylon-sri-lankan-cushion-yellow-sapphire-y4710/
S48846,"$14,423","$2,380",6.06 Ct.,11.1,9.35,5.95,Yellow,Medium,Very Very Slightly Included,Emerald Cut,Emerald Cut,No Enhancement,Ceylon (Sri Lanka),https://www.thenaturalsapphirecompany.com/yellow-sapphires/6.06ct-ceylon-sri-lankan-emerald-cut-yellow-sapphire-s48846/
S41389,"$1,001","$1,100",0.91 Ct.,6.48,5.26,3.14,Yellowish Green,Light,Very Slightly Included,Cushion,Mixed Brilliant Cut,Heat Treated,Montana,https://www.thenaturalsapphirecompany.com/yellow-sapphires/0.91ct-montana-cushion-yellowish-green-sapphire-s41389/
S41395,"$1,001","$1,100",0.91 Ct.,6.37,5.15,3.09,Yellowish Green,Medium,Very Slightly Included,Cushion,Mixed Brilliant Cut,Heat Treated,Montana,https://www.thenaturalsapphirecompany.com/yellow-sapphires/0.91ct-montana-cushion-yellowish-green-sapphire-s41395/
S4140,"$1,568",$800,1.96 Ct.,10.38,6.44,4.03,Yellow,Medium,Eye Clean,Pear,Mixed Brilliant Cut,No Enhancement,Ceylon (Sri Lanka),https://www.thenaturalsapphirecompany.com/yellow-sapphires/1.96ct-ceylon-sri-lankan-pear-yellow-sapphire-s4140/
S46153,$500,$476,1.05 Ct.,6.97,4.57,3.65,Yellowish Green,Light,Slightly Included,Oval,Mixed Brilliant Cut,Heat Treated,Ceylon (Sri Lanka),https://www.thenaturalsapphirecompany.com/yellow-sapphires/1.05ct-ceylon-sri-lankan-oval-yellowish-green-sapphire-s46153/
S46165,$400,$526,0.76 Ct.,5.4,5.4,3.66,Yellowish Green,Medium,Very Slightly Included,Round,Mixed Brilliant Cut,Heat Treated,Ceylon (Sri Lanka),https://www.thenaturalsapphirecompany.com/yellow-sapphires/0.76ct-ceylon-sri-lankan-round-yellowish-green-sapphire-s46165/
S46169,$400,$625,0.64 Ct.,5.61,5.61,2.73,Greenish Yellow,Light,Slightly Included,Round,Mixed Brilliant Cut,Heat Treated,Ceylon (Sri Lanka),https://www.thenaturalsapphirecompany.com/yellow-sapphires/0.64ct-ceylon-sri-lankan-round-greenish-yellow-sapphire-s46169/
S46173,$500,$602,0.83 Ct.,7.22,3.94,2.94,Yellow,Faint,Very Very Slightly Included,Radiant,Radiant Cut,Heat Treated,Ceylon (Sri Lanka),https://www.thenaturalsapphirecompany.com/yellow-sapphires/0.83ct-ceylon-sri-lankan-radiant-yellow-sapphire-s46173/
S28746,"$8,146","$1,573",5.18 Ct.,13.64,8.26,6.33,Yellowish Orange,Vivid,Eye Clean,Pear,Mixed Brilliant Cut,Heat Treated,Ceylon (Sri Lanka),https://www.thenaturalsapphirecompany.com/yellow-sapphires/5.18ct-ceylon-sri-lankan-pear-yellowish-orange-sapphire-s28746/
U15872,$585,$500,1.17 Ct.,6.61,6.59,3.85,Orangish Yellow,Vivid,Very Slightly Included,Trillion,Trillion Cut,Heat Treated,Ceylon (Sri Lanka),https://www.thenaturalsapphirecompany.com/yellow-sapphires/1.17ct-ceylon-sri-lankan-trillion-orangish-yellow-sapphire-u15872/
U15874,$204,$300,0.68 Ct.,5.21,5.15,3.39,Yellowish Orange,Intense,Very Slightly Included,Cushion,Mixed Brilliant Cut,Heat Treated,Ceylon (Sri Lanka),https://www.thenaturalsapphirecompany.com/yellow-sapphires/0.68ct-ceylon-sri-lankan-cushion-yellowish-orange-sapphire-u15874/
U15876,$245,$350,0.70 Ct.,5.24,5.19,3.42,Yellowish Orange,Vivid,Very Slightly Included,Cushion,Mixed Brilliant Cut,Heat Treated,Ceylon (Sri Lanka),https://www.thenaturalsapphirecompany.com/yellow-sapphires/0.70ct-ceylon-sri-lankan-cushion-yellowish-orange-sapphire-u15876/
U15877,$277,$351,0.79 Ct.,5.17,5.13,3.8,Yellowish Orange,Intense,Very Slightly Included,Cushion,Mixed Brilliant Cut,Heat Treated,Ceylon (Sri Lanka),https://www.thenaturalsapphirecompany.com/yellow-sapphires/0.79ct-ceylon-sri-lankan-cushion-yellowish-orange-sapphire-u15877/
U15878,$245,$350,0.70 Ct.,5.14,5.09,3.54,Yellowish Orange,Vivid,Very Slightly Included,Cushion,Mixed Brilliant Cut,Heat Treated,Ceylon (Sri Lanka),https://www.thenaturalsapphirecompany.com/yellow-sapphires/0.70ct-ceylon-sri-lankan-cushion-yellowish-orange-sapphire-u15878/
U15879,$505,$500,1.01 Ct.,6.12,6.03,4.07,Yellowish Orange,Intense,Very Slightly Included,Round,Mixed Brilliant Cut,Heat Treated,Ceylon (Sri Lanka),https://www.thenaturalsapphirecompany.com/yellow-sapphires/1.01ct-ceylon-sri-lankan-round-yellowish-orange-sapphire-u15879/
U15881,$374,$451,0.83 Ct.,5.92,5.8,3.68,Yellowish Orange,Intense,Eye Clean,Round,Mixed Brilliant Cut,Heat Treated,Ceylon (Sri Lanka),https://www.thenaturalsapphirecompany.com/yellow-sapphires/0.83ct-ceylon-sri-lankan-round-yellowish-orange-sapphire-u15881/
S15683,$242,$200,1.21 Ct.,6.44,6.5,3.55,Yellow,Light,Very Slightly Included,Round,Mixed Brilliant Cut,No Enhancement,Ceylon (Sri Lanka),https://www.thenaturalsapphirecompany.com/yellow-sapphires/1.21ct-ceylon-sri-lankan-round-yellow-sapphire-s15683/
S15688,$340,$200,1.70 Ct.,7.77,6.24,4.27,Yellow,Light,Very Slightly Included,Oval,Mixed Brilliant Cut,No Enhancement,Ceylon (Sri Lanka),https://www.thenaturalsapphirecompany.com/yellow-sapphires/1.70ct-ceylon-sri-lankan-oval-yellow-sapphire-s15688/
S30800,$600,$345,1.74 Ct.,7.71,5.99,4.34,Greenish Yellow,Faint,Very Very Slightly Included,Oval,Mixed Brilliant Cut,No Enhancement,Ceylon (Sri Lanka),https://www.thenaturalsapphirecompany.com/yellow-sapphires/1.74ct-ceylon-sri-lankan-oval-greenish-yellow-sapphire-s30800/
S30802,"$1,000",$847,1.18 Ct.,7.8,5.52,2.98,Orangish Yellow,Vivid,Very Very Slightly Included,Cushion,Mixed Brilliant Cut,Heat Treated,Ceylon (Sri Lanka),https://www.thenaturalsapphirecompany.com/yellow-sapphires/1.18ct-ceylon-sri-lankan-cushion-orangish-yellow-sapphire-s30802/
S30803,"$1,000",$690,1.45 Ct.,6.88,4.89,3.97,Yellow,Intense,Eye Clean,Emerald Cut,Emerald Cut,Heat Treated,Ceylon (Sri Lanka),https://www.thenaturalsapphirecompany.com/yellow-sapphires/1.45ct-ceylon-sri-lankan-emerald-cut-yellow-sapphire-s30803/
S38874,"$5,859",$525,11.16 Ct.,13.15,10.24,10.42,Yellow,Light,Very Slightly Included,Oval,Mixed Brilliant Cut,No Enhancement,Ceylon (Sri Lanka),https://www.thenaturalsapphirecompany.com/yellow-sapphires/11.16ct-ceylon-sri-lankan-oval-yellow-sapphire-s38874/
S38077,$553,$700,0.79 Ct.,7.16,6.19,2.1,Yellowish Green,Light,Slightly Included,Fancy,Step Cut,Heat Treated,Montana,https://www.thenaturalsapphirecompany.com/yellow-sapphires/0.79ct-montana-fancy-yellowish-green-sapphire-s38077/
U15375,$850,"$1,000",0.85 Ct.,5.04,4.4,3.95,Greenish Yellow,Medium,Very Slightly Included,Radiant,Radiant Cut,Heat Treated,Montana,https://www.thenaturalsapphirecompany.com/yellow-sapphires/0.85ct-montana-radiant-greenish-yellow-sapphire-u15375/
U15384,$740,"$1,000",0.74 Ct.,6.39,4.48,3.5,Greenish Yellow,Intense,Very Slightly Included,Oval,Mixed Brilliant Cut,Heat Treated,Montana,https://www.thenaturalsapphirecompany.com/yellow-sapphires/0.74ct-montana-oval-greenish-yellow-sapphire-u15384/
U15406,"$2,299","$1,100",2.09 Ct.,7.61,8.69,4.28,Yellowish Green,Intense,Very Slightly Included,Heart,Mixed Brilliant Cut,Heat Treated,Ceylon (Sri Lanka),https://www.thenaturalsapphirecompany.com/yellow-sapphires/2.09ct-ceylon-sri-lankan-heart-yellowish-green-sapphire-u15406/
Y5537,$133,$251,0.53 Ct.,5.1,5.01,3.16,Yellow,Light,Very Slightly Included,Round,Mixed Brilliant Cut,No Enhancement,Ceylon (Sri Lanka),https://www.thenaturalsapphirecompany.com/yellow-sapphires/0.53ct-ceylon-sri-lankan-round-yellow-sapphire-y5537/
Y5506,"$1,102",$540,2.04 Ct.,7.65,6.38,4.23,Yellow,Medium,Slightly Included,Emerald Cut,Emerald Cut,Heat Treated,Ceylon (Sri Lanka),https://www.thenaturalsapphirecompany.com/yellow-sapphires/2.04ct-ceylon-sri-lankan-emerald-cut-yellow-sapphire-y5506/
Y5507,$629,$480,1.31 Ct.,7.17,5.02,3.73,Yellow,Light,Very Slightly Included,Radiant,Radiant Cut,Heat Treated,Ceylon (Sri Lanka),https://www.thenaturalsapphirecompany.com/yellow-sapphires/1.31ct-ceylon-sri-lankan-radiant-yellow-sapphire-y5507/
S48886,"$3,454","$2,200",1.57 Ct.,7.31,7.22,4.61,Yellowish Green,Intense,Very Very Slightly Included,Round,Mixed Brilliant Cut,No Enhancement,Madagascar,https://www.thenaturalsapphirecompany.com/yellow-sapphires/1.57ct-madagascar-round-yellowish-green-sapphire-s48886/
S34971,"$3,618","$1,800",2.01 Ct.,11.62,5.88,4.04,Yellowish Orange,Light,Very Slightly Included,Marquise,Mixed Brilliant Cut,No Enhancement,Ceylon (Sri Lanka),https://www.thenaturalsapphirecompany.com/yellow-sapphires/2.01ct-ceylon-sri-lankan-marquise-yellowish-orange-sapphire-s34971/
S48788,$525,$320,1.64 Ct.,9.61,5.64,3.88,Yellow,Light,Slightly Included,Pear,Mixed Brilliant Cut,Heat Treated,Ceylon (Sri Lanka),https://www.thenaturalsapphirecompany.com/yellow-sapphires/1.64ct-ceylon-sri-lankan-pear-yellow-sapphire-s48788/
S48836,"$8,595","$2,127",4.04 Ct.,9.75,7.33,6.07,Yellow,Light,Eye Clean,Cushion,Mixed Brilliant Cut,No Enhancement,Ceylon (Sri Lanka),https://www.thenaturalsapphirecompany.com/yellow-sapphires/4.04ct-ceylon-sri-lankan-cushion-yellow-sapphire-s48836/
S48837,"$16,867","$2,392",7.05 Ct.,10.69,9.83,6.72,Yellow,Medium,Very Slightly Included,Cushion,Mixed Brilliant Cut,No Enhancement,Ceylon (Sri Lanka),https://www.thenaturalsapphirecompany.com/yellow-sapphires/7.05ct-ceylon-sri-lankan-cushion-yellow-sapphire-s48837/
S48838,"$19,246","$2,640",7.29 Ct.,11.22,10.78,6.67,Yellow,Light,Very Very Slightly Included,Cushion,Mixed Brilliant Cut,No Enhancement,Ceylon (Sri Lanka),https://www.thenaturalsapphirecompany.com/yellow-sapphires/7.29ct-ceylon-sri-lankan-cushion-yellow-sapphire-s48838/
S47378,$330,$300,1.10 Ct.,5.3,5.2,4.5,Yellow,Light,Slightly Included,Cushion,Mixed Brilliant Cut,Heat Treated,Ceylon (Sri Lanka),https://www.thenaturalsapphirecompany.com/yellow-sapphires/1.10ct-ceylon-sri-lankan-cushion-yellow-sapphire-s47378/
S47379,$795,$500,1.59 Ct.,6.39,6.4,4.98,Yellow,Intense,Slightly Included,Round,Mixed Brilliant Cut,Heat Treated,Ceylon (Sri Lanka),https://www.thenaturalsapphirecompany.com/yellow-sapphires/1.59ct-ceylon-sri-lankan-round-yellow-sapphire-s47379/
S46973,$300,$390,0.77 Ct.,5.14,4.82,3.1,Yellowish Green,Intense,Slightly Included,Radiant,Radiant Cut,No Enhancement,Tanzania,https://www.thenaturalsapphirecompany.com/yellow-sapphires/0.77ct-tanzanian-radiant-yellowish-green-sapphire-s46973/
S4120,"$1,864",$800,2.33 Ct.,11.07,6.69,4.34,Yellow,Light,Eye Clean,Pear,Mixed Brilliant Cut,No Enhancement,Ceylon (Sri Lanka),https://www.thenaturalsapphirecompany.com/yellow-sapphires/2.33ct-ceylon-sri-lankan-pear-yellow-sapphire-s4120/
S15728,$426,$300,1.42 Ct.,7.26,7.25,3.85,Yellow,Medium,Very Slightly Included,Round,Mixed Brilliant Cut,No Enhancement,Ceylon (Sri Lanka),https://www.thenaturalsapphirecompany.com/yellow-sapphires/1.42ct-ceylon-sri-lankan-round-yellow-sapphire-s15728/
S15729,$504,$300,1.68 Ct.,6.43,6.45,4.91,Yellow,Medium,Very Slightly Included,Round,Mixed Brilliant Cut,No Enhancement,Ceylon (Sri Lanka),https://www.thenaturalsapphirecompany.com/yellow-sapphires/1.68ct-ceylon-sri-lankan-round-yellow-sapphire-s15729/
S15731,$612,$300,2.04 Ct.,7.6,7.59,4.66,Yellow,Medium,Very Slightly Included,Round,Mixed Brilliant Cut,No Enhancement,Ceylon (Sri Lanka),https://www.thenaturalsapphirecompany.com/yellow-sapphires/2.04ct-ceylon-sri-lankan-round-yellow-sapphire-s15731/
S21310,$242,$200,1.21 Ct.,6.84,5.49,3.6,Yellowish Green,Medium,Very Slightly Included,Radiant,Radiant Cut,Heat Treated,Madagascar,https://www.thenaturalsapphirecompany.com/yellow-sapphires/1.21ct-madagascar-radiant-yellowish-green-sapphire-s21310/
S21315,$200,$244,0.82 Ct.,5.98,4.22,3.11,Greenish Yellow,Intense,Very Slightly Included,Emerald Cut,Emerald Cut,Heat Treated,Madagascar,https://www.thenaturalsapphirecompany.com/yellow-sapphires/0.82ct-madagascar-emerald-cut-greenish-yellow-sapphire-s21315/
S21342,$244,$150,1.63 Ct.,6.67,7.91,4.34,Yellowish Green,Intense,Slightly Included,Heart,Mixed Brilliant Cut,Heat Treated,Madagascar,https://www.thenaturalsapphirecompany.com/yellow-sapphires/1.63ct-madagascar-heart-yellowish-green-sapphire-s21342/
S26258,"$1,432",$800,1.79 Ct.,7.1,6.61,4.2,Yellow,Medium,Very Slightly Included,Radiant,Radiant Cut,No Enhancement,Ceylon (Sri Lanka),https://www.thenaturalsapphirecompany.com/yellow-sapphires/1.79ct-ceylon-sri-lankan-radiant-yellow-sapphire-s26258/
S26259,"$1,596","$1,101",1.45 Ct.,7.12,7.12,3.98,Yellow,Intense,Eye Clean,Round,Mixed Brilliant Cut,Heat Treated,Ceylon (Sri Lanka),https://www.thenaturalsapphirecompany.com/yellow-sapphires/1.45ct-ceylon-sri-lankan-round-yellow-sapphire-s26259/
S30858,$940,$758,1.24 Ct.,6.45,6.11,3.59,Yellowish Brown,Medium,Very Slightly Included,Asscher - Octagon,Asscher Cut,Heat Treated,Ceylon (Sri Lanka),https://www.thenaturalsapphirecompany.com/yellow-sapphires/1.24ct-ceylon-sri-lankan-asscher-octagon-yellowish-brown-sapphire-s30858/
S34744,"$2,340","$1,614",1.45 Ct.,6.58,6.6,4.48,Yellow,Intense,Eye Clean,Round,Mixed Brilliant Cut,Heat Treated,Ceylon (Sri Lanka),https://www.thenaturalsapphirecompany.com/yellow-sapphires/1.45ct-ceylon-sri-lankan-round-yellow-sapphire-s34744/
S38096,$539,$550,0.98 Ct.,6.26,5.74,3.88,Yellowish Green,Light,Slightly Included,Fancy,Mixed Brilliant Cut,Heat Treated,Montana,https://www.thenaturalsapphirecompany.com/yellow-sapphires/0.98ct-montana-fancy-yellowish-green-sapphire-s38096/
S38100,$644,$700,0.92 Ct.,6.83,5.9,2,Yellowish Green,Light,Very Very Slightly Included,Fancy,Step Cut,Heat Treated,Montana,https://www.thenaturalsapphirecompany.com/yellow-sapphires/0.92ct-montana-fancy-yellowish-green-sapphire-s38100/
S38110,$798,$600,1.33 Ct.,7.18,6.19,2.71,Yellowish Orange,Light,Slightly Included,Fancy,Step Cut,Heat Treated,Montana,https://www.thenaturalsapphirecompany.com/yellow-sapphires/1.33ct-montana-fancy-yellowish-orange-sapphire-s38110/
S43793,$500,$521,0.96 Ct.,5.95,4.84,4.03,Yellowish Green,Intense,Very Very Slightly Included,Oval,Mixed Brilliant Cut,No Enhancement,Tanzania,https://www.thenaturalsapphirecompany.com/yellow-sapphires/0.96ct-tanzanian-oval-yellowish-green-sapphire-s43793/
S43798,$360,$429,0.84 Ct.,5.98,4.7,3.68,Yellowish Green,Intense,Eye Clean,Oval,Mixed Brilliant Cut,No Enhancement,Tanzania,https://www.thenaturalsapphirecompany.com/yellow-sapphires/0.84ct-tanzanian-oval-yellowish-green-sapphire-s43798/
S43799,$300,$405,0.74 Ct.,5.83,5.11,3.14,Yellowish Green,Medium,Very Slightly Included,Oval,Mixed Brilliant Cut,No Enhancement,Tanzania,https://www.thenaturalsapphirecompany.com/yellow-sapphires/0.74ct-tanzanian-oval-yellowish-green-sapphire-s43799/
S43811,$260,$382,0.68 Ct.,4.61,5.29,3.5,Yellowish Green,Medium,Very Slightly Included,Pear,Mixed Brilliant Cut,No Enhancement,Tanzania,https://www.thenaturalsapphirecompany.com/yellow-sapphires/0.68ct-tanzanian-pear-yellowish-green-sapphire-s43811/
S43812,$260,$394,0.66 Ct.,7.15,4.42,2.85,Yellowish Green,Medium,Very Very Slightly Included,Pear,Mixed Brilliant Cut,No Enhancement,Tanzania,https://www.thenaturalsapphirecompany.com/yellow-sapphires/0.66ct-tanzanian-pear-yellowish-green-sapphire-s43812/
S45834,"$1,648",$800,2.06 Ct.,8.13,6.91,4.25,Yellowish Green,Medium,Very Slightly Included,Cushion,Mixed Brilliant Cut,No Enhancement,Tanzania,https://www.thenaturalsapphirecompany.com/yellow-sapphires/2.06ct-tanzanian-cushion-yellowish-green-sapphire-s45834/
S45835,$790,$500,1.58 Ct.,7.46,5.94,3.72,Yellow,Medium,Very Slightly Included,Emerald Cut,Emerald Cut,No Enhancement,Ceylon (Sri Lanka),https://www.thenaturalsapphirecompany.com/yellow-sapphires/1.58ct-ceylon-sri-lankan-emerald-cut-yellow-sapphire-s45835/
S45836,$440,$400,1.10 Ct.,9.16,5.48,2.97,Yellow,Intense,Very Very Slightly Included,Pear,Mixed Brilliant Cut,Heat Treated,Ceylon (Sri Lanka),https://www.thenaturalsapphirecompany.com/yellow-sapphires/1.10ct-ceylon-sri-lankan-pear-yellow-sapphire-s45836/
S45841,"$1,464","$1,200",1.22 Ct.,6.83,6.81,3.81,Yellowish Green,Intense,Very Slightly Included,Round,Mixed Brilliant Cut,No Enhancement,Tanzania,https://www.thenaturalsapphirecompany.com/yellow-sapphires/1.22ct-tanzanian-round-yellowish-green-sapphire-s45841/
S47986,"$9,027","$3,060",2.95 Ct.,9,7.99,4.03,Yellowish Green,Intense,Slightly Included,Emerald Cut,Emerald Cut,No Enhancement,Kenya,https://www.thenaturalsapphirecompany.com/yellow-sapphires/2.95ct-kenyan-emerald-cut-yellowish-green-sapphire-s47986/
S47021,$400,$377,1.06 Ct.,6.59,4.9,3.2,Yellow,Medium,Slightly Included,Emerald Cut,Emerald Cut,No Enhancement,Ceylon (Sri Lanka),https://www.thenaturalsapphirecompany.com/yellow-sapphires/1.06ct-ceylon-sri-lankan-emerald-cut-yellow-sapphire-s47021/
S48232,"$1,200",$686,1.75 Ct.,6.24,6.13,4.79,Greenish Yellow,Intense,Very Very Slightly Included,Asscher - Octagon,Asscher Cut,No Enhancement,Madagascar,https://www.thenaturalsapphirecompany.com/yellow-sapphires/1.75ct-madagascar-asscher-octagon-greenish-yellow-sapphire-s48232/
S9027,"$1,260",$900,1.40 Ct.,8.05,6.27,3.48,Yellow,Medium,Very Very Slightly Included,Oval,Mixed Brilliant Cut,Heat Treated,Ceylon (Sri Lanka),https://www.thenaturalsapphirecompany.com/yellow-sapphires/1.40ct-ceylon-sri-lankan-oval-yellow-sapphire-s9027/
S34543,$324,$400,0.81 Ct.,6.51,4.79,3.39,Yellowish Green,Intense,Slightly Included,Pear,Mixed Brilliant Cut,No Enhancement,Madagascar,https://www.thenaturalsapphirecompany.com/yellow-sapphires/0.81ct-madagascar-pear-yellowish-green-sapphire-s34543/
S34551,$147,$300,0.49 Ct.,5.15,3.97,2.92,Yellowish Green,Medium,Very Very Slightly Included,Oval,Mixed Brilliant Cut,Heat Treated,Madagascar,https://www.thenaturalsapphirecompany.com/yellow-sapphires/0.49ct-madagascar-oval-yellowish-green-sapphire-s34551/
S37961,"$31,006","$2,544",12.19 Ct.,13.43,12.13,8.35,Yellow,Intense,Very Slightly Included,Cushion,Mixed Brilliant Cut,No Enhancement,Ceylon (Sri Lanka),https://www.thenaturalsapphirecompany.com/yellow-sapphires/12.19ct-ceylon-sri-lankan-cushion-yellow-sapphire-s37961/
S41054,$94,$113,0.83 Ct.,7.92,3.46,3.05,Yellow,Medium,Very Slightly Included,Emerald Cut,Emerald Cut,No Enhancement,Ceylon (Sri Lanka),https://www.thenaturalsapphirecompany.com/yellow-sapphires/0.83ct-ceylon-sri-lankan-emerald-cut-yellow-sapphire-s41054/
S41057,$70,$184,0.38 Ct.,5.13,3.09,2.36,Yellow,Light,Very Slightly Included,Radiant,Radiant Cut,No Enhancement,Ceylon (Sri Lanka),https://www.thenaturalsapphirecompany.com/yellow-sapphires/0.38ct-ceylon-sri-lankan-radiant-yellow-sapphire-s41057/
S41062,$121,$181,0.67 Ct.,5.83,4.69,3.16,Yellow,Light,Very Slightly Included,Oval,Mixed Brilliant Cut,No Enhancement,Ceylon (Sri Lanka),https://www.thenaturalsapphirecompany.com/yellow-sapphires/0.67ct-ceylon-sri-lankan-oval-yellow-sapphire-s41062/
S43685,$220,$190,1.16 Ct.,5.81,4.4,4.61,Yellow,Faint,Very Slightly Included,Cushion,Mixed Brilliant Cut,No Enhancement,Ceylon (Sri Lanka),https://www.thenaturalsapphirecompany.com/yellow-sapphires/1.16ct-ceylon-sri-lankan-cushion-yellow-sapphire-s43685/
S43689,"$2,639","$1,300",2.03 Ct.,9.23,6.77,4.17,Yellow,Medium,Very Very Slightly Included,Oval,Mixed Brilliant Cut,No Enhancement,Ceylon (Sri Lanka),https://www.thenaturalsapphirecompany.com/yellow-sapphires/2.03ct-ceylon-sri-lankan-oval-yellow-sapphire-s43689/
S43695,"$18,533","$1,980",9.36 Ct.,12.57,10.1,7.55,Yellow,Intense,Very Very Slightly Included,Cushion,Mixed Brilliant Cut,No Enhancement,Ceylon (Sri Lanka),https://www.thenaturalsapphirecompany.com/yellow-sapphires/9.36ct-ceylon-sri-lankan-cushion-yellow-sapphire-s43695/
S47731,$200,$364,0.55 Ct.,4.46,4.03,2.9,Yellow,Light,Included,Radiant,Radiant Cut,No Enhancement,Ceylon (Sri Lanka),https://www.thenaturalsapphirecompany.com/yellow-sapphires/0.55ct-ceylon-sri-lankan-radiant-yellow-sapphire-s47731/
S47732,$200,$303,0.66 Ct.,5.11,3.66,3.46,Yellow,Light,Slightly Included,Radiant,Radiant Cut,No Enhancement,Ceylon (Sri Lanka),https://www.thenaturalsapphirecompany.com/yellow-sapphires/0.66ct-ceylon-sri-lankan-radiant-yellow-sapphire-s47732/
S47769,$836,$400,2.09 Ct.,10.44,6.76,3.8,Yellow,Light,Very Slightly Included,Pear,Mixed Brilliant Cut,Heat Treated,Ceylon (Sri Lanka),https://www.thenaturalsapphirecompany.com/yellow-sapphires/2.09ct-ceylon-sri-lankan-pear-yellow-sapphire-s47769/
S47725,$600,$583,1.03 Ct.,6.16,4.69,3.44,Yellow,Medium,Slightly Included,Emerald Cut,Emerald Cut,Heat Treated,Ceylon (Sri Lanka),https://www.thenaturalsapphirecompany.com/yellow-sapphires/1.03ct-ceylon-sri-lankan-emerald-cut-yellow-sapphire-s47725/
S47726,$600,$577,1.04 Ct.,6.12,5.05,3.72,Yellow,Light,Slightly Included,Radiant,Radiant Cut,No Enhancement,Ceylon (Sri Lanka),https://www.thenaturalsapphirecompany.com/yellow-sapphires/1.04ct-ceylon-sri-lankan-radiant-yellow-sapphire-s47726/
S47727,$600,$577,1.04 Ct.,6.33,4.53,3.59,Orangish Yellow,Intense,Slightly Included,Cushion,Mixed Brilliant Cut,Heat Treated,Ceylon (Sri Lanka),https://www.thenaturalsapphirecompany.com/yellow-sapphires/1.04ct-ceylon-sri-lankan-cushion-orangish-yellow-sapphire-s47727/
S47728,$600,$556,1.08 Ct.,5.86,5.46,3.32,Yellow,Intense,Very Slightly Included,Asscher - Octagon,Asscher Cut,Heat Treated,Ceylon (Sri Lanka),https://www.thenaturalsapphirecompany.com/yellow-sapphires/1.08ct-ceylon-sri-lankan-asscher-octagon-yellow-sapphire-s47728/
S47729,$900,$584,1.54 Ct.,7.47,5.27,3.87,Yellow,Light,Very Slightly Included,Emerald Cut,Emerald Cut,Heat Treated,Ceylon (Sri Lanka),https://www.thenaturalsapphirecompany.com/yellow-sapphires/1.54ct-ceylon-sri-lankan-emerald-cut-yellow-sapphire-s47729/
U14805,$65,$181,0.36 Ct.,4.05,4.05,2.65,Yellowish Brown,Light,Very Slightly Included,Asscher - Octagon,Asscher Cut,No Enhancement,Ceylon (Sri Lanka),https://www.thenaturalsapphirecompany.com/yellow-sapphires/0.36ct-ceylon-sri-lankan-asscher-octagon-yellowish-brown-sapphire-u14805/
U14835,$58,$181,0.32 Ct.,3.98,3.96,2.5,Yellowish Orange,Intense,Very Slightly Included,Asscher - Octagon,Asscher Cut,No Enhancement,Ceylon (Sri Lanka),https://www.thenaturalsapphirecompany.com/yellow-sapphires/0.32ct-ceylon-sri-lankan-asscher-octagon-yellowish-orange-sapphire-u14835/
U14836,$67,$181,0.37 Ct.,4.02,3.92,2.83,Yellowish Green,Light,Very Slightly Included,Asscher - Octagon,Asscher Cut,No Enhancement,Ceylon (Sri Lanka),https://www.thenaturalsapphirecompany.com/yellow-sapphires/0.37ct-ceylon-sri-lankan-asscher-octagon-yellowish-green-sapphire-u14836/
S47374,$504,$350,1.44 Ct.,7.91,5.86,3.73,Orangish Yellow,Intense,Eye Clean,Oval,Mixed Brilliant Cut,Heat Treated,Ceylon (Sri Lanka),https://www.thenaturalsapphirecompany.com/yellow-sapphires/1.44ct-ceylon-sri-lankan-oval-orangish-yellow-sapphire-s47374/
S21054,$200,$308,0.65 Ct.,5.21,5.2,2.79,Yellow,Light,Very Very Slightly Included,Princess,Princess Cut,No Enhancement,Ceylon (Sri Lanka),https://www.thenaturalsapphirecompany.com/yellow-sapphires/0.65ct-ceylon-sri-lankan-princess-yellow-sapphire-s21054/
S21062,"$2,460","$1,200",2.05 Ct.,9.63,6.38,4.5,Yellow,Medium,Very Very Slightly Included,Pear,Mixed Brilliant Cut,No Enhancement,Ceylon (Sri Lanka),https://www.thenaturalsapphirecompany.com/yellow-sapphires/2.05ct-ceylon-sri-lankan-pear-yellow-sapphire-s21062/
Y5454,$189,$300,0.63 Ct.,4.79,4.76,3.44,Yellow,Vivid,Very Slightly Included,Cushion,Mixed Brilliant Cut,Heat Treated,Ceylon (Sri Lanka),https://www.thenaturalsapphirecompany.com/yellow-sapphires/0.63ct-ceylon-sri-lankan-cushion-yellow-sapphire-y5454/
Y5460,$169,$219,0.77 Ct.,6.7,4.68,3.39,Yellow,Vivid,Eye Clean,Oval,Mixed Brilliant Cut,Heat Treated,Ceylon (Sri Lanka),https://www.thenaturalsapphirecompany.com/yellow-sapphires/0.77ct-ceylon-sri-lankan-oval-yellow-sapphire-y5460/
Y5467,$282,$300,0.94 Ct.,5.95,5.82,4.02,Yellow,Intense,Very Slightly Included,Round,Mixed Brilliant Cut,Heat Treated,Ceylon (Sri Lanka),https://www.thenaturalsapphirecompany.com/yellow-sapphires/0.94ct-ceylon-sri-lankan-round-yellow-sapphire-y5467/
Y5473,$207,$300,0.69 Ct.,5.56,5.69,3.5,Yellowish Orange,Vivid,Very Slightly Included,Trillion,Trillion Cut,Heat Treated,Ceylon (Sri Lanka),https://www.thenaturalsapphirecompany.com/yellow-sapphires/0.69ct-ceylon-sri-lankan-trillion-yellowish-orange-sapphire-y5473/
Y5475,$213,$300,0.71 Ct.,5.65,5.59,3.42,Yellow,Vivid,Very Slightly Included,Trillion,Trillion Cut,Heat Treated,Ceylon (Sri Lanka),https://www.thenaturalsapphirecompany.com/yellow-sapphires/0.71ct-ceylon-sri-lankan-trillion-yellow-sapphire-y5475/
Y5476,$277,$351,0.79 Ct.,6.13,6.2,3.17,Orangish Yellow,Vivid,Very Slightly Included,Trillion,Trillion Cut,Heat Treated,Ceylon (Sri Lanka),https://www.thenaturalsapphirecompany.com/yellow-sapphires/0.79ct-ceylon-sri-lankan-trillion-orangish-yellow-sapphire-y5476/
Y5477,$277,$351,0.79 Ct.,5.82,5.7,3.73,Yellowish Orange,Vivid,Slightly Included,Trillion,Trillion Cut,Heat Treated,Ceylon (Sri Lanka),https://www.thenaturalsapphirecompany.com/yellow-sapphires/0.79ct-ceylon-sri-lankan-trillion-yellowish-orange-sapphire-y5477/
Y5478,$253,$320,0.79 Ct.,5.98,5.93,3.5,Yellow,Intense,Eye Clean,Trillion,Trillion Cut,Heat Treated,Ceylon (Sri Lanka),https://www.thenaturalsapphirecompany.com/yellow-sapphires/0.79ct-ceylon-sri-lankan-trillion-yellow-sapphire-y5478/
Y5479,$262,$320,0.82 Ct.,6.07,6.13,3.34,Yellow,Vivid,Eye Clean,Trillion,Trillion Cut,Heat Treated,Ceylon (Sri Lanka),https://www.thenaturalsapphirecompany.com/yellow-sapphires/0.82ct-ceylon-sri-lankan-trillion-yellow-sapphire-y5479/
Y5480,$269,$320,0.84 Ct.,6.02,5.92,3.6,Yellow,Vivid,Very Slightly Included,Trillion,Trillion Cut,Heat Treated,Ceylon (Sri Lanka),https://www.thenaturalsapphirecompany.com/yellow-sapphires/0.84ct-ceylon-sri-lankan-trillion-yellow-sapphire-y5480/
Y5481,$278,$320,0.87 Ct.,6.1,6.05,3.49,Yellow,Vivid,Very Slightly Included,Trillion,Trillion Cut,Heat Treated,Ceylon (Sri Lanka),https://www.thenaturalsapphirecompany.com/yellow-sapphires/0.87ct-ceylon-sri-lankan-trillion-yellow-sapphire-y5481/
Y5482,$275,$320,0.86 Ct.,6.07,6.14,3.4,Yellow,Intense,Very Slightly Included,Trillion,Trillion Cut,Heat Treated,Ceylon (Sri Lanka),https://www.thenaturalsapphirecompany.com/yellow-sapphires/0.86ct-ceylon-sri-lankan-trillion-yellow-sapphire-y5482/
Y5483,$326,$351,0.93 Ct.,5.98,6.17,3.88,Yellow,Medium,Very Slightly Included,Trillion,Trillion Cut,Heat Treated,Ceylon (Sri Lanka),https://www.thenaturalsapphirecompany.com/yellow-sapphires/0.93ct-ceylon-sri-lankan-trillion-yellow-sapphire-y5483/
Y5485,$288,$300,0.96 Ct.,6.19,6.11,3.54,Yellow,Vivid,Very Slightly Included,Trillion,Trillion Cut,Heat Treated,Ceylon (Sri Lanka),https://www.thenaturalsapphirecompany.com/yellow-sapphires/0.96ct-ceylon-sri-lankan-trillion-yellow-sapphire-y5485/
Y5486,$310,$320,0.97 Ct.,6.06,6.2,4.08,Yellow,Vivid,Very Slightly Included,Trillion,Trillion Cut,Heat Treated,Ceylon (Sri Lanka),https://www.thenaturalsapphirecompany.com/yellow-sapphires/0.97ct-ceylon-sri-lankan-trillion-yellow-sapphire-y5486/
Y5509,$128,$221,0.58 Ct.,5.11,5.07,3.29,Yellowish Orange,Intense,Very Slightly Included,Trillion,Trillion Cut,Heat Treated,Ceylon (Sri Lanka),https://www.thenaturalsapphirecompany.com/yellow-sapphires/0.58ct-ceylon-sri-lankan-trillion-yellowish-orange-sapphire-y5509/
Y5512,$163,$251,0.65 Ct.,6.56,4.68,2.91,Yellow,Vivid,Very Slightly Included,Oval,Mixed Brilliant Cut,Heat Treated,Ceylon (Sri Lanka),https://www.thenaturalsapphirecompany.com/yellow-sapphires/0.65ct-ceylon-sri-lankan-oval-yellow-sapphire-y5512/
Y5513,$175,$250,0.70 Ct.,5.6,5.48,3.48,Yellow,Intense,Very Slightly Included,Round,Mixed Brilliant Cut,Heat Treated,Ceylon (Sri Lanka),https://www.thenaturalsapphirecompany.com/yellow-sapphires/0.70ct-ceylon-sri-lankan-round-yellow-sapphire-y5513/
Y5514,$178,$251,0.71 Ct.,6.7,4.85,3.37,Yellowish Orange,Intense,Very Slightly Included,Pear,Mixed Brilliant Cut,Heat Treated,Ceylon (Sri Lanka),https://www.thenaturalsapphirecompany.com/yellow-sapphires/0.71ct-ceylon-sri-lankan-pear-yellowish-orange-sapphire-y5514/
Y5516,$163,$220,0.74 Ct.,5.67,5.56,3.53,Yellow,Light,Very Slightly Included,Round,Mixed Brilliant Cut,Heat Treated,Ceylon (Sri Lanka),https://www.thenaturalsapphirecompany.com/yellow-sapphires/0.74ct-ceylon-sri-lankan-round-yellow-sapphire-y5516/
S48396,$856,$800,1.07 Ct.,7.91,5.03,4.36,Yellow,Medium,Very Very Slightly Included,Marquise,Mixed Brilliant Cut,Heat Treated,Ceylon (Sri Lanka),https://www.thenaturalsapphirecompany.com/yellow-sapphires/1.07ct-ceylon-sri-lankan-marquise-yellow-sapphire-s48396/
S48832,"$5,781","$2,312",2.50 Ct.,8.91,7.13,4.99,Yellow,Medium,Very Very Slightly Included,Oval,Mixed Brilliant Cut,Heat Treated,Ceylon (Sri Lanka),https://www.thenaturalsapphirecompany.com/yellow-sapphires/2.50ct-ceylon-sri-lankan-oval-yellow-sapphire-s48832/
S11778,"$4,262","$1,110",3.84 Ct.,9.34,10.68,5.21,Yellow,Intense,Eye Clean,Heart,Mixed Brilliant Cut,No Enhancement,Ceylon (Sri Lanka),https://www.thenaturalsapphirecompany.com/yellow-sapphires/3.84ct-ceylon-sri-lankan-heart-yellow-sapphire-s11778/
S48192,$900,$857,1.05 Ct.,6.71,4.77,3.26,Yellowish Green,Intense,Slightly Included,Radiant,Radiant Cut,No Enhancement,Madagascar,https://www.thenaturalsapphirecompany.com/yellow-sapphires/1.05ct-madagascar-radiant-yellowish-green-sapphire-s48192/
S17586,$642,$600,1.07 Ct.,6.83,5.84,3.52,Yellow,Medium,Very Slightly Included,Fancy,Step Cut,Heat Treated,Tanzania,https://www.thenaturalsapphirecompany.com/yellow-sapphires/1.07ct-tanzanian-fancy-yellow-sapphire-s17586/
Y5490,$690,"$1,000",0.69 Ct.,5.74,5.85,3.2,Yellowish Green,Medium,Slightly Included,Trillion,Trillion Cut,Heat Treated,Montana,https://www.thenaturalsapphirecompany.com/yellow-sapphires/0.69ct-montana-trillion-yellowish-green-sapphire-y5490/
S47709,$800,$741,1.08 Ct.,6.42,4.97,3.4,Yellow,Medium,Slightly Included,Radiant,Radiant Cut,No Enhancement,Ceylon (Sri Lanka),https://www.thenaturalsapphirecompany.com/yellow-sapphires/1.08ct-ceylon-sri-lankan-radiant-yellow-sapphire-s47709/
S47949,"$1,758",$950,1.85 Ct.,7.44,6.19,3.94,Yellowish Green,Medium,Very Very Slightly Included,Emerald Cut,Emerald Cut,Heat Treated,Madagascar,https://www.thenaturalsapphirecompany.com/yellow-sapphires/1.85ct-madagascar-emerald-cut-yellowish-green-sapphire-s47949/
S45734,$439,$346,1.27 Ct.,6.48,4.73,4.53,Yellow,Vivid,Slightly Included,Radiant,Radiant Cut,No Enhancement,Ceylon (Sri Lanka),https://www.thenaturalsapphirecompany.com/yellow-sapphires/1.27ct-ceylon-sri-lankan-radiant-yellow-sapphire-s45734/
S45735,$201,$236,0.85 Ct.,5.93,4.61,3.39,Yellow,Light,Very Very Slightly Included,Radiant,Radiant Cut,No Enhancement,Ceylon (Sri Lanka),https://www.thenaturalsapphirecompany.com/yellow-sapphires/0.85ct-ceylon-sri-lankan-radiant-yellow-sapphire-s45735/
S47785,$710,"$1,000",0.71 Ct.,5.6,5.43,3.05,Greenish Yellow,Intense,Slightly Included,Cushion,Mixed Brilliant Cut,No Enhancement,Ceylon (Sri Lanka),https://www.thenaturalsapphirecompany.com/yellow-sapphires/0.71ct-ceylon-sri-lankan-cushion-greenish-yellow-sapphire-s47785/
S47791,"$1,110","$1,000",1.11 Ct.,6.54,4.59,3.69,Yellow,Light,Very Slightly Included,Cushion,Mixed Brilliant Cut,Heat Treated,Ceylon (Sri Lanka),https://www.thenaturalsapphirecompany.com/yellow-sapphires/1.11ct-ceylon-sri-lankan-cushion-yellow-sapphire-s47791/
S4790,$552,$600,0.92 Ct.,6.41,5.14,3.67,Yellow,Intense,Very Slightly Included,Oval,Mixed Brilliant Cut,Heat Treated,Australia,https://www.thenaturalsapphirecompany.com/yellow-sapphires/0.92ct-australian-oval-yellow-sapphire-s4790/
S43774,$501,$506,0.99 Ct.,6.25,5.42,3.27,Yellowish Green,Medium,Slightly Included,Oval,Mixed Brilliant Cut,No Enhancement,Tanzania,https://www.thenaturalsapphirecompany.com/yellow-sapphires/0.99ct-tanzanian-oval-yellowish-green-sapphire-s43774/
S43780,$400,$385,1.04 Ct.,7.2,5.89,2.77,Yellowish Green,Intense,Slightly Included,Oval,Mixed Brilliant Cut,No Enhancement,Tanzania,https://www.thenaturalsapphirecompany.com/yellow-sapphires/1.04ct-tanzanian-oval-yellowish-green-sapphire-s43780/
Y5518,$211,$271,0.78 Ct.,5.66,5.61,3.74,Yellow,Intense,Very Slightly Included,Round,Mixed Brilliant Cut,Heat Treated,Ceylon (Sri Lanka),https://www.thenaturalsapphirecompany.com/yellow-sapphires/0.78ct-ceylon-sri-lankan-round-yellow-sapphire-y5518/
Y5519,$174,$220,0.79 Ct.,6.94,5,3.26,Yellow,Medium,Very Slightly Included,Oval,Mixed Brilliant Cut,Heat Treated,Ceylon (Sri Lanka),https://www.thenaturalsapphirecompany.com/yellow-sapphires/0.79ct-ceylon-sri-lankan-oval-yellow-sapphire-y5519/
Y5521,$307,$370,0.83 Ct.,6.06,6.14,3.46,Yellow,Medium,Very Slightly Included,Trillion,Trillion Cut,Heat Treated,Ceylon (Sri Lanka),https://www.thenaturalsapphirecompany.com/yellow-sapphires/0.83ct-ceylon-sri-lankan-trillion-yellow-sapphire-y5521/
Y5522,$210,$250,0.84 Ct.,5.67,5.56,3.92,Yellow,Medium,Very Slightly Included,Round,Mixed Brilliant Cut,Heat Treated,Ceylon (Sri Lanka),https://www.thenaturalsapphirecompany.com/yellow-sapphires/0.84ct-ceylon-sri-lankan-round-yellow-sapphire-y5522/
Y5523,$185,$220,0.84 Ct.,7.16,5.1,3.16,Yellow,Vivid,Very Slightly Included,Oval,Mixed Brilliant Cut,Heat Treated,Ceylon (Sri Lanka),https://www.thenaturalsapphirecompany.com/yellow-sapphires/0.84ct-ceylon-sri-lankan-oval-yellow-sapphire-y5523/
Y5524,$315,$371,0.85 Ct.,6.09,6.08,3.61,Yellow,Intense,Very Slightly Included,Trillion,Trillion Cut,Heat Treated,Ceylon (Sri Lanka),https://www.thenaturalsapphirecompany.com/yellow-sapphires/0.85ct-ceylon-sri-lankan-trillion-yellow-sapphire-y5524/
Y5525,$261,$300,0.87 Ct.,5.98,6.17,3.62,Yellow,Intense,Very Slightly Included,Trillion,Trillion Cut,Heat Treated,Ceylon (Sri Lanka),https://www.thenaturalsapphirecompany.com/yellow-sapphires/0.87ct-ceylon-sri-lankan-trillion-yellow-sapphire-y5525/
Y5526,$220,$250,0.88 Ct.,7.1,5.01,3.32,Orangish Yellow,Vivid,Very Slightly Included,Oval,Mixed Brilliant Cut,Heat Treated,Ceylon (Sri Lanka),https://www.thenaturalsapphirecompany.com/yellow-sapphires/0.88ct-ceylon-sri-lankan-oval-orangish-yellow-sapphire-y5526/
Y5527,$364,$400,0.91 Ct.,6.12,6.24,3.67,Yellow,Intense,Very Slightly Included,Trillion,Trillion Cut,Heat Treated,Ceylon (Sri Lanka),https://www.thenaturalsapphirecompany.com/yellow-sapphires/0.91ct-ceylon-sri-lankan-trillion-yellow-sapphire-y5527/
Y5528,$279,$300,0.93 Ct.,6.07,6.05,3.72,Yellow,Medium,Eye Clean,Trillion,Trillion Cut,Heat Treated,Ceylon (Sri Lanka),https://www.thenaturalsapphirecompany.com/yellow-sapphires/0.93ct-ceylon-sri-lankan-trillion-yellow-sapphire-y5528/
S19808,"$4,625","$2,171",2.13 Ct.,8.32,6.18,4.58,Yellowish Green,Intense,Very Slightly Included,Oval,Mixed Brilliant Cut,No Enhancement,Ceylon (Sri Lanka),https://www.thenaturalsapphirecompany.com/yellow-sapphires/2.13ct-ceylon-sri-lankan-oval-yellowish-green-sapphire-s19808/
S42355,"$1,008",$900,1.12 Ct.,6.63,5.65,3.78,Greenish Yellow,Intense,Very Very Slightly Included,Oval,Mixed Brilliant Cut,Heat Treated,Montana,https://www.thenaturalsapphirecompany.com/yellow-sapphires/1.12ct-montana-oval-greenish-yellow-sapphire-s42355/
Y5399,$186,$270,0.69 Ct.,6.12,3.98,3.13,Yellow,Vivid,Very Slightly Included,Radiant,Radiant Cut,Heat Treated,Ceylon (Sri Lanka),https://www.thenaturalsapphirecompany.com/yellow-sapphires/0.69ct-ceylon-sri-lankan-radiant-yellow-sapphire-y5399/
Y5400,$186,$270,0.69 Ct.,6.19,4.11,3.1,Greenish Yellow,Medium,Very Slightly Included,Radiant,Radiant Cut,Heat Treated,Ceylon (Sri Lanka),https://www.thenaturalsapphirecompany.com/yellow-sapphires/0.69ct-ceylon-sri-lankan-radiant-greenish-yellow-sapphire-y5400/
S40851,"$4,081","$2,429",1.68 Ct.,6.58,6.53,4.98,Yellowish Green,Medium,Very Slightly Included,Round,Mixed Brilliant Cut,No Enhancement,Montana,https://www.thenaturalsapphirecompany.com/yellow-sapphires/1.68ct-montana-round-yellowish-green-sapphire-s40851/
S47540,"$8,560","$2,295",3.73 Ct.,8.58,9.35,6.58,Yellow,Medium,Eye Clean,Heart,Mixed Brilliant Cut,No Enhancement,Ceylon (Sri Lanka),https://www.thenaturalsapphirecompany.com/yellow-sapphires/3.73ct-ceylon-sri-lankan-heart-yellow-sapphire-s47540/
S6416,"$4,499","$1,480",3.04 Ct.,11.34,7.34,4.84,Yellow,Medium,Eye Clean,Pear,Mixed Brilliant Cut,No Enhancement,Ceylon (Sri Lanka),https://www.thenaturalsapphirecompany.com/yellow-sapphires/3.04ct-ceylon-sri-lankan-pear-yellow-sapphire-s6416/
S48938,"$32,263","$3,565",9.05 Ct.,13.61,10.08,7.57,Yellowish Orange,Vivid,Eye Clean,Oval,Mixed Brilliant Cut,Heat Treated,Ceylon (Sri Lanka),https://www.thenaturalsapphirecompany.com/yellow-sapphires/9.05ct-ceylon-sri-lankan-oval-yellowish-orange-sapphire-s48938/
S48506,$200,$204,0.98 Ct.,6.12,4.99,3.58,Orangish Yellow,Intense,Slightly Included,Cushion,Mixed Brilliant Cut,No Enhancement,Ceylon (Sri Lanka),https://www.thenaturalsapphirecompany.com/yellow-sapphires/0.98ct-ceylon-sri-lankan-cushion-orangish-yellow-sapphire-s48506/
S15959,$780,$500,1.56 Ct.,7.93,5.9,4.03,Yellow,Light,Slightly Included,Pear,Mixed Brilliant Cut,No Enhancement,Ceylon (Sri Lanka),https://www.thenaturalsapphirecompany.com/yellow-sapphires/1.56ct-ceylon-sri-lankan-pear-yellow-sapphire-s15959/
S20970,"$3,588","$1,150",3.12 Ct.,9.75,7.86,5.23,Yellow,Intense,Very Very Slightly Included,Oval,Mixed Brilliant Cut,Heat Treated,Ceylon (Sri Lanka),https://www.thenaturalsapphirecompany.com/yellow-sapphires/3.12ct-ceylon-sri-lankan-oval-yellow-sapphire-s20970/
S25991,$808,$550,1.47 Ct.,6.09,6.05,4.57,Orangish Yellow,Intense,Very Very Slightly Included,Round,Mixed Brilliant Cut,Lattice Diffused,Ceylon (Sri Lanka),https://www.thenaturalsapphirecompany.com/yellow-sapphires/1.47ct-ceylon-sri-lankan-round-orangish-yellow-sapphire-s25991/
S25995,$840,$500,1.68 Ct.,7.91,6.17,4,Orangish Yellow,Intense,Very Slightly Included,Oval,Mixed Brilliant Cut,Lattice Diffused,Ceylon (Sri Lanka),https://www.thenaturalsapphirecompany.com/yellow-sapphires/1.68ct-ceylon-sri-lankan-oval-orangish-yellow-sapphire-s25995/
S30504,"$3,980","$3,402",1.17 Ct.,6.29,6.93,3.58,Yellowish Brown,Medium,Slightly Included,Trillion,Trillion Cut,No Enhancement,Madagascar,https://www.thenaturalsapphirecompany.com/yellow-sapphires/1.17ct-madagascar-trillion-yellowish-brown-sapphire-s30504/
S30505,"$1,850",$984,1.88 Ct.,9.08,7.06,3.34,Yellowish Brown,Medium,Very Very Slightly Included,Pear,Mixed Brilliant Cut,No Enhancement,Thailand,https://www.thenaturalsapphirecompany.com/yellow-sapphires/1.88ct-thai-pear-yellowish-brown-sapphire-s30505/
S30517,"$3,240","$1,200",2.70 Ct.,7.66,7.66,5.4,Yellow,Medium,Very Slightly Included,Cushion,Mixed Brilliant Cut,No Enhancement,Ceylon (Sri Lanka),https://www.thenaturalsapphirecompany.com/yellow-sapphires/2.70ct-ceylon-sri-lankan-cushion-yellow-sapphire-s30517/
S34467,$127,$202,0.63 Ct.,5.66,4.43,3.04,Yellowish Green,Medium,Very Very Slightly Included,Oval,Mixed Brilliant Cut,No Enhancement,Madagascar,https://www.thenaturalsapphirecompany.com/yellow-sapphires/0.63ct-madagascar-oval-yellowish-green-sapphire-s34467/
S34470,$288,$400,0.72 Ct.,5.83,4.48,3.22,Yellowish Green,Medium,Eye Clean,Fancy,Mixed Brilliant Cut,No Enhancement,Madagascar,https://www.thenaturalsapphirecompany.com/yellow-sapphires/0.72ct-madagascar-fancy-yellowish-green-sapphire-s34470/
S34477,$360,$500,0.72 Ct.,7.19,4.58,2.88,Yellowish Green,Medium,Very Slightly Included,Pear,Mixed Brilliant Cut,No Enhancement,Madagascar,https://www.thenaturalsapphirecompany.com/yellow-sapphires/0.72ct-madagascar-pear-yellowish-green-sapphire-s34477/
S34481,$420,$500,0.84 Ct.,5.91,4.58,3.6,Yellowish Green,Medium,Very Slightly Included,Oval,Mixed Brilliant Cut,No Enhancement,Madagascar,https://www.thenaturalsapphirecompany.com/yellow-sapphires/0.84ct-madagascar-oval-yellowish-green-sapphire-s34481/
S34483,$400,$500,0.80 Ct.,5.61,4.32,3.49,Yellowish Green,Medium,Very Very Slightly Included,Radiant,Radiant Cut,No Enhancement,Madagascar,https://www.thenaturalsapphirecompany.com/yellow-sapphires/0.80ct-madagascar-radiant-yellowish-green-sapphire-s34483/
S37909,$720,$558,1.29 Ct.,6.16,6.12,3.73,Yellowish Green,Intense,Slightly Included,Radiant,Radiant Cut,No Enhancement,India,https://www.thenaturalsapphirecompany.com/yellow-sapphires/1.29ct-indian-radiant-yellowish-green-sapphire-s37909/
S43651,$700,$642,1.09 Ct.,5.95,5.06,3.94,Yellowish Green,Intense,Very Very Slightly Included,Emerald Cut,Emerald Cut,No Enhancement,Madagascar,https://www.thenaturalsapphirecompany.com/yellow-sapphires/1.09ct-madagascar-emerald-cut-yellowish-green-sapphire-s43651/
S43653,$501,$268,1.87 Ct.,8.79,5.55,3.62,Greenish Yellow,Intense,Very Slightly Included,Emerald Cut,Emerald Cut,No Enhancement,Ceylon (Sri Lanka),https://www.thenaturalsapphirecompany.com/yellow-sapphires/1.87ct-ceylon-sri-lankan-emerald-cut-greenish-yellow-sapphire-s43653/
S43657,$249,$166,1.50 Ct.,6.4,7.19,4.5,Yellow,Medium,Very Slightly Included,Heart,Mixed Brilliant Cut,No Enhancement,Ceylon (Sri Lanka),https://www.thenaturalsapphirecompany.com/yellow-sapphires/1.50ct-ceylon-sri-lankan-heart-yellow-sapphire-s43657/
S43658,$199,$188,1.06 Ct.,5.98,7.36,3.77,Yellow,Intense,Very Very Slightly Included,Trillion,Trillion Cut,No Enhancement,Ceylon (Sri Lanka),https://www.thenaturalsapphirecompany.com/yellow-sapphires/1.06ct-ceylon-sri-lankan-trillion-yellow-sapphire-s43658/
S42330,"$1,133","$1,100",1.03 Ct.,6.5,5.2,3.49,Yellowish Green,Intense,Eye Clean,Radiant,Mixed Brilliant Cut,Heat Treated,Montana,https://www.thenaturalsapphirecompany.com/yellow-sapphires/1.03ct-montana-radiant-yellowish-green-sapphire-s42330/
Y5396,$168,$251,0.67 Ct.,6.01,4.14,3.13,Yellow,Medium,Very Slightly Included,Radiant,Radiant Cut,Heat Treated,Ceylon (Sri Lanka),https://www.thenaturalsapphirecompany.com/yellow-sapphires/0.67ct-ceylon-sri-lankan-radiant-yellow-sapphire-y5396/
Y5397,$218,$321,0.68 Ct.,5.11,5.03,3.36,Yellow,Vivid,Very Slightly Included,Cushion,Mixed Brilliant Cut,Heat Treated,Ceylon (Sri Lanka),https://www.thenaturalsapphirecompany.com/yellow-sapphires/0.68ct-ceylon-sri-lankan-cushion-yellow-sapphire-y5397/
S48598,$770,$503,1.53 Ct.,6.35,5.89,4.23,Yellow,Medium,Included,Radiant,Radiant Cut,No Enhancement,Ceylon (Sri Lanka),https://www.thenaturalsapphirecompany.com/yellow-sapphires/1.53ct-ceylon-sri-lankan-radiant-yellow-sapphire-s48598/
S47028,"$1,300",$613,2.12 Ct.,7.18,6.79,4.91,Yellow,Medium,Slightly Included,Radiant,Radiant Cut,No Enhancement,Ceylon (Sri Lanka),https://www.thenaturalsapphirecompany.com/yellow-sapphires/2.12ct-ceylon-sri-lankan-radiant-yellow-sapphire-s47028/
S47967,"$1,344",$600,2.24 Ct.,8.8,6.45,4.6,Yellow,Light,Very Slightly Included,Oval,Mixed Brilliant Cut,Heat Treated,Ceylon (Sri Lanka),https://www.thenaturalsapphirecompany.com/yellow-sapphires/2.24ct-ceylon-sri-lankan-oval-yellow-sapphire-s47967/
Y5424,$214,$319,0.67 Ct.,5.21,5.06,3.38,Yellow,Vivid,Very Slightly Included,Cushion,Mixed Brilliant Cut,Heat Treated,Ceylon (Sri Lanka),https://www.thenaturalsapphirecompany.com/yellow-sapphires/0.67ct-ceylon-sri-lankan-cushion-yellow-sapphire-y5424/
Y5425,$218,$321,0.68 Ct.,5.05,5,3.54,Yellow,Vivid,Very Slightly Included,Cushion,Mixed Brilliant Cut,Heat Treated,Ceylon (Sri Lanka),https://www.thenaturalsapphirecompany.com/yellow-sapphires/0.68ct-ceylon-sri-lankan-cushion-yellow-sapphire-y5425/
Y5426,$218,$321,0.68 Ct.,5.08,5.04,3.4,Yellow,Vivid,Very Slightly Included,Cushion,Mixed Brilliant Cut,Heat Treated,Ceylon (Sri Lanka),https://www.thenaturalsapphirecompany.com/yellow-sapphires/0.68ct-ceylon-sri-lankan-cushion-yellow-sapphire-y5426/
Y5428,$234,$321,0.73 Ct.,5.17,5.17,3.52,Yellow,Vivid,Very Slightly Included,Cushion,Mixed Brilliant Cut,Heat Treated,Ceylon (Sri Lanka),https://www.thenaturalsapphirecompany.com/yellow-sapphires/0.73ct-ceylon-sri-lankan-cushion-yellow-sapphire-y5428/
Y5430,$237,$320,0.74 Ct.,5.1,5.07,3.69,Yellow,Intense,Very Slightly Included,Cushion,Mixed Brilliant Cut,Heat Treated,Ceylon (Sri Lanka),https://www.thenaturalsapphirecompany.com/yellow-sapphires/0.74ct-ceylon-sri-lankan-cushion-yellow-sapphire-y5430/
Y5431,$237,$320,0.74 Ct.,5.24,5.15,3.5,Yellow,Vivid,Very Slightly Included,Cushion,Mixed Brilliant Cut,Heat Treated,Ceylon (Sri Lanka),https://www.thenaturalsapphirecompany.com/yellow-sapphires/0.74ct-ceylon-sri-lankan-cushion-yellow-sapphire-y5431/
Y5432,$243,$320,0.76 Ct.,5.16,5.15,3.56,Yellow,Vivid,Very Slightly Included,Cushion,Mixed Brilliant Cut,Heat Treated,Ceylon (Sri Lanka),https://www.thenaturalsapphirecompany.com/yellow-sapphires/0.76ct-ceylon-sri-lankan-cushion-yellow-sapphire-y5432/
Y5433,$253,$320,0.79 Ct.,5.22,5.12,3.56,Yellow,Vivid,Eye Clean,Cushion,Mixed Brilliant Cut,Heat Treated,Ceylon (Sri Lanka),https://www.thenaturalsapphirecompany.com/yellow-sapphires/0.79ct-ceylon-sri-lankan-cushion-yellow-sapphire-y5433/
Y5434,$340,$351,0.97 Ct.,5.54,5.49,4.03,Yellow,Vivid,Very Slightly Included,Cushion,Mixed Brilliant Cut,Heat Treated,Ceylon (Sri Lanka),https://www.thenaturalsapphirecompany.com/yellow-sapphires/0.97ct-ceylon-sri-lankan-cushion-yellow-sapphire-y5434/
Y5436,$125,$219,0.57 Ct.,6.66,4.44,3.03,Orangish Yellow,Vivid,Eye Clean,Pear,Mixed Brilliant Cut,Heat Treated,Ceylon (Sri Lanka),https://www.thenaturalsapphirecompany.com/yellow-sapphires/0.57ct-ceylon-sri-lankan-pear-orangish-yellow-sapphire-y5436/
Y5438,$145,$220,0.66 Ct.,6.98,4.67,3.06,Orangish Yellow,Vivid,Very Slightly Included,Pear,Mixed Brilliant Cut,Heat Treated,Ceylon (Sri Lanka),https://www.thenaturalsapphirecompany.com/yellow-sapphires/0.66ct-ceylon-sri-lankan-pear-orangish-yellow-sapphire-y5438/
Y5439,$117,$170,0.69 Ct.,7,5.14,3.13,Yellow,Intense,Very Slightly Included,Pear,Mixed Brilliant Cut,Heat Treated,Ceylon (Sri Lanka),https://www.thenaturalsapphirecompany.com/yellow-sapphires/0.69ct-ceylon-sri-lankan-pear-yellow-sapphire-y5439/
Y5441,$158,$200,0.79 Ct.,7.08,4.89,3.6,Orangish Yellow,Vivid,Eye Clean,Pear,Mixed Brilliant Cut,Heat Treated,Ceylon (Sri Lanka),https://www.thenaturalsapphirecompany.com/yellow-sapphires/0.79ct-ceylon-sri-lankan-pear-orangish-yellow-sapphire-y5441/
Y5442,$172,$221,0.78 Ct.,7.12,5.19,3.15,Orangish Yellow,Vivid,Slightly Included,Pear,Mixed Brilliant Cut,Heat Treated,Ceylon (Sri Lanka),https://www.thenaturalsapphirecompany.com/yellow-sapphires/0.78ct-ceylon-sri-lankan-pear-orangish-yellow-sapphire-y5442/
Y5443,$174,$220,0.79 Ct.,7.14,5.05,3.36,Yellow,Vivid,Very Slightly Included,Pear,Mixed Brilliant Cut,Heat Treated,Ceylon (Sri Lanka),https://www.thenaturalsapphirecompany.com/yellow-sapphires/0.79ct-ceylon-sri-lankan-pear-yellow-sapphire-y5443/
Y5444,$183,$220,0.83 Ct.,6.91,5.3,3.31,Orangish Yellow,Vivid,Eye Clean,Pear,Mixed Brilliant Cut,Heat Treated,Ceylon (Sri Lanka),https://www.thenaturalsapphirecompany.com/yellow-sapphires/0.83ct-ceylon-sri-lankan-pear-orangish-yellow-sapphire-y5444/
Y5446,$301,$350,0.86 Ct.,6,6.07,3.57,Yellowish Orange,Vivid,Very Slightly Included,Trillion,Trillion Cut,Heat Treated,Ceylon (Sri Lanka),https://www.thenaturalsapphirecompany.com/yellow-sapphires/0.86ct-ceylon-sri-lankan-trillion-yellowish-orange-sapphire-y5446/
Y5447,$218,$251,0.87 Ct.,7.12,5.21,3.72,Orangish Yellow,Medium,Eye Clean,Pear,Mixed Brilliant Cut,Heat Treated,Ceylon (Sri Lanka),https://www.thenaturalsapphirecompany.com/yellow-sapphires/0.87ct-ceylon-sri-lankan-pear-orangish-yellow-sapphire-y5447/
Y5448,$227,$220,1.03 Ct.,7.92,5.86,3.45,Yellow,Medium,Very Slightly Included,Pear,Mixed Brilliant Cut,Heat Treated,Ceylon (Sri Lanka),https://www.thenaturalsapphirecompany.com/yellow-sapphires/1.03ct-ceylon-sri-lankan-pear-yellow-sapphire-y5448/
Y5450,$312,$300,1.04 Ct.,7.75,5.56,3.52,Orangish Yellow,Vivid,Very Slightly Included,Pear,Mixed Brilliant Cut,Heat Treated,Ceylon (Sri Lanka),https://www.thenaturalsapphirecompany.com/yellow-sapphires/1.04ct-ceylon-sri-lankan-pear-orangish-yellow-sapphire-y5450/
Y5453,$155,$250,0.62 Ct.,5.27,5.19,3.35,Yellow,Light,Very Slightly Included,Round,Mixed Brilliant Cut,No Enhancement,Ceylon (Sri Lanka),https://www.thenaturalsapphirecompany.com/yellow-sapphires/0.62ct-ceylon-sri-lankan-round-yellow-sapphire-y5453/
S46998,$500,$350,1.43 Ct.,6.84,4.99,4.48,Yellow,Medium,Slightly Included,Radiant,Radiant Cut,No Enhancement,Ceylon (Sri Lanka),https://www.thenaturalsapphirecompany.com/yellow-sapphires/1.43ct-ceylon-sri-lankan-radiant-yellow-sapphire-s46998/
S48548,$470,$461,1.02 Ct.,8.92,4.69,3.05,Yellow,Medium,Very Slightly Included,Marquise,Mixed Brilliant Cut,Heat Treated,Ceylon (Sri Lanka),https://www.thenaturalsapphirecompany.com/yellow-sapphires/1.02ct-ceylon-sri-lankan-marquise-yellow-sapphire-s48548/
S15475,"$12,835","$2,125",6.04 Ct.,12,9.15,6.67,Yellow,Medium,Very Slightly Included,Oval,Mixed Brilliant Cut,No Enhancement,Ceylon (Sri Lanka),https://www.thenaturalsapphirecompany.com/yellow-sapphires/6.04ct-ceylon-sri-lankan-oval-yellow-sapphire-s15475/
S15476,"$8,610",$850,10.13 Ct.,13.71,10.57,8.34,Yellow,Light,Very Slightly Included,Oval,Mixed Brilliant Cut,No Enhancement,Ceylon (Sri Lanka),https://www.thenaturalsapphirecompany.com/yellow-sapphires/10.13ct-ceylon-sri-lankan-oval-yellow-sapphire-s15476/
S21011,$239,$272,0.88 Ct.,5.68,4.63,3.77,Yellow,Light,Slightly Included,Cushion,Mixed Brilliant Cut,No Enhancement,Ceylon (Sri Lanka),https://www.thenaturalsapphirecompany.com/yellow-sapphires/0.88ct-ceylon-sri-lankan-cushion-yellow-sapphire-s21011/
S21018,$219,$252,0.87 Ct.,6.97,4.02,3.48,Orangish Yellow,Medium,Very Very Slightly Included,Oval,Mixed Brilliant Cut,No Enhancement,Ceylon (Sri Lanka),https://www.thenaturalsapphirecompany.com/yellow-sapphires/0.87ct-ceylon-sri-lankan-oval-orangish-yellow-sapphire-s21018/
S21047,"$2,000","$1,000",2.00 Ct.,7.26,6.71,4.66,Yellow,Light,Very Very Slightly Included,Cushion,Mixed Brilliant Cut,No Enhancement,Ceylon (Sri Lanka),https://www.thenaturalsapphirecompany.com/yellow-sapphires/2.00ct-ceylon-sri-lankan-cushion-yellow-sapphire-s21047/
S26017,"$1,435",$700,2.05 Ct.,8.97,6.44,4.42,Yellow,Intense,Very Very Slightly Included,Oval,Mixed Brilliant Cut,Heat Treated,Ceylon (Sri Lanka),https://www.thenaturalsapphirecompany.com/yellow-sapphires/2.05ct-ceylon-sri-lankan-oval-yellow-sapphire-s26017/
S30615,"$2,440","$1,000",2.44 Ct.,8.88,6.87,3.86,Yellow,Light,Eye Clean,Radiant,Radiant Cut,No Enhancement,Tanzania,https://www.thenaturalsapphirecompany.com/yellow-sapphires/2.44ct-tanzanian-radiant-yellow-sapphire-s30615/
S30619,"$1,568",$700,2.24 Ct.,7.17,6.32,4.78,Yellow,Light,Very Slightly Included,Radiant,Radiant Cut,No Enhancement,Tanzania,https://www.thenaturalsapphirecompany.com/yellow-sapphires/2.24ct-tanzanian-radiant-yellow-sapphire-s30619/
S30620,"$2,332",$700,3.33 Ct.,9.66,7.42,4.98,Yellow,Light,Very Slightly Included,Oval,Mixed Brilliant Cut,No Enhancement,Tanzania,https://www.thenaturalsapphirecompany.com/yellow-sapphires/3.33ct-tanzanian-oval-yellow-sapphire-s30620/
S34490,$245,$402,0.61 Ct.,5.98,4.01,2.97,Yellowish Green,Medium,Very Very Slightly Included,Oval,Mixed Brilliant Cut,No Enhancement,Madagascar,https://www.thenaturalsapphirecompany.com/yellow-sapphires/0.61ct-madagascar-oval-yellowish-green-sapphire-s34490/
S41024,$450,$652,0.69 Ct.,6.94,4.31,3.05,Yellowish Green,Intense,Slightly Included,Pear,Mixed Brilliant Cut,Heat Treated,Madagascar,https://www.thenaturalsapphirecompany.com/yellow-sapphires/0.69ct-madagascar-pear-yellowish-green-sapphire-s41024/
S41037,$700,$642,1.09 Ct.,6.31,4.85,3.72,Yellowish Green,Medium,Slightly Included,Emerald Cut,Emerald Cut,Heat Treated,Madagascar,https://www.thenaturalsapphirecompany.com/yellow-sapphires/1.09ct-madagascar-emerald-cut-yellowish-green-sapphire-s41037/
S41042,$600,$632,0.95 Ct.,5.97,4.71,3.37,Yellowish Green,Medium,Slightly Included,Radiant,Radiant Cut,Heat Treated,Madagascar,https://www.thenaturalsapphirecompany.com/yellow-sapphires/0.95ct-madagascar-radiant-yellowish-green-sapphire-s41042/
S43682,$122,$200,0.61 Ct.,6.12,4.3,2.76,Yellow,Light,Very Slightly Included,Cushion,Mixed Brilliant Cut,No Enhancement,Ceylon (Sri Lanka),https://www.thenaturalsapphirecompany.com/yellow-sapphires/0.61ct-ceylon-sri-lankan-cushion-yellow-sapphire-s43682/
S43683,$148,$200,0.74 Ct.,6.66,4.77,2.98,Yellow,Medium,Very Very Slightly Included,Oval,Mixed Brilliant Cut,No Enhancement,Ceylon (Sri Lanka),https://www.thenaturalsapphirecompany.com/yellow-sapphires/0.74ct-ceylon-sri-lankan-oval-yellow-sapphire-s43683/
S37052,"$1,166",$666,1.75 Ct.,8.14,5.77,4.54,Yellow,Vivid,Very Very Slightly Included,Oval,Mixed Brilliant Cut,Heat Treated,Africa,https://www.thenaturalsapphirecompany.com/yellow-sapphires/1.75ct-african-oval-yellow-sapphire-s37052/
S40712,"$2,800",$875,3.20 Ct.,10.21,7.17,4.49,Yellowish Green,Medium,Very Very Slightly Included,Cushion,Mixed Brilliant Cut,No Enhancement,Ceylon (Sri Lanka),https://www.thenaturalsapphirecompany.com/yellow-sapphires/3.20ct-ceylon-sri-lankan-cushion-yellowish-green-sapphire-s40712/
Y5402,$216,$300,0.72 Ct.,6.03,4.08,3.34,Yellowish Orange,Intense,Very Slightly Included,Radiant,Radiant Cut,Heat Treated,Ceylon (Sri Lanka),https://www.thenaturalsapphirecompany.com/yellow-sapphires/0.72ct-ceylon-sri-lankan-radiant-yellowish-orange-sapphire-y5402/
Y5403,$256,$320,0.80 Ct.,5.27,5.22,3.79,Yellow,Medium,Very Slightly Included,Cushion,Mixed Brilliant Cut,Heat Treated,Ceylon (Sri Lanka),https://www.thenaturalsapphirecompany.com/yellow-sapphires/0.80ct-ceylon-sri-lankan-cushion-yellow-sapphire-y5403/
Y5404,$290,$330,0.88 Ct.,6.5,4.54,3.36,Yellow,Vivid,Very Slightly Included,Emerald Cut,Emerald Cut,Heat Treated,Ceylon (Sri Lanka),https://www.thenaturalsapphirecompany.com/yellow-sapphires/0.88ct-ceylon-sri-lankan-emerald-cut-yellow-sapphire-y5404/
Y5405,$381,$370,1.03 Ct.,7.07,5.12,3.44,Yellow,Medium,Very Slightly Included,Radiant,Radiant Cut,Heat Treated,Ceylon (Sri Lanka),https://www.thenaturalsapphirecompany.com/yellow-sapphires/1.03ct-ceylon-sri-lankan-radiant-yellow-sapphire-y5405/
Y5406,$368,$350,1.05 Ct.,7,5,3.51,Yellow,Intense,Very Slightly Included,Radiant,Radiant Cut,Heat Treated,Ceylon (Sri Lanka),https://www.thenaturalsapphirecompany.com/yellow-sapphires/1.05ct-ceylon-sri-lankan-radiant-yellow-sapphire-y5406/
Y5408,$436,$400,1.09 Ct.,7.05,4.98,3.63,Yellow,Intense,Slightly Included,Radiant,Radiant Cut,Heat Treated,Ceylon (Sri Lanka),https://www.thenaturalsapphirecompany.com/yellow-sapphires/1.09ct-ceylon-sri-lankan-radiant-yellow-sapphire-y5408/
Y5409,$444,$400,1.11 Ct.,6.93,5.16,3.72,Yellowish Orange,Vivid,Eye Clean,Radiant,Radiant Cut,Heat Treated,Ceylon (Sri Lanka),https://www.thenaturalsapphirecompany.com/yellow-sapphires/1.11ct-ceylon-sri-lankan-radiant-yellowish-orange-sapphire-y5409/
Y5411,$345,$300,1.15 Ct.,6.99,5.17,3.74,Yellow,Medium,Very Slightly Included,Radiant,Radiant Cut,Heat Treated,Ceylon (Sri Lanka),https://www.thenaturalsapphirecompany.com/yellow-sapphires/1.15ct-ceylon-sri-lankan-radiant-yellow-sapphire-y5411/
Y5412,$472,$400,1.18 Ct.,7.01,5.12,3.67,Yellow,Intense,Very Slightly Included,Radiant,Radiant Cut,Heat Treated,Ceylon (Sri Lanka),https://www.thenaturalsapphirecompany.com/yellow-sapphires/1.18ct-ceylon-sri-lankan-radiant-yellow-sapphire-y5412/
Y5413,$452,$350,1.29 Ct.,7.08,5.04,4.01,Yellow,Medium,Very Slightly Included,Radiant,Radiant Cut,Heat Treated,Ceylon (Sri Lanka),https://www.thenaturalsapphirecompany.com/yellow-sapphires/1.29ct-ceylon-sri-lankan-radiant-yellow-sapphire-y5413/
Y5415,$147,$300,0.49 Ct.,4.63,4.62,3,Yellow,Intense,Eye Clean,Cushion,Mixed Brilliant Cut,Heat Treated,Ceylon (Sri Lanka),https://www.thenaturalsapphirecompany.com/yellow-sapphires/0.49ct-ceylon-sri-lankan-cushion-yellow-sapphire-y5415/
Y5416,$170,$321,0.53 Ct.,5.02,4.96,2.95,Yellow,Medium,Very Slightly Included,Cushion,Mixed Brilliant Cut,Heat Treated,Ceylon (Sri Lanka),https://www.thenaturalsapphirecompany.com/yellow-sapphires/0.53ct-ceylon-sri-lankan-cushion-yellow-sapphire-y5416/
Y5417,$162,$300,0.54 Ct.,4.65,4.62,3.33,Yellow,Vivid,Very Slightly Included,Cushion,Mixed Brilliant Cut,Heat Treated,Ceylon (Sri Lanka),https://www.thenaturalsapphirecompany.com/yellow-sapphires/0.54ct-ceylon-sri-lankan-cushion-yellow-sapphire-y5417/
Y5418,$192,$320,0.60 Ct.,5.1,5.07,3.09,Yellow,Intense,Very Slightly Included,Cushion,Mixed Brilliant Cut,Heat Treated,Ceylon (Sri Lanka),https://www.thenaturalsapphirecompany.com/yellow-sapphires/0.60ct-ceylon-sri-lankan-cushion-yellow-sapphire-y5418/
Y5419,$205,$320,0.64 Ct.,5.14,5.08,3.21,Yellow,Vivid,Very Slightly Included,Cushion,Mixed Brilliant Cut,Heat Treated,Ceylon (Sri Lanka),https://www.thenaturalsapphirecompany.com/yellow-sapphires/0.64ct-ceylon-sri-lankan-cushion-yellow-sapphire-y5419/
Y5420,$205,$320,0.64 Ct.,5.17,5.16,3.25,Yellow,Vivid,Very Slightly Included,Cushion,Mixed Brilliant Cut,Heat Treated,Ceylon (Sri Lanka),https://www.thenaturalsapphirecompany.com/yellow-sapphires/0.64ct-ceylon-sri-lankan-cushion-yellow-sapphire-y5420/
Y5421,$205,$320,0.64 Ct.,5.12,4.97,3.28,Yellow,Vivid,Very Slightly Included,Cushion,Mixed Brilliant Cut,Heat Treated,Ceylon (Sri Lanka),https://www.thenaturalsapphirecompany.com/yellow-sapphires/0.64ct-ceylon-sri-lankan-cushion-yellow-sapphire-y5421/
Y5422,$208,$320,0.65 Ct.,5.11,5,3.41,Yellow,Medium,Very Slightly Included,Cushion,Mixed Brilliant Cut,Heat Treated,Ceylon (Sri Lanka),https://www.thenaturalsapphirecompany.com/yellow-sapphires/0.65ct-ceylon-sri-lankan-cushion-yellow-sapphire-y5422/
Y5423,$208,$320,0.65 Ct.,5.26,5.24,3.27,Yellow,Intense,Very Slightly Included,Cushion,Mixed Brilliant Cut,Heat Treated,Ceylon (Sri Lanka),https://www.thenaturalsapphirecompany.com/yellow-sapphires/0.65ct-ceylon-sri-lankan-cushion-yellow-sapphire-y5423/
S36770,$450,$300,1.50 Ct.,8.05,5.76,4.02,Yellow,Intense,Very Very Slightly Included,Oval,Mixed Brilliant Cut,No Enhancement,Ceylon (Sri Lanka),https://www.thenaturalsapphirecompany.com/yellow-sapphires/1.50ct-ceylon-sri-lankan-oval-yellow-sapphire-s36770/
S41315,"$1,001",$700,1.43 Ct.,7.34,7.25,3.93,Yellowish Green,Intense,Very Slightly Included,Round,Mixed Brilliant Cut,Heat Treated,Madagascar,https://www.thenaturalsapphirecompany.com/yellow-sapphires/1.43ct-madagascar-round-yellowish-green-sapphire-s41315/
S41318,"$1,771",$700,2.53 Ct.,9.12,9.14,4.69,Yellowish Green,Dark,Very Slightly Included,Round,Mixed Brilliant Cut,Heat Treated,Madagascar,https://www.thenaturalsapphirecompany.com/yellow-sapphires/2.53ct-madagascar-round-yellowish-green-sapphire-s41318/
S41321,"$3,802",$925,4.11 Ct.,11.33,8.27,4.75,Yellowish Green,Intense,Eye Clean,Oval,Mixed Brilliant Cut,Heat Treated,Madagascar,https://www.thenaturalsapphirecompany.com/yellow-sapphires/4.11ct-madagascar-oval-yellowish-green-sapphire-s41321/
S41322,"$2,440","$1,000",2.44 Ct.,9.77,7.12,3.96,Yellowish Green,Intense,Very Slightly Included,Oval,Mixed Brilliant Cut,Heat Treated,Madagascar,https://www.thenaturalsapphirecompany.com/yellow-sapphires/2.44ct-madagascar-oval-yellowish-green-sapphire-s41322/
S44221,"$9,649","$1,870",5.16 Ct.,10.83,8.46,5.83,Yellowish Orange,Vivid,Eye Clean,Emerald Cut,Emerald Cut,Heat Treated,Ceylon (Sri Lanka),https://www.thenaturalsapphirecompany.com/yellow-sapphires/5.16ct-ceylon-sri-lankan-emerald-cut-yellowish-orange-sapphire-s44221/
S37660,"$3,861","$1,313",2.94 Ct.,7.7,7.56,5.7,Yellow,Light,Very Very Slightly Included,Radiant,Radiant Cut,No Enhancement,Ceylon (Sri Lanka),https://www.thenaturalsapphirecompany.com/yellow-sapphires/2.94ct-ceylon-sri-lankan-radiant-yellow-sapphire-s37660/
S35062,"$2,814","$1,400",2.01 Ct.,8.26,6.16,4.26,Yellow,Light,Very Very Slightly Included,Radiant,Radiant Cut,Heat Treated,Montana,https://www.thenaturalsapphirecompany.com/yellow-sapphires/2.01ct-montana-radiant-yellow-sapphire-s35062/
S44232,"$3,928","$1,018",3.86 Ct.,8.79,9.3,6.6,Yellow,Light,Eye Clean,Heart,Mixed Brilliant Cut,Heat Treated,Ceylon (Sri Lanka),https://www.thenaturalsapphirecompany.com/yellow-sapphires/3.86ct-ceylon-sri-lankan-heart-yellow-sapphire-s44232/
S5351,$189,$300,0.63 Ct.,4.94,4.7,3.1,Yellow,Intense,Slightly Included,Asscher - Octagon,Asscher Cut,No Enhancement,Ceylon (Sri Lanka),https://www.thenaturalsapphirecompany.com/yellow-sapphires/0.63ct-ceylon-sri-lankan-asscher-octagon-yellow-sapphire-s5351/
S5353,$216,$300,0.72 Ct.,4.95,4.45,3.21,Yellow,Faint,Very Slightly Included,Asscher - Octagon,Asscher Cut,No Enhancement,Ceylon (Sri Lanka),https://www.thenaturalsapphirecompany.com/yellow-sapphires/0.72ct-ceylon-sri-lankan-asscher-octagon-yellow-sapphire-s5353/
S5354,$219,$300,0.73 Ct.,5.84,4.64,2.69,Yellow,Faint,Very Slightly Included,Emerald Cut,Emerald Cut,No Enhancement,Ceylon (Sri Lanka),https://www.thenaturalsapphirecompany.com/yellow-sapphires/0.73ct-ceylon-sri-lankan-emerald-cut-yellow-sapphire-s5354/
S5355,$228,$300,0.76 Ct.,5.6,4.34,3.2,Yellow,Light,Very Slightly Included,Emerald Cut,Emerald Cut,No Enhancement,Ceylon (Sri Lanka),https://www.thenaturalsapphirecompany.com/yellow-sapphires/0.76ct-ceylon-sri-lankan-emerald-cut-yellow-sapphire-s5355/
S5356,$234,$300,0.78 Ct.,5.01,4.6,3.4,Yellow,Medium,Included,Princess,Princess Cut,No Enhancement,Ceylon (Sri Lanka),https://www.thenaturalsapphirecompany.com/yellow-sapphires/0.78ct-ceylon-sri-lankan-princess-yellow-sapphire-s5356/
S5362,$327,$300,1.09 Ct.,6.44,4.64,3.67,Yellow,Light,Very Slightly Included,Emerald Cut,Emerald Cut,No Enhancement,Ceylon (Sri Lanka),https://www.thenaturalsapphirecompany.com/yellow-sapphires/1.09ct-ceylon-sri-lankan-emerald-cut-yellow-sapphire-s5362/
S31439,$954,$380,2.51 Ct.,8.8,7.34,4.6,Yellow,Vivid,Very Slightly Included,Oval,Mixed Brilliant Cut,Lattice Diffused,Ceylon (Sri Lanka),https://www.thenaturalsapphirecompany.com/yellow-sapphires/2.51ct-ceylon-sri-lankan-oval-yellow-sapphire-s31439/
S15774,"$1,050",$700,1.50 Ct.,7.12,5.49,3.84,Yellow,Light,Very Slightly Included,Cushion,Mixed Brilliant Cut,No Enhancement,Ceylon (Sri Lanka),https://www.thenaturalsapphirecompany.com/yellow-sapphires/1.50ct-ceylon-sri-lankan-cushion-yellow-sapphire-s15774/
S17669,$369,$310,1.19 Ct.,6.47,5.32,4.18,Yellow,Light,Slightly Included,Oval,Mixed Brilliant Cut,No Enhancement,Ceylon (Sri Lanka),https://www.thenaturalsapphirecompany.com/yellow-sapphires/1.19ct-ceylon-sri-lankan-oval-yellow-sapphire-s17669/
S17728,"$1,039",$446,2.33 Ct.,7.78,6.97,4.7,Yellow,Faint,Very Slightly Included,Cushion,Mixed Brilliant Cut,No Enhancement,Ceylon (Sri Lanka),https://www.thenaturalsapphirecompany.com/yellow-sapphires/2.33ct-ceylon-sri-lankan-cushion-yellow-sapphire-s17728/
S17729,$641,$364,1.76 Ct.,8.06,6.39,4.38,Yellow,Light,Very Slightly Included,Oval,Mixed Brilliant Cut,No Enhancement,Ceylon (Sri Lanka),https://www.thenaturalsapphirecompany.com/yellow-sapphires/1.76ct-ceylon-sri-lankan-oval-yellow-sapphire-s17729/
S17889,$760,$442,1.72 Ct.,7.66,6.87,4.19,Yellow,Light,Very Slightly Included,Oval,Mixed Brilliant Cut,No Enhancement,Ceylon (Sri Lanka),https://www.thenaturalsapphirecompany.com/yellow-sapphires/1.72ct-ceylon-sri-lankan-oval-yellow-sapphire-s17889/
S35483,$270,$360,0.75 Ct.,5.31,5.5,3.38,Yellowish Green,Intense,Very Slightly Included,Round,Mixed Brilliant Cut,Heat Treated,Madagascar,https://www.thenaturalsapphirecompany.com/yellow-sapphires/0.75ct-madagascar-round-yellowish-green-sapphire-s35483/
S5371,$474,$300,1.58 Ct.,7.4,6.46,3.81,Yellow,Intense,Slightly Included,Oval,Mixed Brilliant Cut,No Enhancement,Ceylon (Sri Lanka),https://www.thenaturalsapphirecompany.com/yellow-sapphires/1.58ct-ceylon-sri-lankan-oval-yellow-sapphire-s5371/
S9475,"$4,091","$1,341",3.05 Ct.,8.82,7.93,4.67,Orangish Yellow,Intense,Eye Clean,Asscher - Octagon,Asscher Cut,Heat Treated,Ceylon (Sri Lanka),https://www.thenaturalsapphirecompany.com/yellow-sapphires/3.05ct-ceylon-sri-lankan-asscher-octagon-orangish-yellow-sapphire-s9475/
S33407,"$1,100",$500,2.20 Ct.,8.32,5.77,5.31,Yellow,Light,Eye Clean,Oval,Mixed Brilliant Cut,No Enhancement,Ceylon (Sri Lanka),https://www.thenaturalsapphirecompany.com/yellow-sapphires/2.20ct-ceylon-sri-lankan-oval-yellow-sapphire-s33407/
S43455,"$1,280",$640,2.00 Ct.,8.21,6.15,4.79,Yellowish Green,Intense,Very Slightly Included,Oval,Mixed Brilliant Cut,Heat Treated,Madagascar,https://www.thenaturalsapphirecompany.com/yellow-sapphires/2.00ct-madagascar-oval-yellowish-green-sapphire-s43455/
S43835,"$3,333","$1,100",3.03 Ct.,8.74,6.74,5.18,Yellow,Intense,Very Very Slightly Included,Cushion,Mixed Brilliant Cut,No Enhancement,Ceylon (Sri Lanka),https://www.thenaturalsapphirecompany.com/yellow-sapphires/3.03ct-ceylon-sri-lankan-cushion-yellow-sapphire-s43835/
S48840,"$4,694","$2,312",2.03 Ct.,12.04,5.36,3.73,Yellow,Intense,Very Very Slightly Included,Marquise,Mixed Brilliant Cut,Heat Treated,Ceylon (Sri Lanka),https://www.thenaturalsapphirecompany.com/yellow-sapphires/2.03ct-ceylon-sri-lankan-marquise-yellow-sapphire-s48840/
S48916,$59,$100,0.59 Ct.,4.96,4.87,3.02,Greenish Yellow,Intense,Very Slightly Included,Round,Mixed Brilliant Cut,Heat Treated,Ceylon (Sri Lanka),https://www.thenaturalsapphirecompany.com/yellow-sapphires/0.59ct-ceylon-sri-lankan-round-greenish-yellow-sapphire-s48916/
Y5394,$160,$250,0.64 Ct.,6.07,4.21,2.92,Yellow,Medium,Very Slightly Included,Radiant,Radiant Cut,Heat Treated,Ceylon (Sri Lanka),https://www.thenaturalsapphirecompany.com/yellow-sapphires/0.64ct-ceylon-sri-lankan-radiant-yellow-sapphire-y5394/
Y5395,$208,$320,0.65 Ct.,5.16,5.06,3.17,Yellow,Vivid,Eye Clean,Cushion,Mixed Brilliant Cut,Heat Treated,Ceylon (Sri Lanka),https://www.thenaturalsapphirecompany.com/yellow-sapphires/0.65ct-ceylon-sri-lankan-cushion-yellow-sapphire-y5395/
S28966,"$2,496","$1,200",2.08 Ct.,7.49,6.21,4.95,Yellow,Light,Eye Clean,Radiant,Radiant Cut,No Enhancement,Ceylon (Sri Lanka),https://www.thenaturalsapphirecompany.com/yellow-sapphires/2.08ct-ceylon-sri-lankan-radiant-yellow-sapphire-s28966/
S33252,$556,$501,1.11 Ct.,5.94,5.54,3.93,Yellow,Medium,Very Very Slightly Included,Radiant,Radiant Cut,No Enhancement,Ceylon (Sri Lanka),https://www.thenaturalsapphirecompany.com/yellow-sapphires/1.11ct-ceylon-sri-lankan-radiant-yellow-sapphire-s33252/
S38553,"$2,534",$700,3.62 Ct.,11.77,9.11,4.01,Yellowish Orange,Vivid,Very Slightly Included,Pear,Mixed Brilliant Cut,Heat Treated,Ceylon (Sri Lanka),https://www.thenaturalsapphirecompany.com/yellow-sapphires/3.62ct-ceylon-sri-lankan-pear-yellowish-orange-sapphire-s38553/
S41305,$987,$700,1.41 Ct.,8.13,6.16,3.21,Yellowish Green,Intense,Very Very Slightly Included,Oval,Mixed Brilliant Cut,Heat Treated,Madagascar,https://www.thenaturalsapphirecompany.com/yellow-sapphires/1.41ct-madagascar-oval-yellowish-green-sapphire-s41305/
S15467,"$44,752","$2,790",16.04 Ct.,15.45,12.34,9.51,Yellow,Intense,Very Slightly Included,Oval,Mixed Brilliant Cut,No Enhancement,Ceylon (Sri Lanka),https://www.thenaturalsapphirecompany.com/yellow-sapphires/16.04ct-ceylon-sri-lankan-oval-yellow-sapphire-s15467/
S15470,"$40,571","$3,875",10.47 Ct.,15.85,11.87,6.26,Orangish Yellow,Medium,Very Slightly Included,Oval,Mixed Brilliant Cut,No Enhancement,Ceylon (Sri Lanka),https://www.thenaturalsapphirecompany.com/yellow-sapphires/10.47ct-ceylon-sri-lankan-oval-orangish-yellow-sapphire-s15470/
U14671,$204,$240,0.85 Ct.,5.6,4.57,3.71,Yellowish Green,Intense,Eye Clean,Oval,Mixed Brilliant Cut,Heat Treated,Ceylon (Sri Lanka),https://www.thenaturalsapphirecompany.com/yellow-sapphires/0.85ct-ceylon-sri-lankan-oval-yellowish-green-sapphire-u14671/
Y5357,$482,$450,1.07 Ct.,5.86,5.86,3.44,Yellow,Intense,Eye Clean,Princess,Princess Cut,Heat Treated,Ceylon (Sri Lanka),https://www.thenaturalsapphirecompany.com/yellow-sapphires/1.07ct-ceylon-sri-lankan-princess-yellow-sapphire-y5357/
Y5358,$666,$600,1.11 Ct.,6.3,4.23,4.29,Yellow,Intense,Very Slightly Included,Radiant,Radiant Cut,No Enhancement,Ceylon (Sri Lanka),https://www.thenaturalsapphirecompany.com/yellow-sapphires/1.11ct-ceylon-sri-lankan-radiant-yellow-sapphire-y5358/
Y5360,$670,$500,1.34 Ct.,6.36,5.58,3.93,Yellow,Light,Very Slightly Included,Radiant,Radiant Cut,Heat Treated,Ceylon (Sri Lanka),https://www.thenaturalsapphirecompany.com/yellow-sapphires/1.34ct-ceylon-sri-lankan-radiant-yellow-sapphire-y5360/
Y5368,"$2,160","$1,000",2.16 Ct.,10.76,7.36,3.9,Yellow,Intense,Slightly Included,Pear,Mixed Brilliant Cut,No Enhancement,Ceylon (Sri Lanka),https://www.thenaturalsapphirecompany.com/yellow-sapphires/2.16ct-ceylon-sri-lankan-pear-yellow-sapphire-y5368/
Y5370,$95,$221,0.43 Ct.,6.14,3.97,2.62,Yellow,Intense,Eye Clean,Pear,Mixed Brilliant Cut,Heat Treated,Ceylon (Sri Lanka),https://www.thenaturalsapphirecompany.com/yellow-sapphires/0.43ct-ceylon-sri-lankan-pear-yellow-sapphire-y5370/
Y5372,$112,$200,0.56 Ct.,6.41,4.41,3.05,Orangish Yellow,Intense,Slightly Included,Pear,Mixed Brilliant Cut,Heat Treated,Ceylon (Sri Lanka),https://www.thenaturalsapphirecompany.com/yellow-sapphires/0.56ct-ceylon-sri-lankan-pear-orangish-yellow-sapphire-y5372/
Y5374,$141,$220,0.64 Ct.,6.57,4.51,3.3,Orangish Yellow,Intense,Very Slightly Included,Pear,Mixed Brilliant Cut,Heat Treated,Ceylon (Sri Lanka),https://www.thenaturalsapphirecompany.com/yellow-sapphires/0.64ct-ceylon-sri-lankan-pear-orangish-yellow-sapphire-y5374/
Y5375,$145,$220,0.66 Ct.,7.05,5.13,2.87,Yellow,Medium,Very Slightly Included,Pear,Mixed Brilliant Cut,Heat Treated,Ceylon (Sri Lanka),https://www.thenaturalsapphirecompany.com/yellow-sapphires/0.66ct-ceylon-sri-lankan-pear-yellow-sapphire-y5375/
Y5376,$150,$221,0.68 Ct.,5.36,5.25,3.55,Yellow,Medium,Very Slightly Included,Round,Mixed Brilliant Cut,Heat Treated,Ceylon (Sri Lanka),https://www.thenaturalsapphirecompany.com/yellow-sapphires/0.68ct-ceylon-sri-lankan-round-yellow-sapphire-y5376/
Y5377,$167,$220,0.76 Ct.,7.09,5.19,3.19,Yellow,Medium,Slightly Included,Pear,Mixed Brilliant Cut,Heat Treated,Ceylon (Sri Lanka),https://www.thenaturalsapphirecompany.com/yellow-sapphires/0.76ct-ceylon-sri-lankan-pear-yellow-sapphire-y5377/
Y5378,$231,$300,0.77 Ct.,5.62,5.53,3.8,Yellow,Intense,Very Slightly Included,Round,Mixed Brilliant Cut,Heat Treated,Ceylon (Sri Lanka),https://www.thenaturalsapphirecompany.com/yellow-sapphires/0.77ct-ceylon-sri-lankan-round-yellow-sapphire-y5378/
Y5379,$193,$251,0.77 Ct.,7.18,5.15,3.2,Yellow,Vivid,Slightly Included,Pear,Mixed Brilliant Cut,Heat Treated,Ceylon (Sri Lanka),https://www.thenaturalsapphirecompany.com/yellow-sapphires/0.77ct-ceylon-sri-lankan-pear-yellow-sapphire-y5379/
Y5380,$240,$300,0.80 Ct.,5.64,5.57,3.78,Yellow,Intense,Very Slightly Included,Round,Mixed Brilliant Cut,Heat Treated,Ceylon (Sri Lanka),https://www.thenaturalsapphirecompany.com/yellow-sapphires/0.80ct-ceylon-sri-lankan-round-yellow-sapphire-y5380/
Y5381,$203,$251,0.81 Ct.,5.68,5.64,3.84,Yellow,Intense,Very Slightly Included,Round,Mixed Brilliant Cut,Heat Treated,Ceylon (Sri Lanka),https://www.thenaturalsapphirecompany.com/yellow-sapphires/0.81ct-ceylon-sri-lankan-round-yellow-sapphire-y5381/
Y5382,$203,$251,0.81 Ct.,7.15,5.36,3.21,Yellowish Orange,Vivid,Slightly Included,Pear,Mixed Brilliant Cut,Heat Treated,Ceylon (Sri Lanka),https://www.thenaturalsapphirecompany.com/yellow-sapphires/0.81ct-ceylon-sri-lankan-pear-yellowish-orange-sapphire-y5382/
Y5383,$191,$220,0.87 Ct.,7.11,5.09,3.61,Yellow,Intense,Eye Clean,Pear,Mixed Brilliant Cut,Heat Treated,Ceylon (Sri Lanka),https://www.thenaturalsapphirecompany.com/yellow-sapphires/0.87ct-ceylon-sri-lankan-pear-yellow-sapphire-y5383/
Y5384,$194,$220,0.88 Ct.,7.02,5.17,3.5,Yellow,Vivid,Slightly Included,Pear,Mixed Brilliant Cut,Heat Treated,Ceylon (Sri Lanka),https://www.thenaturalsapphirecompany.com/yellow-sapphires/0.88ct-ceylon-sri-lankan-pear-yellow-sapphire-y5384/
Y5385,$220,$250,0.88 Ct.,5.69,5.6,3.99,Yellow,Intense,Very Slightly Included,Round,Mixed Brilliant Cut,Heat Treated,Ceylon (Sri Lanka),https://www.thenaturalsapphirecompany.com/yellow-sapphires/0.88ct-ceylon-sri-lankan-round-yellow-sapphire-y5385/
Y5386,$270,$300,0.90 Ct.,5.99,5.9,3.86,Yellow,Intense,Very Slightly Included,Round,Mixed Brilliant Cut,Heat Treated,Ceylon (Sri Lanka),https://www.thenaturalsapphirecompany.com/yellow-sapphires/0.90ct-ceylon-sri-lankan-round-yellow-sapphire-y5386/
Y5387,$291,$300,0.97 Ct.,6.07,5.93,3.97,Yellow,Intense,Very Slightly Included,Round,Mixed Brilliant Cut,Heat Treated,Ceylon (Sri Lanka),https://www.thenaturalsapphirecompany.com/yellow-sapphires/0.97ct-ceylon-sri-lankan-round-yellow-sapphire-y5387/
Y5388,$343,$350,0.98 Ct.,7.14,5.43,3.73,Yellowish Orange,Intense,Very Slightly Included,Pear,Mixed Brilliant Cut,Heat Treated,Ceylon (Sri Lanka),https://www.thenaturalsapphirecompany.com/yellow-sapphires/0.98ct-ceylon-sri-lankan-pear-yellowish-orange-sapphire-y5388/
S15411,"$1,449",$900,1.61 Ct.,7.07,7.06,3.84,Greenish Yellow,Vivid,Very Slightly Included,Cushion,Mixed Brilliant Cut,No Enhancement,Ceylon (Sri Lanka),https://www.thenaturalsapphirecompany.com/yellow-sapphires/1.61ct-ceylon-sri-lankan-cushion-greenish-yellow-sapphire-s15411/
S20966,"$1,029",$700,1.47 Ct.,6.48,6.53,3.95,Yellow,Intense,Very Slightly Included,Round,Mixed Brilliant Cut,Lattice Diffused,Ceylon (Sri Lanka),https://www.thenaturalsapphirecompany.com/yellow-sapphires/1.47ct-ceylon-sri-lankan-round-yellow-sapphire-s20966/
S20967,$990,$600,1.65 Ct.,6.73,6.71,4.37,Yellowish Orange,Intense,Eye Clean,Round,Mixed Brilliant Cut,Lattice Diffused,Ceylon (Sri Lanka),https://www.thenaturalsapphirecompany.com/yellow-sapphires/1.65ct-ceylon-sri-lankan-round-yellowish-orange-sapphire-s20967/
S20969,$820,$550,1.49 Ct.,8,6.05,3.29,Orangish Yellow,Intense,Very Very Slightly Included,Oval,Mixed Brilliant Cut,Lattice Diffused,Ceylon (Sri Lanka),https://www.thenaturalsapphirecompany.com/yellow-sapphires/1.49ct-ceylon-sri-lankan-oval-orangish-yellow-sapphire-s20969/
S25971,$436,$400,1.09 Ct.,6.82,6.82,3.35,Yellow,Light,Very Very Slightly Included,Round,Mixed Brilliant Cut,No Enhancement,Ceylon (Sri Lanka),https://www.thenaturalsapphirecompany.com/yellow-sapphires/1.09ct-ceylon-sri-lankan-round-yellow-sapphire-s25971/
S34453,"$6,057","$1,481",4.09 Ct.,9.81,7.82,5.55,Yellow,Intense,Very Slightly Included,Emerald Cut,Emerald Cut,Heat Treated,Ceylon (Sri Lanka),https://www.thenaturalsapphirecompany.com/yellow-sapphires/4.09ct-ceylon-sri-lankan-emerald-cut-yellow-sapphire-s34453/
S34454,"$5,286","$1,481",3.57 Ct.,11.76,8.86,5.07,Yellow,Intense,Very Very Slightly Included,Pear,Mixed Brilliant Cut,Heat Treated,Ceylon (Sri Lanka),https://www.thenaturalsapphirecompany.com/yellow-sapphires/3.57ct-ceylon-sri-lankan-pear-yellow-sapphire-s34454/
S37839,"$2,905","$1,200",2.42 Ct.,7.2,6.95,5.31,Yellowish Green,Intense,Very Very Slightly Included,Asscher - Octagon,Asscher Cut,Heat Treated,Madagascar,https://www.thenaturalsapphirecompany.com/yellow-sapphires/2.42ct-madagascar-asscher-octagon-yellowish-green-sapphire-s37839/
S45131,$416,$400,1.04 Ct.,8.12,6.5,2.96,Yellowish Green,Intense,Very Slightly Included,Fancy,Step Cut,No Enhancement,Madagascar,https://www.thenaturalsapphirecompany.com/yellow-sapphires/1.04ct-madagascar-fancy-yellowish-green-sapphire-s45131/
S40957,$680,$450,1.51 Ct.,6.84,5.32,4.18,Yellow,Light,Very Slightly Included,Emerald Cut,Emerald Cut,Heat Treated,Ceylon (Sri Lanka),https://www.thenaturalsapphirecompany.com/yellow-sapphires/1.51ct-ceylon-sri-lankan-emerald-cut-yellow-sapphire-s40957/
S40958,$406,$350,1.16 Ct.,8.39,6.42,3.39,Yellow,Intense,Eye Clean,Fancy,Mixed Brilliant Cut,Heat Treated,Ceylon (Sri Lanka),https://www.thenaturalsapphirecompany.com/yellow-sapphires/1.16ct-ceylon-sri-lankan-fancy-yellow-sapphire-s40958/
S40959,$303,$300,1.01 Ct.,5.8,5.57,3.28,Yellowish Green,Intense,Very Slightly Included,Asscher - Octagon,Asscher Cut,Heat Treated,Africa,https://www.thenaturalsapphirecompany.com/yellow-sapphires/1.01ct-african-asscher-octagon-yellowish-green-sapphire-s40959/
S40960,$280,$241,1.16 Ct.,6.96,5.49,3.87,Yellow,Intense,Slightly Included,Oval,Mixed Brilliant Cut,No Enhancement,Ceylon (Sri Lanka),https://www.thenaturalsapphirecompany.com/yellow-sapphires/1.16ct-ceylon-sri-lankan-oval-yellow-sapphire-s40960/
S40964,$240,$180,1.33 Ct.,7.14,5.75,4.05,Yellow,Medium,Slightly Included,Oval,Mixed Brilliant Cut,No Enhancement,Ceylon (Sri Lanka),https://www.thenaturalsapphirecompany.com/yellow-sapphires/1.33ct-ceylon-sri-lankan-oval-yellow-sapphire-s40964/
S40966,$240,$209,1.15 Ct.,6.34,5.99,3.66,Yellow,Intense,Very Slightly Included,Fancy,Step Cut,No Enhancement,Ceylon (Sri Lanka),https://www.thenaturalsapphirecompany.com/yellow-sapphires/1.15ct-ceylon-sri-lankan-fancy-yellow-sapphire-s40966/
S40976,$280,$212,1.32 Ct.,7.47,4.22,3.76,Greenish Yellow,Intense,Very Slightly Included,Cushion,Mixed Brilliant Cut,No Enhancement,Ceylon (Sri Lanka),https://www.thenaturalsapphirecompany.com/yellow-sapphires/1.32ct-ceylon-sri-lankan-cushion-greenish-yellow-sapphire-s40976/
S43632,$177,$300,0.59 Ct.,7.56,3.85,2.82,Yellow,Intense,Very Very Slightly Included,Marquise,Mixed Brilliant Cut,No Enhancement,Ceylon (Sri Lanka),https://www.thenaturalsapphirecompany.com/yellow-sapphires/0.59ct-ceylon-sri-lankan-marquise-yellow-sapphire-s43632/
S43639,"$1,296","$1,200",1.08 Ct.,6.46,5.55,3.22,Yellowish Green,Intense,Very Slightly Included,Radiant,Radiant Cut,No Enhancement,Madagascar,https://www.thenaturalsapphirecompany.com/yellow-sapphires/1.08ct-madagascar-radiant-yellowish-green-sapphire-s43639/
S45631,$220,$117,1.88 Ct.,9.7,4.54,3.6,Yellow,Medium,Slightly Included,Emerald Cut,Checkerboard Cut,No Enhancement,Ceylon (Sri Lanka),https://www.thenaturalsapphirecompany.com/yellow-sapphires/1.88ct-ceylon-sri-lankan-emerald-cut-yellow-sapphire-s45631/
S45642,$200,$267,0.75 Ct.,5.77,4.3,3.64,Yellow,Medium,Very Slightly Included,Oval,Mixed Brilliant Cut,No Enhancement,Ceylon (Sri Lanka),https://www.thenaturalsapphirecompany.com/yellow-sapphires/0.75ct-ceylon-sri-lankan-oval-yellow-sapphire-s45642/
S45645,$120,$164,0.73 Ct.,7.17,3.25,2.62,Yellow,Light,Slightly Included,Emerald Cut,Emerald Cut,No Enhancement,Ceylon (Sri Lanka),https://www.thenaturalsapphirecompany.com/yellow-sapphires/0.73ct-ceylon-sri-lankan-emerald-cut-yellow-sapphire-s45645/
S45647,$146,$311,0.47 Ct.,6.51,5.28,2.87,Yellow,Intense,Slightly Included,Trillion,Trillion Cut,No Enhancement,Ceylon (Sri Lanka),https://www.thenaturalsapphirecompany.com/yellow-sapphires/0.47ct-ceylon-sri-lankan-trillion-yellow-sapphire-s45647/
S47662,$701,$504,1.39 Ct.,7.17,5.95,3.87,Yellowish Green,Intense,Very Slightly Included,Oval,Mixed Brilliant Cut,No Enhancement,Africa,https://www.thenaturalsapphirecompany.com/yellow-sapphires/1.39ct-african-oval-yellowish-green-sapphire-s47662/
S47664,$601,$572,1.05 Ct.,6.31,6.52,3.45,Yellowish Green,Intense,Slightly Included,Heart,Mixed Brilliant Cut,No Enhancement,Africa,https://www.thenaturalsapphirecompany.com/yellow-sapphires/1.05ct-african-heart-yellowish-green-sapphire-s47664/
S47665,$980,"$1,126",0.87 Ct.,6.09,4.6,3.47,Yellow,Intense,Slightly Included,Radiant,Radiant Cut,Heat Treated,Ceylon (Sri Lanka),https://www.thenaturalsapphirecompany.com/yellow-sapphires/0.87ct-ceylon-sri-lankan-radiant-yellow-sapphire-s47665/
S34404,$118,$241,0.49 Ct.,5.08,4.11,2.62,Yellowish Green,Intense,Very Slightly Included,Oval,Mixed Brilliant Cut,No Enhancement,Thailand,https://www.thenaturalsapphirecompany.com/yellow-sapphires/0.49ct-thai-oval-yellowish-green-sapphire-s34404/
S34405,$105,$269,0.39 Ct.,4.69,3.72,2.38,Yellowish Green,Medium,Very Slightly Included,Oval,Mixed Brilliant Cut,No Enhancement,Thailand,https://www.thenaturalsapphirecompany.com/yellow-sapphires/0.39ct-thai-oval-yellowish-green-sapphire-s34405/
S34407,$113,$240,0.47 Ct.,5.03,4.06,2.51,Yellowish Green,Medium,Very Slightly Included,Oval,Mixed Brilliant Cut,No Enhancement,Thailand,https://www.thenaturalsapphirecompany.com/yellow-sapphires/0.47ct-thai-oval-yellowish-green-sapphire-s34407/
S37822,$998,$708,1.41 Ct.,7.38,5.48,3.2,Yellow,Intense,Very Very Slightly Included,Emerald Cut,Emerald Cut,Heat Treated,Ceylon (Sri Lanka),https://www.thenaturalsapphirecompany.com/yellow-sapphires/1.41ct-ceylon-sri-lankan-emerald-cut-yellow-sapphire-s37822/
S40919,$250,$250,1.00 Ct.,6.81,5.18,3.06,Yellowish Orange,Intense,Slightly Included,Oval,Mixed Brilliant Cut,Heat Treated,Tanzania,https://www.thenaturalsapphirecompany.com/yellow-sapphires/1.00ct-tanzanian-oval-yellowish-orange-sapphire-s40919/
S40928,"$2,000",$917,2.18 Ct.,7.39,7.16,4.76,Yellow,Intense,Very Slightly Included,Cushion,Mixed Brilliant Cut,No Enhancement,Ceylon (Sri Lanka),https://www.thenaturalsapphirecompany.com/yellow-sapphires/2.18ct-ceylon-sri-lankan-cushion-yellow-sapphire-s40928/
S4095,$439,$375,1.17 Ct.,5.79,5.6,3.94,Yellow,Intense,Eye Clean,Asscher - Octagon,Asscher Cut,Heat Treated,Ceylon (Sri Lanka),https://www.thenaturalsapphirecompany.com/yellow-sapphires/1.17ct-ceylon-sri-lankan-asscher-octagon-yellow-sapphire-s4095/
S40951,"$1,380",$771,1.79 Ct.,7.51,5.75,4.88,Yellow,Intense,Very Slightly Included,Oval,Mixed Brilliant Cut,Heat Treated,Ceylon (Sri Lanka),https://www.thenaturalsapphirecompany.com/yellow-sapphires/1.79ct-ceylon-sri-lankan-oval-yellow-sapphire-s40951/
S40952,$780,$765,1.02 Ct.,7.21,5.21,3.29,Orangish Yellow,Intense,Very Slightly Included,Oval,Mixed Brilliant Cut,Heat Treated,Ceylon (Sri Lanka),https://www.thenaturalsapphirecompany.com/yellow-sapphires/1.02ct-ceylon-sri-lankan-oval-orangish-yellow-sapphire-s40952/
S40955,$406,$350,1.16 Ct.,5.73,5.57,3.85,Yellow,Medium,Eye Clean,Radiant,Radiant Cut,Heat Treated,Ceylon (Sri Lanka),https://www.thenaturalsapphirecompany.com/yellow-sapphires/1.16ct-ceylon-sri-lankan-radiant-yellow-sapphire-s40955/
S40956,$680,$450,1.51 Ct.,10.65,6.26,3.49,Greenish Yellow,Intense,Very Very Slightly Included,Pear,Mixed Brilliant Cut,No Enhancement,Africa,https://www.thenaturalsapphirecompany.com/yellow-sapphires/1.51ct-african-pear-greenish-yellow-sapphire-s40956/
S43592,$544,$800,0.68 Ct.,5.04,5.27,3.4,Yellow,Faint,Very Slightly Included,Heart,Mixed Brilliant Cut,No Enhancement,Madagascar,https://www.thenaturalsapphirecompany.com/yellow-sapphires/0.68ct-madagascar-heart-yellow-sapphire-s43592/
S43612,"$3,996",$740,5.40 Ct.,14.97,7.93,6.13,Yellowish Green,Medium,Very Very Slightly Included,Marquise,Mixed Brilliant Cut,No Enhancement,Ceylon (Sri Lanka),https://www.thenaturalsapphirecompany.com/yellow-sapphires/5.40ct-ceylon-sri-lankan-marquise-yellowish-green-sapphire-s43612/
S43615,"$3,423",$700,4.89 Ct.,14.27,8.1,5.84,Yellowish Green,Light,Very Slightly Included,Pear,Mixed Brilliant Cut,No Enhancement,Ceylon (Sri Lanka),https://www.thenaturalsapphirecompany.com/yellow-sapphires/4.89ct-ceylon-sri-lankan-pear-yellowish-green-sapphire-s43615/
S4362,$662,$450,1.47 Ct.,8.18,6.16,3.65,Yellow,Intense,Very Slightly Included,Oval,Mixed Brilliant Cut,No Enhancement,Ceylon (Sri Lanka),https://www.thenaturalsapphirecompany.com/yellow-sapphires/1.47ct-ceylon-sri-lankan-oval-yellow-sapphire-s4362/
S47628,"$1,050",$652,1.61 Ct.,6.48,5.57,4.83,Yellowish Green,Intense,Slightly Included,Cushion,Mixed Brilliant Cut,No Enhancement,Tanzania,https://www.thenaturalsapphirecompany.com/yellow-sapphires/1.61ct-tanzanian-cushion-yellowish-green-sapphire-s47628/
S47632,$720,$661,1.09 Ct.,6.61,5.07,3.18,Yellowish Green,Medium,Very Slightly Included,Emerald Cut,Emerald Cut,No Enhancement,Tanzania,https://www.thenaturalsapphirecompany.com/yellow-sapphires/1.09ct-tanzanian-emerald-cut-yellowish-green-sapphire-s47632/
S47364,"$1,104",$800,1.38 Ct.,7.82,5.72,3.75,Yellow,Light,Very Slightly Included,Oval,Mixed Brilliant Cut,No Enhancement,Ceylon (Sri Lanka),https://www.thenaturalsapphirecompany.com/yellow-sapphires/1.38ct-ceylon-sri-lankan-oval-yellow-sapphire-s47364/
S47365,"$2,144",$800,2.68 Ct.,8.12,7.33,5.49,Yellow,Light,Slightly Included,Oval,Mixed Brilliant Cut,No Enhancement,Ceylon (Sri Lanka),https://www.thenaturalsapphirecompany.com/yellow-sapphires/2.68ct-ceylon-sri-lankan-oval-yellow-sapphire-s47365/
S20805,"$1,067","$1,100",0.97 Ct.,5.87,5.89,3.91,Yellowish Green,Light,Very Slightly Included,Round,Mixed Brilliant Cut,Heat Treated,Montana,https://www.thenaturalsapphirecompany.com/yellow-sapphires/0.97ct-montana-round-yellowish-green-sapphire-s20805/
S20807,"$1,164","$1,200",0.97 Ct.,5.49,5.54,4.26,Yellowish Green,Medium,Very Slightly Included,Round,Mixed Brilliant Cut,Heat Treated,Montana,https://www.thenaturalsapphirecompany.com/yellow-sapphires/0.97ct-montana-round-yellowish-green-sapphire-s20807/
S20814,"$1,200","$1,200",1.00 Ct.,5.47,5.36,3.81,Yellowish Green,Faint,Slightly Included,Cushion,Mixed Brilliant Cut,Heat Treated,Montana,https://www.thenaturalsapphirecompany.com/yellow-sapphires/1.00ct-montana-cushion-yellowish-green-sapphire-s20814/
S20820,"$1,320","$1,200",1.10 Ct.,6.98,5.32,3.37,Yellowish Orange,Medium,Slightly Included,Cushion,Mixed Brilliant Cut,Heat Treated,Montana,https://www.thenaturalsapphirecompany.com/yellow-sapphires/1.10ct-montana-cushion-yellowish-orange-sapphire-s20820/
S25813,$310,$200,1.55 Ct.,10.73,5.68,3.39,Yellow,Medium,Very Very Slightly Included,Pear,Mixed Brilliant Cut,No Enhancement,Ceylon (Sri Lanka),https://www.thenaturalsapphirecompany.com/yellow-sapphires/1.55ct-ceylon-sri-lankan-pear-yellow-sapphire-s25813/
S25817,$262,$200,1.31 Ct.,6.92,4.78,3.87,Yellow,Light,Slightly Included,Emerald Cut,Emerald Cut,No Enhancement,Ceylon (Sri Lanka),https://www.thenaturalsapphirecompany.com/yellow-sapphires/1.31ct-ceylon-sri-lankan-emerald-cut-yellow-sapphire-s25817/
S25821,$204,$200,1.02 Ct.,7.46,4.64,3.23,Yellow,Faint,Eye Clean,Fancy,Step Cut,No Enhancement,Ceylon (Sri Lanka),https://www.thenaturalsapphirecompany.com/yellow-sapphires/1.02ct-ceylon-sri-lankan-fancy-yellow-sapphire-s25821/
S25845,$502,$301,1.67 Ct.,6.52,6.51,5.08,Yellow,Medium,Slightly Included,Round,Mixed Brilliant Cut,No Enhancement,Ceylon (Sri Lanka),https://www.thenaturalsapphirecompany.com/yellow-sapphires/1.67ct-ceylon-sri-lankan-round-yellow-sapphire-s25845/
S30359,$200,$183,1.09 Ct.,5.83,5.82,4.01,Yellow,Faint,Very Very Slightly Included,Round,Mixed Brilliant Cut,No Enhancement,Ceylon (Sri Lanka),https://www.thenaturalsapphirecompany.com/yellow-sapphires/1.09ct-ceylon-sri-lankan-round-yellow-sapphire-s30359/
S30360,$200,$190,1.05 Ct.,5.79,5.55,3.44,Yellow,Faint,Very Very Slightly Included,Cushion,Mixed Brilliant Cut,No Enhancement,Ceylon (Sri Lanka),https://www.thenaturalsapphirecompany.com/yellow-sapphires/1.05ct-ceylon-sri-lankan-cushion-yellow-sapphire-s30360/
S30361,$201,$170,1.18 Ct.,6.54,6.55,3.75,Yellow,Light,Very Slightly Included,Round,Mixed Brilliant Cut,No Enhancement,Ceylon (Sri Lanka),https://www.thenaturalsapphirecompany.com/yellow-sapphires/1.18ct-ceylon-sri-lankan-round-yellow-sapphire-s30361/
S30362,$199,$158,1.26 Ct.,7.32,5.81,3.8,Yellow,Faint,Very Very Slightly Included,Pear,Mixed Brilliant Cut,No Enhancement,Ceylon (Sri Lanka),https://www.thenaturalsapphirecompany.com/yellow-sapphires/1.26ct-ceylon-sri-lankan-pear-yellow-sapphire-s30362/
S30363,$212,$208,1.02 Ct.,5.4,5.74,4.12,Yellow,Intense,Very Slightly Included,Trillion,Trillion Cut,Heat Treated,Ceylon (Sri Lanka),https://www.thenaturalsapphirecompany.com/yellow-sapphires/1.02ct-ceylon-sri-lankan-trillion-yellow-sapphire-s30363/
S30364,$200,$180,1.11 Ct.,7.03,4.21,3.56,Yellow,Faint,Very Slightly Included,Emerald Cut,Emerald Cut,No Enhancement,Ceylon (Sri Lanka),https://www.thenaturalsapphirecompany.com/yellow-sapphires/1.11ct-ceylon-sri-lankan-emerald-cut-yellow-sapphire-s30364/
S30365,$200,$164,1.22 Ct.,6.6,5.24,4.23,Yellow,Light,Very Slightly Included,Oval,Mixed Brilliant Cut,No Enhancement,Ceylon (Sri Lanka),https://www.thenaturalsapphirecompany.com/yellow-sapphires/1.22ct-ceylon-sri-lankan-oval-yellow-sapphire-s30365/
S30366,$200,$202,0.99 Ct.,5.71,4.38,4.27,Yellow,Light,Very Slightly Included,Cushion,Mixed Brilliant Cut,No Enhancement,Ceylon (Sri Lanka),https://www.thenaturalsapphirecompany.com/yellow-sapphires/0.99ct-ceylon-sri-lankan-cushion-yellow-sapphire-s30366/
S30367,$201,$166,1.21 Ct.,7.39,5.11,4.06,Yellow,Faint,Very Very Slightly Included,Pear,Mixed Brilliant Cut,No Enhancement,Ceylon (Sri Lanka),https://www.thenaturalsapphirecompany.com/yellow-sapphires/1.21ct-ceylon-sri-lankan-pear-yellow-sapphire-s30367/
S30371,$214,$184,1.16 Ct.,7.43,4.54,3.47,Yellow,Faint,Very Very Slightly Included,Emerald Cut,Emerald Cut,No Enhancement,Ceylon (Sri Lanka),https://www.thenaturalsapphirecompany.com/yellow-sapphires/1.16ct-ceylon-sri-lankan-emerald-cut-yellow-sapphire-s30371/
S30384,$199,$240,0.83 Ct.,6.06,4.77,3.12,Yellow,Vivid,Very Very Slightly Included,Cushion,Mixed Brilliant Cut,Heat Treated,Ceylon (Sri Lanka),https://www.thenaturalsapphirecompany.com/yellow-sapphires/0.83ct-ceylon-sri-lankan-cushion-yellow-sapphire-s30384/
S30385,$200,$208,0.96 Ct.,9.05,4.73,3.12,Yellow,Intense,Very Slightly Included,Fancy,Step Cut,Heat Treated,Ceylon (Sri Lanka),https://www.thenaturalsapphirecompany.com/yellow-sapphires/0.96ct-ceylon-sri-lankan-fancy-yellow-sapphire-s30385/
S30394,$200,$134,1.49 Ct.,7,5.41,3.99,Yellow,Light,Very Slightly Included,Emerald Cut,Emerald Cut,No Enhancement,Ceylon (Sri Lanka),https://www.thenaturalsapphirecompany.com/yellow-sapphires/1.49ct-ceylon-sri-lankan-emerald-cut-yellow-sapphire-s30394/
S30395,$200,$156,1.28 Ct.,6,5.6,3.96,Yellow,Light,Very Very Slightly Included,Cushion,Mixed Brilliant Cut,No Enhancement,Ceylon (Sri Lanka),https://www.thenaturalsapphirecompany.com/yellow-sapphires/1.28ct-ceylon-sri-lankan-cushion-yellow-sapphire-s30395/
S30397,$201,$218,0.92 Ct.,6.59,4.72,3.11,Yellow,Medium,Very Very Slightly Included,Cushion,Mixed Brilliant Cut,No Enhancement,Ceylon (Sri Lanka),https://www.thenaturalsapphirecompany.com/yellow-sapphires/0.92ct-ceylon-sri-lankan-cushion-yellow-sapphire-s30397/
S30399,$201,$118,1.70 Ct.,5.69,8.12,4.48,Yellow,Faint,Very Slightly Included,Fancy,Mixed Brilliant Cut,No Enhancement,Ceylon (Sri Lanka),https://www.thenaturalsapphirecompany.com/yellow-sapphires/1.70ct-ceylon-sri-lankan-fancy-yellow-sapphire-s30399/
S30405,$200,$211,0.95 Ct.,5.25,4.91,4.05,Yellow,Intense,Very Very Slightly Included,Asscher - Octagon,Asscher Cut,Heat Treated,Ceylon (Sri Lanka),https://www.thenaturalsapphirecompany.com/yellow-sapphires/0.95ct-ceylon-sri-lankan-asscher-octagon-yellow-sapphire-s30405/
S30407,$267,$136,1.96 Ct.,6.83,6.66,5,Yellow,Light,Slightly Included,Cushion,Mixed Brilliant Cut,No Enhancement,Ceylon (Sri Lanka),https://www.thenaturalsapphirecompany.com/yellow-sapphires/1.96ct-ceylon-sri-lankan-cushion-yellow-sapphire-s30407/
S30411,$234,$168,1.39 Ct.,6.39,5.3,4.61,Yellow,Medium,Slightly Included,Cushion,Mixed Brilliant Cut,No Enhancement,Ceylon (Sri Lanka),https://www.thenaturalsapphirecompany.com/yellow-sapphires/1.39ct-ceylon-sri-lankan-cushion-yellow-sapphire-s30411/
S30414,$214,$161,1.33 Ct.,7.05,4.7,4.32,Yellow,Light,Very Slightly Included,Cushion,Mixed Brilliant Cut,No Enhancement,Ceylon (Sri Lanka),https://www.thenaturalsapphirecompany.com/yellow-sapphires/1.33ct-ceylon-sri-lankan-cushion-yellow-sapphire-s30414/
S34297,$370,$463,0.80 Ct.,5.18,4.88,3.65,Yellowish Green,Intense,Very Very Slightly Included,Cushion,Mixed Brilliant Cut,No Enhancement,Madagascar,https://www.thenaturalsapphirecompany.com/yellow-sapphires/0.80ct-madagascar-cushion-yellowish-green-sapphire-s34297/
S34305,$200,$328,0.61 Ct.,4.71,4.67,3.29,Yellowish Green,Intense,Very Very Slightly Included,Cushion,Mixed Brilliant Cut,No Enhancement,Madagascar,https://www.thenaturalsapphirecompany.com/yellow-sapphires/0.61ct-madagascar-cushion-yellowish-green-sapphire-s34305/
S34306,$150,$294,0.51 Ct.,4.5,4.48,3.09,Yellowish Green,Intense,Very Very Slightly Included,Cushion,Mixed Brilliant Cut,No Enhancement,Madagascar,https://www.thenaturalsapphirecompany.com/yellow-sapphires/0.51ct-madagascar-cushion-yellowish-green-sapphire-s34306/
S34308,$200,$357,0.56 Ct.,4.73,4.56,3.09,Yellowish Green,Intense,Very Slightly Included,Cushion,Mixed Brilliant Cut,No Enhancement,Madagascar,https://www.thenaturalsapphirecompany.com/yellow-sapphires/0.56ct-madagascar-cushion-yellowish-green-sapphire-s34308/
S34312,$270,$403,0.67 Ct.,5.14,4.51,3.25,Yellowish Green,Medium,Very Very Slightly Included,Cushion,Mixed Brilliant Cut,No Enhancement,Madagascar,https://www.thenaturalsapphirecompany.com/yellow-sapphires/0.67ct-madagascar-cushion-yellowish-green-sapphire-s34312/
S34368,$440,$667,0.66 Ct.,5.06,5.02,2.69,Orangish Yellow,Vivid,Included,Cushion,Mixed Brilliant Cut,No Enhancement,Ceylon (Sri Lanka),https://www.thenaturalsapphirecompany.com/yellow-sapphires/0.66ct-ceylon-sri-lankan-cushion-orangish-yellow-sapphire-s34368/
S34381,$170,$152,1.12 Ct.,5.92,4.82,3.94,Yellow,Medium,Slightly Included,Cushion,Mixed Brilliant Cut,No Enhancement,Ceylon (Sri Lanka),https://www.thenaturalsapphirecompany.com/yellow-sapphires/1.12ct-ceylon-sri-lankan-cushion-yellow-sapphire-s34381/
S34383,$170,$152,1.12 Ct.,6.73,5.26,3.99,Orangish Yellow,Vivid,Very Slightly Included,Oval,Mixed Brilliant Cut,Heat Treated,Ceylon (Sri Lanka),https://www.thenaturalsapphirecompany.com/yellow-sapphires/1.12ct-ceylon-sri-lankan-oval-orangish-yellow-sapphire-s34383/
S46821,"$2,918","$1,158",2.52 Ct.,10.15,7.21,4.88,Yellowish Orange,Intense,Eye Clean,Pear,Mixed Brilliant Cut,Heat Treated,Ceylon (Sri Lanka),https://www.thenaturalsapphirecompany.com/yellow-sapphires/2.52ct-ceylon-sri-lankan-pear-yellowish-orange-sapphire-s46821/
S46822,"$2,550",$825,3.09 Ct.,9.2,6.64,5.8,Yellow,Light,Slightly Included,Cushion,Mixed Brilliant Cut,Heat Treated,Ceylon (Sri Lanka),https://www.thenaturalsapphirecompany.com/yellow-sapphires/3.09ct-ceylon-sri-lankan-cushion-yellow-sapphire-s46822/
S37787,$170,$340,0.50 Ct.,4.4,4.27,3.22,Yellowish Green,Intense,Very Very Slightly Included,Fancy,Mixed Brilliant Cut,No Enhancement,Madagascar,https://www.thenaturalsapphirecompany.com/yellow-sapphires/0.50ct-madagascar-fancy-yellowish-green-sapphire-s37787/
S40852,"$2,919","$2,100",1.39 Ct.,8.06,6.15,3.8,Greenish Yellow,Medium,Very Slightly Included,Oval,Mixed Brilliant Cut,No Enhancement,Montana,https://www.thenaturalsapphirecompany.com/yellow-sapphires/1.39ct-montana-oval-greenish-yellow-sapphire-s40852/
S40858,"$3,960","$1,500",2.64 Ct.,9.6,6.66,4.43,Yellow,Light,Very Very Slightly Included,Radiant,Radiant Cut,No Enhancement,Tanzania,https://www.thenaturalsapphirecompany.com/yellow-sapphires/2.64ct-tanzanian-radiant-yellow-sapphire-s40858/
S48839,"$3,160","$2,000",1.58 Ct.,11.29,5.28,3.56,Yellow,Intense,Very Very Slightly Included,Marquise,Mixed Brilliant Cut,Heat Treated,Ceylon (Sri Lanka),https://www.thenaturalsapphirecompany.com/yellow-sapphires/1.58ct-ceylon-sri-lankan-marquise-yellow-sapphire-s48839/
S43582,$318,$300,1.06 Ct.,7.28,5.45,3.29,Greenish Yellow,Medium,Very Very Slightly Included,Pear,Mixed Brilliant Cut,Heat Treated,Madagascar,https://www.thenaturalsapphirecompany.com/yellow-sapphires/1.06ct-madagascar-pear-greenish-yellow-sapphire-s43582/
S43583,$264,$300,0.88 Ct.,6.86,6.2,3.65,Yellowish Green,Medium,Very Slightly Included,Fancy,Mixed Brilliant Cut,No Enhancement,Madagascar,https://www.thenaturalsapphirecompany.com/yellow-sapphires/0.88ct-madagascar-fancy-yellowish-green-sapphire-s43583/
S43591,$608,$800,0.76 Ct.,5.64,5.62,3.34,Yellow,Intense,Very Slightly Included,Heart,Mixed Brilliant Cut,No Enhancement,Madagascar,https://www.thenaturalsapphirecompany.com/yellow-sapphires/0.76ct-madagascar-heart-yellow-sapphire-s43591/
S43834,"$2,976",$960,3.10 Ct.,9.49,7.16,5.13,Yellowish Green,Medium,Very Slightly Included,Oval,Mixed Brilliant Cut,No Enhancement,Madagascar,https://www.thenaturalsapphirecompany.com/yellow-sapphires/3.10ct-madagascar-oval-yellowish-green-sapphire-s43834/
S15359,"$2,895","$1,500",1.93 Ct.,7.43,6.54,5.32,Yellowish Green,Intense,Very Very Slightly Included,Fancy,Mixed Brilliant Cut,No Enhancement,Madagascar,https://www.thenaturalsapphirecompany.com/yellow-sapphires/1.93ct-madagascar-fancy-yellowish-green-sapphire-s15359/
S15366,"$1,998","$1,218",1.64 Ct.,8.2,6.1,4.2,Yellow,Intense,Very Slightly Included,Oval,Mixed Brilliant Cut,Heat Treated,Tanzania,https://www.thenaturalsapphirecompany.com/yellow-sapphires/1.64ct-tanzanian-oval-yellow-sapphire-s15366/
S15371,"$3,394",$834,4.07 Ct.,9.96,8.16,6.17,Orangish Yellow,Intense,Very Slightly Included,Oval,Mixed Brilliant Cut,Heat Treated,Tanzania,https://www.thenaturalsapphirecompany.com/yellow-sapphires/4.07ct-tanzanian-oval-orangish-yellow-sapphire-s15371/
S43836,"$1,274",$640,1.99 Ct.,6.86,6.4,4.68,Yellowish Green,Intense,Very Slightly Included,Radiant,Radiant Cut,No Enhancement,Madagascar,https://www.thenaturalsapphirecompany.com/yellow-sapphires/1.99ct-madagascar-radiant-yellowish-green-sapphire-s43836/
S15394,"$1,560","$1,000",1.56 Ct.,6.71,6.36,4.06,Yellowish Green,Intense,Very Slightly Included,Cushion,Mixed Brilliant Cut,No Enhancement,Ceylon (Sri Lanka),https://www.thenaturalsapphirecompany.com/yellow-sapphires/1.56ct-ceylon-sri-lankan-cushion-yellowish-green-sapphire-s15394/
S15403,"$1,858",$920,2.02 Ct.,8.67,6.28,4.29,Yellow,Medium,Very Slightly Included,Oval,Mixed Brilliant Cut,Heat Treated,Ceylon (Sri Lanka),https://www.thenaturalsapphirecompany.com/yellow-sapphires/2.02ct-ceylon-sri-lankan-oval-yellow-sapphire-s15403/
S30425,$146,$190,0.77 Ct.,7.23,3.48,2.74,Yellow,Intense,Very Slightly Included,Emerald Cut,Emerald Cut,No Enhancement,Ceylon (Sri Lanka),https://www.thenaturalsapphirecompany.com/yellow-sapphires/0.77ct-ceylon-sri-lankan-emerald-cut-yellow-sapphire-s30425/
S30442,"$1,648",$800,2.06 Ct.,7.69,6.22,5.05,Yellow,Intense,Very Slightly Included,Oval,Mixed Brilliant Cut,Heat Treated,Ceylon (Sri Lanka),https://www.thenaturalsapphirecompany.com/yellow-sapphires/2.06ct-ceylon-sri-lankan-oval-yellow-sapphire-s30442/
S30443,"$1,680","$1,000",1.68 Ct.,8.18,6.61,3.63,Yellow,Medium,Very Very Slightly Included,Cushion,Mixed Brilliant Cut,No Enhancement,Ceylon (Sri Lanka),https://www.thenaturalsapphirecompany.com/yellow-sapphires/1.68ct-ceylon-sri-lankan-cushion-yellow-sapphire-s30443/
S17016,"$6,446","$2,127",3.03 Ct.,8.71,7.29,5.91,Yellow,Medium,Very Slightly Included,Oval,Mixed Brilliant Cut,No Enhancement,Ceylon (Sri Lanka),https://www.thenaturalsapphirecompany.com/yellow-sapphires/3.03ct-ceylon-sri-lankan-oval-yellow-sapphire-s17016/
S17020,"$1,866",$600,3.11 Ct.,10.11,7.98,4.8,Yellow,Intense,Very Very Slightly Included,Oval,Mixed Brilliant Cut,Heat Treated,Ceylon (Sri Lanka),https://www.thenaturalsapphirecompany.com/yellow-sapphires/3.11ct-ceylon-sri-lankan-oval-yellow-sapphire-s17020/
S22526,$142,$249,0.57 Ct.,6.16,4.19,2.81,Orangish Yellow,Intense,Very Very Slightly Included,Oval,Mixed Brilliant Cut,Heat Treated,Ceylon (Sri Lanka),https://www.thenaturalsapphirecompany.com/yellow-sapphires/0.57ct-ceylon-sri-lankan-oval-orangish-yellow-sapphire-s22526/
S22527,$145,$250,0.58 Ct.,6.07,4.19,2.95,Yellowish Orange,Intense,Eye Clean,Oval,Mixed Brilliant Cut,Heat Treated,Ceylon (Sri Lanka),https://www.thenaturalsapphirecompany.com/yellow-sapphires/0.58ct-ceylon-sri-lankan-oval-yellowish-orange-sapphire-s22527/
S22528,$326,$351,0.93 Ct.,7.04,4.99,3.46,Yellow,Medium,Eye Clean,Oval,Mixed Brilliant Cut,Heat Treated,Ceylon (Sri Lanka),https://www.thenaturalsapphirecompany.com/yellow-sapphires/0.93ct-ceylon-sri-lankan-oval-yellow-sapphire-s22528/
S22529,$96,$200,0.48 Ct.,6.15,3.96,2.7,Yellow,Faint,Very Very Slightly Included,Oval,Mixed Brilliant Cut,Heat Treated,Ceylon (Sri Lanka),https://www.thenaturalsapphirecompany.com/yellow-sapphires/0.48ct-ceylon-sri-lankan-oval-yellow-sapphire-s22529/
S22530,$121,$220,0.55 Ct.,5.96,4.06,3.06,Yellow,Medium,Eye Clean,Oval,Mixed Brilliant Cut,Heat Treated,Ceylon (Sri Lanka),https://www.thenaturalsapphirecompany.com/yellow-sapphires/0.55ct-ceylon-sri-lankan-oval-yellow-sapphire-s22530/
S22531,$123,$220,0.56 Ct.,6.06,4.11,3.06,Yellow,Light,Eye Clean,Oval,Mixed Brilliant Cut,Heat Treated,Ceylon (Sri Lanka),https://www.thenaturalsapphirecompany.com/yellow-sapphires/0.56ct-ceylon-sri-lankan-oval-yellow-sapphire-s22531/
S22532,$114,$219,0.52 Ct.,6.1,4.03,2.76,Yellow,Medium,Eye Clean,Oval,Mixed Brilliant Cut,Heat Treated,Ceylon (Sri Lanka),https://www.thenaturalsapphirecompany.com/yellow-sapphires/0.52ct-ceylon-sri-lankan-oval-yellow-sapphire-s22532/
S22533,$156,$260,0.60 Ct.,6.09,4.05,3.15,Yellowish Orange,Intense,Eye Clean,Oval,Mixed Brilliant Cut,Heat Treated,Ceylon (Sri Lanka),https://www.thenaturalsapphirecompany.com/yellow-sapphires/0.60ct-ceylon-sri-lankan-oval-yellowish-orange-sapphire-s22533/
S22534,$140,$250,0.56 Ct.,6.08,4.18,2.93,Orangish Yellow,Medium,Very Very Slightly Included,Oval,Mixed Brilliant Cut,Heat Treated,Ceylon (Sri Lanka),https://www.thenaturalsapphirecompany.com/yellow-sapphires/0.56ct-ceylon-sri-lankan-oval-orangish-yellow-sapphire-s22534/
S22536,$145,$250,0.58 Ct.,6.12,4.16,2.85,Orangish Yellow,Medium,Eye Clean,Oval,Mixed Brilliant Cut,Heat Treated,Ceylon (Sri Lanka),https://www.thenaturalsapphirecompany.com/yellow-sapphires/0.58ct-ceylon-sri-lankan-oval-orangish-yellow-sapphire-s22536/
S22537,$122,$249,0.49 Ct.,6.06,3.98,2.69,Orangish Yellow,Medium,Eye Clean,Oval,Mixed Brilliant Cut,Heat Treated,Ceylon (Sri Lanka),https://www.thenaturalsapphirecompany.com/yellow-sapphires/0.49ct-ceylon-sri-lankan-oval-orangish-yellow-sapphire-s22537/
S22539,$308,$350,0.88 Ct.,7.07,5.1,3.24,Yellow,Medium,Eye Clean,Oval,Mixed Brilliant Cut,Heat Treated,Ceylon (Sri Lanka),https://www.thenaturalsapphirecompany.com/yellow-sapphires/0.88ct-ceylon-sri-lankan-oval-yellow-sapphire-s22539/
S22540,$294,$350,0.84 Ct.,6.87,5.01,3.12,Orangish Yellow,Medium,Eye Clean,Oval,Mixed Brilliant Cut,Heat Treated,Ceylon (Sri Lanka),https://www.thenaturalsapphirecompany.com/yellow-sapphires/0.84ct-ceylon-sri-lankan-oval-orangish-yellow-sapphire-s22540/
S22541,$315,$350,0.90 Ct.,7,4.99,3.46,Yellow,Light,Eye Clean,Oval,Mixed Brilliant Cut,Heat Treated,Ceylon (Sri Lanka),https://www.thenaturalsapphirecompany.com/yellow-sapphires/0.90ct-ceylon-sri-lankan-oval-yellow-sapphire-s22541/
S22542,$377,$370,1.02 Ct.,7.01,5.06,3.79,Yellow,Light,Eye Clean,Oval,Mixed Brilliant Cut,Heat Treated,Ceylon (Sri Lanka),https://www.thenaturalsapphirecompany.com/yellow-sapphires/1.02ct-ceylon-sri-lankan-oval-yellow-sapphire-s22542/
S22543,$312,$351,0.89 Ct.,7.05,5.06,3.24,Yellow,Light,Eye Clean,Oval,Mixed Brilliant Cut,Heat Treated,Ceylon (Sri Lanka),https://www.thenaturalsapphirecompany.com/yellow-sapphires/0.89ct-ceylon-sri-lankan-oval-yellow-sapphire-s22543/
S27395,"$5,616","$2,400",2.34 Ct.,7.08,7.06,5.37,Yellowish Green,Faint,Very Slightly Included,Cushion,Mixed Brilliant Cut,No Enhancement,Montana,https://www.thenaturalsapphirecompany.com/yellow-sapphires/2.34ct-montana-cushion-yellowish-green-sapphire-s27395/
S31850,"$3,030","$1,500",2.02 Ct.,8.32,6.32,4.86,Yellowish Green,Intense,Very Slightly Included,Oval,Mixed Brilliant Cut,Heat Treated,Ceylon (Sri Lanka),https://www.thenaturalsapphirecompany.com/yellow-sapphires/2.02ct-ceylon-sri-lankan-oval-yellowish-green-sapphire-s31850/
S31884,$153,$300,0.51 Ct.,5.72,4.06,2.97,Yellowish Green,Medium,Eye Clean,Pear,Mixed Brilliant Cut,Heat Treated,Madagascar,https://www.thenaturalsapphirecompany.com/yellow-sapphires/0.51ct-madagascar-pear-yellowish-green-sapphire-s31884/
S35670,"$3,855","$1,500",2.57 Ct.,9.8,6.76,4.96,Orangish Yellow,Intense,Very Slightly Included,Pear,Mixed Brilliant Cut,Heat Treated,Ceylon (Sri Lanka),https://www.thenaturalsapphirecompany.com/yellow-sapphires/2.57ct-ceylon-sri-lankan-pear-orangish-yellow-sapphire-s35670/
S35684,"$6,475","$1,850",3.50 Ct.,7.78,7.59,5.87,Yellowish Green,Intense,Eye Clean,Asscher - Octagon,Asscher Cut,Heat Treated,Madagascar,https://www.thenaturalsapphirecompany.com/yellow-sapphires/3.50ct-madagascar-asscher-octagon-yellowish-green-sapphire-s35684/
S38927,$322,$700,0.46 Ct.,4.64,4.64,2.81,Yellowish Green,Intense,Slightly Included,Round,Mixed Brilliant Cut,Heat Treated,Montana,https://www.thenaturalsapphirecompany.com/yellow-sapphires/0.46ct-montana-round-yellowish-green-sapphire-s38927/
S38938,"$6,274","$1,572",3.99 Ct.,9.36,9.19,5.81,Yellow,Vivid,Very Slightly Included,Round,Emerald Cut,Heat Treated,Ceylon (Sri Lanka),https://www.thenaturalsapphirecompany.com/yellow-sapphires/3.99ct-ceylon-sri-lankan-round-yellow-sapphire-s38938/
S11357,"$2,799",$996,2.81 Ct.,8.48,8.25,5.18,Yellow,Intense,Very Slightly Included,Heart,Mixed Brilliant Cut,No Enhancement,Ceylon (Sri Lanka),https://www.thenaturalsapphirecompany.com/yellow-sapphires/2.81ct-ceylon-sri-lankan-heart-yellow-sapphire-s11357/
S11360,"$1,624",$800,2.03 Ct.,7.32,5.9,4.72,Yellowish Orange,Vivid,Very Very Slightly Included,Emerald Cut,Emerald Cut,Heat Treated,Ceylon (Sri Lanka),https://www.thenaturalsapphirecompany.com/yellow-sapphires/2.03ct-ceylon-sri-lankan-emerald-cut-yellowish-orange-sapphire-s11360/
S11362,"$2,304",$900,2.56 Ct.,9.84,6.26,4.89,Orangish Yellow,Intense,Very Slightly Included,Pear,Mixed Brilliant Cut,Heat Treated,Ceylon (Sri Lanka),https://www.thenaturalsapphirecompany.com/yellow-sapphires/2.56ct-ceylon-sri-lankan-pear-orangish-yellow-sapphire-s11362/
S16612,$441,$432,1.02 Ct.,6.04,4.84,3.91,Yellow,Light,Very Slightly Included,Cushion,Mixed Brilliant Cut,No Enhancement,Ceylon (Sri Lanka),https://www.thenaturalsapphirecompany.com/yellow-sapphires/1.02ct-ceylon-sri-lankan-cushion-yellow-sapphire-s16612/
S22236,$401,$378,1.06 Ct.,6.34,6.3,3.55,Yellow,Light,Very Slightly Included,Round,Mixed Brilliant Cut,No Enhancement,Ceylon (Sri Lanka),https://www.thenaturalsapphirecompany.com/yellow-sapphires/1.06ct-ceylon-sri-lankan-round-yellow-sapphire-s22236/
S22238,$167,$380,0.44 Ct.,4.97,4.27,2.82,Yellow,Faint,Eye Clean,Oval,Mixed Brilliant Cut,No Enhancement,Ceylon (Sri Lanka),https://www.thenaturalsapphirecompany.com/yellow-sapphires/0.44ct-ceylon-sri-lankan-oval-yellow-sapphire-s22238/
S22245,$228,$380,0.60 Ct.,6.31,4.39,2.86,Yellow,Faint,Very Slightly Included,Oval,Mixed Brilliant Cut,No Enhancement,Ceylon (Sri Lanka),https://www.thenaturalsapphirecompany.com/yellow-sapphires/0.60ct-ceylon-sri-lankan-oval-yellow-sapphire-s22245/
S31435,$279,$190,1.47 Ct.,6.62,6.59,3.46,Orangish Yellow,Vivid,Very Slightly Included,Cushion,Mixed Brilliant Cut,Lattice Diffused,Ceylon (Sri Lanka),https://www.thenaturalsapphirecompany.com/yellow-sapphires/1.47ct-ceylon-sri-lankan-cushion-orangish-yellow-sapphire-s31435/
S31436,$885,$380,2.33 Ct.,8.7,6.67,4.53,Yellow,Intense,Very Very Slightly Included,Oval,Mixed Brilliant Cut,Lattice Diffused,Ceylon (Sri Lanka),https://www.thenaturalsapphirecompany.com/yellow-sapphires/2.33ct-ceylon-sri-lankan-oval-yellow-sapphire-s31436/
S31437,$783,$380,2.06 Ct.,7.66,7.05,4.4,Yellow,Medium,Very Very Slightly Included,Oval,Mixed Brilliant Cut,Lattice Diffused,Ceylon (Sri Lanka),https://www.thenaturalsapphirecompany.com/yellow-sapphires/2.06ct-ceylon-sri-lankan-oval-yellow-sapphire-s31437/
S31438,$950,$380,2.50 Ct.,8.71,7.13,5.03,Yellow,Intense,Very Very Slightly Included,Oval,Mixed Brilliant Cut,Lattice Diffused,Ceylon (Sri Lanka),https://www.thenaturalsapphirecompany.com/yellow-sapphires/2.50ct-ceylon-sri-lankan-oval-yellow-sapphire-s31438/
S31440,$745,$360,2.07 Ct.,7.21,7.1,3.95,Orangish Yellow,Intense,Very Very Slightly Included,Princess,Princess Cut,Lattice Diffused,Ceylon (Sri Lanka),https://www.thenaturalsapphirecompany.com/yellow-sapphires/2.07ct-ceylon-sri-lankan-princess-orangish-yellow-sapphire-s31440/
S31449,$775,$380,2.04 Ct.,8.59,6.55,4.21,Yellow,Medium,Very Slightly Included,Oval,Mixed Brilliant Cut,Lattice Diffused,Ceylon (Sri Lanka),https://www.thenaturalsapphirecompany.com/yellow-sapphires/2.04ct-ceylon-sri-lankan-oval-yellow-sapphire-s31449/
S31451,"$3,751",$463,8.11 Ct.,11.67,11.66,7.84,Orangish Yellow,Intense,Very Very Slightly Included,Round,Mixed Brilliant Cut,Lattice Diffused,Ceylon (Sri Lanka),https://www.thenaturalsapphirecompany.com/yellow-sapphires/8.11ct-ceylon-sri-lankan-round-orangish-yellow-sapphire-s31451/
S31452,$173,$190,0.91 Ct.,5.71,5.76,3.4,Yellow,Medium,Very Very Slightly Included,Round,Mixed Brilliant Cut,Lattice Diffused,Ceylon (Sri Lanka),https://www.thenaturalsapphirecompany.com/yellow-sapphires/0.91ct-ceylon-sri-lankan-round-yellow-sapphire-s31452/
S31453,$144,$189,0.76 Ct.,5.52,5.53,2.98,Yellow,Intense,Very Very Slightly Included,Round,Mixed Brilliant Cut,Lattice Diffused,Ceylon (Sri Lanka),https://www.thenaturalsapphirecompany.com/yellow-sapphires/0.76ct-ceylon-sri-lankan-round-yellow-sapphire-s31453/
S31454,$192,$190,1.01 Ct.,5.71,5.73,3.91,Yellow,Intense,Very Very Slightly Included,Round,Mixed Brilliant Cut,Lattice Diffused,Ceylon (Sri Lanka),https://www.thenaturalsapphirecompany.com/yellow-sapphires/1.01ct-ceylon-sri-lankan-round-yellow-sapphire-s31454/
S31456,$152,$190,0.80 Ct.,5.57,5.57,3.03,Yellow,Vivid,Very Very Slightly Included,Round,Mixed Brilliant Cut,Lattice Diffused,Ceylon (Sri Lanka),https://www.thenaturalsapphirecompany.com/yellow-sapphires/0.80ct-ceylon-sri-lankan-round-yellow-sapphire-s31456/
S31457,$163,$190,0.86 Ct.,5.26,5.26,3.77,Yellow,Vivid,Very Very Slightly Included,Round,Mixed Brilliant Cut,Lattice Diffused,Ceylon (Sri Lanka),https://www.thenaturalsapphirecompany.com/yellow-sapphires/0.86ct-ceylon-sri-lankan-round-yellow-sapphire-s31457/
S31458,$165,$190,0.87 Ct.,5.42,5.27,3.69,Orangish Yellow,Intense,Very Very Slightly Included,Round,Mixed Brilliant Cut,Lattice Diffused,Ceylon (Sri Lanka),https://www.thenaturalsapphirecompany.com/yellow-sapphires/0.87ct-ceylon-sri-lankan-round-orangish-yellow-sapphire-s31458/
S31459,$146,$190,0.77 Ct.,5.35,5.38,3.27,Yellow,Intense,Very Very Slightly Included,Round,Mixed Brilliant Cut,Lattice Diffused,Ceylon (Sri Lanka),https://www.thenaturalsapphirecompany.com/yellow-sapphires/0.77ct-ceylon-sri-lankan-round-yellow-sapphire-s31459/
S38643,"$1,449",$900,1.61 Ct.,6.61,6,4.02,Yellowish Green,Intense,Very Slightly Included,Cushion,Mixed Brilliant Cut,No Enhancement,Madagascar,https://www.thenaturalsapphirecompany.com/yellow-sapphires/1.61ct-madagascar-cushion-yellowish-green-sapphire-s38643/
S38649,"$1,071",$900,1.19 Ct.,6.54,4.55,4.07,Greenish Yellow,Intense,Very Slightly Included,Emerald Cut,Emerald Cut,No Enhancement,Madagascar,https://www.thenaturalsapphirecompany.com/yellow-sapphires/1.19ct-madagascar-emerald-cut-greenish-yellow-sapphire-s38649/
S38651,$936,$900,1.04 Ct.,6.03,4.45,3.81,Yellowish Green,Intense,Very Very Slightly Included,Radiant,Radiant Cut,No Enhancement,Madagascar,https://www.thenaturalsapphirecompany.com/yellow-sapphires/1.04ct-madagascar-radiant-yellowish-green-sapphire-s38651/
S38652,"$1,298","$1,100",1.18 Ct.,5.47,5.18,4.32,Yellowish Green,Medium,Very Slightly Included,Radiant,Radiant Cut,No Enhancement,Madagascar,https://www.thenaturalsapphirecompany.com/yellow-sapphires/1.18ct-madagascar-radiant-yellowish-green-sapphire-s38652/
S38805,$780,$384,2.03 Ct.,7.26,6.3,4.18,Yellowish Green,Intense,Very Slightly Included,Emerald Cut,Emerald Cut,No Enhancement,Ceylon (Sri Lanka),https://www.thenaturalsapphirecompany.com/yellow-sapphires/2.03ct-ceylon-sri-lankan-emerald-cut-yellowish-green-sapphire-s38805/
S38807,$980,$570,1.72 Ct.,7.51,6.57,4.22,Yellow,Light,Very Slightly Included,Oval,Mixed Brilliant Cut,No Enhancement,Ceylon (Sri Lanka),https://www.thenaturalsapphirecompany.com/yellow-sapphires/1.72ct-ceylon-sri-lankan-oval-yellow-sapphire-s38807/
S38808,$580,$500,1.16 Ct.,7.8,5.51,3.75,Yellow,Light,Very Slightly Included,Pear,Mixed Brilliant Cut,No Enhancement,Ceylon (Sri Lanka),https://www.thenaturalsapphirecompany.com/yellow-sapphires/1.16ct-ceylon-sri-lankan-pear-yellow-sapphire-s38808/
S38817,$456,$800,0.57 Ct.,6.5,4.13,2.85,Yellowish Brown,Intense,Slightly Included,Pear,Mixed Brilliant Cut,Heat Treated,Montana,https://www.thenaturalsapphirecompany.com/yellow-sapphires/0.57ct-montana-pear-yellowish-brown-sapphire-s38817/
S11293,"$3,201","$1,100",2.91 Ct.,10.15,7.28,5.24,Yellow,Intense,Very Slightly Included,Pear,Mixed Brilliant Cut,No Enhancement,Ceylon (Sri Lanka),https://www.thenaturalsapphirecompany.com/yellow-sapphires/2.91ct-ceylon-sri-lankan-pear-yellow-sapphire-s11293/
S11295,"$1,037",$720,1.44 Ct.,9.72,6.57,3.23,Yellow,Light,Very Slightly Included,Pear,Mixed Brilliant Cut,No Enhancement,Ceylon (Sri Lanka),https://www.thenaturalsapphirecompany.com/yellow-sapphires/1.44ct-ceylon-sri-lankan-pear-yellow-sapphire-s11295/
S22492,$110,$220,0.50 Ct.,5.94,4.2,2.74,Orangish Yellow,Intense,Very Very Slightly Included,Oval,Mixed Brilliant Cut,Heat Treated,Ceylon (Sri Lanka),https://www.thenaturalsapphirecompany.com/yellow-sapphires/0.50ct-ceylon-sri-lankan-oval-orangish-yellow-sapphire-s22492/
S22493,$147,$300,0.49 Ct.,6.01,3.99,2.68,Yellow,Medium,Eye Clean,Oval,Mixed Brilliant Cut,Heat Treated,Ceylon (Sri Lanka),https://www.thenaturalsapphirecompany.com/yellow-sapphires/0.49ct-ceylon-sri-lankan-oval-yellow-sapphire-s22493/
S22494,$135,$250,0.54 Ct.,5.99,4.26,2.9,Orangish Yellow,Medium,Eye Clean,Oval,Mixed Brilliant Cut,Heat Treated,Ceylon (Sri Lanka),https://www.thenaturalsapphirecompany.com/yellow-sapphires/0.54ct-ceylon-sri-lankan-oval-orangish-yellow-sapphire-s22494/
S22495,$249,$300,0.83 Ct.,7.03,5.09,3.22,Yellow,Medium,Eye Clean,Oval,Mixed Brilliant Cut,Heat Treated,Ceylon (Sri Lanka),https://www.thenaturalsapphirecompany.com/yellow-sapphires/0.83ct-ceylon-sri-lankan-oval-yellow-sapphire-s22495/
S22496,$83,$180,0.46 Ct.,5.96,3.99,2.59,Yellow,Light,Very Very Slightly Included,Oval,Mixed Brilliant Cut,Heat Treated,Ceylon (Sri Lanka),https://www.thenaturalsapphirecompany.com/yellow-sapphires/0.46ct-ceylon-sri-lankan-oval-yellow-sapphire-s22496/
S22497,$165,$220,0.75 Ct.,6.49,4.59,3.28,Orangish Yellow,Vivid,Very Very Slightly Included,Oval,Mixed Brilliant Cut,Heat Treated,Ceylon (Sri Lanka),https://www.thenaturalsapphirecompany.com/yellow-sapphires/0.75ct-ceylon-sri-lankan-oval-orangish-yellow-sapphire-s22497/
S22499,$360,$350,1.03 Ct.,7.03,5.06,3.57,Yellow,Medium,Very Slightly Included,Oval,Mixed Brilliant Cut,Heat Treated,Ceylon (Sri Lanka),https://www.thenaturalsapphirecompany.com/yellow-sapphires/1.03ct-ceylon-sri-lankan-oval-yellow-sapphire-s22499/
S22500,$276,$300,0.92 Ct.,7.1,5.01,3.1,Yellow,Medium,Eye Clean,Oval,Mixed Brilliant Cut,Heat Treated,Ceylon (Sri Lanka),https://www.thenaturalsapphirecompany.com/yellow-sapphires/0.92ct-ceylon-sri-lankan-oval-yellow-sapphire-s22500/
S22502,$119,$220,0.54 Ct.,6.09,4.12,2.77,Orangish Yellow,Intense,Eye Clean,Oval,Mixed Brilliant Cut,Heat Treated,Ceylon (Sri Lanka),https://www.thenaturalsapphirecompany.com/yellow-sapphires/0.54ct-ceylon-sri-lankan-oval-orangish-yellow-sapphire-s22502/
S22504,$132,$220,0.60 Ct.,6.14,4.18,2.88,Orangish Yellow,Intense,Eye Clean,Oval,Mixed Brilliant Cut,Heat Treated,Ceylon (Sri Lanka),https://www.thenaturalsapphirecompany.com/yellow-sapphires/0.60ct-ceylon-sri-lankan-oval-orangish-yellow-sapphire-s22504/
S22505,$121,$220,0.55 Ct.,6.17,4.04,2.73,Yellow,Medium,Eye Clean,Oval,Mixed Brilliant Cut,Heat Treated,Ceylon (Sri Lanka),https://www.thenaturalsapphirecompany.com/yellow-sapphires/0.55ct-ceylon-sri-lankan-oval-yellow-sapphire-s22505/
S22506,$100,$200,0.50 Ct.,5.97,4.11,2.65,Yellow,Light,Eye Clean,Oval,Mixed Brilliant Cut,Heat Treated,Ceylon (Sri Lanka),https://www.thenaturalsapphirecompany.com/yellow-sapphires/0.50ct-ceylon-sri-lankan-oval-yellow-sapphire-s22506/
S22507,$99,$220,0.45 Ct.,6.03,4.13,2.39,Orangish Yellow,Intense,Eye Clean,Oval,Mixed Brilliant Cut,Heat Treated,Ceylon (Sri Lanka),https://www.thenaturalsapphirecompany.com/yellow-sapphires/0.45ct-ceylon-sri-lankan-oval-orangish-yellow-sapphire-s22507/
S22508,$184,$271,0.68 Ct.,5.13,5.06,3.64,Yellow,Medium,Very Very Slightly Included,Round,Mixed Brilliant Cut,Heat Treated,Ceylon (Sri Lanka),https://www.thenaturalsapphirecompany.com/yellow-sapphires/0.68ct-ceylon-sri-lankan-round-yellow-sapphire-s22508/
S22509,$174,$300,0.58 Ct.,5.07,5.1,3.23,Orangish Yellow,Intense,Very Very Slightly Included,Round,Mixed Brilliant Cut,Heat Treated,Ceylon (Sri Lanka),https://www.thenaturalsapphirecompany.com/yellow-sapphires/0.58ct-ceylon-sri-lankan-round-orangish-yellow-sapphire-s22509/
S22510,$162,$270,0.60 Ct.,6.39,4.48,2.91,Orangish Yellow,Vivid,Eye Clean,Oval,Mixed Brilliant Cut,Heat Treated,Ceylon (Sri Lanka),https://www.thenaturalsapphirecompany.com/yellow-sapphires/0.60ct-ceylon-sri-lankan-oval-orangish-yellow-sapphire-s22510/
S22511,$203,$290,0.70 Ct.,6.59,4.47,3.11,Yellow,Intense,Eye Clean,Oval,Mixed Brilliant Cut,Heat Treated,Ceylon (Sri Lanka),https://www.thenaturalsapphirecompany.com/yellow-sapphires/0.70ct-ceylon-sri-lankan-oval-yellow-sapphire-s22511/
S22513,$167,$269,0.62 Ct.,6.44,4.6,2.87,Yellow,Medium,Eye Clean,Oval,Mixed Brilliant Cut,Heat Treated,Ceylon (Sri Lanka),https://www.thenaturalsapphirecompany.com/yellow-sapphires/0.62ct-ceylon-sri-lankan-oval-yellow-sapphire-s22513/
S22514,$262,$349,0.75 Ct.,6.35,4.64,3.42,Yellowish Orange,Intense,Very Very Slightly Included,Oval,Mixed Brilliant Cut,Heat Treated,Ceylon (Sri Lanka),https://www.thenaturalsapphirecompany.com/yellow-sapphires/0.75ct-ceylon-sri-lankan-oval-yellowish-orange-sapphire-s22514/
S22515,$340,$370,0.92 Ct.,7.01,5.02,3.42,Yellow,Light,Eye Clean,Oval,Mixed Brilliant Cut,Heat Treated,Ceylon (Sri Lanka),https://www.thenaturalsapphirecompany.com/yellow-sapphires/0.92ct-ceylon-sri-lankan-oval-yellow-sapphire-s22515/
S22516,$318,$370,0.86 Ct.,7.08,5.09,3.36,Yellow,Medium,Eye Clean,Oval,Mixed Brilliant Cut,Heat Treated,Ceylon (Sri Lanka),https://www.thenaturalsapphirecompany.com/yellow-sapphires/0.86ct-ceylon-sri-lankan-oval-yellow-sapphire-s22516/
S22517,$312,$351,0.89 Ct.,7.08,5.05,3.34,Yellow,Light,Eye Clean,Oval,Mixed Brilliant Cut,Heat Treated,Ceylon (Sri Lanka),https://www.thenaturalsapphirecompany.com/yellow-sapphires/0.89ct-ceylon-sri-lankan-oval-yellow-sapphire-s22517/
S22518,$99,$220,0.45 Ct.,5.94,3.96,2.56,Orangish Yellow,Medium,Eye Clean,Oval,Mixed Brilliant Cut,Heat Treated,Ceylon (Sri Lanka),https://www.thenaturalsapphirecompany.com/yellow-sapphires/0.45ct-ceylon-sri-lankan-oval-orangish-yellow-sapphire-s22518/
S22519,$130,$220,0.59 Ct.,6.11,4.11,3.04,Yellow,Medium,Eye Clean,Oval,Mixed Brilliant Cut,Heat Treated,Ceylon (Sri Lanka),https://www.thenaturalsapphirecompany.com/yellow-sapphires/0.59ct-ceylon-sri-lankan-oval-yellow-sapphire-s22519/
S22520,$151,$290,0.52 Ct.,4.55,4.43,2.9,Orangish Yellow,Intense,Eye Clean,Princess,Princess Cut,Heat Treated,Ceylon (Sri Lanka),https://www.thenaturalsapphirecompany.com/yellow-sapphires/0.52ct-ceylon-sri-lankan-princess-orangish-yellow-sapphire-s22520/
S22522,$146,$270,0.54 Ct.,4.48,4.48,3,Orangish Yellow,Medium,Eye Clean,Princess,Princess Cut,Heat Treated,Ceylon (Sri Lanka),https://www.thenaturalsapphirecompany.com/yellow-sapphires/0.54ct-ceylon-sri-lankan-princess-orangish-yellow-sapphire-s22522/
S35632,$588,$550,1.07 Ct.,6.79,5.53,3.47,Yellowish Green,Light,Very Slightly Included,Oval,Mixed Brilliant Cut,No Enhancement,Ceylon (Sri Lanka),https://www.thenaturalsapphirecompany.com/yellow-sapphires/1.07ct-ceylon-sri-lankan-oval-yellowish-green-sapphire-s35632/
S35633,$688,$550,1.25 Ct.,8.18,5.25,3.34,Yellowish Orange,Medium,Very Slightly Included,Oval,Mixed Brilliant Cut,No Enhancement,Ceylon (Sri Lanka),https://www.thenaturalsapphirecompany.com/yellow-sapphires/1.25ct-ceylon-sri-lankan-oval-yellowish-orange-sapphire-s35633/
S35636,$517,$550,0.94 Ct.,6.88,5.17,3.03,Orangish Yellow,Light,Slightly Included,Oval,Mixed Brilliant Cut,No Enhancement,Ceylon (Sri Lanka),https://www.thenaturalsapphirecompany.com/yellow-sapphires/0.94ct-ceylon-sri-lankan-oval-orangish-yellow-sapphire-s35636/
S16649,"$1,430","$1,202",1.19 Ct.,7.31,5.14,3.44,Yellowish Brown,Intense,Very Slightly Included,Oval,Mixed Brilliant Cut,No Enhancement,Ceylon (Sri Lanka),https://www.thenaturalsapphirecompany.com/yellow-sapphires/1.19ct-ceylon-sri-lankan-oval-yellowish-brown-sapphire-s16649/
S22258,"$15,326","$2,550",6.01 Ct.,9.96,9.91,6.65,Yellow,Medium,Very Slightly Included,Cushion,Mixed Brilliant Cut,No Enhancement,Ceylon (Sri Lanka),https://www.thenaturalsapphirecompany.com/yellow-sapphires/6.01ct-ceylon-sri-lankan-cushion-yellow-sapphire-s22258/
S22259,"$12,043","$1,955",6.16 Ct.,11.48,9.64,6.21,Yellow,Vivid,Very Slightly Included,Cushion,Mixed Brilliant Cut,Heat Treated,Ceylon (Sri Lanka),https://www.thenaturalsapphirecompany.com/yellow-sapphires/6.16ct-ceylon-sri-lankan-cushion-yellow-sapphire-s22259/
S22260,"$10,608","$2,040",5.20 Ct.,10.67,7.78,6.22,Yellow,Medium,Eye Clean,Emerald Cut,Emerald Cut,No Enhancement,Ceylon (Sri Lanka),https://www.thenaturalsapphirecompany.com/yellow-sapphires/5.20ct-ceylon-sri-lankan-emerald-cut-yellow-sapphire-s22260/
S22261,"$14,560","$2,550",5.71 Ct.,10.61,8.62,6.22,Yellow,Intense,Very Slightly Included,Emerald Cut,Emerald Cut,No Enhancement,Ceylon (Sri Lanka),https://www.thenaturalsapphirecompany.com/yellow-sapphires/5.71ct-ceylon-sri-lankan-emerald-cut-yellow-sapphire-s22261/
S22262,"$10,608","$2,040",5.20 Ct.,13.61,9.98,5.11,Yellow,Vivid,Very Slightly Included,Pear,Mixed Brilliant Cut,No Enhancement,Ceylon (Sri Lanka),https://www.thenaturalsapphirecompany.com/yellow-sapphires/5.20ct-ceylon-sri-lankan-pear-yellow-sapphire-s22262/
S22263,"$22,384","$2,805",7.98 Ct.,14.86,9.92,6.69,Yellow,Vivid,Eye Clean,Pear,Mixed Brilliant Cut,Heat Treated,Ceylon (Sri Lanka),https://www.thenaturalsapphirecompany.com/yellow-sapphires/7.98ct-ceylon-sri-lankan-pear-yellow-sapphire-s22263/
S22264,"$9,110","$1,942",4.69 Ct.,9.15,9.11,6.1,Yellow,Medium,Very Slightly Included,Asscher - Octagon,Asscher Cut,Heat Treated,Ceylon (Sri Lanka),https://www.thenaturalsapphirecompany.com/yellow-sapphires/4.69ct-ceylon-sri-lankan-asscher-octagon-yellow-sapphire-s22264/
S22265,"$13,728","$2,125",6.46 Ct.,10.31,10.2,7.97,Yellow,Vivid,Very Slightly Included,Round,Mixed Brilliant Cut,No Enhancement,Ceylon (Sri Lanka),https://www.thenaturalsapphirecompany.com/yellow-sapphires/6.46ct-ceylon-sri-lankan-round-yellow-sapphire-s22265/
S22266,"$15,875","$1,955",8.12 Ct.,11.35,11.25,8.01,Yellow,Vivid,Very Slightly Included,Round,Mixed Brilliant Cut,Heat Treated,Ceylon (Sri Lanka),https://www.thenaturalsapphirecompany.com/yellow-sapphires/8.12ct-ceylon-sri-lankan-round-yellow-sapphire-s22266/
S22268,"$10,710","$2,125",5.04 Ct.,10.07,11.41,5.69,Yellow,Intense,Eye Clean,Heart,Mixed Brilliant Cut,Heat Treated,Ceylon (Sri Lanka),https://www.thenaturalsapphirecompany.com/yellow-sapphires/5.04ct-ceylon-sri-lankan-heart-yellow-sapphire-s22268/
U14683,$351,$266,1.32 Ct.,7.51,6.49,3.63,Yellowish Green,Intense,Eye Clean,Oval,Mixed Brilliant Cut,No Enhancement,Nigeria,https://www.thenaturalsapphirecompany.com/yellow-sapphires/1.32ct-nigerian-oval-yellowish-green-sapphire-u14683/
S27006,$140,$250,0.56 Ct.,5.04,4.99,3.02,Yellow,Intense,Eye Clean,Round,Mixed Brilliant Cut,Heat Treated,Ceylon (Sri Lanka),https://www.thenaturalsapphirecompany.com/yellow-sapphires/0.56ct-ceylon-sri-lankan-round-yellow-sapphire-s27006/
S27007,$140,$237,0.59 Ct.,5,4.12,2.86,Yellow,Light,Eye Clean,Emerald Cut,Emerald Cut,Heat Treated,Ceylon (Sri Lanka),https://www.thenaturalsapphirecompany.com/yellow-sapphires/0.59ct-ceylon-sri-lankan-emerald-cut-yellow-sapphire-s27007/
S27008,$140,$250,0.56 Ct.,4.99,4.99,3,Yellow,Intense,Eye Clean,Round,Mixed Brilliant Cut,Heat Treated,Ceylon (Sri Lanka),https://www.thenaturalsapphirecompany.com/yellow-sapphires/0.56ct-ceylon-sri-lankan-round-yellow-sapphire-s27008/
S27009,$140,$237,0.59 Ct.,6.06,4.11,2.8,Yellow,Medium,Eye Clean,Oval,Mixed Brilliant Cut,Heat Treated,Ceylon (Sri Lanka),https://www.thenaturalsapphirecompany.com/yellow-sapphires/0.59ct-ceylon-sri-lankan-oval-yellow-sapphire-s27009/
S27010,$160,$208,0.77 Ct.,5.5,5.49,3.57,Yellow,Intense,Very Very Slightly Included,Round,Mixed Brilliant Cut,Heat Treated,Ceylon (Sri Lanka),https://www.thenaturalsapphirecompany.com/yellow-sapphires/0.77ct-ceylon-sri-lankan-round-yellow-sapphire-s27010/
S27011,$140,$246,0.57 Ct.,6.07,4.12,2.64,Yellow,Medium,Eye Clean,Oval,Mixed Brilliant Cut,Heat Treated,Ceylon (Sri Lanka),https://www.thenaturalsapphirecompany.com/yellow-sapphires/0.57ct-ceylon-sri-lankan-oval-yellow-sapphire-s27011/
S27012,$140,$241,0.58 Ct.,5.9,4.01,2.84,Yellow,Medium,Very Very Slightly Included,Oval,Mixed Brilliant Cut,Heat Treated,Ceylon (Sri Lanka),https://www.thenaturalsapphirecompany.com/yellow-sapphires/0.58ct-ceylon-sri-lankan-oval-yellow-sapphire-s27012/
S27013,$160,$195,0.82 Ct.,5.47,5.49,3.65,Yellow,Medium,Eye Clean,Round,Mixed Brilliant Cut,Heat Treated,Ceylon (Sri Lanka),https://www.thenaturalsapphirecompany.com/yellow-sapphires/0.82ct-ceylon-sri-lankan-round-yellow-sapphire-s27013/
S27014,$140,$241,0.58 Ct.,6.03,4.15,2.85,Yellow,Intense,Eye Clean,Oval,Mixed Brilliant Cut,Heat Treated,Ceylon (Sri Lanka),https://www.thenaturalsapphirecompany.com/yellow-sapphires/0.58ct-ceylon-sri-lankan-oval-yellow-sapphire-s27014/
S27015,$140,$259,0.54 Ct.,6.04,4.09,2.68,Yellow,Medium,Eye Clean,Oval,Mixed Brilliant Cut,Heat Treated,Ceylon (Sri Lanka),https://www.thenaturalsapphirecompany.com/yellow-sapphires/0.54ct-ceylon-sri-lankan-oval-yellow-sapphire-s27015/
S27016,$140,$246,0.57 Ct.,6.07,4.02,2.67,Yellow,Medium,Eye Clean,Oval,Mixed Brilliant Cut,Heat Treated,Ceylon (Sri Lanka),https://www.thenaturalsapphirecompany.com/yellow-sapphires/0.57ct-ceylon-sri-lankan-oval-yellow-sapphire-s27016/
S31460,$215,$190,1.13 Ct.,6.48,5.91,3.95,Yellowish Orange,Light,Very Very Slightly Included,Round,Mixed Brilliant Cut,Lattice Diffused,Ceylon (Sri Lanka),https://www.thenaturalsapphirecompany.com/yellow-sapphires/1.13ct-ceylon-sri-lankan-round-yellowish-orange-sapphire-s31460/
S31461,$175,$190,0.92 Ct.,6.01,5.99,3.1,Yellow,Intense,Very Very Slightly Included,Round,Mixed Brilliant Cut,Lattice Diffused,Ceylon (Sri Lanka),https://www.thenaturalsapphirecompany.com/yellow-sapphires/0.92ct-ceylon-sri-lankan-round-yellow-sapphire-s31461/
S31462,$127,$190,0.67 Ct.,6.39,4.34,2.89,Yellow,Light,Very Very Slightly Included,Oval,Mixed Brilliant Cut,Lattice Diffused,Ceylon (Sri Lanka),https://www.thenaturalsapphirecompany.com/yellow-sapphires/0.67ct-ceylon-sri-lankan-oval-yellow-sapphire-s31462/
S31463,$152,$190,0.80 Ct.,5.83,5.84,3.16,Orangish Yellow,Medium,Slightly Included,Round,Mixed Brilliant Cut,Lattice Diffused,Ceylon (Sri Lanka),https://www.thenaturalsapphirecompany.com/yellow-sapphires/0.80ct-ceylon-sri-lankan-round-orangish-yellow-sapphire-s31463/
S31464,$160,$190,0.84 Ct.,6.38,4.38,3.02,Yellow,Light,Very Slightly Included,Emerald Cut,Radiant Cut,Lattice Diffused,Ceylon (Sri Lanka),https://www.thenaturalsapphirecompany.com/yellow-sapphires/0.84ct-ceylon-sri-lankan-emerald-cut-yellow-sapphire-s31464/
S31465,$118,$190,0.62 Ct.,4.99,4.85,2.89,Yellow,Light,Very Very Slightly Included,Radiant,Radiant Cut,Lattice Diffused,Ceylon (Sri Lanka),https://www.thenaturalsapphirecompany.com/yellow-sapphires/0.62ct-ceylon-sri-lankan-radiant-yellow-sapphire-s31465/
S31466,$175,$190,0.92 Ct.,5.94,5.94,3.46,Yellow,Medium,Very Slightly Included,Round,Mixed Brilliant Cut,Lattice Diffused,Ceylon (Sri Lanka),https://www.thenaturalsapphirecompany.com/yellow-sapphires/0.92ct-ceylon-sri-lankan-round-yellow-sapphire-s31466/
S31467,$218,$190,1.15 Ct.,7.2,5.23,3.26,Yellow,Medium,Very Very Slightly Included,Oval,Mixed Brilliant Cut,Lattice Diffused,Ceylon (Sri Lanka),https://www.thenaturalsapphirecompany.com/yellow-sapphires/1.15ct-ceylon-sri-lankan-oval-yellow-sapphire-s31467/
S31468,$182,$190,0.96 Ct.,6.91,5.03,3.01,Yellow,Medium,Very Slightly Included,Oval,Mixed Brilliant Cut,Lattice Diffused,Ceylon (Sri Lanka),https://www.thenaturalsapphirecompany.com/yellow-sapphires/0.96ct-ceylon-sri-lankan-oval-yellow-sapphire-s31468/
S31469,$177,$190,0.93 Ct.,6.27,6.29,3.35,Yellow,Medium,Eye Clean,Round,Mixed Brilliant Cut,Lattice Diffused,Ceylon (Sri Lanka),https://www.thenaturalsapphirecompany.com/yellow-sapphires/0.93ct-ceylon-sri-lankan-round-yellow-sapphire-s31469/
S31472,$213,$190,1.12 Ct.,6.31,5.91,3.81,Orangish Yellow,Medium,Very Very Slightly Included,Round,Mixed Brilliant Cut,Lattice Diffused,Ceylon (Sri Lanka),https://www.thenaturalsapphirecompany.com/yellow-sapphires/1.12ct-ceylon-sri-lankan-round-orangish-yellow-sapphire-s31472/
S31473,$180,$189,0.95 Ct.,5.62,5.59,3.27,Yellow,Vivid,Very Slightly Included,Cushion,Mixed Brilliant Cut,Lattice Diffused,Ceylon (Sri Lanka),https://www.thenaturalsapphirecompany.com/yellow-sapphires/0.95ct-ceylon-sri-lankan-cushion-yellow-sapphire-s31473/
S31474,$141,$191,0.74 Ct.,6.79,4.81,2.71,Orangish Yellow,Intense,Eye Clean,Oval,Mixed Brilliant Cut,Lattice Diffused,Ceylon (Sri Lanka),https://www.thenaturalsapphirecompany.com/yellow-sapphires/0.74ct-ceylon-sri-lankan-oval-orangish-yellow-sapphire-s31474/
S31475,$171,$190,0.90 Ct.,6.85,4.91,3.19,Yellow,Medium,Very Very Slightly Included,Oval,Mixed Brilliant Cut,Lattice Diffused,Ceylon (Sri Lanka),https://www.thenaturalsapphirecompany.com/yellow-sapphires/0.90ct-ceylon-sri-lankan-oval-yellow-sapphire-s31475/
S31476,$175,$190,0.92 Ct.,5.64,5.47,3.48,Orangish Yellow,Intense,Very Very Slightly Included,Cushion,Mixed Brilliant Cut,Lattice Diffused,Ceylon (Sri Lanka),https://www.thenaturalsapphirecompany.com/yellow-sapphires/0.92ct-ceylon-sri-lankan-cushion-orangish-yellow-sapphire-s31476/
S31477,$198,$190,1.04 Ct.,5.99,6.02,3.62,Yellow,Intense,Slightly Included,Round,Mixed Brilliant Cut,Lattice Diffused,Ceylon (Sri Lanka),https://www.thenaturalsapphirecompany.com/yellow-sapphires/1.04ct-ceylon-sri-lankan-round-yellow-sapphire-s31477/
S31479,$207,$190,1.09 Ct.,7.07,5.08,3.5,Yellowish Orange,Light,Very Slightly Included,Oval,Mixed Brilliant Cut,Lattice Diffused,Ceylon (Sri Lanka),https://www.thenaturalsapphirecompany.com/yellow-sapphires/1.09ct-ceylon-sri-lankan-oval-yellowish-orange-sapphire-s31479/
S38686,$400,$370,1.08 Ct.,5.67,5.53,3.4,Yellowish Green,Intense,Very Slightly Included,Cushion,Mixed Brilliant Cut,Heat Treated,Madagascar,https://www.thenaturalsapphirecompany.com/yellow-sapphires/1.08ct-madagascar-cushion-yellowish-green-sapphire-s38686/
S38687,$600,$387,1.55 Ct.,7.14,5.73,4.38,Yellow,Medium,Slightly Included,Oval,Mixed Brilliant Cut,Heat Treated,Ceylon (Sri Lanka),https://www.thenaturalsapphirecompany.com/yellow-sapphires/1.55ct-ceylon-sri-lankan-oval-yellow-sapphire-s38687/
S41610,"$1,980","$1,200",1.65 Ct.,6.75,5.66,4.45,Yellowish Green,Intense,Very Slightly Included,Emerald Cut,Emerald Cut,No Enhancement,Australia,https://www.thenaturalsapphirecompany.com/yellow-sapphires/1.65ct-australian-emerald-cut-yellowish-green-sapphire-s41610/
S41611,"$1,260","$1,000",1.26 Ct.,6.35,5.09,3.88,Yellowish Green,Intense,Very Very Slightly Included,Emerald Cut,Emerald Cut,No Enhancement,Australia,https://www.thenaturalsapphirecompany.com/yellow-sapphires/1.26ct-australian-emerald-cut-yellowish-green-sapphire-s41611/
S41615,$960,$800,1.20 Ct.,5.74,5.06,4.58,Yellowish Green,Intense,Very Slightly Included,Asscher - Octagon,Asscher Cut,No Enhancement,Australia,https://www.thenaturalsapphirecompany.com/yellow-sapphires/1.20ct-australian-asscher-octagon-yellowish-green-sapphire-s41615/
S41616,$936,$800,1.17 Ct.,6.51,4.87,3.76,Yellowish Green,Intense,Very Slightly Included,Emerald Cut,Emerald Cut,No Enhancement,Australia,https://www.thenaturalsapphirecompany.com/yellow-sapphires/1.17ct-australian-emerald-cut-yellowish-green-sapphire-s41616/
S41617,$972,$900,1.08 Ct.,5.98,5.4,3.43,Yellowish Green,Intense,Slightly Included,Asscher - Octagon,Asscher Cut,No Enhancement,Australia,https://www.thenaturalsapphirecompany.com/yellow-sapphires/1.08ct-australian-asscher-octagon-yellowish-green-sapphire-s41617/
S41624,"$1,140","$1,009",1.13 Ct.,6.97,5.76,3.37,Yellow,Light,Very Slightly Included,Oval,Mixed Brilliant Cut,No Enhancement,Tanzania,https://www.thenaturalsapphirecompany.com/yellow-sapphires/1.13ct-tanzanian-oval-yellow-sapphire-s41624/
S41625,"$3,952","$1,382",2.86 Ct.,9.66,7.11,5.11,Yellow,Faint,Very Slightly Included,Oval,Mixed Brilliant Cut,No Enhancement,Tanzania,https://www.thenaturalsapphirecompany.com/yellow-sapphires/2.86ct-tanzanian-oval-yellow-sapphire-s41625/
S16654,$654,$600,1.09 Ct.,6.12,5.17,3.77,Yellow,Intense,Slightly Included,Oval,Mixed Brilliant Cut,No Enhancement,Ceylon (Sri Lanka),https://www.thenaturalsapphirecompany.com/yellow-sapphires/1.09ct-ceylon-sri-lankan-oval-yellow-sapphire-s16654/
S16659,"$1,741","$1,116",1.56 Ct.,7.26,5.25,4.77,Greenish Yellow,Intense,Very Slightly Included,Oval,Mixed Brilliant Cut,No Enhancement,Ceylon (Sri Lanka),https://www.thenaturalsapphirecompany.com/yellow-sapphires/1.56ct-ceylon-sri-lankan-oval-greenish-yellow-sapphire-s16659/
S16660,$612,$600,1.02 Ct.,5.94,5.9,3.46,Yellow,Light,Eye Clean,Cushion,Mixed Brilliant Cut,No Enhancement,Ceylon (Sri Lanka),https://www.thenaturalsapphirecompany.com/yellow-sapphires/1.02ct-ceylon-sri-lankan-cushion-yellow-sapphire-s16660/
S31702,$210,$200,1.05 Ct.,5.11,4.84,4.12,Yellowish Orange,Intense,Very Very Slightly Included,Asscher - Octagon,Asscher Cut,Heat Treated,Ceylon (Sri Lanka),https://www.thenaturalsapphirecompany.com/yellow-sapphires/1.05ct-ceylon-sri-lankan-asscher-octagon-yellowish-orange-sapphire-s31702/
S16795,$700,$500,1.40 Ct.,7.89,5.64,3.46,Yellow,Intense,Very Slightly Included,Oval,Mixed Brilliant Cut,Lattice Diffused,Ceylon (Sri Lanka),https://www.thenaturalsapphirecompany.com/yellow-sapphires/1.40ct-ceylon-sri-lankan-oval-yellow-sapphire-s16795/
S27197,"$65,800","$2,343",28.08 Ct.,18.53,18.11,11.19,Yellow,Medium,Eye Clean,Heart,Mixed Brilliant Cut,No Enhancement,Ceylon (Sri Lanka),https://www.thenaturalsapphirecompany.com/yellow-sapphires/28.08ct-ceylon-sri-lankan-heart-yellow-sapphire-s27197/
S27198,"$24,750","$2,919",8.48 Ct.,14.13,9.62,8.42,Yellow,Medium,Eye Clean,Pear,Mixed Brilliant Cut,No Enhancement,Ceylon (Sri Lanka),https://www.thenaturalsapphirecompany.com/yellow-sapphires/8.48ct-ceylon-sri-lankan-pear-yellow-sapphire-s27198/
S27199,"$18,150","$1,727",10.51 Ct.,13.06,13.12,8,Yellow,Medium,Very Very Slightly Included,Round,Mixed Brilliant Cut,No Enhancement,Ceylon (Sri Lanka),https://www.thenaturalsapphirecompany.com/yellow-sapphires/10.51ct-ceylon-sri-lankan-round-yellow-sapphire-s27199/
S27201,"$9,250","$1,560",5.93 Ct.,11.04,11.49,5.85,Orangish Yellow,Medium,Eye Clean,Heart,Mixed Brilliant Cut,Heat Treated,Ceylon (Sri Lanka),https://www.thenaturalsapphirecompany.com/yellow-sapphires/5.93ct-ceylon-sri-lankan-heart-orangish-yellow-sapphire-s27201/
S31718,$512,$250,2.05 Ct.,7.77,5.54,4.66,Yellow,Light,Slightly Included,Radiant,Radiant Cut,No Enhancement,Ceylon (Sri Lanka),https://www.thenaturalsapphirecompany.com/yellow-sapphires/2.05ct-ceylon-sri-lankan-radiant-yellow-sapphire-s31718/
S31732,$316,$301,1.05 Ct.,6.77,5.25,3.22,Yellow,Medium,Very Very Slightly Included,Cushion,Mixed Brilliant Cut,No Enhancement,Ceylon (Sri Lanka),https://www.thenaturalsapphirecompany.com/yellow-sapphires/1.05ct-ceylon-sri-lankan-cushion-yellow-white-opal-s31732/
S35467,$310,$500,0.62 Ct.,5.53,5.48,2.84,Yellowish Green,Intense,Very Slightly Included,Oval,Mixed Brilliant Cut,Heat Treated,Madagascar,https://www.thenaturalsapphirecompany.com/yellow-sapphires/0.62ct-madagascar-oval-yellowish-green-sapphire-s35467/
S35475,$326,$502,0.65 Ct.,5.65,5.54,3.11,Yellowish Green,Intense,Very Very Slightly Included,Round,Mixed Brilliant Cut,Heat Treated,Madagascar,https://www.thenaturalsapphirecompany.com/yellow-sapphires/0.65ct-madagascar-round-yellowish-green-sapphire-s35475/
S35487,$595,$500,1.19 Ct.,6.75,6.3,3.96,Yellowish Green,Intense,Very Slightly Included,Heart,Mixed Brilliant Cut,Heat Treated,Madagascar,https://www.thenaturalsapphirecompany.com/yellow-sapphires/1.19ct-madagascar-heart-yellowish-green-sapphire-s35487/
S35498,$484,$400,1.21 Ct.,7.15,6.33,3.57,Yellowish Green,Intense,Slightly Included,Trillion,Trillion Cut,Heat Treated,Madagascar,https://www.thenaturalsapphirecompany.com/yellow-sapphires/1.21ct-madagascar-trillion-yellowish-green-sapphire-s35498/
S35953,$220,$182,1.21 Ct.,8.94,5.77,3.55,Yellow,Medium,Very Slightly Included,Pear,Mixed Brilliant Cut,No Enhancement,Ceylon (Sri Lanka),https://www.thenaturalsapphirecompany.com/yellow-sapphires/1.21ct-ceylon-sri-lankan-pear-yellow-sapphire-s35953/
S35965,$320,$208,1.54 Ct.,7.47,6.24,4.26,Yellow,Intense,Very Slightly Included,Oval,Mixed Brilliant Cut,No Enhancement,Ceylon (Sri Lanka),https://www.thenaturalsapphirecompany.com/yellow-sapphires/1.54ct-ceylon-sri-lankan-oval-yellow-sapphire-s35965/
S38821,$870,"$1,000",0.87 Ct.,5.73,4.5,3.43,Yellow,Light,Very Slightly Included,Emerald Cut,Emerald Cut,Heat Treated,Tanzania,https://www.thenaturalsapphirecompany.com/yellow-sapphires/0.87ct-tanzanian-emerald-cut-yellow-sapphire-s38821/
S38830,$496,$800,0.62 Ct.,6.49,4.65,2.89,Orangish Yellow,Medium,Very Very Slightly Included,Pear,Mixed Brilliant Cut,Heat Treated,Montana,https://www.thenaturalsapphirecompany.com/yellow-sapphires/0.62ct-montana-pear-orangish-yellow-sapphire-s38830/
S38831,$576,$900,0.64 Ct.,6.14,4.67,3.11,Greenish Yellow,Intense,Very Very Slightly Included,Pear,Mixed Brilliant Cut,Heat Treated,Montana,https://www.thenaturalsapphirecompany.com/yellow-sapphires/0.64ct-montana-pear-greenish-yellow-sapphire-s38831/
S11211,$267,$300,0.89 Ct.,5.78,5.79,3.46,Yellow,Medium,Very Slightly Included,Round,Mixed Brilliant Cut,No Enhancement,Ceylon (Sri Lanka),https://www.thenaturalsapphirecompany.com/yellow-sapphires/0.89ct-ceylon-sri-lankan-round-yellow-sapphire-s11211/
S11213,$393,$300,1.31 Ct.,6.48,6.59,4.04,Yellow,Medium,Very Slightly Included,Round,Mixed Brilliant Cut,No Enhancement,Ceylon (Sri Lanka),https://www.thenaturalsapphirecompany.com/yellow-sapphires/1.31ct-ceylon-sri-lankan-round-yellow-sapphire-s11213/
S11216,$366,$300,1.22 Ct.,6,6.02,4.31,Yellow,Medium,Very Slightly Included,Round,Mixed Brilliant Cut,No Enhancement,Ceylon (Sri Lanka),https://www.thenaturalsapphirecompany.com/yellow-sapphires/1.22ct-ceylon-sri-lankan-round-yellow-sapphire-s11216/
S16867,$328,$400,0.82 Ct.,5.69,4.84,3.66,Yellow,Light,Very Slightly Included,Oval,Mixed Brilliant Cut,No Enhancement,Ceylon (Sri Lanka),https://www.thenaturalsapphirecompany.com/yellow-sapphires/0.82ct-ceylon-sri-lankan-oval-yellow-sapphire-s16867/
S22442,"$13,362","$1,700",7.86 Ct.,13.63,9.81,6.37,Yellowish Orange,Intense,Eye Clean,Radiant,Emerald Cut,Heat Treated,Ceylon (Sri Lanka),https://www.thenaturalsapphirecompany.com/yellow-sapphires/7.86ct-ceylon-sri-lankan-radiant-yellowish-orange-sapphire-s22442/
S22460,"$11,847","$1,955",6.06 Ct.,10.99,9.93,5.81,Yellow,Vivid,Very Slightly Included,Emerald Cut,Emerald Cut,Heat Treated,Ceylon (Sri Lanka),https://www.thenaturalsapphirecompany.com/yellow-sapphires/6.06ct-ceylon-sri-lankan-emerald-cut-yellow-sapphire-s22460/
S27211,"$9,250","$2,372",3.90 Ct.,9.01,10.03,5.62,Yellowish Green,Medium,Eye Clean,Heart,Mixed Brilliant Cut,No Enhancement,Ceylon (Sri Lanka),https://www.thenaturalsapphirecompany.com/yellow-sapphires/3.90ct-ceylon-sri-lankan-heart-yellowish-green-sapphire-s27211/
S27214,"$3,997","$1,098",3.64 Ct.,8.39,9.23,5.82,Yellow,Light,Very Slightly Included,Heart,Mixed Brilliant Cut,No Enhancement,Ceylon (Sri Lanka),https://www.thenaturalsapphirecompany.com/yellow-sapphires/3.64ct-ceylon-sri-lankan-heart-yellow-sapphire-s27214/
S35510,$352,$320,1.10 Ct.,7.3,5.36,3.35,Greenish Yellow,Intense,Slightly Included,Oval,Mixed Brilliant Cut,Heat Treated,Madagascar,https://www.thenaturalsapphirecompany.com/yellow-sapphires/1.10ct-madagascar-oval-greenish-yellow-sapphire-s35510/
S38853,$544,$800,0.68 Ct.,6.58,4.58,3.25,Yellowish Green,Medium,Very Very Slightly Included,Pear,Mixed Brilliant Cut,Heat Treated,Montana,https://www.thenaturalsapphirecompany.com/yellow-sapphires/0.68ct-montana-pear-yellowish-green-sapphire-s38853/
S38854,$533,$264,2.02 Ct.,7.88,5.78,4.34,Yellow,Light,Slightly Included,Radiant,Radiant Cut,No Enhancement,Ceylon (Sri Lanka),https://www.thenaturalsapphirecompany.com/yellow-sapphires/2.02ct-ceylon-sri-lankan-radiant-yellow-sapphire-s38854/
S38856,$267,$241,1.11 Ct.,6.63,6.55,3.34,Yellow,Light,Very Very Slightly Included,Round,Mixed Brilliant Cut,Heat Treated,Ceylon (Sri Lanka),https://www.thenaturalsapphirecompany.com/yellow-sapphires/1.11ct-ceylon-sri-lankan-round-yellow-sapphire-s38856/
S38858,$300,$229,1.31 Ct.,6.99,4.89,3.98,Yellow,Intense,Very Slightly Included,Emerald Cut,Emerald Cut,Heat Treated,Ceylon (Sri Lanka),https://www.thenaturalsapphirecompany.com/yellow-sapphires/1.31ct-ceylon-sri-lankan-emerald-cut-yellow-sapphire-s38858/
S38868,$340,$286,1.19 Ct.,6.34,5.74,4.14,Yellowish Orange,Intense,Slightly Included,Oval,Mixed Brilliant Cut,Heat Treated,Ceylon (Sri Lanka),https://www.thenaturalsapphirecompany.com/yellow-sapphires/1.19ct-ceylon-sri-lankan-oval-yellowish-orange-sapphire-s38868/
S38875,$600,$294,2.04 Ct.,6.99,6.46,4.32,Yellow,Medium,Very Slightly Included,Cushion,Mixed Brilliant Cut,No Enhancement,Ceylon (Sri Lanka),https://www.thenaturalsapphirecompany.com/yellow-sapphires/2.04ct-ceylon-sri-lankan-cushion-yellow-sapphire-s38875/
S39070,"$2,178","$1,100",1.98 Ct.,7.62,5.94,4.23,Yellow,Intense,Very Slightly Included,Emerald Cut,Emerald Cut,Heat Treated,Ceylon (Sri Lanka),https://www.thenaturalsapphirecompany.com/yellow-sapphires/1.98ct-ceylon-sri-lankan-emerald-cut-yellow-sapphire-s39070/
S11247,$230,$200,1.15 Ct.,6.34,5.3,3.4,Yellow,Medium,Very Slightly Included,Emerald Cut,Emerald Cut,No Enhancement,Ceylon (Sri Lanka),https://www.thenaturalsapphirecompany.com/yellow-sapphires/1.15ct-ceylon-sri-lankan-emerald-cut-yellow-sapphire-s11247/
S11248,$118,$200,0.59 Ct.,4.37,4.33,3.43,Yellow,Medium,Very Slightly Included,Princess,Princess Cut,No Enhancement,Ceylon (Sri Lanka),https://www.thenaturalsapphirecompany.com/yellow-sapphires/0.59ct-ceylon-sri-lankan-princess-yellow-sapphire-s11248/
S11267,"$10,336","$1,360",7.60 Ct.,11.19,10.06,6.51,Yellowish Green,Medium,Very Slightly Included,Radiant,Radiant Cut,No Enhancement,Ceylon (Sri Lanka),https://www.thenaturalsapphirecompany.com/yellow-sapphires/7.60ct-ceylon-sri-lankan-radiant-yellowish-green-sapphire-s11267/
S16935,"$1,190","$1,000",1.19 Ct.,7.52,6.08,3.36,Yellowish Green,Light,Eye Clean,Pear,Mixed Brilliant Cut,No Enhancement,Ceylon (Sri Lanka),https://www.thenaturalsapphirecompany.com/yellow-sapphires/1.19ct-ceylon-sri-lankan-pear-yellowish-green-sapphire-s16935/
S16937,"$1,199","$1,100",1.09 Ct.,5.91,5.13,3.62,Greenish Yellow,Medium,Very Slightly Included,Radiant,Radiant Cut,No Enhancement,Ceylon (Sri Lanka),https://www.thenaturalsapphirecompany.com/yellow-sapphires/1.09ct-ceylon-sri-lankan-radiant-greenish-yellow-sapphire-s16937/
S16939,"$1,221","$1,100",1.11 Ct.,5.94,5.52,3.41,Yellowish Green,Medium,Very Slightly Included,Asscher - Octagon,Asscher Cut,No Enhancement,Ceylon (Sri Lanka),https://www.thenaturalsapphirecompany.com/yellow-sapphires/1.11ct-ceylon-sri-lankan-asscher-octagon-yellowish-green-sapphire-s16939/
S22472,"$8,279","$1,156",7.16 Ct.,10.89,9.67,8.11,Yellow,Light,Very Very Slightly Included,Cushion,Mixed Brilliant Cut,No Enhancement,Ceylon (Sri Lanka),https://www.thenaturalsapphirecompany.com/yellow-sapphires/7.16ct-ceylon-sri-lankan-cushion-yellow-sapphire-s22472/
S22477,$360,$350,1.03 Ct.,7.01,5.01,3.71,Yellow,Medium,Very Very Slightly Included,Oval,Mixed Brilliant Cut,Heat Treated,Ceylon (Sri Lanka),https://www.thenaturalsapphirecompany.com/yellow-sapphires/1.03ct-ceylon-sri-lankan-oval-yellow-sapphire-s22477/
S22478,$147,$219,0.67 Ct.,6.56,4.57,2.86,Yellow,Medium,Eye Clean,Oval,Mixed Brilliant Cut,Heat Treated,Ceylon (Sri Lanka),https://www.thenaturalsapphirecompany.com/yellow-sapphires/0.67ct-ceylon-sri-lankan-oval-yellow-sapphire-s22478/
S22479,$130,$220,0.59 Ct.,6.01,4.14,3.16,Yellow,Intense,Eye Clean,Oval,Mixed Brilliant Cut,Heat Treated,Ceylon (Sri Lanka),https://www.thenaturalsapphirecompany.com/yellow-sapphires/0.59ct-ceylon-sri-lankan-oval-yellow-sapphire-s22479/
S22480,$150,$221,0.68 Ct.,6.51,4.44,3.12,Yellow,Vivid,Eye Clean,Oval,Mixed Brilliant Cut,Heat Treated,Ceylon (Sri Lanka),https://www.thenaturalsapphirecompany.com/yellow-sapphires/0.68ct-ceylon-sri-lankan-oval-yellow-sapphire-s22480/
S22481,$198,$251,0.79 Ct.,6.66,4.63,3.22,Yellow,Intense,Eye Clean,Oval,Mixed Brilliant Cut,Heat Treated,Ceylon (Sri Lanka),https://www.thenaturalsapphirecompany.com/yellow-sapphires/0.79ct-ceylon-sri-lankan-oval-yellow-sapphire-s22481/
S22482,$187,$240,0.78 Ct.,6.65,4.6,3.21,Yellow,Intense,Very Very Slightly Included,Oval,Mixed Brilliant Cut,Heat Treated,Ceylon (Sri Lanka),https://www.thenaturalsapphirecompany.com/yellow-sapphires/0.78ct-ceylon-sri-lankan-oval-yellow-sapphire-s22482/
S22483,$97,$220,0.44 Ct.,5.18,4.14,2.81,Orangish Yellow,Intense,Very Very Slightly Included,Oval,Mixed Brilliant Cut,Heat Treated,Ceylon (Sri Lanka),https://www.thenaturalsapphirecompany.com/yellow-sapphires/0.44ct-ceylon-sri-lankan-oval-orangish-yellow-sapphire-s22483/
S22484,$95,$221,0.43 Ct.,4.96,4.11,2.78,Yellow,Medium,Eye Clean,Oval,Mixed Brilliant Cut,Heat Treated,Ceylon (Sri Lanka),https://www.thenaturalsapphirecompany.com/yellow-sapphires/0.43ct-ceylon-sri-lankan-oval-yellow-sapphire-s22484/
S22485,$74,$180,0.41 Ct.,5.05,4.16,2.67,Yellow,Light,Eye Clean,Oval,Mixed Brilliant Cut,Heat Treated,Ceylon (Sri Lanka),https://www.thenaturalsapphirecompany.com/yellow-sapphires/0.41ct-ceylon-sri-lankan-oval-yellow-sapphire-s22485/
S22486,$78,$200,0.39 Ct.,5.04,4.07,2.66,Yellow,Intense,Eye Clean,Oval,Mixed Brilliant Cut,Heat Treated,Ceylon (Sri Lanka),https://www.thenaturalsapphirecompany.com/yellow-sapphires/0.39ct-ceylon-sri-lankan-oval-yellow-sapphire-s22486/
S22487,$88,$220,0.40 Ct.,5.07,4.11,2.68,Yellow,Medium,Very Very Slightly Included,Oval,Mixed Brilliant Cut,Heat Treated,Ceylon (Sri Lanka),https://www.thenaturalsapphirecompany.com/yellow-sapphires/0.40ct-ceylon-sri-lankan-oval-yellow-sapphire-s22487/
S22488,$132,$300,0.44 Ct.,6.07,4.08,2.37,Yellowish Orange,Intense,Eye Clean,Oval,Mixed Brilliant Cut,Heat Treated,Ceylon (Sri Lanka),https://www.thenaturalsapphirecompany.com/yellow-sapphires/0.44ct-ceylon-sri-lankan-oval-yellowish-orange-sapphire-s22488/
S22489,$106,$221,0.48 Ct.,5.9,4.04,2.7,Yellow,Vivid,Eye Clean,Oval,Mixed Brilliant Cut,Heat Treated,Ceylon (Sri Lanka),https://www.thenaturalsapphirecompany.com/yellow-sapphires/0.48ct-ceylon-sri-lankan-oval-yellow-sapphire-s22489/
S22490,$159,$269,0.59 Ct.,6.09,4.14,3.08,Orangish Yellow,Intense,Eye Clean,Oval,Mixed Brilliant Cut,Heat Treated,Ceylon (Sri Lanka),https://www.thenaturalsapphirecompany.com/yellow-sapphires/0.59ct-ceylon-sri-lankan-oval-orangish-yellow-sapphire-s22490/
S22491,$172,$249,0.69 Ct.,6.16,4.22,3.22,Orangish Yellow,Medium,Eye Clean,Oval,Mixed Brilliant Cut,Heat Treated,Ceylon (Sri Lanka),https://www.thenaturalsapphirecompany.com/yellow-sapphires/0.69ct-ceylon-sri-lankan-oval-orangish-yellow-sapphire-s22491/
S27247,"$4,000","$1,099",3.64 Ct.,10.34,8.03,4.95,Yellowish Orange,Intense,Eye Clean,Oval,Mixed Brilliant Cut,Heat Treated,Ceylon (Sri Lanka),https://www.thenaturalsapphirecompany.com/yellow-sapphires/3.64ct-ceylon-sri-lankan-oval-yellowish-orange-sapphire-s27247/
S27262,$430,$250,1.72 Ct.,7.87,6.15,4.01,Yellow,Faint,Very Slightly Included,Radiant,Radiant Cut,No Enhancement,Ceylon (Sri Lanka),https://www.thenaturalsapphirecompany.com/yellow-sapphires/1.72ct-ceylon-sri-lankan-radiant-yellow-sapphire-s27262/
S27279,"$3,060","$1,821",1.68 Ct.,7.24,7.29,4.62,Yellowish Orange,Vivid,Very Very Slightly Included,Round,Mixed Brilliant Cut,Heat Treated,Ceylon (Sri Lanka),https://www.thenaturalsapphirecompany.com/yellow-sapphires/1.68ct-ceylon-sri-lankan-round-yellowish-orange-sapphire-s27279/
S27282,"$1,350","$1,174",1.15 Ct.,5.91,5.19,3.93,Yellow,Intense,Very Very Slightly Included,Emerald Cut,Emerald Cut,Heat Treated,Ceylon (Sri Lanka),https://www.thenaturalsapphirecompany.com/yellow-sapphires/1.15ct-ceylon-sri-lankan-emerald-cut-yellow-sapphire-s27282/
S27285,"$1,530","$1,254",1.22 Ct.,5.9,5.44,3.96,Yellow,Vivid,Very Very Slightly Included,Asscher - Octagon,Asscher Cut,Heat Treated,Ceylon (Sri Lanka),https://www.thenaturalsapphirecompany.com/yellow-sapphires/1.22ct-ceylon-sri-lankan-asscher-octagon-yellow-sapphire-s27285/
S31813,"$2,002",$728,2.75 Ct.,8.84,6.81,4.59,Yellowish Green,Intense,Very Slightly Included,Cushion,Mixed Brilliant Cut,Heat Treated,Australia,https://www.thenaturalsapphirecompany.com/yellow-sapphires/2.75ct-australian-cushion-yellowish-green-sapphire-s31813/
S11094,"$2,110","$1,000",2.11 Ct.,7.21,7.81,5.15,Orangish Yellow,Medium,Very Slightly Included,Trillion,Trillion Cut,Heat Treated,Ceylon (Sri Lanka),https://www.thenaturalsapphirecompany.com/yellow-sapphires/2.11ct-ceylon-sri-lankan-trillion-orangish-yellow-sapphire-s11094/
S46209,$160,$200,0.80 Ct.,7.09,4.51,2.94,Orangish Yellow,Intense,Eye Clean,Oval,Mixed Brilliant Cut,Heat Treated,Ceylon (Sri Lanka),https://www.thenaturalsapphirecompany.com/yellow-sapphires/0.80ct-ceylon-sri-lankan-oval-orangish-yellow-sapphire-s46209/
S46242,$400,$784,0.51 Ct.,6.6,4.92,2.05,Yellowish Brown,Intense,Slightly Included,Pear,Mixed Brilliant Cut,Heat Treated,Ceylon (Sri Lanka),https://www.thenaturalsapphirecompany.com/yellow-sapphires/0.51ct-ceylon-sri-lankan-pear-yellowish-brown-sapphire-s46242/
S46246,$400,$635,0.63 Ct.,6.48,4.74,2.02,Yellow,Medium,Very Slightly Included,Cushion,Mixed Brilliant Cut,Heat Treated,Ceylon (Sri Lanka),https://www.thenaturalsapphirecompany.com/yellow-sapphires/0.63ct-ceylon-sri-lankan-cushion-yellow-sapphire-s46246/
S35427,"$1,188",$900,1.32 Ct.,7.12,5.31,3.87,Yellowish Green,Medium,Slightly Included,Emerald Cut,Emerald Cut,No Enhancement,Tanzania,https://www.thenaturalsapphirecompany.com/yellow-sapphires/1.32ct-tanzanian-emerald-cut-yellowish-green-sapphire-s35427/
S35456,$462,$600,0.77 Ct.,5.73,5.72,3.37,Yellowish Green,Intense,Very Very Slightly Included,Round,Mixed Brilliant Cut,Heat Treated,Madagascar,https://www.thenaturalsapphirecompany.com/yellow-sapphires/0.77ct-madagascar-round-yellowish-green-sapphire-s35456/
S10814,"$1,296",$900,1.44 Ct.,7.57,6,3.86,Yellow,Medium,Eye Clean,Oval,Mixed Brilliant Cut,Heat Treated,Ceylon (Sri Lanka),https://www.thenaturalsapphirecompany.com/yellow-sapphires/1.44ct-ceylon-sri-lankan-oval-yellow-sapphire-s10814/
S10863,$903,$700,1.29 Ct.,10.76,4.82,3.37,Orangish Yellow,Intense,Very Slightly Included,Marquise,Mixed Brilliant Cut,Heat Treated,Ceylon (Sri Lanka),https://www.thenaturalsapphirecompany.com/yellow-sapphires/1.29ct-ceylon-sri-lankan-marquise-orangish-yellow-sapphire-s10863/
S10867,"$2,768","$1,350",2.05 Ct.,9.43,7.21,4.11,Yellow,Medium,Very Very Slightly Included,Pear,Mixed Brilliant Cut,No Enhancement,Ceylon (Sri Lanka),https://www.thenaturalsapphirecompany.com/yellow-sapphires/2.05ct-ceylon-sri-lankan-pear-yellow-sapphire-s10867/
S10868,"$2,717","$1,300",2.09 Ct.,9.55,7.06,4.17,Orangish Yellow,Intense,Very Slightly Included,Fancy,Step Cut,Heat Treated,Ceylon (Sri Lanka),https://www.thenaturalsapphirecompany.com/yellow-sapphires/2.09ct-ceylon-sri-lankan-fancy-orangish-yellow-sapphire-s10868/
S16630,$501,$619,0.81 Ct.,5.9,4.89,3.02,Yellow,Light,Very Slightly Included,Oval,Mixed Brilliant Cut,No Enhancement,Ceylon (Sri Lanka),https://www.thenaturalsapphirecompany.com/yellow-sapphires/0.81ct-ceylon-sri-lankan-oval-yellow-sapphire-s16630/
S16635,$700,$686,1.02 Ct.,6.02,4.89,3.72,Yellow,Light,Very Slightly Included,Oval,Mixed Brilliant Cut,No Enhancement,Ceylon (Sri Lanka),https://www.thenaturalsapphirecompany.com/yellow-sapphires/1.02ct-ceylon-sri-lankan-oval-yellow-sapphire-s16635/
S16647,$420,$442,0.95 Ct.,6.53,5.41,3.22,Greenish Yellow,Intense,Slightly Included,Oval,Mixed Brilliant Cut,No Enhancement,Ceylon (Sri Lanka),https://www.thenaturalsapphirecompany.com/yellow-sapphires/0.95ct-ceylon-sri-lankan-oval-greenish-yellow-sapphire-s16647/
S9574,$78,$170,0.46 Ct.,5.08,5.14,2.89,Yellow,Medium,Very Slightly Included,Trillion,Trillion Cut,Heat Treated,Ceylon (Sri Lanka),https://www.thenaturalsapphirecompany.com/yellow-sapphires/0.46ct-ceylon-sri-lankan-trillion-yellow-sapphire-s9574/
S9580,$60,$171,0.35 Ct.,4.55,4.56,2.67,Yellow,Medium,Very Slightly Included,Trillion,Trillion Cut,Heat Treated,Ceylon (Sri Lanka),https://www.thenaturalsapphirecompany.com/yellow-sapphires/0.35ct-ceylon-sri-lankan-trillion-yellow-sapphire-s9580/
S9581,$66,$169,0.39 Ct.,4.58,4.43,2.88,Yellow,Intense,Very Slightly Included,Trillion,Trillion Cut,Heat Treated,Ceylon (Sri Lanka),https://www.thenaturalsapphirecompany.com/yellow-sapphires/0.39ct-ceylon-sri-lankan-trillion-yellow-sapphire-s9581/
S9587,$74,$180,0.41 Ct.,4.71,4.6,3,Yellow,Intense,Very Slightly Included,Trillion,Trillion Cut,Heat Treated,Ceylon (Sri Lanka),https://www.thenaturalsapphirecompany.com/yellow-sapphires/0.41ct-ceylon-sri-lankan-trillion-yellow-sapphire-s9587/
S9594,$120,$200,0.60 Ct.,6.13,4.09,2.99,Orangish Yellow,Intense,Very Slightly Included,Oval,Mixed Brilliant Cut,Heat Treated,Ceylon (Sri Lanka),https://www.thenaturalsapphirecompany.com/yellow-sapphires/0.60ct-ceylon-sri-lankan-oval-orangish-yellow-sapphire-s9594/
S5806,"$1,178",$866,1.36 Ct.,6.65,5.43,3.86,Yellow,Medium,Very Slightly Included,Radiant,Radiant Cut,Heat Treated,Ceylon (Sri Lanka),https://www.thenaturalsapphirecompany.com/yellow-sapphires/1.36ct-ceylon-sri-lankan-radiant-yellow-sapphire-s5806/
S5817,"$1,250",$828,1.51 Ct.,6.71,5.43,4.37,Orangish Yellow,Intense,Eye Clean,Radiant,Radiant Cut,Heat Treated,Ceylon (Sri Lanka),https://www.thenaturalsapphirecompany.com/yellow-sapphires/1.51ct-ceylon-sri-lankan-radiant-orangish-yellow-sapphire-s5817/
S5838,$620,$400,1.55 Ct.,6.87,5.6,4.1,Yellow,Light,Very Slightly Included,Emerald Cut,Emerald Cut,No Enhancement,Ceylon (Sri Lanka),https://www.thenaturalsapphirecompany.com/yellow-sapphires/1.55ct-ceylon-sri-lankan-emerald-cut-yellow-sapphire-s5838/
S5842,$472,$400,1.18 Ct.,5.58,5.49,4.28,Yellow,Light,Slightly Included,Radiant,Radiant Cut,No Enhancement,Ceylon (Sri Lanka),https://www.thenaturalsapphirecompany.com/yellow-sapphires/1.18ct-ceylon-sri-lankan-radiant-yellow-sapphire-s5842/
S5843,$976,$800,1.22 Ct.,6.08,6.07,3.58,Yellow,Intense,Very Slightly Included,Princess,Princess Cut,No Enhancement,Ceylon (Sri Lanka),https://www.thenaturalsapphirecompany.com/yellow-sapphires/1.22ct-ceylon-sri-lankan-princess-yellow-sapphire-s5843/
S5731,$961,$608,1.58 Ct.,6.58,6.32,3.84,Yellow,Intense,Eye Clean,Asscher - Octagon,Asscher Cut,Heat Treated,Ceylon (Sri Lanka),https://www.thenaturalsapphirecompany.com/yellow-sapphires/1.58ct-ceylon-sri-lankan-asscher-octagon-yellow-sapphire-s5731/
S5736,"$1,109",$940,1.18 Ct.,6.98,5.34,3.53,Yellow,Intense,Eye Clean,Oval,Mixed Brilliant Cut,Heat Treated,Ceylon (Sri Lanka),https://www.thenaturalsapphirecompany.com/yellow-sapphires/1.18ct-ceylon-sri-lankan-oval-yellow-sapphire-s5736/
S5754,"$2,147",$950,2.26 Ct.,7.75,6.89,4.71,Yellowish Green,Vivid,Eye Clean,Oval,Mixed Brilliant Cut,No Enhancement,Ceylon (Sri Lanka),https://www.thenaturalsapphirecompany.com/yellow-sapphires/2.26ct-ceylon-sri-lankan-oval-yellowish-green-sapphire-s5754/
S22623,$207,$300,0.69 Ct.,4.6,4.58,3.74,Yellow,Medium,Eye Clean,Princess,Princess Cut,Heat Treated,Ceylon (Sri Lanka),https://www.thenaturalsapphirecompany.com/yellow-sapphires/0.69ct-ceylon-sri-lankan-princess-yellow-sapphire-s22623/
S22624,$204,$300,0.68 Ct.,4.63,4.52,3.71,Yellow,Intense,Eye Clean,Princess,Princess Cut,Heat Treated,Ceylon (Sri Lanka),https://www.thenaturalsapphirecompany.com/yellow-sapphires/0.68ct-ceylon-sri-lankan-princess-yellow-sapphire-s22624/
S22625,$228,$300,0.76 Ct.,4.61,4.61,3.83,Yellow,Medium,Eye Clean,Princess,Princess Cut,Heat Treated,Ceylon (Sri Lanka),https://www.thenaturalsapphirecompany.com/yellow-sapphires/0.76ct-ceylon-sri-lankan-princess-yellow-sapphire-s22625/
S22626,$228,$300,0.76 Ct.,6.92,4.97,3.03,Yellow,Medium,Very Very Slightly Included,Oval,Mixed Brilliant Cut,Heat Treated,Ceylon (Sri Lanka),https://www.thenaturalsapphirecompany.com/yellow-sapphires/0.76ct-ceylon-sri-lankan-oval-yellow-sapphire-s22626/
S22627,$270,$300,0.90 Ct.,7.89,5.41,3.21,Yellow,Medium,Very Very Slightly Included,Pear,Mixed Brilliant Cut,Heat Treated,Ceylon (Sri Lanka),https://www.thenaturalsapphirecompany.com/yellow-sapphires/0.90ct-ceylon-sri-lankan-pear-yellow-sapphire-s22627/
S22628,$183,$300,0.61 Ct.,5.54,5.45,3.11,Yellow,Medium,Eye Clean,Trillion,Trillion Cut,Heat Treated,Ceylon (Sri Lanka),https://www.thenaturalsapphirecompany.com/yellow-sapphires/0.61ct-ceylon-sri-lankan-trillion-yellow-sapphire-s22628/
S22629,$195,$300,0.65 Ct.,5.61,5.58,3.23,Yellow,Medium,Eye Clean,Trillion,Trillion Cut,Heat Treated,Ceylon (Sri Lanka),https://www.thenaturalsapphirecompany.com/yellow-sapphires/0.65ct-ceylon-sri-lankan-trillion-yellow-sapphire-s22629/
S22630,$189,$300,0.63 Ct.,5.55,5.54,3.19,Yellow,Medium,Eye Clean,Trillion,Trillion Cut,Heat Treated,Ceylon (Sri Lanka),https://www.thenaturalsapphirecompany.com/yellow-sapphires/0.63ct-ceylon-sri-lankan-trillion-yellow-sapphire-s22630/
S22631,$180,$300,0.60 Ct.,5.55,5.59,3.19,Yellow,Medium,Eye Clean,Trillion,Trillion Cut,Heat Treated,Ceylon (Sri Lanka),https://www.thenaturalsapphirecompany.com/yellow-sapphires/0.60ct-ceylon-sri-lankan-trillion-yellow-sapphire-s22631/
S22632,$195,$300,0.65 Ct.,5.47,5.45,3.32,Yellow,Medium,Very Slightly Included,Trillion,Trillion Cut,Heat Treated,Ceylon (Sri Lanka),https://www.thenaturalsapphirecompany.com/yellow-sapphires/0.65ct-ceylon-sri-lankan-trillion-yellow-sapphire-s22632/
S22633,$224,$329,0.68 Ct.,5.2,5.17,3.65,Yellowish Orange,Intense,Very Very Slightly Included,Round,Mixed Brilliant Cut,Heat Treated,Ceylon (Sri Lanka),https://www.thenaturalsapphirecompany.com/yellow-sapphires/0.68ct-ceylon-sri-lankan-round-yellowish-orange-sapphire-s22633/
S22635,$195,$300,0.65 Ct.,5.17,5.13,3.56,Orangish Yellow,Medium,Eye Clean,Round,Mixed Brilliant Cut,Heat Treated,Ceylon (Sri Lanka),https://www.thenaturalsapphirecompany.com/yellow-sapphires/0.65ct-ceylon-sri-lankan-round-orangish-yellow-sapphire-s22635/
S22636,$211,$330,0.64 Ct.,5.11,5.13,3.47,Orangish Yellow,Intense,Eye Clean,Round,Mixed Brilliant Cut,Heat Treated,Ceylon (Sri Lanka),https://www.thenaturalsapphirecompany.com/yellow-sapphires/0.64ct-ceylon-sri-lankan-round-orangish-yellow-sapphire-s22636/
S22637,$198,$330,0.60 Ct.,5.17,5.14,3.33,Yellowish Orange,Vivid,Eye Clean,Round,Mixed Brilliant Cut,Heat Treated,Ceylon (Sri Lanka),https://www.thenaturalsapphirecompany.com/yellow-sapphires/0.60ct-ceylon-sri-lankan-round-yellowish-orange-sapphire-s22637/
S22638,$214,$329,0.65 Ct.,5.23,5.18,3.49,Yellowish Orange,Intense,Eye Clean,Round,Mixed Brilliant Cut,Heat Treated,Ceylon (Sri Lanka),https://www.thenaturalsapphirecompany.com/yellow-sapphires/0.65ct-ceylon-sri-lankan-round-yellowish-orange-sapphire-s22638/
S22639,$214,$329,0.65 Ct.,5.15,5.19,3.51,Yellowish Orange,Intense,Eye Clean,Round,Mixed Brilliant Cut,Heat Treated,Ceylon (Sri Lanka),https://www.thenaturalsapphirecompany.com/yellow-sapphires/0.65ct-ceylon-sri-lankan-round-yellowish-orange-sapphire-s22639/
S22640,$221,$330,0.67 Ct.,5.11,5.12,3.61,Yellowish Orange,Intense,Eye Clean,Round,Mixed Brilliant Cut,Heat Treated,Ceylon (Sri Lanka),https://www.thenaturalsapphirecompany.com/yellow-sapphires/0.67ct-ceylon-sri-lankan-round-yellowish-orange-sapphire-s22640/
S22643,$274,$330,0.83 Ct.,6.95,4.92,3.3,Yellow,Medium,Eye Clean,Oval,Mixed Brilliant Cut,Heat Treated,Ceylon (Sri Lanka),https://www.thenaturalsapphirecompany.com/yellow-sapphires/0.83ct-ceylon-sri-lankan-oval-yellow-sapphire-s22643/
S22644,$251,$330,0.76 Ct.,7.07,4.98,2.97,Yellow,Light,Eye Clean,Oval,Mixed Brilliant Cut,Heat Treated,Ceylon (Sri Lanka),https://www.thenaturalsapphirecompany.com/yellow-sapphires/0.76ct-ceylon-sri-lankan-oval-yellow-sapphire-s22644/
S22646,$322,$350,0.92 Ct.,7.06,5.06,3.41,Yellow,Medium,Eye Clean,Oval,Mixed Brilliant Cut,Heat Treated,Ceylon (Sri Lanka),https://www.thenaturalsapphirecompany.com/yellow-sapphires/0.92ct-ceylon-sri-lankan-oval-yellow-sapphire-s22646/
S22647,$308,$350,0.88 Ct.,7.11,5.03,3.25,Yellow,Light,Eye Clean,Oval,Mixed Brilliant Cut,Heat Treated,Ceylon (Sri Lanka),https://www.thenaturalsapphirecompany.com/yellow-sapphires/0.88ct-ceylon-sri-lankan-oval-yellow-sapphire-s22647/
S22649,$287,$350,0.82 Ct.,7.07,5.07,3.21,Yellow,Medium,Very Slightly Included,Oval,Mixed Brilliant Cut,Heat Treated,Ceylon (Sri Lanka),https://www.thenaturalsapphirecompany.com/yellow-sapphires/0.82ct-ceylon-sri-lankan-oval-yellow-sapphire-s22649/
S22650,$304,$349,0.87 Ct.,7.01,5.11,3.2,Yellow,Medium,Eye Clean,Oval,Mixed Brilliant Cut,Heat Treated,Ceylon (Sri Lanka),https://www.thenaturalsapphirecompany.com/yellow-sapphires/0.87ct-ceylon-sri-lankan-oval-yellow-sapphire-s22650/
S22651,$329,$350,0.94 Ct.,7.09,4.94,3.54,Yellow,Medium,Very Very Slightly Included,Oval,Mixed Brilliant Cut,Heat Treated,Ceylon (Sri Lanka),https://www.thenaturalsapphirecompany.com/yellow-sapphires/0.94ct-ceylon-sri-lankan-oval-yellow-sapphire-s22651/
S22652,$322,$350,0.92 Ct.,7.13,4.92,3.48,Yellow,Intense,Eye Clean,Oval,Mixed Brilliant Cut,Heat Treated,Ceylon (Sri Lanka),https://www.thenaturalsapphirecompany.com/yellow-sapphires/0.92ct-ceylon-sri-lankan-oval-yellow-sapphire-s22652/
S35785,$570,$600,0.95 Ct.,6.49,5.12,3.69,Yellowish Green,Intense,Slightly Included,Oval,Mixed Brilliant Cut,Heat Treated,Madagascar,https://www.thenaturalsapphirecompany.com/yellow-sapphires/0.95ct-madagascar-oval-yellowish-green-sapphire-s35785/
S35786,$340,$400,0.85 Ct.,5.18,5.06,3.58,Yellowish Green,Intense,Slightly Included,Asscher - Octagon,Asscher Cut,Heat Treated,Madagascar,https://www.thenaturalsapphirecompany.com/yellow-sapphires/0.85ct-madagascar-asscher-octagon-yellowish-green-sapphire-s35786/
S35790,$550,$500,1.10 Ct.,7.1,5.21,3.8,Yellowish Green,Intense,Very Slightly Included,Oval,Mixed Brilliant Cut,No Enhancement,Madagascar,https://www.thenaturalsapphirecompany.com/yellow-sapphires/1.10ct-madagascar-oval-yellowish-green-sapphire-s35790/
S35795,$339,$300,1.13 Ct.,5.49,5.19,4.16,Yellowish Green,Intense,Slightly Included,Asscher - Octagon,Asscher Cut,Heat Treated,Madagascar,https://www.thenaturalsapphirecompany.com/yellow-sapphires/1.13ct-madagascar-asscher-octagon-yellowish-green-sapphire-s35795/
S35798,$343,$340,1.01 Ct.,7.64,4.02,2.92,Yellowish Green,Intense,Very Slightly Included,Emerald Cut,Emerald Cut,Heat Treated,Madagascar,https://www.thenaturalsapphirecompany.com/yellow-sapphires/1.01ct-madagascar-emerald-cut-yellowish-green-sapphire-s35798/
S35799,$410,$500,0.82 Ct.,6.09,4.67,2.99,Yellowish Green,Intense,Very Very Slightly Included,Emerald Cut,Emerald Cut,Heat Treated,Madagascar,https://www.thenaturalsapphirecompany.com/yellow-sapphires/0.82ct-madagascar-emerald-cut-yellowish-green-sapphire-s35799/
S35802,$497,$502,0.99 Ct.,6.97,4.86,2.97,Yellowish Green,Intense,Very Slightly Included,Oval,Mixed Brilliant Cut,Heat Treated,Madagascar,https://www.thenaturalsapphirecompany.com/yellow-sapphires/0.99ct-madagascar-oval-yellowish-green-sapphire-s35802/
S35806,$308,$380,0.81 Ct.,6.32,6.48,2.93,Yellowish Green,Medium,Very Very Slightly Included,Trillion,Trillion Cut,Heat Treated,Madagascar,https://www.thenaturalsapphirecompany.com/yellow-sapphires/0.81ct-madagascar-trillion-yellowish-green-sapphire-s35806/
S35810,"$3,322","$1,100",3.02 Ct.,8.16,8.05,5.97,Yellowish Green,Intense,Eye Clean,Round,Mixed Brilliant Cut,Heat Treated,Madagascar,https://www.thenaturalsapphirecompany.com/yellow-sapphires/3.02ct-madagascar-round-yellowish-green-sapphire-s35810/
S39029,$56,$181,0.31 Ct.,4.2,3.99,2.36,Yellow,Medium,Very Slightly Included,Cushion,Mixed Brilliant Cut,Heat Treated,Ceylon (Sri Lanka),https://www.thenaturalsapphirecompany.com/yellow-sapphires/0.31ct-ceylon-sri-lankan-cushion-yellow-sapphire-s39029/
S39030,$56,$181,0.31 Ct.,4.18,4,2.29,Yellow,Medium,Slightly Included,Cushion,Mixed Brilliant Cut,Heat Treated,Ceylon (Sri Lanka),https://www.thenaturalsapphirecompany.com/yellow-sapphires/0.31ct-ceylon-sri-lankan-cushion-yellow-sapphire-s39030/
S39046,$316,$400,0.79 Ct.,5.95,4.42,3.41,Yellowish Green,Intense,Very Very Slightly Included,Oval,Mixed Brilliant Cut,No Enhancement,Madagascar,https://www.thenaturalsapphirecompany.com/yellow-sapphires/0.79ct-madagascar-oval-yellowish-green-sapphire-s39046/
S41892,$300,$167,1.80 Ct.,9.31,6.31,3.44,Greenish Yellow,Faint,Slightly Included,Oval,Mixed Brilliant Cut,No Enhancement,Burma (Myanmar),https://www.thenaturalsapphirecompany.com/yellow-sapphires/1.80ct-burma-myanmar-oval-greenish-yellow-sapphire-s41892/
S41895,"$1,700",$490,3.47 Ct.,11.01,7.32,4.62,Yellowish Brown,Medium,Slightly Included,Oval,Mixed Brilliant Cut,No Enhancement,Madagascar,https://www.thenaturalsapphirecompany.com/yellow-sapphires/3.47ct-madagascar-oval-yellowish-brown-sapphire-s41895/
S48199,$920,$920,1.00 Ct.,6.2,5.49,3.72,Yellowish Green,Intense,Slightly Included,Fancy,Step Cut,Heat Treated,Australia,https://www.thenaturalsapphirecompany.com/yellow-sapphires/1.00ct-australian-fancy-yellowish-green-sapphire-s48199/
S41912,"$1,971",$900,2.19 Ct.,7.52,5.27,5.67,Yellow,Intense,Very Slightly Included,Emerald Cut,Emerald Cut,Heat Treated,Ceylon (Sri Lanka),https://www.thenaturalsapphirecompany.com/yellow-sapphires/2.19ct-ceylon-sri-lankan-emerald-cut-yellow-sapphire-s41912/
S41913,"$3,100","$1,000",3.10 Ct.,7.92,7.29,5.59,Yellow,Vivid,Very Slightly Included,Asscher - Octagon,Asscher Cut,Heat Treated,Ceylon (Sri Lanka),https://www.thenaturalsapphirecompany.com/yellow-sapphires/3.10ct-ceylon-sri-lankan-asscher-octagon-yellow-sapphire-s41913/
S44167,"$2,074",$850,2.44 Ct.,10.17,7.55,4.35,Yellow,Intense,Eye Clean,Fancy,Step Cut,Heat Treated,Ceylon (Sri Lanka),https://www.thenaturalsapphirecompany.com/yellow-sapphires/2.44ct-ceylon-sri-lankan-fancy-yellow-sapphire-s44167/
S44168,"$1,326",$850,1.56 Ct.,9.66,7.39,3.65,Yellow,Intense,Very Slightly Included,Fancy,Step Cut,Heat Treated,Ceylon (Sri Lanka),https://www.thenaturalsapphirecompany.com/yellow-sapphires/1.56ct-ceylon-sri-lankan-fancy-yellow-sapphire-s44168/
S44170,"$2,875","$1,150",2.50 Ct.,8.98,7.09,5.06,Yellow,Medium,Slightly Included,Oval,Mixed Brilliant Cut,No Enhancement,Ceylon (Sri Lanka),https://www.thenaturalsapphirecompany.com/yellow-sapphires/2.50ct-ceylon-sri-lankan-oval-yellow-sapphire-s44170/
S44180,"$1,240",$500,2.48 Ct.,7.6,7.55,4.97,Orangish Yellow,Intense,Included,Cushion,Mixed Brilliant Cut,Heat Treated,Ceylon (Sri Lanka),https://www.thenaturalsapphirecompany.com/yellow-sapphires/2.48ct-ceylon-sri-lankan-cushion-orangish-yellow-sapphire-s44180/
S44181,$640,$350,1.83 Ct.,8.77,6.41,4.13,Orangish Yellow,Intense,Slightly Included,Oval,Mixed Brilliant Cut,Heat Treated,Ceylon (Sri Lanka),https://www.thenaturalsapphirecompany.com/yellow-sapphires/1.83ct-ceylon-sri-lankan-oval-orangish-yellow-sapphire-s44181/
S44182,"$1,135",$500,2.27 Ct.,8.01,8.06,4.92,Yellow,Light,Included,Round,Mixed Brilliant Cut,No Enhancement,Ceylon (Sri Lanka),https://www.thenaturalsapphirecompany.com/yellow-sapphires/2.27ct-ceylon-sri-lankan-round-yellow-sapphire-s44182/
S44185,"$3,116",$950,3.28 Ct.,8.42,8.49,5.86,Yellow,Light,Slightly Included,Round,Mixed Brilliant Cut,No Enhancement,Ceylon (Sri Lanka),https://www.thenaturalsapphirecompany.com/yellow-sapphires/3.28ct-ceylon-sri-lankan-round-yellow-sapphire-s44185/
S44187,"$2,900",$970,2.99 Ct.,12.56,7.38,4.35,Yellow,Intense,Eye Clean,Pear,Mixed Brilliant Cut,Heat Treated,Ceylon (Sri Lanka),https://www.thenaturalsapphirecompany.com/yellow-sapphires/2.99ct-ceylon-sri-lankan-pear-yellow-sapphire-s44187/
S48161,"$2,580","$1,271",2.03 Ct.,8.15,5.55,4.4,Yellowish Green,Intense,Slightly Included,Emerald Cut,Emerald Cut,No Enhancement,Madagascar,https://www.thenaturalsapphirecompany.com/yellow-sapphires/2.03ct-madagascar-emerald-cut-yellowish-green-sapphire-s48161/
S22562,$94,$200,0.47 Ct.,5.94,4.07,2.56,Yellow,Light,Eye Clean,Oval,Mixed Brilliant Cut,Heat Treated,Ceylon (Sri Lanka),https://www.thenaturalsapphirecompany.com/yellow-sapphires/0.47ct-ceylon-sri-lankan-oval-yellow-sapphire-s22562/
S22563,$76,$200,0.38 Ct.,5.12,4.06,2.49,Yellow,Medium,Eye Clean,Oval,Mixed Brilliant Cut,Heat Treated,Ceylon (Sri Lanka),https://www.thenaturalsapphirecompany.com/yellow-sapphires/0.38ct-ceylon-sri-lankan-oval-yellow-sapphire-s22563/
S22564,$117,$221,0.53 Ct.,5.94,4.16,2.86,Yellow,Light,Eye Clean,Oval,Mixed Brilliant Cut,Heat Treated,Ceylon (Sri Lanka),https://www.thenaturalsapphirecompany.com/yellow-sapphires/0.53ct-ceylon-sri-lankan-oval-yellow-sapphire-s22564/
S22565,$99,$220,0.45 Ct.,5.89,3.94,2.72,Yellow,Medium,Eye Clean,Oval,Mixed Brilliant Cut,Heat Treated,Ceylon (Sri Lanka),https://www.thenaturalsapphirecompany.com/yellow-sapphires/0.45ct-ceylon-sri-lankan-oval-yellow-sapphire-s22565/
S22566,$138,$251,0.55 Ct.,6.07,4.13,3,Yellowish Orange,Intense,Eye Clean,Oval,Mixed Brilliant Cut,Heat Treated,Ceylon (Sri Lanka),https://www.thenaturalsapphirecompany.com/yellow-sapphires/0.55ct-ceylon-sri-lankan-oval-yellowish-orange-sapphire-s22566/
S22567,$152,$249,0.61 Ct.,6.11,4.15,3.13,Yellow,Medium,Eye Clean,Oval,Mixed Brilliant Cut,Heat Treated,Ceylon (Sri Lanka),https://www.thenaturalsapphirecompany.com/yellow-sapphires/0.61ct-ceylon-sri-lankan-oval-yellow-sapphire-s22567/
S22568,$125,$250,0.50 Ct.,6.16,4.18,2.64,Yellowish Orange,Intense,Eye Clean,Oval,Mixed Brilliant Cut,Heat Treated,Ceylon (Sri Lanka),https://www.thenaturalsapphirecompany.com/yellow-sapphires/0.50ct-ceylon-sri-lankan-oval-yellowish-orange-sapphire-s22568/
S22569,$132,$249,0.53 Ct.,6.11,4.22,2.95,Yellowish Orange,Intense,Eye Clean,Oval,Mixed Brilliant Cut,Heat Treated,Ceylon (Sri Lanka),https://www.thenaturalsapphirecompany.com/yellow-sapphires/0.53ct-ceylon-sri-lankan-oval-yellowish-orange-sapphire-s22569/
S22570,$125,$250,0.50 Ct.,6.11,4.08,2.7,Yellowish Orange,Intense,Eye Clean,Oval,Mixed Brilliant Cut,Heat Treated,Ceylon (Sri Lanka),https://www.thenaturalsapphirecompany.com/yellow-sapphires/0.50ct-ceylon-sri-lankan-oval-yellowish-orange-sapphire-s22570/
S22571,$128,$251,0.51 Ct.,6.04,4.16,2.78,Orangish Yellow,Medium,Slightly Included,Oval,Mixed Brilliant Cut,Heat Treated,Ceylon (Sri Lanka),https://www.thenaturalsapphirecompany.com/yellow-sapphires/0.51ct-ceylon-sri-lankan-oval-orangish-yellow-sapphire-s22571/
S22572,$135,$250,0.54 Ct.,6.07,4.14,2.75,Orangish Yellow,Intense,Eye Clean,Oval,Mixed Brilliant Cut,Heat Treated,Ceylon (Sri Lanka),https://www.thenaturalsapphirecompany.com/yellow-sapphires/0.54ct-ceylon-sri-lankan-oval-orangish-yellow-sapphire-s22572/
S22574,$128,$251,0.51 Ct.,6.03,4.18,2.67,Orangish Yellow,Intense,Very Very Slightly Included,Oval,Mixed Brilliant Cut,Heat Treated,Ceylon (Sri Lanka),https://www.thenaturalsapphirecompany.com/yellow-sapphires/0.51ct-ceylon-sri-lankan-oval-orangish-yellow-sapphire-s22574/
S22575,$138,$251,0.55 Ct.,5.99,4.11,3.05,Yellow,Light,Very Very Slightly Included,Oval,Mixed Brilliant Cut,Heat Treated,Ceylon (Sri Lanka),https://www.thenaturalsapphirecompany.com/yellow-sapphires/0.55ct-ceylon-sri-lankan-oval-yellow-sapphire-s22575/
S22576,$100,$250,0.40 Ct.,5.95,3.89,2.34,Orangish Yellow,Medium,Eye Clean,Oval,Mixed Brilliant Cut,Heat Treated,Ceylon (Sri Lanka),https://www.thenaturalsapphirecompany.com/yellow-sapphires/0.40ct-ceylon-sri-lankan-oval-orangish-yellow-sapphire-s22576/
S26739,"$4,484","$1,480",3.03 Ct.,8.46,8.51,5.41,Yellow,Intense,Eye Clean,Round,Mixed Brilliant Cut,Heat Treated,Ceylon (Sri Lanka),https://www.thenaturalsapphirecompany.com/yellow-sapphires/3.03ct-ceylon-sri-lankan-round-yellow-sapphire-s26739/
S27412,$704,$800,0.88 Ct.,10.22,4.87,2.39,Yellowish Green,Intense,Very Slightly Included,Marquise,Mixed Brilliant Cut,Heat Treated,Ceylon (Sri Lanka),https://www.thenaturalsapphirecompany.com/yellow-sapphires/0.88ct-ceylon-sri-lankan-marquise-yellowish-green-sapphire-s27412/
S27419,$885,$750,1.18 Ct.,10.03,4.95,3.02,Greenish Yellow,Intense,Eye Clean,Marquise,Mixed Brilliant Cut,Heat Treated,Ceylon (Sri Lanka),https://www.thenaturalsapphirecompany.com/yellow-sapphires/1.18ct-ceylon-sri-lankan-marquise-greenish-yellow-sapphire-s27419/
S27436,"$1,000",$794,1.26 Ct.,6.58,5.43,3.75,Orangish Yellow,Intense,Slightly Included,Emerald Cut,Emerald Cut,Heat Treated,Africa,https://www.thenaturalsapphirecompany.com/yellow-sapphires/1.26ct-african-emerald-cut-orangish-yellow-sapphire-s27436/
S27443,$800,$567,1.41 Ct.,6.63,5.57,3.92,Yellowish Orange,Vivid,Very Slightly Included,Emerald Cut,Emerald Cut,Heat Treated,Africa,https://www.thenaturalsapphirecompany.com/yellow-sapphires/1.41ct-african-emerald-cut-yellowish-orange-sapphire-s27443/
S31887,$152,$249,0.61 Ct.,4.83,4.81,3.45,Yellowish Green,Medium,Very Slightly Included,Round,Mixed Brilliant Cut,Heat Treated,Madagascar,https://www.thenaturalsapphirecompany.com/yellow-sapphires/0.61ct-madagascar-round-yellowish-green-sapphire-s31887/
S31891,$118,$200,0.59 Ct.,4.58,4.47,3.11,Yellowish Green,Dark,Very Very Slightly Included,Asscher - Octagon,Asscher Cut,Heat Treated,Madagascar,https://www.thenaturalsapphirecompany.com/yellow-sapphires/0.59ct-madagascar-asscher-octagon-yellowish-green-sapphire-s31891/
S31899,"$5,067","$1,619",3.13 Ct.,8.43,7.57,4.68,Yellow,Intense,Very Very Slightly Included,Emerald Cut,Emerald Cut,Heat Treated,Ceylon (Sri Lanka),https://www.thenaturalsapphirecompany.com/yellow-sapphires/3.13ct-ceylon-sri-lankan-emerald-cut-yellow-sapphire-s31899/
S31923,"$1,200","$1,071",1.12 Ct.,6.47,5.41,3.93,Yellowish Green,Intense,Very Slightly Included,Cushion,Mixed Brilliant Cut,No Enhancement,Ceylon (Sri Lanka),https://www.thenaturalsapphirecompany.com/yellow-sapphires/1.12ct-ceylon-sri-lankan-cushion-yellowish-green-sapphire-s31923/
S31926,"$1,000",$862,1.16 Ct.,6.3,5.96,3.17,Yellowish Green,Light,Very Very Slightly Included,Radiant,Radiant Cut,No Enhancement,Madagascar,https://www.thenaturalsapphirecompany.com/yellow-sapphires/1.16ct-madagascar-radiant-yellowish-green-sapphire-s31926/
S31934,"$1,199","$1,016",1.18 Ct.,6.67,5.36,3.98,Yellowish Green,Medium,Very Slightly Included,Oval,Mixed Brilliant Cut,No Enhancement,Madagascar,https://www.thenaturalsapphirecompany.com/yellow-sapphires/1.18ct-madagascar-oval-yellowish-green-sapphire-s31934/
S35687,$437,$520,0.84 Ct.,6.76,5.08,2.63,Yellowish Green,Intense,Very Slightly Included,Emerald Cut,Emerald Cut,Heat Treated,Madagascar,https://www.thenaturalsapphirecompany.com/yellow-sapphires/0.84ct-madagascar-emerald-cut-yellowish-green-sapphire-s35687/
S35688,$436,$400,1.09 Ct.,8.22,5.05,2.99,Yellowish Green,Medium,Slightly Included,Fancy,Mixed Brilliant Cut,Heat Treated,Madagascar,https://www.thenaturalsapphirecompany.com/yellow-sapphires/1.09ct-madagascar-fancy-yellowish-green-sapphire-s35688/
S35694,$412,$400,1.03 Ct.,9.55,5.55,2.67,Yellowish Green,Medium,Very Slightly Included,Pear,Mixed Brilliant Cut,Heat Treated,Madagascar,https://www.thenaturalsapphirecompany.com/yellow-sapphires/1.03ct-madagascar-pear-yellowish-green-sapphire-s35694/
S35696,$620,$500,1.24 Ct.,6.04,7.62,3.85,Yellowish Green,Intense,Very Slightly Included,Trillion,Trillion Cut,Heat Treated,Madagascar,https://www.thenaturalsapphirecompany.com/yellow-sapphires/1.24ct-madagascar-trillion-yellowish-green-sapphire-s35696/
S35697,$461,$320,1.44 Ct.,7.03,5.52,4,Yellowish Green,Intense,Slightly Included,Cushion,Mixed Brilliant Cut,Heat Treated,Madagascar,https://www.thenaturalsapphirecompany.com/yellow-sapphires/1.44ct-madagascar-cushion-yellowish-green-sapphire-s35697/
S35710,$432,$400,1.08 Ct.,7.69,5.17,3.12,Yellowish Green,Intense,Very Very Slightly Included,Oval,Mixed Brilliant Cut,Heat Treated,Madagascar,https://www.thenaturalsapphirecompany.com/yellow-sapphires/1.08ct-madagascar-oval-yellowish-green-sapphire-s35710/
S11464,$420,$300,1.40 Ct.,7.82,6.36,3.85,Yellow,Intense,Slightly Included,Oval,Mixed Brilliant Cut,No Enhancement,Ceylon (Sri Lanka),https://www.thenaturalsapphirecompany.com/yellow-sapphires/1.40ct-ceylon-sri-lankan-oval-yellow-sapphire-s11464/
S22577,$150,$250,0.60 Ct.,6.09,4.19,3.04,Orangish Yellow,Medium,Eye Clean,Oval,Mixed Brilliant Cut,Heat Treated,Ceylon (Sri Lanka),https://www.thenaturalsapphirecompany.com/yellow-sapphires/0.60ct-ceylon-sri-lankan-oval-orangish-yellow-sapphire-s22577/
S22578,$135,$250,0.54 Ct.,6.02,4.1,2.77,Yellow,Medium,Eye Clean,Oval,Mixed Brilliant Cut,Heat Treated,Ceylon (Sri Lanka),https://www.thenaturalsapphirecompany.com/yellow-sapphires/0.54ct-ceylon-sri-lankan-oval-yellow-sapphire-s22578/
S22579,$108,$251,0.43 Ct.,5.98,3.97,2.45,Orangish Yellow,Medium,Very Very Slightly Included,Oval,Mixed Brilliant Cut,Heat Treated,Ceylon (Sri Lanka),https://www.thenaturalsapphirecompany.com/yellow-sapphires/0.43ct-ceylon-sri-lankan-oval-orangish-yellow-sapphire-s22579/
S22580,$112,$249,0.45 Ct.,5.08,4.09,2.85,Yellow,Medium,Very Very Slightly Included,Oval,Mixed Brilliant Cut,Heat Treated,Ceylon (Sri Lanka),https://www.thenaturalsapphirecompany.com/yellow-sapphires/0.45ct-ceylon-sri-lankan-oval-yellow-sapphire-s22580/
S22582,$178,$251,0.71 Ct.,5.54,5.6,3.43,Yellow,Light,Very Very Slightly Included,Round,Mixed Brilliant Cut,Heat Treated,Ceylon (Sri Lanka),https://www.thenaturalsapphirecompany.com/yellow-sapphires/0.71ct-ceylon-sri-lankan-round-yellow-sapphire-s22582/
S22583,$155,$250,0.62 Ct.,5.06,5.07,3.45,Yellow,Light,Very Very Slightly Included,Round,Mixed Brilliant Cut,Heat Treated,Ceylon (Sri Lanka),https://www.thenaturalsapphirecompany.com/yellow-sapphires/0.62ct-ceylon-sri-lankan-round-yellow-sapphire-s22583/
S22586,$85,$250,0.34 Ct.,4.18,4.14,2.66,Yellow,Light,Very Slightly Included,Cushion,Mixed Brilliant Cut,Heat Treated,Ceylon (Sri Lanka),https://www.thenaturalsapphirecompany.com/yellow-sapphires/0.34ct-ceylon-sri-lankan-cushion-yellow-sapphire-s22586/
S22587,$151,$270,0.56 Ct.,4.66,4.65,3.43,Yellowish Orange,Vivid,Very Slightly Included,Round,Mixed Brilliant Cut,Heat Treated,Ceylon (Sri Lanka),https://www.thenaturalsapphirecompany.com/yellow-sapphires/0.56ct-ceylon-sri-lankan-round-yellowish-orange-sapphire-s22587/
S22588,$165,$270,0.61 Ct.,5.06,5.03,3.55,Yellow,Medium,Eye Clean,Round,Mixed Brilliant Cut,Heat Treated,Ceylon (Sri Lanka),https://www.thenaturalsapphirecompany.com/yellow-sapphires/0.61ct-ceylon-sri-lankan-round-yellow-sapphire-s22588/
S22589,$151,$270,0.56 Ct.,4.92,4.89,3.35,Orangish Yellow,Intense,Eye Clean,Round,Mixed Brilliant Cut,Heat Treated,Ceylon (Sri Lanka),https://www.thenaturalsapphirecompany.com/yellow-sapphires/0.56ct-ceylon-sri-lankan-round-orangish-yellow-sapphire-s22589/
S22590,$167,$269,0.62 Ct.,5.17,5.07,3.44,Yellow,Medium,Eye Clean,Round,Mixed Brilliant Cut,Heat Treated,Ceylon (Sri Lanka),https://www.thenaturalsapphirecompany.com/yellow-sapphires/0.62ct-ceylon-sri-lankan-round-yellow-sapphire-s22590/
S22591,$159,$269,0.59 Ct.,5.14,5.02,3.38,Yellow,Intense,Very Very Slightly Included,Round,Mixed Brilliant Cut,Heat Treated,Ceylon (Sri Lanka),https://www.thenaturalsapphirecompany.com/yellow-sapphires/0.59ct-ceylon-sri-lankan-round-yellow-sapphire-s22591/
S31937,"$1,501","$1,230",1.22 Ct.,6.39,5.31,4.22,Yellowish Green,Medium,Eye Clean,Emerald Cut,Emerald Cut,No Enhancement,Madagascar,https://www.thenaturalsapphirecompany.com/yellow-sapphires/1.22ct-madagascar-emerald-cut-yellowish-green-sapphire-s31937/
S31939,"$1,691","$1,166",1.45 Ct.,6.93,6.25,4.86,Yellowish Green,Intense,Very Slightly Included,Fancy,Step Cut,No Enhancement,Madagascar,https://www.thenaturalsapphirecompany.com/yellow-sapphires/1.45ct-madagascar-fancy-yellowish-green-sapphire-s31939/
S31940,"$1,201","$1,122",1.07 Ct.,5.56,5.49,4.38,Yellowish Green,Medium,Very Very Slightly Included,Cushion,Mixed Brilliant Cut,No Enhancement,Ceylon (Sri Lanka),https://www.thenaturalsapphirecompany.com/yellow-sapphires/1.07ct-ceylon-sri-lankan-cushion-yellowish-green-sapphire-s31940/
S31949,"$1,200","$1,154",1.04 Ct.,5.9,5.9,3.97,Yellowish Green,Medium,Very Slightly Included,Round,Mixed Brilliant Cut,No Enhancement,Ceylon (Sri Lanka),https://www.thenaturalsapphirecompany.com/yellow-sapphires/1.04ct-ceylon-sri-lankan-round-yellowish-green-sapphire-s31949/
S31950,"$1,080",$675,1.60 Ct.,6.54,6.54,4.55,Yellow,Medium,Very Slightly Included,Round,Mixed Brilliant Cut,No Enhancement,Ceylon (Sri Lanka),https://www.thenaturalsapphirecompany.com/yellow-sapphires/1.60ct-ceylon-sri-lankan-round-yellow-sapphire-s31950/
S31951,"$1,200","$1,081",1.11 Ct.,7.34,5.12,3.7,Yellow,Medium,Very Very Slightly Included,Oval,Mixed Brilliant Cut,No Enhancement,Ceylon (Sri Lanka),https://www.thenaturalsapphirecompany.com/yellow-sapphires/1.11ct-ceylon-sri-lankan-oval-yellow-sapphire-s31951/
S35723,$570,$600,0.95 Ct.,8.01,5.52,3.02,Yellowish Green,Intense,Very Very Slightly Included,Pear,Mixed Brilliant Cut,Heat Treated,Madagascar,https://www.thenaturalsapphirecompany.com/yellow-sapphires/0.95ct-madagascar-pear-yellowish-green-sapphire-s35723/
S35739,$555,$500,1.11 Ct.,9.65,4.8,3.25,Yellowish Green,Intense,Slightly Included,Fancy,Step Cut,No Enhancement,Madagascar,https://www.thenaturalsapphirecompany.com/yellow-sapphires/1.11ct-madagascar-fancy-yellowish-green-sapphire-s35739/
U15379,$840,"$1,000",0.84 Ct.,6.45,4.78,3.42,Yellowish Green,Medium,Very Slightly Included,Oval,Mixed Brilliant Cut,Heat Treated,Montana,https://www.thenaturalsapphirecompany.com/yellow-sapphires/0.84ct-montana-oval-yellowish-green-sapphire-u15379/
S38991,"$2,712",$800,3.39 Ct.,10.08,7.39,6.13,Yellow,Medium,Very Very Slightly Included,Pear,Mixed Brilliant Cut,No Enhancement,Ceylon (Sri Lanka),https://www.thenaturalsapphirecompany.com/yellow-sapphires/3.39ct-ceylon-sri-lankan-pear-yellow-sapphire-s38991/
S38996,"$2,640",$880,3.00 Ct.,10.68,8.64,4.9,Yellow,Light,Very Slightly Included,Pear,Mixed Brilliant Cut,No Enhancement,Ceylon (Sri Lanka),https://www.thenaturalsapphirecompany.com/yellow-sapphires/3.00ct-ceylon-sri-lankan-pear-yellow-sapphire-s38996/
S38998,"$2,860","$1,040",2.75 Ct.,10.22,7.29,4.96,Yellow,Medium,Very Slightly Included,Pear,Mixed Brilliant Cut,No Enhancement,Ceylon (Sri Lanka),https://www.thenaturalsapphirecompany.com/yellow-sapphires/2.75ct-ceylon-sri-lankan-pear-yellow-sapphire-s38998/
S41843,"$3,830","$1,850",2.07 Ct.,8.81,7.11,4.64,Yellowish Green,Intense,Very Slightly Included,Fancy,Fancy Cut,Heat Treated,Madagascar,https://www.thenaturalsapphirecompany.com/yellow-sapphires/2.07ct-madagascar-fancy-yellowish-green-sapphire-s41843/
S41848,"$4,733","$1,572",3.01 Ct.,7.79,6.98,5.62,Yellowish Green,Intense,Very Very Slightly Included,Cushion,Mixed Brilliant Cut,Heat Treated,Madagascar,https://www.thenaturalsapphirecompany.com/yellow-sapphires/3.01ct-madagascar-cushion-yellowish-green-sapphire-s41848/
S11489,$691,$440,1.57 Ct.,8.64,6.54,3.67,Yellow,Medium,Very Slightly Included,Oval,Mixed Brilliant Cut,No Enhancement,Ceylon (Sri Lanka),https://www.thenaturalsapphirecompany.com/yellow-sapphires/1.57ct-ceylon-sri-lankan-oval-yellow-sapphire-s11489/
S11505,$138,$200,0.69 Ct.,5.83,4.53,3.17,Yellow,Light,Very Slightly Included,Oval,Mixed Brilliant Cut,No Enhancement,Ceylon (Sri Lanka),https://www.thenaturalsapphirecompany.com/yellow-sapphires/0.69ct-ceylon-sri-lankan-oval-yellow-sapphire-s11505/
S11508,$152,$200,0.76 Ct.,5.98,4.97,2.94,Yellow,Light,Very Slightly Included,Oval,Mixed Brilliant Cut,No Enhancement,Ceylon (Sri Lanka),https://www.thenaturalsapphirecompany.com/yellow-sapphires/0.76ct-ceylon-sri-lankan-oval-yellow-sapphire-s11508/
S17150,"$1,040",$912,1.14 Ct.,6.32,4.67,3.84,Yellowish Green,Light,Very Slightly Included,Radiant,Radiant Cut,No Enhancement,Ceylon (Sri Lanka),https://www.thenaturalsapphirecompany.com/yellow-sapphires/1.14ct-ceylon-sri-lankan-radiant-yellowish-green-sapphire-s17150/
S17155,$460,$430,1.07 Ct.,6.12,5.34,3.3,Greenish Yellow,Medium,Very Slightly Included,Radiant,Radiant Cut,No Enhancement,Ceylon (Sri Lanka),https://www.thenaturalsapphirecompany.com/yellow-sapphires/1.07ct-ceylon-sri-lankan-radiant-greenish-yellow-sapphire-s17155/
S17156,$559,$444,1.26 Ct.,7.26,5.2,3.16,Yellow,Medium,Very Slightly Included,Emerald Cut,Emerald Cut,No Enhancement,Ceylon (Sri Lanka),https://www.thenaturalsapphirecompany.com/yellow-sapphires/1.26ct-ceylon-sri-lankan-emerald-cut-yellow-sapphire-s17156/
S17157,"$1,440","$1,000",1.44 Ct.,6.96,5.53,4.43,Yellow,Medium,Very Slightly Included,Oval,Mixed Brilliant Cut,No Enhancement,Ceylon (Sri Lanka),https://www.thenaturalsapphirecompany.com/yellow-sapphires/1.44ct-ceylon-sri-lankan-oval-yellow-sapphire-s17157/
S22595,$173,$270,0.64 Ct.,5.12,5.09,3.52,Yellow,Intense,Very Very Slightly Included,Round,Mixed Brilliant Cut,Heat Treated,Ceylon (Sri Lanka),https://www.thenaturalsapphirecompany.com/yellow-sapphires/0.64ct-ceylon-sri-lankan-round-yellow-sapphire-s22595/
S22596,$154,$270,0.57 Ct.,5.14,5.16,3.29,Yellow,Medium,Very Very Slightly Included,Trillion,Trillion Cut,Heat Treated,Ceylon (Sri Lanka),https://www.thenaturalsapphirecompany.com/yellow-sapphires/0.57ct-ceylon-sri-lankan-trillion-yellow-sapphire-s22596/
S22597,$188,$289,0.65 Ct.,5.13,5.15,3.49,Yellowish Orange,Vivid,Eye Clean,Round,Mixed Brilliant Cut,Heat Treated,Ceylon (Sri Lanka),https://www.thenaturalsapphirecompany.com/yellow-sapphires/0.65ct-ceylon-sri-lankan-round-yellowish-orange-sapphire-s22597/
S22598,$165,$289,0.57 Ct.,5.07,5.09,3.19,Yellowish Orange,Medium,Very Slightly Included,Round,Mixed Brilliant Cut,Heat Treated,Ceylon (Sri Lanka),https://www.thenaturalsapphirecompany.com/yellow-sapphires/0.57ct-ceylon-sri-lankan-round-yellowish-orange-sapphire-s22598/
S22599,$157,$291,0.54 Ct.,5.11,5.05,3.16,Orangish Yellow,Medium,Very Very Slightly Included,Round,Mixed Brilliant Cut,Heat Treated,Ceylon (Sri Lanka),https://www.thenaturalsapphirecompany.com/yellow-sapphires/0.54ct-ceylon-sri-lankan-round-orangish-yellow-sapphire-s22599/
S22600,$191,$289,0.66 Ct.,5.09,5.17,3.62,Orangish Yellow,Intense,Very Very Slightly Included,Round,Mixed Brilliant Cut,Heat Treated,Ceylon (Sri Lanka),https://www.thenaturalsapphirecompany.com/yellow-sapphires/0.66ct-ceylon-sri-lankan-round-orangish-yellow-sapphire-s22600/
S22601,$165,$289,0.57 Ct.,5.02,4.95,3.31,Yellow,Medium,Eye Clean,Round,Mixed Brilliant Cut,Heat Treated,Ceylon (Sri Lanka),https://www.thenaturalsapphirecompany.com/yellow-sapphires/0.57ct-ceylon-sri-lankan-round-yellow-sapphire-s22601/
S22602,$177,$290,0.61 Ct.,4.99,5.08,3.56,Orangish Yellow,Medium,Very Very Slightly Included,Round,Mixed Brilliant Cut,Heat Treated,Ceylon (Sri Lanka),https://www.thenaturalsapphirecompany.com/yellow-sapphires/0.61ct-ceylon-sri-lankan-round-orangish-yellow-sapphire-s22602/
S22603,$183,$290,0.63 Ct.,4.61,4.56,3.41,Orangish Yellow,Medium,Eye Clean,Princess,Princess Cut,Heat Treated,Ceylon (Sri Lanka),https://www.thenaturalsapphirecompany.com/yellow-sapphires/0.63ct-ceylon-sri-lankan-princess-orangish-yellow-sapphire-s22603/
S22604,$195,$300,0.65 Ct.,5.12,5.14,3.57,Orangish Yellow,Intense,Eye Clean,Round,Mixed Brilliant Cut,Heat Treated,Ceylon (Sri Lanka),https://www.thenaturalsapphirecompany.com/yellow-sapphires/0.65ct-ceylon-sri-lankan-round-orangish-yellow-sapphire-s22604/
S22606,$177,$300,0.59 Ct.,5.07,5,3.33,Yellow,Intense,Eye Clean,Round,Mixed Brilliant Cut,Heat Treated,Ceylon (Sri Lanka),https://www.thenaturalsapphirecompany.com/yellow-sapphires/0.59ct-ceylon-sri-lankan-round-yellow-sapphire-s22606/
S22607,$198,$300,0.66 Ct.,5.12,5.12,3.6,Orangish Yellow,Medium,Eye Clean,Round,Mixed Brilliant Cut,Heat Treated,Ceylon (Sri Lanka),https://www.thenaturalsapphirecompany.com/yellow-sapphires/0.66ct-ceylon-sri-lankan-round-orangish-yellow-sapphire-s22607/
S22608,$165,$300,0.55 Ct.,4.99,5.09,3.13,Orangish Yellow,Intense,Eye Clean,Round,Mixed Brilliant Cut,Heat Treated,Ceylon (Sri Lanka),https://www.thenaturalsapphirecompany.com/yellow-sapphires/0.55ct-ceylon-sri-lankan-round-orangish-yellow-sapphire-s22608/
S22609,$165,$300,0.55 Ct.,5,5.01,3.28,Orangish Yellow,Intense,Eye Clean,Round,Mixed Brilliant Cut,Heat Treated,Ceylon (Sri Lanka),https://www.thenaturalsapphirecompany.com/yellow-sapphires/0.55ct-ceylon-sri-lankan-round-orangish-yellow-sapphire-s22609/
S22610,$180,$300,0.60 Ct.,5.04,5.02,3.48,Yellowish Orange,Intense,Eye Clean,Round,Mixed Brilliant Cut,Heat Treated,Ceylon (Sri Lanka),https://www.thenaturalsapphirecompany.com/yellow-sapphires/0.60ct-ceylon-sri-lankan-round-yellowish-orange-sapphire-s22610/
S22611,$180,$300,0.60 Ct.,4.95,5.07,3.4,Yellow,Intense,Eye Clean,Round,Mixed Brilliant Cut,Heat Treated,Ceylon (Sri Lanka),https://www.thenaturalsapphirecompany.com/yellow-sapphires/0.60ct-ceylon-sri-lankan-round-yellow-sapphire-s22611/
S22612,$177,$300,0.59 Ct.,5.07,5.05,3.3,Yellow,Intense,Eye Clean,Round,Mixed Brilliant Cut,Heat Treated,Ceylon (Sri Lanka),https://www.thenaturalsapphirecompany.com/yellow-sapphires/0.59ct-ceylon-sri-lankan-round-yellow-sapphire-s22612/
S22613,$171,$300,0.57 Ct.,5.09,5.1,3.26,Yellow,Medium,Very Very Slightly Included,Round,Mixed Brilliant Cut,Heat Treated,Ceylon (Sri Lanka),https://www.thenaturalsapphirecompany.com/yellow-sapphires/0.57ct-ceylon-sri-lankan-round-yellow-sapphire-s22613/
S22614,$171,$300,0.57 Ct.,5.05,5.06,3.31,Yellow,Medium,Eye Clean,Round,Mixed Brilliant Cut,Heat Treated,Ceylon (Sri Lanka),https://www.thenaturalsapphirecompany.com/yellow-sapphires/0.57ct-ceylon-sri-lankan-round-yellow-sapphire-s22614/
S22615,$159,$300,0.53 Ct.,4.97,4.97,3.2,Orangish Yellow,Medium,Very Slightly Included,Round,Mixed Brilliant Cut,Heat Treated,Ceylon (Sri Lanka),https://www.thenaturalsapphirecompany.com/yellow-sapphires/0.53ct-ceylon-sri-lankan-round-orangish-yellow-sapphire-s22615/
S22616,$204,$300,0.68 Ct.,5.08,5.02,3.67,Yellowish Orange,Intense,Slightly Included,Round,Mixed Brilliant Cut,Heat Treated,Ceylon (Sri Lanka),https://www.thenaturalsapphirecompany.com/yellow-sapphires/0.68ct-ceylon-sri-lankan-round-yellowish-orange-sapphire-s22616/
S22617,$177,$300,0.59 Ct.,5.02,5.02,3.37,Yellow,Medium,Slightly Included,Round,Mixed Brilliant Cut,Heat Treated,Ceylon (Sri Lanka),https://www.thenaturalsapphirecompany.com/yellow-sapphires/0.59ct-ceylon-sri-lankan-round-yellow-sapphire-s22617/
S22618,$183,$300,0.61 Ct.,5.1,5.14,3.41,Orangish Yellow,Intense,Eye Clean,Round,Mixed Brilliant Cut,Heat Treated,Ceylon (Sri Lanka),https://www.thenaturalsapphirecompany.com/yellow-sapphires/0.61ct-ceylon-sri-lankan-round-orangish-yellow-sapphire-s22618/
S22619,$180,$300,0.60 Ct.,5.02,5.03,3.47,Yellow,Intense,Slightly Included,Round,Mixed Brilliant Cut,Heat Treated,Ceylon (Sri Lanka),https://www.thenaturalsapphirecompany.com/yellow-sapphires/0.60ct-ceylon-sri-lankan-round-yellow-sapphire-s22619/
S22620,$264,$300,0.88 Ct.,5.98,5.97,3.56,Yellow,Light,Eye Clean,Round,Mixed Brilliant Cut,Heat Treated,Ceylon (Sri Lanka),https://www.thenaturalsapphirecompany.com/yellow-sapphires/0.88ct-ceylon-sri-lankan-round-yellow-sapphire-s22620/
S22621,$189,$300,0.63 Ct.,4.6,4.57,3.49,Yellow,Medium,Very Very Slightly Included,Princess,Princess Cut,Heat Treated,Ceylon (Sri Lanka),https://www.thenaturalsapphirecompany.com/yellow-sapphires/0.63ct-ceylon-sri-lankan-princess-yellow-sapphire-s22621/
S22622,$207,$300,0.69 Ct.,4.61,4.6,3.58,Yellow,Intense,Eye Clean,Princess,Princess Cut,Heat Treated,Ceylon (Sri Lanka),https://www.thenaturalsapphirecompany.com/yellow-sapphires/0.69ct-ceylon-sri-lankan-princess-yellow-sapphire-s22622/
S31965,$680,$544,1.25 Ct.,7.63,5.55,3.59,Yellowish Green,Medium,Slightly Included,Oval,Mixed Brilliant Cut,Heat Treated,Madagascar,https://www.thenaturalsapphirecompany.com/yellow-sapphires/1.25ct-madagascar-oval-yellowish-green-sapphire-s31965/
S31987,"$1,668","$1,200",1.39 Ct.,7.01,7.01,3.99,Yellow,Medium,Very Very Slightly Included,Round,Mixed Brilliant Cut,Heat Treated,Ceylon (Sri Lanka),https://www.thenaturalsapphirecompany.com/yellow-sapphires/1.39ct-ceylon-sri-lankan-round-yellow-sapphire-s31987/
S31989,$805,$700,1.15 Ct.,7.2,5.92,3.09,Yellow,Light,Slightly Included,Oval,Mixed Brilliant Cut,Heat Treated,Ceylon (Sri Lanka),https://www.thenaturalsapphirecompany.com/yellow-sapphires/1.15ct-ceylon-sri-lankan-oval-yellow-sapphire-s31989/
S35764,$498,$380,1.31 Ct.,7.03,5.23,3.63,Yellowish Green,Intense,Slightly Included,Emerald Cut,Emerald Cut,No Enhancement,Madagascar,https://www.thenaturalsapphirecompany.com/yellow-sapphires/1.31ct-madagascar-emerald-cut-yellowish-green-sapphire-s35764/
S35765,$269,$302,0.89 Ct.,5.66,5.48,3.16,Yellowish Green,Intense,Slightly Included,Cushion,Mixed Brilliant Cut,Heat Treated,Madagascar,https://www.thenaturalsapphirecompany.com/yellow-sapphires/0.89ct-madagascar-cushion-yellowish-green-sapphire-s35765/
S35780,$492,$400,1.23 Ct.,6.96,5.37,3.84,Yellowish Green,Intense,Slightly Included,Oval,Mixed Brilliant Cut,Heat Treated,Madagascar,https://www.thenaturalsapphirecompany.com/yellow-sapphires/1.23ct-madagascar-oval-yellowish-green-sapphire-s35780/
S35783,$464,$400,1.16 Ct.,6.15,5.23,4.16,Yellow,Medium,Very Slightly Included,Cushion,Mixed Brilliant Cut,No Enhancement,Madagascar,https://www.thenaturalsapphirecompany.com/yellow-sapphires/1.16ct-madagascar-cushion-yellow-sapphire-s35783/
S39001,"$1,720",$800,2.15 Ct.,10.01,6.83,4.23,Yellowish Green,Intense,Very Slightly Included,Oval,Mixed Brilliant Cut,No Enhancement,Madagascar,https://www.thenaturalsapphirecompany.com/yellow-sapphires/2.15ct-madagascar-oval-yellowish-green-sapphire-s39001/
S39002,"$1,864",$800,2.33 Ct.,10.38,5.57,4.86,Yellow,Medium,Very Very Slightly Included,Marquise,Mixed Brilliant Cut,No Enhancement,Ceylon (Sri Lanka),https://www.thenaturalsapphirecompany.com/yellow-sapphires/2.33ct-ceylon-sri-lankan-marquise-yellow-sapphire-s39002/
S39006,"$1,664",$800,2.08 Ct.,10.25,5.57,4.66,Yellow,Medium,Very Very Slightly Included,Marquise,Mixed Brilliant Cut,No Enhancement,Ceylon (Sri Lanka),https://www.thenaturalsapphirecompany.com/yellow-sapphires/2.08ct-ceylon-sri-lankan-marquise-yellow-sapphire-s39006/
S39007,"$1,074",$600,1.79 Ct.,6.33,8.09,5.26,Yellow,Medium,Slightly Included,Trillion,Trillion Cut,No Enhancement,Ceylon (Sri Lanka),https://www.thenaturalsapphirecompany.com/yellow-sapphires/1.79ct-ceylon-sri-lankan-trillion-yellow-sapphire-s39007/
S39011,"$1,632",$800,2.04 Ct.,8.8,6.34,4.37,Yellowish Green,Intense,Very Slightly Included,Oval,Mixed Brilliant Cut,No Enhancement,Madagascar,https://www.thenaturalsapphirecompany.com/yellow-sapphires/2.04ct-madagascar-oval-yellowish-green-sapphire-s39011/
S39014,"$2,056",$800,2.57 Ct.,9.88,7.1,5.08,Yellow,Medium,Very Slightly Included,Pear,Mixed Brilliant Cut,No Enhancement,Ceylon (Sri Lanka),https://www.thenaturalsapphirecompany.com/yellow-sapphires/2.57ct-ceylon-sri-lankan-pear-yellow-sapphire-s39014/
S39017,"$2,144",$800,2.68 Ct.,10.37,6.77,4.57,Yellow,Intense,Very Slightly Included,Oval,Mixed Brilliant Cut,No Enhancement,Ceylon (Sri Lanka),https://www.thenaturalsapphirecompany.com/yellow-sapphires/2.68ct-ceylon-sri-lankan-oval-yellow-sapphire-s39017/
S39019,"$2,224",$800,2.78 Ct.,10.81,8.33,4.75,Yellowish Green,Intense,Slightly Included,Pear,Mixed Brilliant Cut,No Enhancement,Madagascar,https://www.thenaturalsapphirecompany.com/yellow-sapphires/2.78ct-madagascar-pear-yellowish-green-sapphire-s39019/
S41865,$735,$700,1.05 Ct.,6.08,6.01,3.22,Yellowish Green,Medium,Very Very Slightly Included,Asscher - Octagon,Asscher Cut,Heat Treated,Madagascar,https://www.thenaturalsapphirecompany.com/yellow-sapphires/1.05ct-madagascar-asscher-octagon-yellowish-green-sapphire-s41865/
S41868,"$2,639","$1,300",2.03 Ct.,7.08,7.11,4.96,Yellow,Medium,Very Slightly Included,Round,Mixed Brilliant Cut,No Enhancement,Ceylon (Sri Lanka),https://www.thenaturalsapphirecompany.com/yellow-sapphires/2.03ct-ceylon-sri-lankan-round-yellow-sapphire-s41868/
S17242,"$3,120","$1,300",2.40 Ct.,8.95,7.22,3.54,Yellow,Light,Eye Clean,Cushion,Mixed Brilliant Cut,No Enhancement,Ceylon (Sri Lanka),https://www.thenaturalsapphirecompany.com/yellow-sapphires/2.40ct-ceylon-sri-lankan-cushion-yellow-sapphire-s17242/
S16228,"$1,690","$1,150",1.47 Ct.,7.74,5.9,3.44,Yellowish Brown,Intense,Very Slightly Included,Oval,Mixed Brilliant Cut,No Enhancement,Ceylon (Sri Lanka),https://www.thenaturalsapphirecompany.com/yellow-sapphires/1.47ct-ceylon-sri-lankan-oval-yellowish-brown-sapphire-s16228/
S16230,"$1,170",$860,1.36 Ct.,7.11,6.34,3.52,Yellowish Brown,Intense,Very Slightly Included,Oval,Mixed Brilliant Cut,No Enhancement,Ceylon (Sri Lanka),https://www.thenaturalsapphirecompany.com/yellow-sapphires/1.36ct-ceylon-sri-lankan-oval-yellowish-brown-sapphire-s16230/
S10267,$342,$600,0.57 Ct.,5.26,3.94,2.87,Greenish Yellow,Medium,Slightly Included,Radiant,Radiant Cut,Heat Treated,Australia,https://www.thenaturalsapphirecompany.com/yellow-sapphires/0.57ct-australian-radiant-greenish-yellow-sapphire-s10267/
S16097,"$3,998","$2,040",1.96 Ct.,11.26,5.02,4.01,Yellowish Orange,Intense,Very Slightly Included,Marquise,Mixed Brilliant Cut,No Enhancement,Ceylon (Sri Lanka),https://www.thenaturalsapphirecompany.com/yellow-sapphires/1.96ct-ceylon-sri-lankan-marquise-yellowish-orange-sapphire-s16097/
S16110,"$2,599","$1,666",1.56 Ct.,12,4.91,3.35,Yellowish Orange,Medium,Very Slightly Included,Marquise,Mixed Brilliant Cut,No Enhancement,Ceylon (Sri Lanka),https://www.thenaturalsapphirecompany.com/yellow-sapphires/1.56ct-ceylon-sri-lankan-marquise-yellowish-orange-sapphire-s16110/
S16115,$300,$286,1.05 Ct.,5.96,5,3.6,Yellowish Green,Medium,Very Slightly Included,Radiant,Radiant Cut,No Enhancement,Ceylon (Sri Lanka),https://www.thenaturalsapphirecompany.com/yellow-sapphires/1.05ct-ceylon-sri-lankan-radiant-yellowish-green-sapphire-s16115/
S16258,$505,$500,1.01 Ct.,9.03,4.74,3.01,Yellow,Medium,Very Slightly Included,Marquise,Mixed Brilliant Cut,No Enhancement,Ceylon (Sri Lanka),https://www.thenaturalsapphirecompany.com/yellow-sapphires/1.01ct-ceylon-sri-lankan-marquise-yellow-sapphire-s16258/
S16260,$780,$876,0.89 Ct.,5.5,4.95,3.35,Greenish Yellow,Intense,Very Slightly Included,Cushion,Mixed Brilliant Cut,No Enhancement,Ceylon (Sri Lanka),https://www.thenaturalsapphirecompany.com/yellow-sapphires/0.89ct-ceylon-sri-lankan-cushion-greenish-yellow-sapphire-s16260/
S16261,$600,$882,0.68 Ct.,5.3,5.27,3.01,Yellow,Intense,Very Slightly Included,Round,Mixed Brilliant Cut,No Enhancement,Ceylon (Sri Lanka),https://www.thenaturalsapphirecompany.com/yellow-sapphires/0.68ct-ceylon-sri-lankan-round-yellow-sapphire-s16261/
S16263,$292,$400,0.73 Ct.,5.89,4.96,3.01,Yellow,Faint,Very Slightly Included,Oval,Mixed Brilliant Cut,No Enhancement,Ceylon (Sri Lanka),https://www.thenaturalsapphirecompany.com/yellow-sapphires/0.73ct-ceylon-sri-lankan-oval-yellow-sapphire-s16263/
S16264,$408,$600,0.68 Ct.,6.06,4.03,2.99,Yellow,Light,Very Slightly Included,Radiant,Radiant Cut,No Enhancement,Ceylon (Sri Lanka),https://www.thenaturalsapphirecompany.com/yellow-sapphires/0.68ct-ceylon-sri-lankan-radiant-yellow-sapphire-s16264/
S16267,$909,$928,0.98 Ct.,9.76,4.93,2.57,Yellowish Orange,Intense,Very Slightly Included,Marquise,Mixed Brilliant Cut,No Enhancement,Ceylon (Sri Lanka),https://www.thenaturalsapphirecompany.com/yellow-sapphires/0.98ct-ceylon-sri-lankan-marquise-yellowish-orange-sapphire-s16267/
S16268,$396,$600,0.66 Ct.,5.98,3.94,2.87,Orangish Yellow,Medium,Very Slightly Included,Radiant,Radiant Cut,No Enhancement,Ceylon (Sri Lanka),https://www.thenaturalsapphirecompany.com/yellow-sapphires/0.66ct-ceylon-sri-lankan-radiant-orangish-yellow-sapphire-s16268/
S16269,"$1,301",$856,1.52 Ct.,6.84,6.76,3.77,Yellow,Faint,Very Slightly Included,Cushion,Mixed Brilliant Cut,No Enhancement,Ceylon (Sri Lanka),https://www.thenaturalsapphirecompany.com/yellow-sapphires/1.52ct-ceylon-sri-lankan-cushion-yellow-sapphire-s16269/
S16274,$980,$784,1.25 Ct.,7.39,5.3,4.5,Yellowish Green,Intense,Very Slightly Included,Fancy,Step Cut,No Enhancement,Madagascar,https://www.thenaturalsapphirecompany.com/yellow-sapphires/1.25ct-madagascar-fancy-yellowish-green-sapphire-s16274/
S9199,$504,$400,1.26 Ct.,7.07,4.57,4.14,Yellow,Light,Very Slightly Included,Radiant,Radiant Cut,Heat Treated,Ceylon (Sri Lanka),https://www.thenaturalsapphirecompany.com/yellow-sapphires/1.26ct-ceylon-sri-lankan-radiant-yellow-sapphire-s9199/
S9238,$336,$933,0.36 Ct.,4.5,4.6,2.62,Yellowish Green,Medium,Very Slightly Included,Trillion,Trillion Cut,Heat Treated,Montana,https://www.thenaturalsapphirecompany.com/yellow-sapphires/0.36ct-montana-trillion-yellowish-green-sapphire-s9238/
S9252,"$4,089","$1,778",2.30 Ct.,7.23,7.2,5.23,Yellowish Green,Intense,Slightly Included,Cushion,Mixed Brilliant Cut,No Enhancement,Australia,https://www.thenaturalsapphirecompany.com/yellow-sapphires/2.30ct-australian-cushion-yellowish-green-sapphire-s9252/
S9253,"$1,827","$1,226",1.49 Ct.,7.95,4.66,3.57,Yellowish Green,Intense,Slightly Included,Radiant,Radiant Cut,No Enhancement,Australia,https://www.thenaturalsapphirecompany.com/yellow-sapphires/1.49ct-australian-radiant-yellowish-green-sapphire-s9253/
S10621,$869,$550,1.58 Ct.,5.92,5.89,4.79,Yellow,Medium,Slightly Included,Radiant,Radiant Cut,No Enhancement,Ceylon (Sri Lanka),https://www.thenaturalsapphirecompany.com/yellow-sapphires/1.58ct-ceylon-sri-lankan-radiant-yellow-sapphire-s10621/
S10633,"$1,749",$888,1.97 Ct.,6.06,6.05,5.42,Yellow,Light,Slightly Included,Radiant,Radiant Cut,No Enhancement,Ceylon (Sri Lanka),https://www.thenaturalsapphirecompany.com/yellow-sapphires/1.97ct-ceylon-sri-lankan-radiant-yellow-sapphire-s10633/
S10817,$990,$900,1.10 Ct.,7.01,5.58,3.64,Yellow,Intense,Eye Clean,Oval,Mixed Brilliant Cut,Heat Treated,Ceylon (Sri Lanka),https://www.thenaturalsapphirecompany.com/yellow-sapphires/1.10ct-ceylon-sri-lankan-oval-yellow-sapphire-s10817/
S10818,"$1,116",$900,1.24 Ct.,6.32,5.23,3.89,Yellow,Intense,Eye Clean,Radiant,Radiant Cut,Heat Treated,Ceylon (Sri Lanka),https://www.thenaturalsapphirecompany.com/yellow-sapphires/1.24ct-ceylon-sri-lankan-radiant-yellow-sapphire-s10818/
S10819,"$1,098",$900,1.22 Ct.,5.8,5.49,4.2,Yellow,Intense,Very Slightly Included,Cushion,Mixed Brilliant Cut,Heat Treated,Ceylon (Sri Lanka),https://www.thenaturalsapphirecompany.com/yellow-sapphires/1.22ct-ceylon-sri-lankan-cushion-yellow-sapphire-s10819/
S10820,$954,$900,1.06 Ct.,6.59,5.45,3.8,Yellow,Intense,Eye Clean,Oval,Mixed Brilliant Cut,Heat Treated,Ceylon (Sri Lanka),https://www.thenaturalsapphirecompany.com/yellow-sapphires/1.06ct-ceylon-sri-lankan-oval-yellow-sapphire-s10820/
S10821,"$1,269",$900,1.41 Ct.,6.93,5.67,4.53,Yellow,Intense,Eye Clean,Oval,Mixed Brilliant Cut,Heat Treated,Ceylon (Sri Lanka),https://www.thenaturalsapphirecompany.com/yellow-sapphires/1.41ct-ceylon-sri-lankan-oval-yellow-sapphire-s10821/
S10822,"$1,260",$900,1.40 Ct.,6.27,4.92,4.22,Yellow,Vivid,Eye Clean,Emerald Cut,Emerald Cut,Heat Treated,Ceylon (Sri Lanka),https://www.thenaturalsapphirecompany.com/yellow-sapphires/1.40ct-ceylon-sri-lankan-emerald-cut-yellow-sapphire-s10822/
S10823,"$1,098",$900,1.22 Ct.,6.12,5.79,3.7,Yellow,Intense,Very Slightly Included,Radiant,Radiant Cut,Heat Treated,Ceylon (Sri Lanka),https://www.thenaturalsapphirecompany.com/yellow-sapphires/1.22ct-ceylon-sri-lankan-radiant-yellow-sapphire-s10823/
S16279,$900,$776,1.16 Ct.,6.38,4.83,3.94,Yellow,Intense,Eye Clean,Emerald Cut,Emerald Cut,Heat Treated,Ceylon (Sri Lanka),https://www.thenaturalsapphirecompany.com/yellow-sapphires/1.16ct-ceylon-sri-lankan-emerald-cut-yellow-sapphire-s16279/
S21926,$560,$500,1.12 Ct.,7.3,5.43,3.38,Yellow,Light,Very Slightly Included,Oval,Mixed Brilliant Cut,No Enhancement,Ceylon (Sri Lanka),https://www.thenaturalsapphirecompany.com/yellow-sapphires/1.12ct-ceylon-sri-lankan-oval-yellow-sapphire-s21926/
S21927,$590,$500,1.18 Ct.,5.26,5.2,3.5,Yellow,Faint,Very Very Slightly Included,Asscher - Octagon,Asscher Cut,No Enhancement,Ceylon (Sri Lanka),https://www.thenaturalsapphirecompany.com/yellow-sapphires/1.18ct-ceylon-sri-lankan-asscher-octagon-yellow-sapphire-s21927/
S21941,"$1,410",$600,2.35 Ct.,8.83,6.69,4.78,Yellow,Light,Very Slightly Included,Oval,Mixed Brilliant Cut,No Enhancement,Ceylon (Sri Lanka),https://www.thenaturalsapphirecompany.com/yellow-sapphires/2.35ct-ceylon-sri-lankan-oval-yellow-sapphire-s21941/
S21952,$858,$600,1.43 Ct.,5.91,5.91,4.3,Yellow,Light,Very Very Slightly Included,Asscher - Octagon,Asscher Cut,No Enhancement,Ceylon (Sri Lanka),https://www.thenaturalsapphirecompany.com/yellow-sapphires/1.43ct-ceylon-sri-lankan-asscher-octagon-yellow-sapphire-s21952/
S21956,$936,$600,1.56 Ct.,7.26,5.16,4.83,Yellow,Intense,Very Very Slightly Included,Oval,Mixed Brilliant Cut,No Enhancement,Ceylon (Sri Lanka),https://www.thenaturalsapphirecompany.com/yellow-sapphires/1.56ct-ceylon-sri-lankan-oval-yellow-sapphire-s21956/
S47030,$400,$308,1.30 Ct.,6.81,5.56,3.18,Yellow,Medium,Very Slightly Included,Radiant,Radiant Cut,No Enhancement,Ceylon (Sri Lanka),https://www.thenaturalsapphirecompany.com/yellow-sapphires/1.30ct-ceylon-sri-lankan-radiant-yellow-sapphire-s47030/
S26738,"$4,871","$1,388",3.51 Ct.,9.09,6.81,5.44,Yellow,Vivid,Eye Clean,Emerald Cut,Emerald Cut,Heat Treated,Ceylon (Sri Lanka),https://www.thenaturalsapphirecompany.com/yellow-sapphires/3.51ct-ceylon-sri-lankan-emerald-cut-yellow-sapphire-s26738/
S47026,$400,$400,1.00 Ct.,6.94,4.69,2.82,Yellow,Intense,Slightly Included,Emerald Cut,Emerald Cut,Heat Treated,Ceylon (Sri Lanka),https://www.thenaturalsapphirecompany.com/yellow-sapphires/1.00ct-ceylon-sri-lankan-emerald-cut-yellow-sapphire-s47026/
S47031,"$1,500",$566,2.65 Ct.,7.46,6.73,4.88,Yellow,Intense,Slightly Included,Radiant,Radiant Cut,Heat Treated,Ceylon (Sri Lanka),https://www.thenaturalsapphirecompany.com/yellow-sapphires/2.65ct-ceylon-sri-lankan-radiant-yellow-sapphire-s47031/
S31281,$899,$796,1.13 Ct.,5.85,5.68,4.28,Yellowish Green,Medium,Slightly Included,Cushion,Mixed Brilliant Cut,No Enhancement,Madagascar,https://www.thenaturalsapphirecompany.com/yellow-sapphires/1.13ct-madagascar-cushion-yellowish-green-sapphire-s31281/
S31286,$294,$190,1.55 Ct.,8.16,5.96,4.25,Yellow,Vivid,Very Very Slightly Included,Pear,Mixed Brilliant Cut,Lattice Diffused,Ceylon (Sri Lanka),https://www.thenaturalsapphirecompany.com/yellow-sapphires/1.55ct-ceylon-sri-lankan-pear-yellow-sapphire-s31286/
S31288,$222,$190,1.17 Ct.,6.83,5.83,4,Orangish Yellow,Light,Eye Clean,Oval,Mixed Brilliant Cut,Lattice Diffused,Ceylon (Sri Lanka),https://www.thenaturalsapphirecompany.com/yellow-sapphires/1.17ct-ceylon-sri-lankan-oval-orangish-yellow-sapphire-s31288/
S31290,$236,$190,1.24 Ct.,8.24,5.07,3.72,Yellow,Intense,Very Very Slightly Included,Pear,Mixed Brilliant Cut,Lattice Diffused,Ceylon (Sri Lanka),https://www.thenaturalsapphirecompany.com/yellow-sapphires/1.24ct-ceylon-sri-lankan-pear-yellow-sapphire-s31290/
S31292,$238,$190,1.25 Ct.,6.06,6.04,3.51,Yellow,Intense,Very Slightly Included,Cushion,Mixed Brilliant Cut,Lattice Diffused,Ceylon (Sri Lanka),https://www.thenaturalsapphirecompany.com/yellow-sapphires/1.25ct-ceylon-sri-lankan-cushion-yellow-sapphire-s31292/
S31293,$238,$190,1.25 Ct.,6.02,6.02,3.59,Orangish Yellow,Medium,Eye Clean,Cushion,Mixed Brilliant Cut,Lattice Diffused,Ceylon (Sri Lanka),https://www.thenaturalsapphirecompany.com/yellow-sapphires/1.25ct-ceylon-sri-lankan-cushion-orangish-yellow-sapphire-s31293/
S31294,$207,$190,1.09 Ct.,8.06,5.96,3.13,Yellow,Medium,Very Very Slightly Included,Pear,Mixed Brilliant Cut,Lattice Diffused,Ceylon (Sri Lanka),https://www.thenaturalsapphirecompany.com/yellow-sapphires/1.09ct-ceylon-sri-lankan-pear-yellow-sapphire-s31294/
S31295,$260,$190,1.37 Ct.,7.98,5.96,3.7,Orangish Yellow,Vivid,Very Very Slightly Included,Pear,Mixed Brilliant Cut,Lattice Diffused,Ceylon (Sri Lanka),https://www.thenaturalsapphirecompany.com/yellow-sapphires/1.37ct-ceylon-sri-lankan-pear-orangish-yellow-sapphire-s31295/
S31297,$203,$190,1.07 Ct.,5.91,5.83,3.46,Yellow,Intense,Very Very Slightly Included,Cushion,Mixed Brilliant Cut,Lattice Diffused,Ceylon (Sri Lanka),https://www.thenaturalsapphirecompany.com/yellow-sapphires/1.07ct-ceylon-sri-lankan-cushion-yellow-sapphire-s31297/
S31299,$253,$190,1.33 Ct.,8.87,5.84,3.63,Yellow,Medium,Very Very Slightly Included,Pear,Mixed Brilliant Cut,Lattice Diffused,Ceylon (Sri Lanka),https://www.thenaturalsapphirecompany.com/yellow-sapphires/1.33ct-ceylon-sri-lankan-pear-yellow-sapphire-s31299/
S31300,$238,$190,1.25 Ct.,7.94,5.89,3.61,Orangish Yellow,Intense,Very Slightly Included,Pear,Mixed Brilliant Cut,Lattice Diffused,Ceylon (Sri Lanka),https://www.thenaturalsapphirecompany.com/yellow-sapphires/1.25ct-ceylon-sri-lankan-pear-orangish-yellow-sapphire-s31300/
S31302,$224,$190,1.18 Ct.,6.38,6.35,3.94,Orangish Yellow,Medium,Very Slightly Included,Round,Mixed Brilliant Cut,Lattice Diffused,Ceylon (Sri Lanka),https://www.thenaturalsapphirecompany.com/yellow-sapphires/1.18ct-ceylon-sri-lankan-round-orangish-yellow-sapphire-s31302/
S31303,$211,$190,1.11 Ct.,6.05,6.08,3.65,Orangish Yellow,Intense,Very Slightly Included,Round,Mixed Brilliant Cut,Lattice Diffused,Ceylon (Sri Lanka),https://www.thenaturalsapphirecompany.com/yellow-sapphires/1.11ct-ceylon-sri-lankan-round-orangish-yellow-sapphire-s31303/
S35132,$288,$400,0.72 Ct.,5.99,6.01,3.02,Yellowish Green,Medium,Very Slightly Included,Round,Mixed Brilliant Cut,No Enhancement,Madagascar,https://www.thenaturalsapphirecompany.com/yellow-sapphires/0.72ct-madagascar-round-yellowish-green-sapphire-s35132/
S35135,$392,$400,0.98 Ct.,6.7,5.12,3.49,Yellowish Green,Intense,Very Slightly Included,Oval,Mixed Brilliant Cut,Heat Treated,Madagascar,https://www.thenaturalsapphirecompany.com/yellow-sapphires/0.98ct-madagascar-oval-yellowish-green-sapphire-s35135/
S35189,"$2,001","$1,308",1.53 Ct.,6.99,5.37,4,Orangish Yellow,Intense,Very Very Slightly Included,Emerald Cut,Emerald Cut,Heat Treated,Africa,https://www.thenaturalsapphirecompany.com/yellow-sapphires/1.53ct-african-emerald-cut-orangish-yellow-sapphire-s35189/
S38487,$172,$400,0.43 Ct.,4.25,4.27,3.04,Yellow,Light,Very Slightly Included,Round,Mixed Brilliant Cut,No Enhancement,Ceylon (Sri Lanka),https://www.thenaturalsapphirecompany.com/yellow-sapphires/0.43ct-ceylon-sri-lankan-round-yellow-sapphire-s38487/
S38489,$148,$400,0.37 Ct.,4.22,4.23,2.67,Yellow,Light,Very Slightly Included,Round,Mixed Brilliant Cut,No Enhancement,Ceylon (Sri Lanka),https://www.thenaturalsapphirecompany.com/yellow-sapphires/0.37ct-ceylon-sri-lankan-round-yellow-sapphire-s38489/
S38490,$152,$400,0.38 Ct.,4.33,4.33,2.81,Yellow,Medium,Very Very Slightly Included,Round,Mixed Brilliant Cut,No Enhancement,Ceylon (Sri Lanka),https://www.thenaturalsapphirecompany.com/yellow-sapphires/0.38ct-ceylon-sri-lankan-round-yellow-sapphire-s38490/
S38500,"$1,332",$437,3.05 Ct.,8.93,6.52,6.09,Orangish Yellow,Vivid,Very Very Slightly Included,Oval,Mixed Brilliant Cut,Heat Treated,Ceylon (Sri Lanka),https://www.thenaturalsapphirecompany.com/yellow-sapphires/3.05ct-ceylon-sri-lankan-oval-orangish-yellow-sapphire-s38500/
S41520,$540,$397,1.36 Ct.,7.8,4.84,3.41,Yellow,Intense,Eye Clean,Emerald Cut,Emerald Cut,No Enhancement,Ceylon (Sri Lanka),https://www.thenaturalsapphirecompany.com/yellow-sapphires/1.36ct-ceylon-sri-lankan-emerald-cut-yellow-sapphire-s41520/
S46053,$400,$727,0.55 Ct.,5.6,3.82,2.67,Yellowish Green,Light,Very Slightly Included,Radiant,Radiant Cut,Heat Treated,Madagascar,https://www.thenaturalsapphirecompany.com/yellow-sapphires/0.55ct-madagascar-radiant-yellowish-green-sapphire-s46053/
S16663,"$1,560","$1,182",1.32 Ct.,8.15,6.05,3.65,Greenish Yellow,Intense,Very Slightly Included,Pear,Mixed Brilliant Cut,No Enhancement,Ceylon (Sri Lanka),https://www.thenaturalsapphirecompany.com/yellow-sapphires/1.32ct-ceylon-sri-lankan-pear-greenish-yellow-sapphire-s16663/
S16664,$801,$852,0.94 Ct.,6.99,4.98,2.98,Yellow,Intense,Eye Clean,Oval,Mixed Brilliant Cut,No Enhancement,Ceylon (Sri Lanka),https://www.thenaturalsapphirecompany.com/yellow-sapphires/0.94ct-ceylon-sri-lankan-oval-yellow-sapphire-s16664/
S16666,"$1,760","$1,304",1.35 Ct.,9.06,5.91,3.32,Greenish Yellow,Intense,Eye Clean,Pear,Mixed Brilliant Cut,No Enhancement,Ceylon (Sri Lanka),https://www.thenaturalsapphirecompany.com/yellow-sapphires/1.35ct-ceylon-sri-lankan-pear-greenish-yellow-sapphire-s16666/
S22291,$499,$438,1.14 Ct.,6.88,4.54,3.53,Yellowish Green,Intense,Very Slightly Included,Emerald Cut,Emerald Cut,No Enhancement,Africa,https://www.thenaturalsapphirecompany.com/yellow-sapphires/1.14ct-african-emerald-cut-yellowish-green-sapphire-s22291/
S27017,$160,$203,0.79 Ct.,5.6,5.62,3.42,Yellow,Medium,Eye Clean,Round,Mixed Brilliant Cut,Heat Treated,Ceylon (Sri Lanka),https://www.thenaturalsapphirecompany.com/yellow-sapphires/0.79ct-ceylon-sri-lankan-round-yellow-sapphire-s27017/
S27018,$160,$246,0.65 Ct.,5.09,5.09,3.41,Yellow,Medium,Eye Clean,Round,Mixed Brilliant Cut,Heat Treated,Ceylon (Sri Lanka),https://www.thenaturalsapphirecompany.com/yellow-sapphires/0.65ct-ceylon-sri-lankan-round-yellow-sapphire-s27018/
S27019,$160,$246,0.65 Ct.,5.08,5.06,3.3,Yellow,Medium,Very Slightly Included,Round,Mixed Brilliant Cut,Heat Treated,Ceylon (Sri Lanka),https://www.thenaturalsapphirecompany.com/yellow-sapphires/0.65ct-ceylon-sri-lankan-round-yellow-sapphire-s27019/
S27020,$140,$259,0.54 Ct.,6.09,3.96,2.66,Yellow,Intense,Eye Clean,Oval,Mixed Brilliant Cut,Heat Treated,Ceylon (Sri Lanka),https://www.thenaturalsapphirecompany.com/yellow-sapphires/0.54ct-ceylon-sri-lankan-oval-yellow-sapphire-s27020/
S27021,$140,$222,0.63 Ct.,6.15,4.11,2.89,Yellow,Medium,Eye Clean,Oval,Mixed Brilliant Cut,Heat Treated,Ceylon (Sri Lanka),https://www.thenaturalsapphirecompany.com/yellow-sapphires/0.63ct-ceylon-sri-lankan-oval-yellow-sapphire-s27021/
S27022,$140,$250,0.56 Ct.,6.03,4.03,2.7,Yellow,Intense,Eye Clean,Oval,Mixed Brilliant Cut,Heat Treated,Ceylon (Sri Lanka),https://www.thenaturalsapphirecompany.com/yellow-sapphires/0.56ct-ceylon-sri-lankan-oval-yellow-sapphire-s27022/
S31480,$158,$190,0.83 Ct.,6.78,4.86,2.68,Yellow,Medium,Very Very Slightly Included,Oval,Mixed Brilliant Cut,Lattice Diffused,Ceylon (Sri Lanka),https://www.thenaturalsapphirecompany.com/yellow-sapphires/0.83ct-ceylon-sri-lankan-oval-yellow-sapphire-s31480/
S31481,$222,$190,1.17 Ct.,6.26,6.25,3.49,Yellowish Orange,Intense,Very Slightly Included,Round,Mixed Brilliant Cut,Lattice Diffused,Ceylon (Sri Lanka),https://www.thenaturalsapphirecompany.com/yellow-sapphires/1.17ct-ceylon-sri-lankan-round-yellowish-orange-sapphire-s31481/
S38717,"$2,000",$658,3.04 Ct.,10.31,7.79,4.66,Orangish Yellow,Intense,Very Slightly Included,Oval,Mixed Brilliant Cut,Heat Treated,Ceylon (Sri Lanka),https://www.thenaturalsapphirecompany.com/yellow-sapphires/3.04ct-ceylon-sri-lankan-oval-orangish-yellow-sapphire-s38717/
S38718,$600,$380,1.58 Ct.,6.71,6.26,4.47,Yellow,Intense,Very Very Slightly Included,Cushion,Mixed Brilliant Cut,Heat Treated,Ceylon (Sri Lanka),https://www.thenaturalsapphirecompany.com/yellow-sapphires/1.58ct-ceylon-sri-lankan-cushion-yellow-sapphire-s38718/
S41626,"$2,340","$1,500",1.56 Ct.,7.98,5.81,4.15,Yellow,Light,Very Slightly Included,Oval,Mixed Brilliant Cut,No Enhancement,Tanzania,https://www.thenaturalsapphirecompany.com/yellow-sapphires/1.56ct-tanzanian-oval-yellow-sapphire-s41626/
S41627,"$1,638","$1,050",1.56 Ct.,7.69,5.25,3.75,Yellow,Light,Very Very Slightly Included,Radiant,Radiant Cut,No Enhancement,Tanzania,https://www.thenaturalsapphirecompany.com/yellow-sapphires/1.56ct-tanzanian-radiant-yellow-sapphire-s41627/
S41629,"$2,380","$1,301",1.83 Ct.,8.21,5.84,3.84,Yellow,Light,Very Slightly Included,Radiant,Radiant Cut,No Enhancement,Tanzania,https://www.thenaturalsapphirecompany.com/yellow-sapphires/1.83ct-tanzanian-radiant-yellow-sapphire-s41629/
S41635,"$1,308","$1,200",1.09 Ct.,5.99,5.54,3.34,Yellowish Green,Medium,Very Slightly Included,Asscher - Octagon,Asscher Cut,Heat Treated,Ceylon (Sri Lanka),https://www.thenaturalsapphirecompany.com/yellow-sapphires/1.09ct-ceylon-sri-lankan-asscher-octagon-yellowish-green-sapphire-s41635/
S41638,"$2,028","$1,200",1.69 Ct.,7.6,5.89,4,Yellowish Green,Intense,Very Slightly Included,Radiant,Radiant Cut,No Enhancement,Ceylon (Sri Lanka),https://www.thenaturalsapphirecompany.com/yellow-sapphires/1.69ct-ceylon-sri-lankan-radiant-yellowish-green-sapphire-s41638/
S34821,$465,$500,0.93 Ct.,5.8,5.65,3.48,Greenish Yellow,Intense,Very Slightly Included,Round,Mixed Brilliant Cut,Heat Treated,Ceylon (Sri Lanka),https://www.thenaturalsapphirecompany.com/yellow-sapphires/0.93ct-ceylon-sri-lankan-round-greenish-yellow-sapphire-s34821/
S16718,$416,$400,1.04 Ct.,7.77,5.63,3.37,Yellow,Medium,Very Slightly Included,Pear,Mixed Brilliant Cut,No Enhancement,Ceylon (Sri Lanka),https://www.thenaturalsapphirecompany.com/yellow-sapphires/1.04ct-ceylon-sri-lankan-pear-yellow-sapphire-s16718/
S16727,$435,$500,0.87 Ct.,6.49,4.81,3.62,Yellow,Light,Very Slightly Included,Pear,Mixed Brilliant Cut,No Enhancement,Ceylon (Sri Lanka),https://www.thenaturalsapphirecompany.com/yellow-sapphires/0.87ct-ceylon-sri-lankan-pear-yellow-sapphire-s16727/
S16730,$539,$428,1.26 Ct.,10.86,4.26,3.86,Yellow,Medium,Very Slightly Included,Marquise,Mixed Brilliant Cut,No Enhancement,Ceylon (Sri Lanka),https://www.thenaturalsapphirecompany.com/yellow-sapphires/1.26ct-ceylon-sri-lankan-marquise-yellow-sapphire-s16730/
S35347,"$4,125","$1,203",3.43 Ct.,9.32,7.85,4.73,Yellow,Medium,Very Slightly Included,Cushion,Mixed Brilliant Cut,No Enhancement,Ceylon (Sri Lanka),https://www.thenaturalsapphirecompany.com/yellow-sapphires/3.43ct-ceylon-sri-lankan-cushion-yellow-sapphire-s35347/
S35350,"$3,445","$1,300",2.65 Ct.,9.87,8.08,3.91,Yellow,Medium,Very Very Slightly Included,Oval,Mixed Brilliant Cut,No Enhancement,Ceylon (Sri Lanka),https://www.thenaturalsapphirecompany.com/yellow-sapphires/2.65ct-ceylon-sri-lankan-oval-yellow-sapphire-s35350/
S38719,"$6,475",$717,9.03 Ct.,16.09,9.61,7.72,Yellow,Intense,Very Slightly Included,Pear,Mixed Brilliant Cut,No Enhancement,Ceylon (Sri Lanka),https://www.thenaturalsapphirecompany.com/yellow-sapphires/9.03ct-ceylon-sri-lankan-pear-yellow-sapphire-s38719/
S38720,$600,$286,2.10 Ct.,7.9,7.39,4.61,Yellow,Intense,Slightly Included,Oval,Mixed Brilliant Cut,Heat Treated,Ceylon (Sri Lanka),https://www.thenaturalsapphirecompany.com/yellow-sapphires/2.10ct-ceylon-sri-lankan-oval-yellow-sapphire-s38720/
S38721,"$2,400",$972,2.47 Ct.,8.34,6.11,5.4,Orangish Yellow,Intense,Very Very Slightly Included,Oval,Mixed Brilliant Cut,No Enhancement,Ceylon (Sri Lanka),https://www.thenaturalsapphirecompany.com/yellow-sapphires/2.47ct-ceylon-sri-lankan-oval-orangish-yellow-sapphire-s38721/
S38723,$700,$438,1.60 Ct.,7.33,6.21,3.82,Yellowish Orange,Medium,Slightly Included,Cushion,Mixed Brilliant Cut,No Enhancement,Ceylon (Sri Lanka),https://www.thenaturalsapphirecompany.com/yellow-sapphires/1.60ct-ceylon-sri-lankan-cushion-yellowish-orange-sapphire-s38723/
S38752,"$2,399","$1,454",1.65 Ct.,6.82,6.06,4.42,Yellowish Brown,Intense,Very Slightly Included,Radiant,Radiant Cut,No Enhancement,Ceylon (Sri Lanka),https://www.thenaturalsapphirecompany.com/yellow-sapphires/1.65ct-ceylon-sri-lankan-radiant-yellowish-brown-sapphire-s38752/
S41656,"$7,311","$2,405",3.04 Ct.,10.2,7.62,5.06,Yellowish Green,Intense,Very Slightly Included,Oval,Mixed Brilliant Cut,No Enhancement,Ceylon (Sri Lanka),https://www.thenaturalsapphirecompany.com/yellow-sapphires/3.04ct-ceylon-sri-lankan-oval-yellowish-green-sapphire-s41656/
S41659,"$9,206","$2,550",3.61 Ct.,9.74,7.45,5.82,Yellow,Intense,Very Slightly Included,Oval,Mixed Brilliant Cut,Heat Treated,Ceylon (Sri Lanka),https://www.thenaturalsapphirecompany.com/yellow-sapphires/3.61ct-ceylon-sri-lankan-oval-yellow-sapphire-s41659/
S41660,"$17,394","$3,465",5.02 Ct.,9.35,7.86,6.09,Yellowish Green,Intense,Very Slightly Included,Emerald Cut,Emerald Cut,No Enhancement,Ceylon (Sri Lanka),https://www.thenaturalsapphirecompany.com/yellow-sapphires/5.02ct-ceylon-sri-lankan-emerald-cut-yellowish-green-sapphire-s41660/
S16731,$484,$400,1.21 Ct.,7.59,5.77,3.25,Yellow,Light,Very Slightly Included,Oval,Mixed Brilliant Cut,No Enhancement,Ceylon (Sri Lanka),https://www.thenaturalsapphirecompany.com/yellow-sapphires/1.21ct-ceylon-sri-lankan-oval-yellow-sapphire-s16731/
S16733,$388,$400,0.97 Ct.,7.18,5.45,3.01,Yellow,Light,Very Slightly Included,Pear,Mixed Brilliant Cut,No Enhancement,Ceylon (Sri Lanka),https://www.thenaturalsapphirecompany.com/yellow-sapphires/0.97ct-ceylon-sri-lankan-pear-yellow-sapphire-s16733/
S16734,$488,$400,1.22 Ct.,7.32,5.14,4,Yellow,Medium,Very Slightly Included,Oval,Mixed Brilliant Cut,No Enhancement,Ceylon (Sri Lanka),https://www.thenaturalsapphirecompany.com/yellow-sapphires/1.22ct-ceylon-sri-lankan-oval-yellow-sapphire-s16734/
S16735,$260,$394,0.66 Ct.,7.23,4.19,2.9,Yellow,Intense,Very Slightly Included,Pear,Mixed Brilliant Cut,Heat Treated,Ceylon (Sri Lanka),https://www.thenaturalsapphirecompany.com/yellow-sapphires/0.66ct-ceylon-sri-lankan-pear-yellow-sapphire-s16735/
S16736,$320,$340,0.94 Ct.,6.54,4.76,3.63,Yellow,Intense,Very Slightly Included,Oval,Mixed Brilliant Cut,Heat Treated,Ceylon (Sri Lanka),https://www.thenaturalsapphirecompany.com/yellow-sapphires/0.94ct-ceylon-sri-lankan-oval-yellow-sapphire-s16736/
S16737,$280,$400,0.70 Ct.,6.22,4.53,2.97,Yellow,Intense,Very Slightly Included,Oval,Mixed Brilliant Cut,Heat Treated,Ceylon (Sri Lanka),https://www.thenaturalsapphirecompany.com/yellow-sapphires/0.70ct-ceylon-sri-lankan-oval-yellow-sapphire-s16737/
S16739,$480,$600,0.80 Ct.,6.87,4.52,3.53,Yellowish Orange,Medium,Very Slightly Included,Pear,Mixed Brilliant Cut,No Enhancement,Ceylon (Sri Lanka),https://www.thenaturalsapphirecompany.com/yellow-sapphires/0.80ct-ceylon-sri-lankan-pear-yellowish-orange-sapphire-s16739/
S16741,"$3,678","$1,194",3.08 Ct.,8.84,7.57,4.8,Yellow,Intense,Eye Clean,Cushion,Mixed Brilliant Cut,Heat Treated,Ceylon (Sri Lanka),https://www.thenaturalsapphirecompany.com/yellow-sapphires/3.08ct-ceylon-sri-lankan-cushion-yellow-sapphire-s16741/
S16744,$598,$340,1.76 Ct.,7.81,6,3.92,Yellow,Light,Very Slightly Included,Cushion,Mixed Brilliant Cut,No Enhancement,Ceylon (Sri Lanka),https://www.thenaturalsapphirecompany.com/yellow-sapphires/1.76ct-ceylon-sri-lankan-cushion-yellow-sapphire-s16744/
S16750,$219,$300,0.73 Ct.,5.4,5.36,3.03,Yellow,Light,Very Slightly Included,Cushion,Mixed Brilliant Cut,No Enhancement,Ceylon (Sri Lanka),https://www.thenaturalsapphirecompany.com/yellow-sapphires/0.73ct-ceylon-sri-lankan-cushion-yellow-sapphire-s16750/
S16752,$261,$300,0.87 Ct.,5.97,5.02,3.68,Yellow,Light,Very Slightly Included,Pear,Mixed Brilliant Cut,No Enhancement,Ceylon (Sri Lanka),https://www.thenaturalsapphirecompany.com/yellow-sapphires/0.87ct-ceylon-sri-lankan-pear-yellow-sapphire-s16752/
S16754,$188,$400,0.47 Ct.,4.64,4.89,2.71,Yellow,Medium,Very Slightly Included,Trillion,Trillion Cut,No Enhancement,Ceylon (Sri Lanka),https://www.thenaturalsapphirecompany.com/yellow-sapphires/0.47ct-ceylon-sri-lankan-trillion-yellow-sapphire-s16754/
S16756,$352,$400,0.88 Ct.,6.42,4.79,3,Yellow,Light,Very Slightly Included,Cushion,Mixed Brilliant Cut,No Enhancement,Ceylon (Sri Lanka),https://www.thenaturalsapphirecompany.com/yellow-sapphires/0.88ct-ceylon-sri-lankan-cushion-yellow-sapphire-s16756/
S16760,$220,$400,0.55 Ct.,5.42,4.19,3.02,Yellow,Light,Very Slightly Included,Oval,Mixed Brilliant Cut,No Enhancement,Ceylon (Sri Lanka),https://www.thenaturalsapphirecompany.com/yellow-sapphires/0.55ct-ceylon-sri-lankan-oval-yellow-sapphire-s16760/
S16764,$198,$300,0.66 Ct.,5.17,4.36,3.43,Yellow,Light,Very Slightly Included,Cushion,Mixed Brilliant Cut,No Enhancement,Ceylon (Sri Lanka),https://www.thenaturalsapphirecompany.com/yellow-sapphires/0.66ct-ceylon-sri-lankan-cushion-yellow-sapphire-s16764/
S22359,$210,$200,1.05 Ct.,7.09,5,3.91,Greenish Yellow,Light,Very Slightly Included,Pear,Mixed Brilliant Cut,Heat Treated,Ceylon (Sri Lanka),https://www.thenaturalsapphirecompany.com/yellow-sapphires/1.05ct-ceylon-sri-lankan-pear-greenish-yellow-sapphire-s22359/
S34822,$516,$501,1.03 Ct.,6.43,5.25,3.51,Yellowish Green,Intense,Slightly Included,Oval,Mixed Brilliant Cut,Heat Treated,Ceylon (Sri Lanka),https://www.thenaturalsapphirecompany.com/yellow-sapphires/1.03ct-ceylon-sri-lankan-oval-yellowish-green-sapphire-s34822/
S27119,"$2,160","$1,412",1.53 Ct.,6.99,7.01,3.91,Yellow,Intense,Eye Clean,Round,Mixed Brilliant Cut,Heat Treated,Ceylon (Sri Lanka),https://www.thenaturalsapphirecompany.com/yellow-sapphires/1.53ct-ceylon-sri-lankan-round-yellow-sapphire-s27119/
S27120,"$1,981","$1,152",1.72 Ct.,6.49,5.48,5.07,Orangish Yellow,Vivid,Very Very Slightly Included,Emerald Cut,Emerald Cut,Heat Treated,Ceylon (Sri Lanka),https://www.thenaturalsapphirecompany.com/yellow-sapphires/1.72ct-ceylon-sri-lankan-emerald-cut-orangish-yellow-sapphire-s27120/
S27121,"$2,159","$1,576",1.37 Ct.,7.4,5.82,3.9,Yellowish Green,Intense,Very Very Slightly Included,Oval,Mixed Brilliant Cut,No Enhancement,Tanzania,https://www.thenaturalsapphirecompany.com/yellow-sapphires/1.37ct-tanzanian-oval-yellowish-green-sapphire-s27121/
S27124,"$3,961","$1,572",2.52 Ct.,9.02,6.8,5.77,Orangish Yellow,Intense,Eye Clean,Pear,Mixed Brilliant Cut,Heat Treated,Ceylon (Sri Lanka),https://www.thenaturalsapphirecompany.com/yellow-sapphires/2.52ct-ceylon-sri-lankan-pear-orangish-yellow-sapphire-s27124/
S27128,"$2,698","$1,384",1.95 Ct.,6.92,5.62,4.85,Yellow,Vivid,Eye Clean,Emerald Cut,Emerald Cut,Heat Treated,Ceylon (Sri Lanka),https://www.thenaturalsapphirecompany.com/yellow-sapphires/1.95ct-ceylon-sri-lankan-emerald-cut-yellow-sapphire-s27128/
S27140,"$1,531","$1,444",1.06 Ct.,6.01,5.07,3.54,Greenish Yellow,Vivid,Very Very Slightly Included,Emerald Cut,Emerald Cut,No Enhancement,Madagascar,https://www.thenaturalsapphirecompany.com/yellow-sapphires/1.06ct-madagascar-emerald-cut-greenish-yellow-sapphire-s27140/
S27141,"$1,619","$1,396",1.16 Ct.,5.67,5.2,3.84,Yellowish Green,Medium,Very Very Slightly Included,Asscher - Octagon,Asscher Cut,No Enhancement,Tanzania,https://www.thenaturalsapphirecompany.com/yellow-sapphires/1.16ct-tanzanian-asscher-octagon-yellowish-green-sapphire-s27141/
S27142,$404,$400,1.01 Ct.,6.41,5.01,3.64,Yellow,Light,Very Very Slightly Included,Cushion,Mixed Brilliant Cut,No Enhancement,Ceylon (Sri Lanka),https://www.thenaturalsapphirecompany.com/yellow-sapphires/1.01ct-ceylon-sri-lankan-cushion-yellow-sapphire-s27142/
S27143,$298,$250,1.19 Ct.,7.56,5.09,4.14,Yellow,Light,Very Very Slightly Included,Pear,Mixed Brilliant Cut,No Enhancement,Ceylon (Sri Lanka),https://www.thenaturalsapphirecompany.com/yellow-sapphires/1.19ct-ceylon-sri-lankan-pear-yellow-sapphire-s27143/
S35377,$240,$242,0.99 Ct.,5.56,6.59,3.5,Yellow,Faint,Very Very Slightly Included,Heart,Mixed Brilliant Cut,No Enhancement,Ceylon (Sri Lanka),https://www.thenaturalsapphirecompany.com/yellow-sapphires/0.99ct-ceylon-sri-lankan-heart-yellow-sapphire-s35377/
S35380,$260,$317,0.82 Ct.,6.05,4.95,3.02,Yellow,Medium,Very Slightly Included,Emerald Cut,Emerald Cut,No Enhancement,Ceylon (Sri Lanka),https://www.thenaturalsapphirecompany.com/yellow-sapphires/0.82ct-ceylon-sri-lankan-emerald-cut-yellow-sapphire-s35380/
S35385,$160,$184,0.87 Ct.,7.59,5.16,3.14,Yellow,Medium,Eye Clean,Pear,Mixed Brilliant Cut,Heat Treated,Ceylon (Sri Lanka),https://www.thenaturalsapphirecompany.com/yellow-sapphires/0.87ct-ceylon-sri-lankan-pear-yellow-sapphire-s35385/
S35390,$372,$400,0.93 Ct.,5.66,5.7,3.79,Yellow,Intense,Very Slightly Included,Round,Mixed Brilliant Cut,No Enhancement,Ceylon (Sri Lanka),https://www.thenaturalsapphirecompany.com/yellow-sapphires/0.93ct-ceylon-sri-lankan-round-yellow-sapphire-s35390/
S35391,$414,$360,1.15 Ct.,7.19,5.13,4,Yellowish Brown,Medium,Very Very Slightly Included,Pear,Mixed Brilliant Cut,No Enhancement,Ceylon (Sri Lanka),https://www.thenaturalsapphirecompany.com/yellow-sapphires/1.15ct-ceylon-sri-lankan-pear-yellowish-brown-sapphire-s35391/
S41681,$100,$200,0.50 Ct.,4.99,3.99,2.7,Yellow,Light,Very Slightly Included,Radiant,Radiant Cut,No Enhancement,Ceylon (Sri Lanka),https://www.thenaturalsapphirecompany.com/yellow-sapphires/0.50ct-ceylon-sri-lankan-radiant-yellow-sapphire-s41681/
S41683,$102,$300,0.34 Ct.,6.72,3.36,2.17,Yellow,Intense,Very Slightly Included,Marquise,Mixed Brilliant Cut,No Enhancement,Ceylon (Sri Lanka),https://www.thenaturalsapphirecompany.com/yellow-sapphires/0.34ct-ceylon-sri-lankan-marquise-yellow-sapphire-s41683/
S41686,$106,$200,0.53 Ct.,6.01,4.11,2.61,Yellow,Medium,Slightly Included,Oval,Mixed Brilliant Cut,No Enhancement,Ceylon (Sri Lanka),https://www.thenaturalsapphirecompany.com/yellow-sapphires/0.53ct-ceylon-sri-lankan-oval-yellow-sapphire-s41686/
S41691,$86,$200,0.43 Ct.,5.08,4.16,2.52,Yellow,Light,Very Slightly Included,Oval,Mixed Brilliant Cut,No Enhancement,Ceylon (Sri Lanka),https://www.thenaturalsapphirecompany.com/yellow-sapphires/0.43ct-ceylon-sri-lankan-oval-yellow-sapphire-s41691/
S41693,$112,$200,0.56 Ct.,5.03,5.09,2.97,Yellow,Light,Very Slightly Included,Round,Mixed Brilliant Cut,No Enhancement,Ceylon (Sri Lanka),https://www.thenaturalsapphirecompany.com/yellow-sapphires/0.56ct-ceylon-sri-lankan-round-yellow-sapphire-s41693/
S41694,$70,$175,0.40 Ct.,4.32,4.38,2.78,Yellow,Intense,Slightly Included,Round,Mixed Brilliant Cut,No Enhancement,Ceylon (Sri Lanka),https://www.thenaturalsapphirecompany.com/yellow-sapphires/0.40ct-ceylon-sri-lankan-round-yellow-sapphire-s41694/
S41696,$88,$200,0.44 Ct.,5.12,3.98,2.68,Yellow,Light,Slightly Included,Oval,Mixed Brilliant Cut,No Enhancement,Ceylon (Sri Lanka),https://www.thenaturalsapphirecompany.com/yellow-sapphires/0.44ct-ceylon-sri-lankan-oval-yellow-sapphire-s41696/
S41697,$152,$200,0.76 Ct.,6.45,4.65,2.57,Yellow,Light,Very Slightly Included,Emerald Cut,Emerald Cut,No Enhancement,Ceylon (Sri Lanka),https://www.thenaturalsapphirecompany.com/yellow-sapphires/0.76ct-ceylon-sri-lankan-emerald-cut-yellow-sapphire-s41697/
S41698,$107,$160,0.67 Ct.,6.48,4.64,2.67,Yellow,Faint,Very Slightly Included,Oval,Mixed Brilliant Cut,No Enhancement,Ceylon (Sri Lanka),https://www.thenaturalsapphirecompany.com/yellow-sapphires/0.67ct-ceylon-sri-lankan-oval-yellow-sapphire-s41698/
S41701,$99,$160,0.62 Ct.,5.99,4.58,2.9,Yellow,Light,Slightly Included,Oval,Mixed Brilliant Cut,No Enhancement,Ceylon (Sri Lanka),https://www.thenaturalsapphirecompany.com/yellow-sapphires/0.62ct-ceylon-sri-lankan-oval-yellow-sapphire-s41701/
S41706,$107,$160,0.67 Ct.,6.31,4.43,2.76,Yellow,Faint,Very Slightly Included,Oval,Mixed Brilliant Cut,No Enhancement,Ceylon (Sri Lanka),https://www.thenaturalsapphirecompany.com/yellow-sapphires/0.67ct-ceylon-sri-lankan-oval-yellow-sapphire-s41706/
S16766,$144,$300,0.48 Ct.,6.12,4.17,2.51,Yellow,Light,Very Slightly Included,Pear,Mixed Brilliant Cut,No Enhancement,Ceylon (Sri Lanka),https://www.thenaturalsapphirecompany.com/yellow-sapphires/0.48ct-ceylon-sri-lankan-pear-yellow-sapphire-s16766/
S16788,$363,$550,0.66 Ct.,5.61,5.61,3.03,Yellow,Intense,Very Slightly Included,Round,Mixed Brilliant Cut,Lattice Diffused,Ceylon (Sri Lanka),https://www.thenaturalsapphirecompany.com/yellow-sapphires/0.66ct-ceylon-sri-lankan-round-yellow-sapphire-s16788/
S16789,$303,$370,0.82 Ct.,5.78,5.82,3.02,Yellow,Intense,Very Slightly Included,Round,Mixed Brilliant Cut,Lattice Diffused,Ceylon (Sri Lanka),https://www.thenaturalsapphirecompany.com/yellow-sapphires/0.82ct-ceylon-sri-lankan-round-yellow-sapphire-s16789/
S16790,$332,$400,0.83 Ct.,5.83,5.87,3.49,Yellow,Intense,Slightly Included,Round,Mixed Brilliant Cut,Lattice Diffused,Ceylon (Sri Lanka),https://www.thenaturalsapphirecompany.com/yellow-sapphires/0.83ct-ceylon-sri-lankan-round-yellow-sapphire-s16790/
S16792,$300,$300,1.00 Ct.,5.62,5.54,4.04,Yellow,Intense,Very Slightly Included,Round,Mixed Brilliant Cut,Lattice Diffused,Ceylon (Sri Lanka),https://www.thenaturalsapphirecompany.com/yellow-sapphires/1.00ct-ceylon-sri-lankan-round-yellow-sapphire-s16792/
S16793,$675,$500,1.35 Ct.,5.92,5.87,4.67,Orangish Yellow,Medium,Very Slightly Included,Round,Mixed Brilliant Cut,Heat Treated,Ceylon (Sri Lanka),https://www.thenaturalsapphirecompany.com/yellow-sapphires/1.35ct-ceylon-sri-lankan-round-orangish-yellow-sapphire-s16793/
S16794,$650,$570,1.14 Ct.,6.99,5.47,3.42,Yellow,Intense,Very Slightly Included,Oval,Mixed Brilliant Cut,Lattice Diffused,Ceylon (Sri Lanka),https://www.thenaturalsapphirecompany.com/yellow-sapphires/1.14ct-ceylon-sri-lankan-oval-yellow-sapphire-s16794/
S27145,$220,$250,0.88 Ct.,6.45,4.86,3.5,Yellow,Faint,Very Very Slightly Included,Oval,Mixed Brilliant Cut,No Enhancement,Ceylon (Sri Lanka),https://www.thenaturalsapphirecompany.com/yellow-sapphires/0.88ct-ceylon-sri-lankan-oval-yellow-sapphire-s27145/
S27146,$356,$400,0.89 Ct.,6.73,4.94,3.3,Yellow,Light,Very Very Slightly Included,Oval,Mixed Brilliant Cut,No Enhancement,Ceylon (Sri Lanka),https://www.thenaturalsapphirecompany.com/yellow-sapphires/0.89ct-ceylon-sri-lankan-oval-yellow-sapphire-s27146/
S27148,$306,$300,1.02 Ct.,5.93,5.89,3.58,Yellow,Light,Very Very Slightly Included,Cushion,Mixed Brilliant Cut,No Enhancement,Ceylon (Sri Lanka),https://www.thenaturalsapphirecompany.com/yellow-sapphires/1.02ct-ceylon-sri-lankan-cushion-yellow-sapphire-s27148/
S27152,"$7,400","$1,800",4.11 Ct.,8,6.68,7.06,Yellow,Light,Eye Clean,Emerald Cut,Emerald Cut,No Enhancement,Ceylon (Sri Lanka),https://www.thenaturalsapphirecompany.com/yellow-sapphires/4.11ct-ceylon-sri-lankan-emerald-cut-yellow-sapphire-s27152/
S27153,"$2,999","$1,428",2.10 Ct.,6.75,7.62,5.66,Yellow,Medium,Very Slightly Included,Heart,Mixed Brilliant Cut,Heat Treated,Ceylon (Sri Lanka),https://www.thenaturalsapphirecompany.com/yellow-sapphires/2.10ct-ceylon-sri-lankan-heart-yellow-sapphire-s27153/
S11084,$792,$400,1.98 Ct.,11.57,7.69,3.72,Yellow,Medium,Very Slightly Included,Fancy,Step Cut,No Enhancement,Ceylon (Sri Lanka),https://www.thenaturalsapphirecompany.com/yellow-sapphires/1.98ct-ceylon-sri-lankan-fancy-yellow-sapphire-s11084/
S11085,"$2,290","$1,000",2.29 Ct.,8.86,7.32,4.82,Yellow,Light,Very Slightly Included,Pear,Mixed Brilliant Cut,No Enhancement,Ceylon (Sri Lanka),https://www.thenaturalsapphirecompany.com/yellow-sapphires/2.29ct-ceylon-sri-lankan-pear-yellow-sapphire-s11085/
S16317,$959,$872,1.10 Ct.,5.74,5.08,3.62,Orangish Yellow,Medium,Very Slightly Included,Emerald Cut,Emerald Cut,Heat Treated,Ceylon (Sri Lanka),https://www.thenaturalsapphirecompany.com/yellow-sapphires/1.10ct-ceylon-sri-lankan-emerald-cut-orangish-yellow-sapphire-s16317/
S38400,"$4,444","$2,200",2.02 Ct.,8.33,6.5,4.81,Yellowish Green,Intense,Very Very Slightly Included,Fancy,Mixed Brilliant Cut,No Enhancement,Montana,https://www.thenaturalsapphirecompany.com/yellow-sapphires/2.02ct-montana-fancy-yellowish-green-sapphire-s38400/
S38408,"$2,715","$1,500",1.81 Ct.,8.01,5.46,4.24,Greenish Yellow,Medium,Slightly Included,Cushion,Mixed Brilliant Cut,No Enhancement,Montana,https://www.thenaturalsapphirecompany.com/yellow-sapphires/1.81ct-montana-cushion-greenish-yellow-sapphire-s38408/
S3841,$234,$360,0.65 Ct.,5.02,4.55,3.07,Yellowish Green,Intense,Very Slightly Included,Emerald Cut,Emerald Cut,No Enhancement,Ceylon (Sri Lanka),https://www.thenaturalsapphirecompany.com/yellow-sapphires/0.65ct-ceylon-sri-lankan-emerald-cut-yellowish-green-sapphire-s3841/
S38426,"$1,905","$1,500",1.27 Ct.,6.6,6.64,3.77,Yellowish Green,Light,Very Very Slightly Included,Round,Mixed Brilliant Cut,No Enhancement,Montana,https://www.thenaturalsapphirecompany.com/yellow-sapphires/1.27ct-montana-round-yellowish-green-sapphire-s38426/
S16184,"$1,903","$1,260",1.51 Ct.,6.75,7.57,4.12,Yellow,Intense,Very Very Slightly Included,Heart,Mixed Brilliant Cut,Heat Treated,Ceylon (Sri Lanka),https://www.thenaturalsapphirecompany.com/yellow-sapphires/1.51ct-ceylon-sri-lankan-heart-yellow-sapphire-s16184/
S16219,"$1,301",$936,1.39 Ct.,6.38,6.04,3.6,Yellowish Brown,Intense,Very Slightly Included,Radiant,Radiant Cut,No Enhancement,Ceylon (Sri Lanka),https://www.thenaturalsapphirecompany.com/yellow-sapphires/1.39ct-ceylon-sri-lankan-radiant-yellowish-brown-sapphire-s16219/
S36369,$58,$200,0.29 Ct.,4.28,3.64,2.4,Yellow,Intense,Slightly Included,Oval,Mixed Brilliant Cut,No Enhancement,Ceylon (Sri Lanka),https://www.thenaturalsapphirecompany.com/yellow-sapphires/0.29ct-ceylon-sri-lankan-oval-yellow-sapphire-s36369/
S31213,"$2,826","$1,800",1.57 Ct.,10.44,5.27,3.54,Yellowish Orange,Vivid,Very Slightly Included,Fancy,Mixed Brilliant Cut,Heat Treated,Montana,https://www.thenaturalsapphirecompany.com/yellow-sapphires/1.57ct-montana-fancy-yellowish-orange-sapphire-s31213/
S35063,"$1,270","$1,000",1.27 Ct.,6.85,5.04,3.78,Yellow,Medium,Very Slightly Included,Radiant,Radiant Cut,Heat Treated,Montana,https://www.thenaturalsapphirecompany.com/yellow-sapphires/1.27ct-montana-radiant-yellow-sapphire-s35063/
S35078,"$1,317",$442,2.98 Ct.,10.45,7.56,4.67,Yellowish Green,Intense,Very Slightly Included,Oval,Mixed Brilliant Cut,Heat Treated,Madagascar,https://www.thenaturalsapphirecompany.com/yellow-sapphires/2.98ct-madagascar-oval-yellowish-green-sapphire-s35078/
S38437,"$5,280","$2,400",2.20 Ct.,8.43,6.4,4.9,Yellowish Green,Light,Eye Clean,Oval,Mixed Brilliant Cut,No Enhancement,Montana,https://www.thenaturalsapphirecompany.com/yellow-sapphires/2.20ct-montana-oval-yellowish-green-sapphire-s38437/
S38438,"$1,080","$1,000",1.08 Ct.,6.85,4.85,3.89,Yellowish Green,Medium,Very Slightly Included,Oval,Mixed Brilliant Cut,No Enhancement,Montana,https://www.thenaturalsapphirecompany.com/yellow-sapphires/1.08ct-montana-oval-yellowish-green-sapphire-s38438/
S38444,"$1,469","$1,300",1.13 Ct.,6.79,5.62,3.81,Yellowish Green,Light,Very Very Slightly Included,Oval,Mixed Brilliant Cut,No Enhancement,Montana,https://www.thenaturalsapphirecompany.com/yellow-sapphires/1.13ct-montana-oval-yellowish-green-sapphire-s38444/
S38454,"$1,488","$1,200",1.24 Ct.,7.01,5.37,3.96,Yellowish Green,Light,Slightly Included,Oval,Mixed Brilliant Cut,No Enhancement,Montana,https://www.thenaturalsapphirecompany.com/yellow-sapphires/1.24ct-montana-oval-yellowish-green-sapphire-s38454/
S38459,"$1,368","$1,200",1.14 Ct.,6.68,5.28,3.9,Yellowish Green,Light,Eye Clean,Oval,Mixed Brilliant Cut,No Enhancement,Montana,https://www.thenaturalsapphirecompany.com/yellow-sapphires/1.14ct-montana-oval-yellowish-green-sapphire-s38459/
S41530,"$6,843","$1,665",4.11 Ct.,9.2,8.16,5.74,Orangish Yellow,Intense,Very Slightly Included,Emerald Cut,Emerald Cut,Heat Treated,Ceylon (Sri Lanka),https://www.thenaturalsapphirecompany.com/yellow-sapphires/4.11ct-ceylon-sri-lankan-emerald-cut-orangish-yellow-sapphire-s41530/
S41543,"$2,160","$1,846",1.17 Ct.,6.2,5.2,4,Yellowish Green,Medium,Very Slightly Included,Radiant,Radiant Cut,Heat Treated,Madagascar,https://www.thenaturalsapphirecompany.com/yellow-sapphires/1.17ct-madagascar-radiant-yellowish-green-sapphire-s41543/
S41544,"$2,232","$1,800",1.24 Ct.,5.86,5.72,4.08,Yellowish Green,Intense,Eye Clean,Asscher - Octagon,Asscher Cut,No Enhancement,Madagascar,https://www.thenaturalsapphirecompany.com/yellow-sapphires/1.24ct-madagascar-asscher-octagon-yellowish-green-sapphire-s41544/
S41557,$134,$114,1.18 Ct.,6.01,5.52,3.76,Yellow,Faint,Very Very Slightly Included,Cushion,Mixed Brilliant Cut,No Enhancement,Ceylon (Sri Lanka),https://www.thenaturalsapphirecompany.com/yellow-sapphires/1.18ct-ceylon-sri-lankan-cushion-yellow-sapphire-s41557/
S41562,$234,$203,1.15 Ct.,6.77,5.04,3.61,Yellow,Intense,Very Slightly Included,Cushion,Mixed Brilliant Cut,No Enhancement,Ceylon (Sri Lanka),https://www.thenaturalsapphirecompany.com/yellow-sapphires/1.15ct-ceylon-sri-lankan-cushion-yellow-sapphire-s41562/
S41563,$239,$196,1.22 Ct.,8.72,5.17,3.53,Yellow,Intense,Slightly Included,Fancy,Step Cut,No Enhancement,Ceylon (Sri Lanka),https://www.thenaturalsapphirecompany.com/yellow-sapphires/1.22ct-ceylon-sri-lankan-fancy-yellow-sapphire-s41563/
S41571,"$1,800","$1,800",1.00 Ct.,6.19,5.19,3.37,Yellowish Green,Medium,Very Slightly Included,Radiant,Radiant Cut,No Enhancement,Madagascar,https://www.thenaturalsapphirecompany.com/yellow-sapphires/1.00ct-madagascar-radiant-yellowish-green-sapphire-s41571/
S41572,"$2,880","$1,920",1.50 Ct.,9.05,6.09,3.79,Yellowish Green,Medium,Very Slightly Included,Pear,Mixed Brilliant Cut,No Enhancement,Madagascar,https://www.thenaturalsapphirecompany.com/yellow-sapphires/1.50ct-madagascar-pear-yellowish-green-sapphire-s41572/
S41575,"$2,520","$2,400",1.05 Ct.,7.3,6.18,3.29,Yellowish Green,Medium,Eye Clean,Oval,Mixed Brilliant Cut,No Enhancement,Montana,https://www.thenaturalsapphirecompany.com/yellow-sapphires/1.05ct-montana-oval-yellowish-green-sapphire-s41575/
S43981,$899,$810,1.11 Ct.,6.21,6.2,3.82,Yellowish Green,Intense,Very Slightly Included,Round,Mixed Brilliant Cut,No Enhancement,Madagascar,https://www.thenaturalsapphirecompany.com/yellow-sapphires/1.11ct-madagascar-round-yellowish-green-sapphire-s43981/
S46071,$500,$526,0.95 Ct.,7.47,5.12,3.03,Yellow,Light,Slightly Included,Oval,Mixed Brilliant Cut,Heat Treated,Ceylon (Sri Lanka),https://www.thenaturalsapphirecompany.com/yellow-sapphires/0.95ct-ceylon-sri-lankan-oval-yellow-sapphire-s46071/
S46073,$400,$500,0.80 Ct.,6.23,3.94,3.32,Yellow,Light,Very Slightly Included,Emerald Cut,Emerald Cut,Heat Treated,Ceylon (Sri Lanka),https://www.thenaturalsapphirecompany.com/yellow-sapphires/0.80ct-ceylon-sri-lankan-emerald-cut-yellow-sapphire-s46073/
S46084,$400,$426,0.94 Ct.,5.6,5.25,3.5,Yellow,Faint,Slightly Included,Radiant,Radiant Cut,Heat Treated,Ceylon (Sri Lanka),https://www.thenaturalsapphirecompany.com/yellow-sapphires/0.94ct-ceylon-sri-lankan-radiant-yellow-sapphire-s46084/
S41580,"$2,161","$1,816",1.19 Ct.,6.86,4.66,3.77,Yellowish Green,Intense,Very Slightly Included,Radiant,Radiant Cut,Heat Treated,Madagascar,https://www.thenaturalsapphirecompany.com/yellow-sapphires/1.19ct-madagascar-radiant-yellowish-green-sapphire-s41580/
S41586,"$3,600","$1,651",2.18 Ct.,7.23,7.21,5.61,Yellowish Green,Medium,Eye Clean,Round,Mixed Brilliant Cut,No Enhancement,Madagascar,https://www.thenaturalsapphirecompany.com/yellow-sapphires/2.18ct-madagascar-round-yellowish-green-sapphire-s41586/
S41587,"$2,700","$1,812",1.49 Ct.,7.91,6.49,3.61,Yellowish Green,Intense,Very Very Slightly Included,Oval,Mixed Brilliant Cut,No Enhancement,Madagascar,https://www.thenaturalsapphirecompany.com/yellow-sapphires/1.49ct-madagascar-oval-yellowish-green-sapphire-s41587/
S41588,"$2,701","$1,986",1.36 Ct.,6.98,5.79,3.58,Yellowish Green,Medium,Very Very Slightly Included,Emerald Cut,Emerald Cut,No Enhancement,Madagascar,https://www.thenaturalsapphirecompany.com/yellow-sapphires/1.36ct-madagascar-emerald-cut-yellowish-green-sapphire-s41588/
S41593,"$1,980",$985,2.01 Ct.,11.62,5.6,3.77,Yellow,Intense,Very Very Slightly Included,Marquise,Mixed Brilliant Cut,Heat Treated,Ceylon (Sri Lanka),https://www.thenaturalsapphirecompany.com/yellow-sapphires/2.01ct-ceylon-sri-lankan-marquise-yellow-sapphire-s41593/
S46110,$400,$597,0.67 Ct.,6.56,5.1,2.26,Yellow,Medium,Very Very Slightly Included,Oval,Mixed Brilliant Cut,Heat Treated,Ceylon (Sri Lanka),https://www.thenaturalsapphirecompany.com/yellow-sapphires/0.67ct-ceylon-sri-lankan-oval-yellow-sapphire-s46110/
S46111,$600,$278,2.16 Ct.,8.64,6.57,4.35,Yellow,Light,Included,Oval,Mixed Brilliant Cut,Heat Treated,Ceylon (Sri Lanka),https://www.thenaturalsapphirecompany.com/yellow-sapphires/2.16ct-ceylon-sri-lankan-oval-yellow-sapphire-s46111/
S48342,"$4,625","$1,321",3.50 Ct.,10.11,7.07,4.8,Yellow,Intense,Slightly Included,Emerald Cut,Emerald Cut,Heat Treated,Ceylon (Sri Lanka),https://www.thenaturalsapphirecompany.com/yellow-sapphires/3.50ct-ceylon-sri-lankan-emerald-cut-yellow-sapphire-s48342/
S48343,"$5,550","$1,856",2.99 Ct.,10.2,7,4.01,Yellowish Green,Intense,Very Slightly Included,Emerald Cut,Emerald Cut,Heat Treated,Madagascar,https://www.thenaturalsapphirecompany.com/yellow-sapphires/2.99ct-madagascar-emerald-cut-yellowish-green-sapphire-s48343/
S48345,"$4,625","$1,186",3.90 Ct.,8.98,7.67,5.72,Yellow,Intense,Slightly Included,Emerald Cut,Emerald Cut,Heat Treated,Ceylon (Sri Lanka),https://www.thenaturalsapphirecompany.com/yellow-sapphires/3.90ct-ceylon-sri-lankan-emerald-cut-yellow-sapphire-s48345/
S48347,"$9,250","$1,427",6.48 Ct.,11.58,9.09,6.09,Orangish Yellow,Intense,Very Slightly Included,Emerald Cut,Emerald Cut,Heat Treated,Ceylon (Sri Lanka),https://www.thenaturalsapphirecompany.com/yellow-sapphires/6.48ct-ceylon-sri-lankan-emerald-cut-orangish-yellow-sapphire-s48347/
S5136,"$2,370","$1,500",1.58 Ct.,6.53,6.47,4.64,Yellowish Green,Light,Very Slightly Included,Asscher - Octagon,Asscher Cut,No Enhancement,Montana,https://www.thenaturalsapphirecompany.com/yellow-sapphires/1.58ct-montana-asscher-octagon-yellowish-green-sapphire-s5136/
S31304,$218,$190,1.15 Ct.,8,5.99,3.24,Orangish Yellow,Vivid,Very Very Slightly Included,Pear,Mixed Brilliant Cut,Lattice Diffused,Ceylon (Sri Lanka),https://www.thenaturalsapphirecompany.com/yellow-sapphires/1.15ct-ceylon-sri-lankan-pear-orangish-yellow-sapphire-s31304/
S31305,$238,$190,1.25 Ct.,7.93,5.87,3.28,Yellow,Intense,Very Very Slightly Included,Pear,Mixed Brilliant Cut,Lattice Diffused,Ceylon (Sri Lanka),https://www.thenaturalsapphirecompany.com/yellow-sapphires/1.25ct-ceylon-sri-lankan-pear-yellow-sapphire-s31305/
S31306,$253,$190,1.33 Ct.,7.17,6.06,3.94,Yellow,Light,Very Very Slightly Included,Oval,Mixed Brilliant Cut,Lattice Diffused,Ceylon (Sri Lanka),https://www.thenaturalsapphirecompany.com/yellow-sapphires/1.33ct-ceylon-sri-lankan-oval-yellow-sapphire-s31306/
S31307,$218,$190,1.15 Ct.,6.44,6.48,3.84,Yellowish Orange,Intense,Very Very Slightly Included,Round,Mixed Brilliant Cut,Lattice Diffused,Ceylon (Sri Lanka),https://www.thenaturalsapphirecompany.com/yellow-sapphires/1.15ct-ceylon-sri-lankan-round-yellowish-orange-sapphire-s31307/
S31308,$182,$190,0.96 Ct.,6.01,5.97,3.23,Yellowish Orange,Intense,Eye Clean,Cushion,Mixed Brilliant Cut,Lattice Diffused,Ceylon (Sri Lanka),https://www.thenaturalsapphirecompany.com/yellow-sapphires/0.96ct-ceylon-sri-lankan-cushion-yellowish-orange-sapphire-s31308/
S31309,$205,$190,1.08 Ct.,5.88,5.8,3.44,Orangish Yellow,Intense,Very Very Slightly Included,Cushion,Mixed Brilliant Cut,Lattice Diffused,Ceylon (Sri Lanka),https://www.thenaturalsapphirecompany.com/yellow-sapphires/1.08ct-ceylon-sri-lankan-cushion-orangish-yellow-sapphire-s31309/
S31311,$228,$190,1.20 Ct.,5.99,5.93,3.59,Orangish Yellow,Intense,Very Slightly Included,Cushion,Mixed Brilliant Cut,Lattice Diffused,Ceylon (Sri Lanka),https://www.thenaturalsapphirecompany.com/yellow-sapphires/1.20ct-ceylon-sri-lankan-cushion-orangish-yellow-sapphire-s31311/
S31312,$249,$190,1.31 Ct.,6.02,5.97,3.98,Orangish Yellow,Intense,Very Slightly Included,Cushion,Mixed Brilliant Cut,Lattice Diffused,Ceylon (Sri Lanka),https://www.thenaturalsapphirecompany.com/yellow-sapphires/1.31ct-ceylon-sri-lankan-cushion-orangish-yellow-sapphire-s31312/
S31313,$213,$190,1.12 Ct.,5.92,5.84,3.52,Orangish Yellow,Intense,Very Slightly Included,Cushion,Mixed Brilliant Cut,Lattice Diffused,Ceylon (Sri Lanka),https://www.thenaturalsapphirecompany.com/yellow-sapphires/1.12ct-ceylon-sri-lankan-cushion-orangish-yellow-sapphire-s31313/
S31314,$186,$190,0.98 Ct.,6.65,4.75,3,Yellow,Medium,Very Very Slightly Included,Emerald Cut,Emerald Cut,Lattice Diffused,Ceylon (Sri Lanka),https://www.thenaturalsapphirecompany.com/yellow-sapphires/0.98ct-ceylon-sri-lankan-emerald-cut-yellow-sapphire-s31314/
S31315,$184,$190,0.97 Ct.,6.9,4.92,2.95,Yellow,Intense,Eye Clean,Emerald Cut,Emerald Cut,Lattice Diffused,Ceylon (Sri Lanka),https://www.thenaturalsapphirecompany.com/yellow-sapphires/0.97ct-ceylon-sri-lankan-emerald-cut-yellow-sapphire-s31315/
S31316,$245,$190,1.29 Ct.,6.13,6.12,3.76,Orangish Yellow,Intense,Very Slightly Included,Cushion,Mixed Brilliant Cut,Lattice Diffused,Ceylon (Sri Lanka),https://www.thenaturalsapphirecompany.com/yellow-sapphires/1.29ct-ceylon-sri-lankan-cushion-orangish-yellow-sapphire-s31316/
S31317,$215,$190,1.13 Ct.,5.93,5.89,3.72,Orangish Yellow,Intense,Very Slightly Included,Cushion,Mixed Brilliant Cut,Lattice Diffused,Ceylon (Sri Lanka),https://www.thenaturalsapphirecompany.com/yellow-sapphires/1.13ct-ceylon-sri-lankan-cushion-orangish-yellow-sapphire-s31317/
S31318,$209,$190,1.10 Ct.,6.82,4.98,3.11,Orangish Yellow,Vivid,Very Slightly Included,Emerald Cut,Emerald Cut,Lattice Diffused,Ceylon (Sri Lanka),https://www.thenaturalsapphirecompany.com/yellow-sapphires/1.10ct-ceylon-sri-lankan-emerald-cut-orangish-yellow-sapphire-s31318/
S31320,$184,$190,0.97 Ct.,6.91,5.09,3.24,Yellow,Intense,Very Slightly Included,Radiant,Radiant Cut,Lattice Diffused,Ceylon (Sri Lanka),https://www.thenaturalsapphirecompany.com/yellow-sapphires/0.97ct-ceylon-sri-lankan-radiant-yellow-sapphire-s31320/
S16247,$300,$536,0.56 Ct.,6.21,4.69,2.64,Yellow,Light,Eye Clean,Pear,Mixed Brilliant Cut,No Enhancement,Ceylon (Sri Lanka),https://www.thenaturalsapphirecompany.com/yellow-sapphires/0.56ct-ceylon-sri-lankan-pear-yellow-sapphire-s16247/
S16250,$600,$882,0.68 Ct.,5.05,5.03,3.37,Orangish Yellow,Intense,Slightly Included,Round,Mixed Brilliant Cut,No Enhancement,Ceylon (Sri Lanka),https://www.thenaturalsapphirecompany.com/yellow-sapphires/0.68ct-ceylon-sri-lankan-round-orangish-yellow-sapphire-s16250/
S16251,"$1,170","$1,136",1.03 Ct.,6.95,4.88,3.56,Yellow,Light,Very Slightly Included,Oval,Mixed Brilliant Cut,No Enhancement,Ceylon (Sri Lanka),https://www.thenaturalsapphirecompany.com/yellow-sapphires/1.03ct-ceylon-sri-lankan-oval-yellow-sapphire-s16251/
S16252,$408,$600,0.68 Ct.,5.97,3.99,3.12,Yellow,Light,Slightly Included,Fancy,Mixed Brilliant Cut,No Enhancement,Ceylon (Sri Lanka),https://www.thenaturalsapphirecompany.com/yellow-sapphires/0.68ct-ceylon-sri-lankan-fancy-yellow-sapphire-s16252/
S16254,"$2,000","$1,258",1.59 Ct.,7.45,5.54,3.92,Yellow,Intense,Very Slightly Included,Cushion,Mixed Brilliant Cut,No Enhancement,Ceylon (Sri Lanka),https://www.thenaturalsapphirecompany.com/yellow-sapphires/1.59ct-ceylon-sri-lankan-cushion-yellow-sapphire-s16254/
S16255,$630,$900,0.70 Ct.,5.68,5.68,2.57,Orangish Yellow,Intense,Very Slightly Included,Round,Mixed Brilliant Cut,No Enhancement,Ceylon (Sri Lanka),https://www.thenaturalsapphirecompany.com/yellow-sapphires/0.70ct-ceylon-sri-lankan-round-orangish-yellow-sapphire-s16255/
S16256,$564,$600,0.94 Ct.,6.77,5.05,3.24,Yellow,Light,Very Slightly Included,Oval,Mixed Brilliant Cut,No Enhancement,Ceylon (Sri Lanka),https://www.thenaturalsapphirecompany.com/yellow-sapphires/0.94ct-ceylon-sri-lankan-oval-yellow-sapphire-s16256/
S21919,$440,$400,1.10 Ct.,7.36,5.48,3.38,Yellowish Green,Faint,Eye Clean,Oval,Mixed Brilliant Cut,No Enhancement,Ceylon (Sri Lanka),https://www.thenaturalsapphirecompany.com/yellow-sapphires/1.10ct-ceylon-sri-lankan-oval-yellowish-green-sapphire-s21919/
S41485,"$3,536","$1,700",2.08 Ct.,6.19,6.04,5.21,Yellow,Intense,Very Slightly Included,Asscher - Octagon,Asscher Cut,No Enhancement,Ceylon (Sri Lanka),https://www.thenaturalsapphirecompany.com/yellow-sapphires/2.08ct-ceylon-sri-lankan-asscher-octagon-yellow-sapphire-s41485/
S43994,"$1,001",$910,1.10 Ct.,6.11,4.86,3.86,Yellowish Green,Intense,Slightly Included,Cushion,Mixed Brilliant Cut,No Enhancement,Madagascar,https://www.thenaturalsapphirecompany.com/yellow-sapphires/1.10ct-madagascar-cushion-yellowish-green-sapphire-s43994/
S43996,$919,$578,1.59 Ct.,6.46,6.33,4.76,Yellow,Light,Slightly Included,Round,Mixed Brilliant Cut,Heat Treated,Ceylon (Sri Lanka),https://www.thenaturalsapphirecompany.com/yellow-sapphires/1.59ct-ceylon-sri-lankan-round-yellow-sapphire-s43996/
S43999,"$1,200","$1,132",1.06 Ct.,6.13,5.03,3.47,Yellowish Green,Intense,Very Slightly Included,Cushion,Mixed Brilliant Cut,No Enhancement,Madagascar,https://www.thenaturalsapphirecompany.com/yellow-sapphires/1.06ct-madagascar-cushion-yellowish-green-sapphire-s43999/
S44002,$681,$528,1.29 Ct.,6.09,5.5,4.03,Yellow,Light,Slightly Included,Radiant,Radiant Cut,No Enhancement,Ceylon (Sri Lanka),https://www.thenaturalsapphirecompany.com/yellow-sapphires/1.29ct-ceylon-sri-lankan-radiant-yellow-sapphire-s44002/
S44005,$740,$574,1.29 Ct.,7.75,5.17,3.94,Yellow,Light,Slightly Included,Oval,Mixed Brilliant Cut,No Enhancement,Ceylon (Sri Lanka),https://www.thenaturalsapphirecompany.com/yellow-sapphires/1.29ct-ceylon-sri-lankan-oval-yellow-sapphire-s44005/
S44009,$979,$576,1.70 Ct.,7.97,5.83,4.33,Yellow,Light,Slightly Included,Oval,Mixed Brilliant Cut,Heat Treated,Ceylon (Sri Lanka),https://www.thenaturalsapphirecompany.com/yellow-sapphires/1.70ct-ceylon-sri-lankan-oval-yellow-sapphire-s44009/
S44013,$449,$412,1.09 Ct.,6.42,5.49,3.13,Yellow,Light,Very Slightly Included,Asscher - Octagon,Asscher Cut,Heat Treated,Ceylon (Sri Lanka),https://www.thenaturalsapphirecompany.com/yellow-sapphires/1.09ct-ceylon-sri-lankan-asscher-octagon-yellow-sapphire-s44013/
S44015,$86,$239,0.36 Ct.,5.31,3.54,2.64,Yellow,Faint,Very Slightly Included,Pear,Mixed Brilliant Cut,No Enhancement,Ceylon (Sri Lanka),https://www.thenaturalsapphirecompany.com/yellow-sapphires/0.36ct-ceylon-sri-lankan-pear-yellow-sapphire-s44015/
S4402,$552,$800,0.69 Ct.,6.28,4.52,2.87,Yellowish Orange,Intense,Very Slightly Included,Oval,Mixed Brilliant Cut,Heat Treated,Ceylon (Sri Lanka),https://www.thenaturalsapphirecompany.com/yellow-sapphires/0.69ct-ceylon-sri-lankan-oval-yellowish-orange-sapphire-s4402/
S26626,$142,$249,0.57 Ct.,6.04,3.93,2.33,Yellow,Light,Slightly Included,Radiant,Radiant Cut,No Enhancement,Ceylon (Sri Lanka),https://www.thenaturalsapphirecompany.com/yellow-sapphires/0.57ct-ceylon-sri-lankan-radiant-yellow-sapphire-s26626/
S26628,$690,$600,1.15 Ct.,7.31,5.47,3.54,Yellow,Light,Very Very Slightly Included,Oval,Mixed Brilliant Cut,No Enhancement,Ceylon (Sri Lanka),https://www.thenaturalsapphirecompany.com/yellow-sapphires/1.15ct-ceylon-sri-lankan-oval-yellow-sapphire-s26628/
S26639,$470,$270,1.74 Ct.,7.62,6.25,4.15,Orangish Yellow,Intense,Very Very Slightly Included,Cushion,Mixed Brilliant Cut,Heat Treated,Ceylon (Sri Lanka),https://www.thenaturalsapphirecompany.com/yellow-sapphires/1.74ct-ceylon-sri-lankan-cushion-orangish-yellow-sapphire-s26639/
S26645,$584,$400,1.46 Ct.,7.82,5.25,4.36,Yellow,Faint,Very Slightly Included,Pear,Mixed Brilliant Cut,No Enhancement,Ceylon (Sri Lanka),https://www.thenaturalsapphirecompany.com/yellow-sapphires/1.46ct-ceylon-sri-lankan-pear-yellow-sapphire-s26645/
S26646,$575,$500,1.15 Ct.,7.07,5.23,3.7,Yellow,Medium,Very Slightly Included,Oval,Mixed Brilliant Cut,No Enhancement,Ceylon (Sri Lanka),https://www.thenaturalsapphirecompany.com/yellow-sapphires/1.15ct-ceylon-sri-lankan-oval-yellow-sapphire-s26646/
S26647,$140,$200,0.70 Ct.,5.53,4.4,3.46,Yellow,Faint,Slightly Included,Oval,Mixed Brilliant Cut,No Enhancement,Ceylon (Sri Lanka),https://www.thenaturalsapphirecompany.com/yellow-sapphires/0.70ct-ceylon-sri-lankan-oval-yellow-sapphire-s26647/
S26648,$188,$251,0.75 Ct.,6.68,4.84,3.21,Yellow,Light,Very Slightly Included,Pear,Mixed Brilliant Cut,No Enhancement,Ceylon (Sri Lanka),https://www.thenaturalsapphirecompany.com/yellow-sapphires/0.75ct-ceylon-sri-lankan-pear-yellow-sapphire-s26648/
S26649,$190,$250,0.76 Ct.,6.35,4.7,3.14,Yellow,Faint,Very Slightly Included,Oval,Mixed Brilliant Cut,No Enhancement,Ceylon (Sri Lanka),https://www.thenaturalsapphirecompany.com/yellow-sapphires/0.76ct-ceylon-sri-lankan-oval-yellow-sapphire-s26649/
S31144,"$1,980","$1,500",1.32 Ct.,11.05,6.67,3.47,Yellowish Green,Light,Very Very Slightly Included,Fancy,Step Cut,No Enhancement,Montana,https://www.thenaturalsapphirecompany.com/yellow-sapphires/1.32ct-montana-fancy-yellowish-green-sapphire-s31144/
S31145,"$1,320","$1,000",1.32 Ct.,6.8,4.84,3.8,Yellowish Green,Medium,Very Slightly Included,Emerald Cut,Emerald Cut,No Enhancement,Montana,https://www.thenaturalsapphirecompany.com/yellow-sapphires/1.32ct-montana-emerald-cut-yellowish-green-sapphire-s31145/
S35018,$322,$460,0.70 Ct.,5.13,5.02,3.5,Yellowish Green,Intense,Very Slightly Included,Round,Mixed Brilliant Cut,Heat Treated,Madagascar,https://www.thenaturalsapphirecompany.com/yellow-sapphires/0.70ct-madagascar-round-yellowish-green-sapphire-s35018/
S38383,$500,$521,0.96 Ct.,6.43,5.81,2.99,Greenish Yellow,Intense,Eye Clean,Oval,Mixed Brilliant Cut,No Enhancement,Tanzania,https://www.thenaturalsapphirecompany.com/yellow-sapphires/0.96ct-tanzanian-oval-greenish-yellow-sapphire-s38383/
S38387,$300,$366,0.82 Ct.,7.24,4.62,2.68,Yellowish Green,Medium,Very Very Slightly Included,Oval,Mixed Brilliant Cut,No Enhancement,Tanzania,https://www.thenaturalsapphirecompany.com/yellow-sapphires/0.82ct-tanzanian-oval-yellowish-green-sapphire-s38387/
S38683,$800,$494,1.62 Ct.,8.42,5.21,3.58,Orangish Yellow,Intense,Very Very Slightly Included,Emerald Cut,Emerald Cut,Heat Treated,Ceylon (Sri Lanka),https://www.thenaturalsapphirecompany.com/yellow-sapphires/1.62ct-ceylon-sri-lankan-emerald-cut-orangish-yellow-sapphire-s38683/
S35042,$437,$502,0.87 Ct.,6.45,4.31,3.3,Yellowish Brown,Medium,Very Very Slightly Included,Cushion,Mixed Brilliant Cut,No Enhancement,Madagascar,https://www.thenaturalsapphirecompany.com/yellow-sapphires/0.87ct-madagascar-cushion-yellowish-brown-sapphire-s35042/
S35043,$269,$302,0.89 Ct.,7.3,4.24,2.75,Yellowish Green,Intense,Very Slightly Included,Emerald Cut,Emerald Cut,No Enhancement,Madagascar,https://www.thenaturalsapphirecompany.com/yellow-sapphires/0.89ct-madagascar-emerald-cut-yellowish-green-sapphire-s35043/
S16296,"$1,931","$1,296",1.49 Ct.,7.64,5.64,4.45,Greenish Yellow,Intense,Very Slightly Included,Oval,Mixed Brilliant Cut,No Enhancement,Ceylon (Sri Lanka),https://www.thenaturalsapphirecompany.com/yellow-sapphires/1.49ct-ceylon-sri-lankan-oval-greenish-yellow-sapphire-s16296/
S16302,"$3,985","$1,828",2.18 Ct.,8.59,6.4,5.14,Yellowish Green,Dark,Slightly Included,Oval,Mixed Brilliant Cut,No Enhancement,Ceylon (Sri Lanka),https://www.thenaturalsapphirecompany.com/yellow-sapphires/2.18ct-ceylon-sri-lankan-oval-yellowish-green-sapphire-s16302/
S16304,"$1,848","$1,232",1.50 Ct.,7.54,6.04,4.25,Yellowish Green,Intense,Very Slightly Included,Cushion,Mixed Brilliant Cut,No Enhancement,Ceylon (Sri Lanka),https://www.thenaturalsapphirecompany.com/yellow-sapphires/1.50ct-ceylon-sri-lankan-cushion-yellowish-green-sapphire-s16304/
S16305,"$2,468","$1,496",1.65 Ct.,8.92,6.5,4.34,Yellowish Green,Intense,Very Slightly Included,Pear,Mixed Brilliant Cut,No Enhancement,Ceylon (Sri Lanka),https://www.thenaturalsapphirecompany.com/yellow-sapphires/1.65ct-ceylon-sri-lankan-pear-yellowish-green-sapphire-s16305/
S16354,"$1,133","$1,122",1.01 Ct.,6.84,5.8,3.65,Yellowish Green,Light,Very Slightly Included,Cushion,Mixed Brilliant Cut,Heat Treated,Ceylon (Sri Lanka),https://www.thenaturalsapphirecompany.com/yellow-sapphires/1.01ct-ceylon-sri-lankan-cushion-yellowish-green-sapphire-s16354/
S21986,$744,$600,1.24 Ct.,6.42,6.46,3.84,Yellow,Light,Eye Clean,Round,Mixed Brilliant Cut,No Enhancement,Ceylon (Sri Lanka),https://www.thenaturalsapphirecompany.com/yellow-sapphires/1.24ct-ceylon-sri-lankan-round-yellow-sapphire-s21986/
S21987,$822,$600,1.37 Ct.,6.08,6.1,4.36,Yellow,Light,Very Slightly Included,Round,Mixed Brilliant Cut,No Enhancement,Ceylon (Sri Lanka),https://www.thenaturalsapphirecompany.com/yellow-sapphires/1.37ct-ceylon-sri-lankan-round-yellow-sapphire-s21987/
S21990,$840,$600,1.40 Ct.,6.82,6.81,3.96,Yellow,Light,Very Slightly Included,Round,Mixed Brilliant Cut,No Enhancement,Ceylon (Sri Lanka),https://www.thenaturalsapphirecompany.com/yellow-sapphires/1.40ct-ceylon-sri-lankan-round-yellow-sapphire-s21990/
S21992,"$1,116",$600,1.86 Ct.,7.56,7.56,4.65,Yellow,Light,Very Slightly Included,Round,Mixed Brilliant Cut,No Enhancement,Ceylon (Sri Lanka),https://www.thenaturalsapphirecompany.com/yellow-sapphires/1.86ct-ceylon-sri-lankan-round-yellow-sapphire-s21992/
S22033,"$2,043",$900,2.27 Ct.,7.24,7.23,5.31,Yellow,Faint,Very Very Slightly Included,Round,Mixed Brilliant Cut,No Enhancement,Ceylon (Sri Lanka),https://www.thenaturalsapphirecompany.com/yellow-sapphires/2.27ct-ceylon-sri-lankan-round-yellow-sapphire-s22033/
S26831,$801,$900,0.89 Ct.,7.08,5.13,3.14,Yellow,Medium,Very Very Slightly Included,Oval,Mixed Brilliant Cut,Heat Treated,Ceylon (Sri Lanka),https://www.thenaturalsapphirecompany.com/yellow-sapphires/0.89ct-ceylon-sri-lankan-oval-yellow-sapphire-s26831/
S26832,$702,$900,0.78 Ct.,5.24,5.18,3.41,Yellow,Medium,Eye Clean,Cushion,Mixed Brilliant Cut,Heat Treated,Ceylon (Sri Lanka),https://www.thenaturalsapphirecompany.com/yellow-sapphires/0.78ct-ceylon-sri-lankan-cushion-yellow-sapphire-s26832/
S26833,"$1,530","$1,101",1.39 Ct.,8.19,4.54,3.44,Yellow,Medium,Very Slightly Included,Emerald Cut,Emerald Cut,Heat Treated,Ceylon (Sri Lanka),https://www.thenaturalsapphirecompany.com/yellow-sapphires/1.39ct-ceylon-sri-lankan-emerald-cut-yellow-sapphire-s26833/
S26839,"$1,080","$1,200",0.90 Ct.,6.02,5.93,3.74,Yellow,Intense,Very Very Slightly Included,Round,Mixed Brilliant Cut,Heat Treated,Ceylon (Sri Lanka),https://www.thenaturalsapphirecompany.com/yellow-sapphires/0.90ct-ceylon-sri-lankan-round-yellow-sapphire-s26839/
S26840,"$1,450","$1,450",1.00 Ct.,6.18,6.09,3.96,Yellow,Intense,Very Very Slightly Included,Round,Mixed Brilliant Cut,No Enhancement,Ceylon (Sri Lanka),https://www.thenaturalsapphirecompany.com/yellow-sapphires/1.00ct-ceylon-sri-lankan-round-yellow-sapphire-s26840/
S26841,"$1,800","$1,500",1.20 Ct.,6.52,6.44,4.03,Yellow,Medium,Eye Clean,Round,Mixed Brilliant Cut,Heat Treated,Ceylon (Sri Lanka),https://www.thenaturalsapphirecompany.com/yellow-sapphires/1.20ct-ceylon-sri-lankan-round-yellow-sapphire-s26841/
S26842,"$1,840","$1,600",1.15 Ct.,6.61,6.44,3.65,Yellow,Intense,Very Very Slightly Included,Round,Mixed Brilliant Cut,Heat Treated,Ceylon (Sri Lanka),https://www.thenaturalsapphirecompany.com/yellow-sapphires/1.15ct-ceylon-sri-lankan-round-yellow-sapphire-s26842/
S26843,"$3,410","$2,200",1.55 Ct.,6.81,6.75,4.02,Yellow,Intense,Eye Clean,Round,Mixed Brilliant Cut,No Enhancement,Ceylon (Sri Lanka),https://www.thenaturalsapphirecompany.com/yellow-sapphires/1.55ct-ceylon-sri-lankan-round-yellow-sapphire-s26843/
S26844,"$2,355","$1,500",1.57 Ct.,7.19,7.16,4.14,Yellow,Intense,Very Slightly Included,Round,Mixed Brilliant Cut,No Enhancement,Ceylon (Sri Lanka),https://www.thenaturalsapphirecompany.com/yellow-sapphires/1.57ct-ceylon-sri-lankan-round-yellow-sapphire-s26844/
S26845,"$2,873","$1,700",1.69 Ct.,7.03,6.91,4.47,Yellow,Medium,Very Very Slightly Included,Round,Mixed Brilliant Cut,No Enhancement,Ceylon (Sri Lanka),https://www.thenaturalsapphirecompany.com/yellow-sapphires/1.69ct-ceylon-sri-lankan-round-yellow-sapphire-s26845/
S26846,"$3,866","$1,757",2.20 Ct.,7.56,7.47,5.13,Yellow,Medium,Very Very Slightly Included,Round,Mixed Brilliant Cut,No Enhancement,Ceylon (Sri Lanka),https://www.thenaturalsapphirecompany.com/yellow-sapphires/2.20ct-ceylon-sri-lankan-round-yellow-sapphire-s26846/
S26847,"$3,910","$1,700",2.30 Ct.,8.41,8.34,4.27,Yellow,Medium,Very Very Slightly Included,Round,Mixed Brilliant Cut,Heat Treated,Ceylon (Sri Lanka),https://www.thenaturalsapphirecompany.com/yellow-sapphires/2.30ct-ceylon-sri-lankan-round-yellow-sapphire-s26847/
S26852,"$1,793","$1,100",1.63 Ct.,6.88,7.22,4.61,Yellow,Light,Eye Clean,Heart,Mixed Brilliant Cut,No Enhancement,Ceylon (Sri Lanka),https://www.thenaturalsapphirecompany.com/yellow-sapphires/1.63ct-ceylon-sri-lankan-heart-yellow-sapphire-s26852/
S26853,"$36,185","$2,713",13.34 Ct.,14.02,17.41,7.99,Yellow,Vivid,Eye Clean,Heart,Mixed Brilliant Cut,Heat Treated,Ceylon (Sri Lanka),https://www.thenaturalsapphirecompany.com/yellow-sapphires/13.34ct-ceylon-sri-lankan-heart-yellow-sapphire-s26853/
S26886,$968,$800,1.21 Ct.,6.21,6.22,4.14,Yellow,Medium,Very Very Slightly Included,Round,Mixed Brilliant Cut,No Enhancement,Ceylon (Sri Lanka),https://www.thenaturalsapphirecompany.com/yellow-sapphires/1.21ct-ceylon-sri-lankan-round-yellow-sapphire-s26886/
S26891,$904,$800,1.13 Ct.,6.43,5.09,4.09,Orangish Yellow,Vivid,Very Slightly Included,Cushion,Mixed Brilliant Cut,Heat Treated,Ceylon (Sri Lanka),https://www.thenaturalsapphirecompany.com/yellow-sapphires/1.13ct-ceylon-sri-lankan-cushion-orangish-yellow-sapphire-s26891/
S31337,$232,$135,1.72 Ct.,6.68,5.94,4.94,Yellow,Light,Very Very Slightly Included,Oval,Mixed Brilliant Cut,No Enhancement,Ceylon (Sri Lanka),https://www.thenaturalsapphirecompany.com/yellow-sapphires/1.72ct-ceylon-sri-lankan-oval-yellow-sapphire-s31337/
S31340,$598,$340,1.76 Ct.,6.38,5.3,5.29,Orangish Yellow,Medium,Very Very Slightly Included,Cushion,Mixed Brilliant Cut,No Enhancement,Ceylon (Sri Lanka),https://www.thenaturalsapphirecompany.com/yellow-sapphires/1.76ct-ceylon-sri-lankan-cushion-orangish-yellow-sapphire-s31340/
S31343,$200,$144,1.39 Ct.,8.88,5.45,3.7,Yellow,Medium,Slightly Included,Pear,Mixed Brilliant Cut,No Enhancement,Ceylon (Sri Lanka),https://www.thenaturalsapphirecompany.com/yellow-sapphires/1.39ct-ceylon-sri-lankan-pear-yellow-sapphire-s31343/
S31346,$180,$150,1.20 Ct.,6.39,5.72,3.78,Yellow,Medium,Slightly Included,Cushion,Mixed Brilliant Cut,No Enhancement,Ceylon (Sri Lanka),https://www.thenaturalsapphirecompany.com/yellow-sapphires/1.20ct-ceylon-sri-lankan-cushion-yellow-sapphire-s31346/
S31347,$146,$114,1.28 Ct.,6.23,5.97,3.58,Yellow,Faint,Very Slightly Included,Cushion,Mixed Brilliant Cut,No Enhancement,Ceylon (Sri Lanka),https://www.thenaturalsapphirecompany.com/yellow-sapphires/1.28ct-ceylon-sri-lankan-cushion-yellow-sapphire-s31347/
S31348,$120,$160,0.75 Ct.,6.18,4.15,3.03,Yellow,Faint,Very Slightly Included,Radiant,Radiant Cut,No Enhancement,Ceylon (Sri Lanka),https://www.thenaturalsapphirecompany.com/yellow-sapphires/0.75ct-ceylon-sri-lankan-radiant-yellow-sapphire-s31348/
S31349,$174,$150,1.16 Ct.,7.29,5.93,3.01,Yellow,Light,Very Very Slightly Included,Oval,Mixed Brilliant Cut,No Enhancement,Ceylon (Sri Lanka),https://www.thenaturalsapphirecompany.com/yellow-sapphires/1.16ct-ceylon-sri-lankan-oval-yellow-sapphire-s31349/
S31351,$200,$194,1.03 Ct.,6.88,5.33,3.39,Yellow,Medium,Slightly Included,Oval,Mixed Brilliant Cut,No Enhancement,Ceylon (Sri Lanka),https://www.thenaturalsapphirecompany.com/yellow-sapphires/1.03ct-ceylon-sri-lankan-oval-yellow-sapphire-s31351/
S31353,$94,$134,0.70 Ct.,5.13,4.57,3.09,Yellow,Faint,Very Very Slightly Included,Emerald Cut,Emerald Cut,No Enhancement,Ceylon (Sri Lanka),https://www.thenaturalsapphirecompany.com/yellow-sapphires/0.70ct-ceylon-sri-lankan-emerald-cut-yellow-sapphire-s31353/
S31356,$224,$190,1.18 Ct.,6.15,6.12,3.45,Orangish Yellow,Vivid,Very Slightly Included,Cushion,Mixed Brilliant Cut,Lattice Diffused,Ceylon (Sri Lanka),https://www.thenaturalsapphirecompany.com/yellow-sapphires/1.18ct-ceylon-sri-lankan-cushion-orangish-yellow-sapphire-s31356/
S31357,$203,$190,1.07 Ct.,6.93,4.9,2.94,Orangish Yellow,Intense,Very Slightly Included,Emerald Cut,Emerald Cut,Lattice Diffused,Ceylon (Sri Lanka),https://www.thenaturalsapphirecompany.com/yellow-sapphires/1.07ct-ceylon-sri-lankan-emerald-cut-orangish-yellow-sapphire-s31357/
S31358,$180,$189,0.95 Ct.,6.91,4.93,3.03,Orangish Yellow,Intense,Very Slightly Included,Radiant,Radiant Cut,Lattice Diffused,Ceylon (Sri Lanka),https://www.thenaturalsapphirecompany.com/yellow-sapphires/0.95ct-ceylon-sri-lankan-radiant-orangish-yellow-sapphire-s31358/
S31360,$192,$190,1.01 Ct.,6.06,5.07,3.6,Orangish Yellow,Intense,Very Very Slightly Included,Radiant,Radiant Cut,Lattice Diffused,Ceylon (Sri Lanka),https://www.thenaturalsapphirecompany.com/yellow-sapphires/1.01ct-ceylon-sri-lankan-radiant-orangish-yellow-sapphire-s31360/
S31361,$218,$190,1.15 Ct.,7.12,4.96,3.49,Orangish Yellow,Intense,Very Slightly Included,Radiant,Radiant Cut,Lattice Diffused,Ceylon (Sri Lanka),https://www.thenaturalsapphirecompany.com/yellow-sapphires/1.15ct-ceylon-sri-lankan-radiant-orangish-yellow-sapphire-s31361/
S31363,$215,$190,1.13 Ct.,7.1,5.07,3.07,Yellow,Intense,Very Very Slightly Included,Emerald Cut,Emerald Cut,Lattice Diffused,Ceylon (Sri Lanka),https://www.thenaturalsapphirecompany.com/yellow-sapphires/1.13ct-ceylon-sri-lankan-emerald-cut-yellow-sapphire-s31363/
S31364,$222,$190,1.17 Ct.,6.42,5.07,3.92,Yellowish Brown,Medium,Very Slightly Included,Radiant,Radiant Cut,Lattice Diffused,Ceylon (Sri Lanka),https://www.thenaturalsapphirecompany.com/yellow-sapphires/1.17ct-ceylon-sri-lankan-radiant-yellowish-brown-sapphire-s31364/
S31365,$220,$190,1.16 Ct.,6.96,5.07,3.31,Orangish Yellow,Vivid,Very Slightly Included,Radiant,Radiant Cut,Lattice Diffused,Ceylon (Sri Lanka),https://www.thenaturalsapphirecompany.com/yellow-sapphires/1.16ct-ceylon-sri-lankan-radiant-orangish-yellow-sapphire-s31365/
S31366,$236,$190,1.24 Ct.,6.08,6.04,3.86,Orangish Yellow,Intense,Very Slightly Included,Radiant,Radiant Cut,Lattice Diffused,Ceylon (Sri Lanka),https://www.thenaturalsapphirecompany.com/yellow-sapphires/1.24ct-ceylon-sri-lankan-radiant-orangish-yellow-sapphire-s31366/
S31368,$224,$190,1.18 Ct.,6.93,5.06,3.26,Orangish Yellow,Intense,Very Very Slightly Included,Emerald Cut,Emerald Cut,Lattice Diffused,Ceylon (Sri Lanka),https://www.thenaturalsapphirecompany.com/yellow-sapphires/1.18ct-ceylon-sri-lankan-emerald-cut-orangish-yellow-sapphire-s31368/
S31369,$196,$190,1.03 Ct.,6.94,4.99,2.86,Yellow,Vivid,Very Slightly Included,Emerald Cut,Emerald Cut,Lattice Diffused,Ceylon (Sri Lanka),https://www.thenaturalsapphirecompany.com/yellow-sapphires/1.03ct-ceylon-sri-lankan-emerald-cut-yellow-sapphire-s31369/
S26892,$800,$800,1.00 Ct.,7.26,4.2,3.37,Yellow,Intense,Very Slightly Included,Radiant,Radiant Cut,Heat Treated,Ceylon (Sri Lanka),https://www.thenaturalsapphirecompany.com/yellow-sapphires/1.00ct-ceylon-sri-lankan-radiant-yellow-sapphire-s26892/
S26906,$100,$192,0.52 Ct.,5.14,4.18,3.07,Yellowish Green,Light,Eye Clean,Oval,Mixed Brilliant Cut,No Enhancement,Ceylon (Sri Lanka),https://www.thenaturalsapphirecompany.com/yellow-sapphires/0.52ct-ceylon-sri-lankan-oval-yellowish-green-sapphire-s26906/
S10811,"$3,598","$1,400",2.57 Ct.,7.92,9.8,4.75,Yellow,Medium,Very Slightly Included,Fancy,Step Cut,Heat Treated,Ceylon (Sri Lanka),https://www.thenaturalsapphirecompany.com/yellow-sapphires/2.57ct-ceylon-sri-lankan-fancy-yellow-sapphire-s10811/
S16529,$440,$800,0.55 Ct.,4.92,4.92,3.07,Yellow,Medium,Very Slightly Included,Round,Mixed Brilliant Cut,Heat Treated,Montana,https://www.thenaturalsapphirecompany.com/yellow-sapphires/0.55ct-montana-round-yellow-sapphire-s16529/
S16532,$680,$800,0.85 Ct.,5.65,5.65,3.69,Yellow,Medium,Very Slightly Included,Round,Mixed Brilliant Cut,Heat Treated,Montana,https://www.thenaturalsapphirecompany.com/yellow-sapphires/0.85ct-montana-round-yellow-sapphire-s16532/
S22097,"$10,341","$1,870",5.53 Ct.,10.26,9.6,5.81,Yellow,Vivid,Very Slightly Included,Radiant,Radiant Cut,Heat Treated,Ceylon (Sri Lanka),https://www.thenaturalsapphirecompany.com/yellow-sapphires/5.53ct-ceylon-sri-lankan-radiant-yellow-sapphire-s22097/
S22098,"$15,727","$2,465",6.38 Ct.,10.61,9.73,6.24,Yellow,Medium,Very Slightly Included,Radiant,Radiant Cut,No Enhancement,Ceylon (Sri Lanka),https://www.thenaturalsapphirecompany.com/yellow-sapphires/6.38ct-ceylon-sri-lankan-radiant-yellow-sapphire-s22098/
S22099,"$18,454","$2,640",6.99 Ct.,11.01,10.94,6.43,Yellow,Intense,Very Slightly Included,Radiant,Radiant Cut,No Enhancement,Ceylon (Sri Lanka),https://www.thenaturalsapphirecompany.com/yellow-sapphires/6.99ct-ceylon-sri-lankan-radiant-yellow-sapphire-s22099/
S22101,"$14,569","$1,700",8.57 Ct.,11.64,9.35,8.41,Yellow,Intense,Very Very Slightly Included,Cushion,Mixed Brilliant Cut,No Enhancement,Ceylon (Sri Lanka),https://www.thenaturalsapphirecompany.com/yellow-sapphires/8.57ct-ceylon-sri-lankan-cushion-yellow-sapphire-s22101/
S22102,"$24,111","$2,888",8.35 Ct.,11.38,10.85,7.76,Yellow,Intense,Very Slightly Included,Cushion,Mixed Brilliant Cut,No Enhancement,Ceylon (Sri Lanka),https://www.thenaturalsapphirecompany.com/yellow-sapphires/8.35ct-ceylon-sri-lankan-cushion-yellow-sapphire-s22102/
S22104,"$18,364","$2,310",7.95 Ct.,11.07,10.85,7.71,Orangish Yellow,Medium,Very Slightly Included,Cushion,Mixed Brilliant Cut,No Enhancement,Ceylon (Sri Lanka),https://www.thenaturalsapphirecompany.com/yellow-sapphires/7.95ct-ceylon-sri-lankan-cushion-orangish-yellow-sapphire-s22104/
S18333,$708,$300,2.36 Ct.,9.38,6.85,3.96,Yellow,Faint,Very Slightly Included,Cushion,Mixed Brilliant Cut,No Enhancement,Ceylon (Sri Lanka),https://www.thenaturalsapphirecompany.com/yellow-sapphires/2.36ct-ceylon-sri-lankan-cushion-yellow-sapphire-s18333/
S22114,"$83,426","$2,860",29.17 Ct.,18.88,14.99,10.98,Yellow,Intense,Very Slightly Included,Cushion,Mixed Brilliant Cut,No Enhancement,Ceylon (Sri Lanka),https://www.thenaturalsapphirecompany.com/yellow-sapphires/29.17ct-ceylon-sri-lankan-cushion-yellow-sapphire-s22114/
S22186,"$3,553","$1,100",3.23 Ct.,8.52,8.56,5.47,Yellowish Orange,Vivid,Slightly Included,Round,Mixed Brilliant Cut,No Enhancement,East Africa,https://www.thenaturalsapphirecompany.com/yellow-sapphires/3.23ct-east-african-round-yellowish-orange-sapphire-s22186/
S26936,$400,$377,1.06 Ct.,7.56,5.16,3.44,Yellow,Intense,Very Very Slightly Included,Pear,Mixed Brilliant Cut,No Enhancement,Ceylon (Sri Lanka),https://www.thenaturalsapphirecompany.com/yellow-sapphires/1.06ct-ceylon-sri-lankan-pear-yellow-sapphire-s26936/
S26938,$140,$255,0.55 Ct.,5.11,4.21,3.13,Yellow,Medium,Eye Clean,Oval,Mixed Brilliant Cut,No Enhancement,Ceylon (Sri Lanka),https://www.thenaturalsapphirecompany.com/yellow-sapphires/0.55ct-ceylon-sri-lankan-oval-yellow-sapphire-s26938/
S26939,$140,$246,0.57 Ct.,4.5,4.43,3.2,Yellow,Light,Eye Clean,Asscher - Octagon,Asscher Cut,No Enhancement,Ceylon (Sri Lanka),https://www.thenaturalsapphirecompany.com/yellow-sapphires/0.57ct-ceylon-sri-lankan-asscher-octagon-yellow-sapphire-s26939/
S26940,$140,$200,0.70 Ct.,5.06,5.06,3.25,Yellow,Light,Eye Clean,Cushion,Mixed Brilliant Cut,No Enhancement,Ceylon (Sri Lanka),https://www.thenaturalsapphirecompany.com/yellow-sapphires/0.70ct-ceylon-sri-lankan-cushion-yellow-sapphire-s26940/
S26941,$300,$400,0.75 Ct.,5.13,5.11,3.17,Yellow,Medium,Slightly Included,Cushion,Mixed Brilliant Cut,No Enhancement,Ceylon (Sri Lanka),https://www.thenaturalsapphirecompany.com/yellow-sapphires/0.75ct-ceylon-sri-lankan-cushion-yellow-sapphire-s26941/
S26943,$400,$385,1.04 Ct.,5.96,5.92,3.81,Yellow,Medium,Very Very Slightly Included,Heart,Mixed Brilliant Cut,No Enhancement,Ceylon (Sri Lanka),https://www.thenaturalsapphirecompany.com/yellow-sapphires/1.04ct-ceylon-sri-lankan-heart-yellow-sapphire-s26943/
S31409,$205,$190,1.08 Ct.,7.01,4.86,3.15,Orangish Yellow,Vivid,Very Very Slightly Included,Emerald Cut,Emerald Cut,Lattice Diffused,Ceylon (Sri Lanka),https://www.thenaturalsapphirecompany.com/yellow-sapphires/1.08ct-ceylon-sri-lankan-emerald-cut-orangish-yellow-sapphire-s31409/
S31410,$182,$190,0.96 Ct.,6.05,4.94,3.69,Yellow,Intense,Very Very Slightly Included,Radiant,Radiant Cut,Lattice Diffused,Ceylon (Sri Lanka),https://www.thenaturalsapphirecompany.com/yellow-sapphires/0.96ct-ceylon-sri-lankan-radiant-yellow-sapphire-s31410/
S31411,$285,$190,1.50 Ct.,7.39,7.6,3.89,Yellow,Medium,Very Very Slightly Included,Trillion,Trillion Cut,Lattice Diffused,Ceylon (Sri Lanka),https://www.thenaturalsapphirecompany.com/yellow-sapphires/1.50ct-ceylon-sri-lankan-trillion-yellow-sapphire-s31411/
S31412,$272,$190,1.43 Ct.,7.86,5.87,3.65,Yellow,Intense,Very Very Slightly Included,Oval,Mixed Brilliant Cut,Lattice Diffused,Ceylon (Sri Lanka),https://www.thenaturalsapphirecompany.com/yellow-sapphires/1.43ct-ceylon-sri-lankan-oval-yellow-sapphire-s31412/
S31413,$285,$190,1.50 Ct.,7.94,5.62,3.72,Yellow,Vivid,Very Very Slightly Included,Radiant,Radiant Cut,Lattice Diffused,Ceylon (Sri Lanka),https://www.thenaturalsapphirecompany.com/yellow-sapphires/1.50ct-ceylon-sri-lankan-radiant-yellow-sapphire-s31413/
S31414,$302,$190,1.59 Ct.,7.56,5.81,4.07,Yellow,Vivid,Very Slightly Included,Radiant,Radiant Cut,Lattice Diffused,Ceylon (Sri Lanka),https://www.thenaturalsapphirecompany.com/yellow-sapphires/1.59ct-ceylon-sri-lankan-radiant-yellow-sapphire-s31414/
S31415,$331,$190,1.74 Ct.,6.6,6.59,4.13,Orangish Yellow,Vivid,Slightly Included,Cushion,Mixed Brilliant Cut,Lattice Diffused,Ceylon (Sri Lanka),https://www.thenaturalsapphirecompany.com/yellow-sapphires/1.74ct-ceylon-sri-lankan-cushion-orangish-yellow-sapphire-s31415/
S31416,$298,$190,1.57 Ct.,8.06,6.09,3.65,Yellow,Intense,Very Slightly Included,Oval,Mixed Brilliant Cut,Lattice Diffused,Ceylon (Sri Lanka),https://www.thenaturalsapphirecompany.com/yellow-sapphires/1.57ct-ceylon-sri-lankan-oval-yellow-sapphire-s31416/
S31417,$289,$190,1.52 Ct.,6.67,6.03,3.76,Yellow,Intense,Eye Clean,Radiant,Radiant Cut,Lattice Diffused,Ceylon (Sri Lanka),https://www.thenaturalsapphirecompany.com/yellow-sapphires/1.52ct-ceylon-sri-lankan-radiant-yellow-sapphire-s31417/
S31420,$215,$190,1.13 Ct.,6.03,5.99,3.36,Yellowish Orange,Intense,Very Slightly Included,Princess,Princess Cut,Lattice Diffused,Ceylon (Sri Lanka),https://www.thenaturalsapphirecompany.com/yellow-sapphires/1.13ct-ceylon-sri-lankan-princess-yellowish-orange-sapphire-s31420/
S31421,$190,$190,1.00 Ct.,5.88,5.86,3.28,Yellowish Orange,Intense,Very Very Slightly Included,Princess,Princess Cut,Lattice Diffused,Ceylon (Sri Lanka),https://www.thenaturalsapphirecompany.com/yellow-sapphires/1.00ct-ceylon-sri-lankan-princess-yellowish-orange-sapphire-s31421/
S31422,$266,$190,1.40 Ct.,6.5,6.44,3.69,Orangish Yellow,Vivid,Very Very Slightly Included,Cushion,Mixed Brilliant Cut,Lattice Diffused,Ceylon (Sri Lanka),https://www.thenaturalsapphirecompany.com/yellow-sapphires/1.40ct-ceylon-sri-lankan-cushion-orangish-yellow-sapphire-s31422/
S31424,$230,$190,1.21 Ct.,7.13,5.1,3.19,Yellow,Intense,Very Very Slightly Included,Emerald Cut,Emerald Cut,Lattice Diffused,Ceylon (Sri Lanka),https://www.thenaturalsapphirecompany.com/yellow-sapphires/1.21ct-ceylon-sri-lankan-emerald-cut-yellow-sapphire-s31424/
S31425,$327,$190,1.72 Ct.,7.06,7.06,4.57,Yellowish Orange,Intense,Very Very Slightly Included,Round,Mixed Brilliant Cut,Lattice Diffused,Ceylon (Sri Lanka),https://www.thenaturalsapphirecompany.com/yellow-sapphires/1.72ct-ceylon-sri-lankan-round-yellowish-orange-sapphire-s31425/
S31426,$348,$190,1.83 Ct.,7.79,5.98,4.48,Yellow,Intense,Very Very Slightly Included,Oval,Mixed Brilliant Cut,Lattice Diffused,Ceylon (Sri Lanka),https://www.thenaturalsapphirecompany.com/yellow-sapphires/1.83ct-ceylon-sri-lankan-oval-yellow-sapphire-s31426/
S31427,$260,$190,1.37 Ct.,6.61,6.59,3.29,Orangish Yellow,Vivid,Eye Clean,Cushion,Mixed Brilliant Cut,Lattice Diffused,Ceylon (Sri Lanka),https://www.thenaturalsapphirecompany.com/yellow-sapphires/1.37ct-ceylon-sri-lankan-cushion-orangish-yellow-sapphire-s31427/
S31429,$266,$190,1.40 Ct.,6.26,6.23,3.55,Yellowish Orange,Intense,Very Very Slightly Included,Princess,Princess Cut,Lattice Diffused,Ceylon (Sri Lanka),https://www.thenaturalsapphirecompany.com/yellow-sapphires/1.40ct-ceylon-sri-lankan-princess-yellowish-orange-sapphire-s31429/
S31430,$253,$190,1.33 Ct.,8,5.98,3.36,Orangish Yellow,Intense,Very Very Slightly Included,Oval,Mixed Brilliant Cut,Lattice Diffused,Ceylon (Sri Lanka),https://www.thenaturalsapphirecompany.com/yellow-sapphires/1.33ct-ceylon-sri-lankan-oval-orangish-yellow-sapphire-s31430/
S31431,$312,$190,1.64 Ct.,8.78,6.72,3.65,Orangish Yellow,Intense,Very Very Slightly Included,Pear,Mixed Brilliant Cut,Lattice Diffused,Ceylon (Sri Lanka),https://www.thenaturalsapphirecompany.com/yellow-sapphires/1.64ct-ceylon-sri-lankan-pear-orangish-yellow-sapphire-s31431/
S35240,"$3,060","$1,500",2.04 Ct.,8,6.71,4.02,Yellowish Green,Intense,Very Slightly Included,Emerald Cut,Emerald Cut,No Enhancement,Ceylon (Sri Lanka),https://www.thenaturalsapphirecompany.com/yellow-sapphires/2.04ct-ceylon-sri-lankan-emerald-cut-yellowish-green-sapphire-s35240/
S6527,$665,$500,1.33 Ct.,10.79,4.63,3.41,Yellow,Medium,Eye Clean,Marquise,Mixed Brilliant Cut,No Enhancement,Ceylon (Sri Lanka),https://www.thenaturalsapphirecompany.com/yellow-sapphires/1.33ct-ceylon-sri-lankan-marquise-yellow-sapphire-s6527/
S6568,$780,$600,1.30 Ct.,6.99,7.47,3.5,Yellowish Green,Light,Very Slightly Included,Fancy,Step Cut,Heat Treated,Ceylon (Sri Lanka),https://www.thenaturalsapphirecompany.com/yellow-sapphires/1.30ct-ceylon-sri-lankan-fancy-yellowish-green-sapphire-s6568/
S6570,$715,$500,1.43 Ct.,7.24,5.27,3.8,Yellowish Green,Medium,Slightly Included,Cushion,Mixed Brilliant Cut,Heat Treated,Ceylon (Sri Lanka),https://www.thenaturalsapphirecompany.com/yellow-sapphires/1.43ct-ceylon-sri-lankan-cushion-yellowish-green-sapphire-s6570/
U5919,$491,$353,1.39 Ct.,6.55,6.45,4.09,Yellowish Orange,Vivid,Very Slightly Included,Cushion,Mixed Brilliant Cut,Heat Treated,Ceylon (Sri Lanka),https://www.thenaturalsapphirecompany.com/yellow-sapphires/1.39ct-ceylon-sri-lankan-cushion-yellowish-orange-sapphire-u5919/
U5940,$374,$550,0.68 Ct.,5.35,4.99,3.34,Orangish Yellow,Vivid,Very Slightly Included,Cushion,Mixed Brilliant Cut,Heat Treated,Ceylon (Sri Lanka),https://www.thenaturalsapphirecompany.com/yellow-sapphires/0.68ct-ceylon-sri-lankan-cushion-orangish-yellow-sapphire-u5940/
U5942,$721,$700,1.03 Ct.,7,4.97,3.22,Orangish Yellow,Vivid,Eye Clean,Radiant,Radiant Cut,Heat Treated,Ceylon (Sri Lanka),https://www.thenaturalsapphirecompany.com/yellow-sapphires/1.03ct-ceylon-sri-lankan-radiant-orangish-yellow-sapphire-u5942/
U5951,$518,$450,1.15 Ct.,7.1,5.06,3.65,Orangish Yellow,Intense,Very Slightly Included,Radiant,Radiant Cut,Heat Treated,Ceylon (Sri Lanka),https://www.thenaturalsapphirecompany.com/yellow-sapphires/1.15ct-ceylon-sri-lankan-radiant-orangish-yellow-sapphire-u5951/
U5958,$728,$650,1.12 Ct.,6.04,5.94,3.87,Orangish Yellow,Vivid,Very Slightly Included,Cushion,Mixed Brilliant Cut,Heat Treated,Ceylon (Sri Lanka),https://www.thenaturalsapphirecompany.com/yellow-sapphires/1.12ct-ceylon-sri-lankan-cushion-orangish-yellow-sapphire-u5958/
U5959,$143,$251,0.57 Ct.,5.1,4.5,3.1,Orangish Yellow,Vivid,Very Slightly Included,Cushion,Mixed Brilliant Cut,Heat Treated,Ceylon (Sri Lanka),https://www.thenaturalsapphirecompany.com/yellow-sapphires/0.57ct-ceylon-sri-lankan-cushion-orangish-yellow-sapphire-u5959/
U5961,$806,$650,1.24 Ct.,7,5,4,Orangish Yellow,Intense,Eye Clean,Radiant,Radiant Cut,Heat Treated,Ceylon (Sri Lanka),https://www.thenaturalsapphirecompany.com/yellow-sapphires/1.24ct-ceylon-sri-lankan-radiant-orangish-yellow-sapphire-u5961/
U5962,$272,$400,0.68 Ct.,6.02,4.09,3.03,Orangish Yellow,Intense,Very Slightly Included,Radiant,Radiant Cut,Heat Treated,Ceylon (Sri Lanka),https://www.thenaturalsapphirecompany.com/yellow-sapphires/0.68ct-ceylon-sri-lankan-radiant-orangish-yellow-sapphire-u5962/
U5963,$390,$325,1.20 Ct.,6.9,5.02,3.74,Orangish Yellow,Intense,Eye Clean,Radiant,Radiant Cut,Heat Treated,Ceylon (Sri Lanka),https://www.thenaturalsapphirecompany.com/yellow-sapphires/1.20ct-ceylon-sri-lankan-radiant-orangish-yellow-sapphire-u5963/
U5965,$743,$751,0.99 Ct.,6.03,6.03,3.47,Orangish Yellow,Intense,Eye Clean,Cushion,Mixed Brilliant Cut,Heat Treated,Ceylon (Sri Lanka),https://www.thenaturalsapphirecompany.com/yellow-sapphires/0.99ct-ceylon-sri-lankan-cushion-orangish-yellow-sapphire-u5965/
U6043,$552,$400,1.38 Ct.,6.6,6.48,4.17,Yellowish Green,Intense,Very Slightly Included,Cushion,Mixed Brilliant Cut,No Enhancement,Ceylon (Sri Lanka),https://www.thenaturalsapphirecompany.com/yellow-sapphires/1.38ct-ceylon-sri-lankan-cushion-yellowish-green-sapphire-u6043/
U6070,$593,$751,0.79 Ct.,5.49,5.44,3.7,Yellowish Brown,Intense,Very Slightly Included,Round,Brilliant Cut,No Enhancement,Ceylon (Sri Lanka),https://www.thenaturalsapphirecompany.com/yellow-sapphires/0.79ct-ceylon-sri-lankan-round-yellowish-brown-sapphire-u6070/
U6265,$556,$400,1.39 Ct.,7.52,7.39,5.2,Yellow,Light,Very Slightly Included,Round,Mixed Brilliant Cut,No Enhancement,Ceylon (Sri Lanka),https://www.thenaturalsapphirecompany.com/yellow-sapphires/1.39ct-ceylon-sri-lankan-round-yellow-sapphire-u6265/
S46773,$700,$446,1.57 Ct.,7.16,5.86,4.69,Yellow,Intense,Very Very Slightly Included,Oval,Mixed Brilliant Cut,Heat Treated,Ceylon (Sri Lanka),https://www.thenaturalsapphirecompany.com/yellow-sapphires/1.57ct-ceylon-sri-lankan-oval-yellow-sapphire-s46773/
S46772,$700,$530,1.32 Ct.,8.04,5.29,4.36,Yellow,Intense,Eye Clean,Pear,Mixed Brilliant Cut,Heat Treated,Ceylon (Sri Lanka),https://www.thenaturalsapphirecompany.com/yellow-sapphires/1.32ct-ceylon-sri-lankan-pear-yellow-sapphire-s46772/
S41576,"$4,596","$2,231",2.06 Ct.,6.95,6.71,4.87,Orangish Yellow,Intense,Eye Clean,Asscher - Octagon,Asscher Cut,Heat Treated,Ceylon (Sri Lanka),https://www.thenaturalsapphirecompany.com/yellow-sapphires/2.06ct-ceylon-sri-lankan-asscher-octagon-orangish-yellow-sapphire-s41576/
S38990,"$1,278",$600,2.13 Ct.,8.63,7.04,5.1,Greenish Yellow,Intense,Very Very Slightly Included,Pear,Mixed Brilliant Cut,No Enhancement,Ceylon (Sri Lanka),https://www.thenaturalsapphirecompany.com/yellow-sapphires/2.13ct-ceylon-sri-lankan-pear-greenish-yellow-sapphire-s38990/
S18064,"$1,300",$616,2.11 Ct.,9.5,6.37,4.43,Yellow,Intense,Very Slightly Included,Pear,Mixed Brilliant Cut,Heat Treated,Ceylon (Sri Lanka),https://www.thenaturalsapphirecompany.com/yellow-sapphires/2.11ct-ceylon-sri-lankan-pear-yellow-sapphire-s18064/
S18059,"$1,725",$858,2.01 Ct.,8.22,7.12,4.23,Yellowish Orange,Intense,Eye Clean,Oval,Mixed Brilliant Cut,Heat Treated,Ceylon (Sri Lanka),https://www.thenaturalsapphirecompany.com/yellow-sapphires/2.01ct-ceylon-sri-lankan-oval-yellowish-orange-sapphire-s18059/
S18060,"$1,801",$870,2.07 Ct.,7.67,5.31,5.26,Yellowish Orange,Intense,Very Slightly Included,Radiant,Radiant Cut,Heat Treated,Ceylon (Sri Lanka),https://www.thenaturalsapphirecompany.com/yellow-sapphires/2.07ct-ceylon-sri-lankan-radiant-yellowish-orange-sapphire-s18060/
S18061,"$1,399",$828,1.69 Ct.,8.01,6.1,4.29,Yellow,Intense,Very Slightly Included,Oval,Mixed Brilliant Cut,Heat Treated,Ceylon (Sri Lanka),https://www.thenaturalsapphirecompany.com/yellow-sapphires/1.69ct-ceylon-sri-lankan-oval-yellow-sapphire-s18061/
S47369,$180,$300,0.60 Ct.,5.89,3.87,2.83,Greenish Yellow,Intense,Slightly Included,Emerald Cut,Emerald Cut,No Enhancement,Ceylon (Sri Lanka),https://www.thenaturalsapphirecompany.com/yellow-sapphires/0.60ct-ceylon-sri-lankan-emerald-cut-greenish-yellow-sapphire-s47369/
S39999,$400,$284,1.41 Ct.,7.86,5.52,3.66,Yellowish Green,Intense,Very Slightly Included,Oval,Mixed Brilliant Cut,No Enhancement,Tanzania,https://www.thenaturalsapphirecompany.com/yellow-sapphires/1.41ct-tanzanian-oval-yellowish-green-sapphire-s39999/
S48021,"$1,002",$396,2.53 Ct.,7.26,6.44,5.36,Yellow,Light,Very Slightly Included,Asscher - Octagon,Asscher Cut,Heat Treated,Ceylon (Sri Lanka),https://www.thenaturalsapphirecompany.com/yellow-sapphires/2.53ct-ceylon-sri-lankan-asscher-octagon-yellow-sapphire-s48021/
S47006,$400,$381,1.05 Ct.,6.82,5.43,3.33,Yellow,Intense,Slightly Included,Oval,Mixed Brilliant Cut,Heat Treated,Ceylon (Sri Lanka),https://www.thenaturalsapphirecompany.com/yellow-sapphires/1.05ct-ceylon-sri-lankan-oval-yellow-sapphire-s47006/
S23276,"$10,961","$1,353",8.10 Ct.,11.15,9.98,7.42,Yellowish Green,Dark,Eye Clean,Emerald Cut,Emerald Cut,Heat Treated,Africa,https://www.thenaturalsapphirecompany.com/yellow-sapphires/8.10ct-african-emerald-cut-yellowish-green-sapphire-s23276/
S32475,$800,$777,1.03 Ct.,6.82,5.47,3.45,Yellowish Green,Intense,Very Slightly Included,Oval,Mixed Brilliant Cut,Heat Treated,Madagascar,https://www.thenaturalsapphirecompany.com/yellow-sapphires/1.03ct-madagascar-oval-yellowish-green-sapphire-s32475/
S3248,$303,$300,1.01 Ct.,6.79,4.92,3.36,Yellow,Light,Slightly Included,Emerald Cut,Emerald Cut,No Enhancement,Ceylon (Sri Lanka),https://www.thenaturalsapphirecompany.com/yellow-sapphires/1.01ct-ceylon-sri-lankan-emerald-cut-yellow-sapphire-s3248/
S3249,$202,$200,1.01 Ct.,6.68,4.71,3.59,Yellow,Light,Very Slightly Included,Emerald Cut,Emerald Cut,No Enhancement,Ceylon (Sri Lanka),https://www.thenaturalsapphirecompany.com/yellow-sapphires/1.01ct-ceylon-sri-lankan-emerald-cut-yellow-sapphire-s3249/
S36295,$620,$292,2.12 Ct.,9.99,7,3.75,Yellow,Light,Slightly Included,Fancy,Step Cut,No Enhancement,Ceylon (Sri Lanka),https://www.thenaturalsapphirecompany.com/yellow-sapphires/2.12ct-ceylon-sri-lankan-fancy-yellow-white-opal-s36295/
S36296,$320,$234,1.37 Ct.,8.11,6.56,3.52,Yellow,Intense,Slightly Included,Fancy,Step Cut,No Enhancement,Ceylon (Sri Lanka),https://www.thenaturalsapphirecompany.com/yellow-sapphires/1.37ct-ceylon-sri-lankan-fancy-yellow-white-opal-s36296/
S39484,$600,$545,1.10 Ct.,5.71,5.34,3.75,Yellowish Green,Intense,Very Very Slightly Included,Asscher - Octagon,Asscher Cut,No Enhancement,Madagascar,https://www.thenaturalsapphirecompany.com/yellow-sapphires/1.10ct-madagascar-asscher-octagon-yellowish-green-sapphire-s39484/
S39530,"$1,806",$600,3.01 Ct.,8.47,6.66,5.3,Orangish Yellow,Vivid,Very Very Slightly Included,Radiant,Radiant Cut,Heat Treated,Ceylon (Sri Lanka),https://www.thenaturalsapphirecompany.com/yellow-sapphires/3.01ct-ceylon-sri-lankan-radiant-orangish-yellow-sapphire-s39530/
S42250,"$1,344",$800,1.68 Ct.,8.14,4.67,4.03,Yellowish Green,Intense,Eye Clean,Emerald Cut,Emerald Cut,No Enhancement,Ceylon (Sri Lanka),https://www.thenaturalsapphirecompany.com/yellow-sapphires/1.68ct-ceylon-sri-lankan-emerald-cut-yellowish-green-sapphire-s42250/
S42252,"$1,800","$1,000",1.80 Ct.,7.29,7.32,4.86,Yellowish Green,Intense,Very Slightly Included,Round,Mixed Brilliant Cut,Heat Treated,Ceylon (Sri Lanka),https://www.thenaturalsapphirecompany.com/yellow-sapphires/1.80ct-ceylon-sri-lankan-round-yellowish-green-sapphire-s42252/
S4227,$145,$500,0.29 Ct.,4.23,3.67,2.74,Yellow,Intense,Included,Fancy,Step Cut,Heat Treated,Ceylon (Sri Lanka),https://www.thenaturalsapphirecompany.com/yellow-sapphires/0.29ct-ceylon-sri-lankan-fancy-yellow-sapphire-s4227/
S44579,$240,$353,0.68 Ct.,5.15,5.16,3.58,Yellow,Intense,Very Very Slightly Included,Round,Mixed Brilliant Cut,Heat Treated,Ceylon (Sri Lanka),https://www.thenaturalsapphirecompany.com/yellow-sapphires/0.68ct-ceylon-sri-lankan-round-yellow-sapphire-s44579/
S46512,$781,$550,1.42 Ct.,6.77,6.24,3.84,Yellow,Light,Very Slightly Included,Cushion,Mixed Brilliant Cut,No Enhancement,Ceylon (Sri Lanka),https://www.thenaturalsapphirecompany.com/yellow-sapphires/1.42ct-ceylon-sri-lankan-cushion-yellow-sapphire-s46512/
S46513,$290,$212,1.37 Ct.,7.62,6.23,3.65,Yellow,Light,Very Slightly Included,Oval,Mixed Brilliant Cut,No Enhancement,Ceylon (Sri Lanka),https://www.thenaturalsapphirecompany.com/yellow-sapphires/1.37ct-ceylon-sri-lankan-oval-yellow-sapphire-s46513/
S6519,$906,$600,1.51 Ct.,6.64,6.2,4.05,Yellow,Intense,Eye Clean,Cushion,Mixed Brilliant Cut,Heat Treated,Ceylon (Sri Lanka),https://www.thenaturalsapphirecompany.com/yellow-sapphires/1.51ct-ceylon-sri-lankan-cushion-yellow-sapphire-s6519/
U10234,"$1,110","$1,000",1.11 Ct.,6.9,5.81,3.7,Yellowish Green,Medium,Very Slightly Included,Oval,Mixed Brilliant Cut,Heat Treated,Montana,https://www.thenaturalsapphirecompany.com/yellow-sapphires/1.11ct-montana-oval-yellowish-green-sapphire-u10234/
U10235,$737,"$1,100",0.67 Ct.,5.56,4.87,3.42,Yellowish Green,Medium,Eye Clean,Oval,Mixed Brilliant Cut,Heat Treated,Montana,https://www.thenaturalsapphirecompany.com/yellow-sapphires/0.67ct-montana-oval-yellowish-green-sapphire-u10235/
U10255,"$1,056","$1,100",0.96 Ct.,6.49,5.29,3.71,Yellowish Green,Medium,Very Slightly Included,Oval,Mixed Brilliant Cut,Heat Treated,Montana,https://www.thenaturalsapphirecompany.com/yellow-sapphires/0.96ct-montana-oval-yellowish-green-sapphire-u10255/
U10291,"$1,094","$1,351",0.81 Ct.,6.05,4.97,3.67,Greenish Yellow,Intense,Eye Clean,Oval,Mixed Brilliant Cut,Heat Treated,Montana,https://www.thenaturalsapphirecompany.com/yellow-sapphires/0.81ct-montana-oval-greenish-yellow-sapphire-u10291/
S12664,"$1,442","$1,400",1.03 Ct.,6.41,6.31,3.92,Yellowish Green,Intense,Very Slightly Included,Trillion,Trillion Cut,No Enhancement,Montana,https://www.thenaturalsapphirecompany.com/yellow-sapphires/1.03ct-montana-trillion-yellowish-green-sapphire-s12664/
S17935,"$8,584","$1,850",4.64 Ct.,9.45,11.57,5.49,Yellow,Faint,Very Slightly Included,Heart,Mixed Brilliant Cut,No Enhancement,Madagascar,https://www.thenaturalsapphirecompany.com/yellow-sapphires/4.64ct-madagascar-heart-yellow-sapphire-s17935/
S17939,"$14,537","$2,890",5.03 Ct.,10.07,8.13,6.2,Yellow,Light,Eye Clean,Cushion,Mixed Brilliant Cut,No Enhancement,Madagascar,https://www.thenaturalsapphirecompany.com/yellow-sapphires/5.03ct-madagascar-cushion-yellow-sapphire-s17939/
U10383,$560,"$1,000",0.56 Ct.,4.85,4.78,3.36,Yellowish Green,Intense,Eye Clean,Round,Mixed Brilliant Cut,Heat Treated,Montana,https://www.thenaturalsapphirecompany.com/yellow-sapphires/0.56ct-montana-round-yellowish-green-sapphire-u10383/
U10424,$590,"$1,000",0.59 Ct.,4.94,4.87,3.4,Yellowish Green,Medium,Very Slightly Included,Round,Mixed Brilliant Cut,Heat Treated,Montana,https://www.thenaturalsapphirecompany.com/yellow-sapphires/0.59ct-montana-round-yellowish-green-sapphire-u10424/
U10436,$756,"$1,200",0.63 Ct.,5.07,5.03,3.61,Yellowish Green,Medium,Eye Clean,Round,Modified Brilliant Cut,Heat Treated,Montana,https://www.thenaturalsapphirecompany.com/yellow-sapphires/0.63ct-montana-round-yellowish-green-sapphire-u10436/
U10462,$875,"$1,250",0.70 Ct.,4.83,4.43,3.61,Yellowish Green,Medium,Eye Clean,Asscher - Octagon,Asscher Cut,Heat Treated,Montana,https://www.thenaturalsapphirecompany.com/yellow-sapphires/0.70ct-montana-asscher-octagon-yellowish-green-sapphire-u10462/
U10463,$900,"$1,200",0.75 Ct.,5.09,4.66,3.8,Yellowish Green,Medium,Eye Clean,Asscher - Octagon,Asscher Cut,Heat Treated,Montana,https://www.thenaturalsapphirecompany.com/yellow-sapphires/0.75ct-montana-asscher-octagon-yellowish-green-sapphire-u10463/
U10469,$704,"$1,100",0.64 Ct.,5.02,4.43,3.36,Yellowish Green,Intense,Very Slightly Included,Asscher - Octagon,Asscher Cut,Heat Treated,Montana,https://www.thenaturalsapphirecompany.com/yellow-sapphires/0.64ct-montana-asscher-octagon-yellowish-green-sapphire-u10469/
U10475,$909,"$1,151",0.79 Ct.,4.98,4.86,3.87,Yellowish Green,Medium,Eye Clean,Asscher - Octagon,Asscher Cut,Heat Treated,Montana,https://www.thenaturalsapphirecompany.com/yellow-sapphires/0.79ct-montana-asscher-octagon-yellowish-green-sapphire-u10475/
U17301,"$1,826","$1,660",1.10 Ct.,6.51,5.44,4.24,Yellowish Green,Intense,Slightly Included,Oval,Mixed Brilliant Cut,No Enhancement,Madagascar,https://www.thenaturalsapphirecompany.com/yellow-sapphires/1.10ct-madagascar-oval-yellowish-green-sapphire-u17301/
S47381,$429,$300,1.43 Ct.,7.23,5.59,4.35,Orangish Yellow,Intense,Slightly Included,Oval,Mixed Brilliant Cut,Heat Treated,Ceylon (Sri Lanka),https://www.thenaturalsapphirecompany.com/yellow-sapphires/1.43ct-ceylon-sri-lankan-oval-orangish-yellow-sapphire-s47381/
S17866,"$12,814","$2,125",6.03 Ct.,9.99,9.23,6.34,Yellow,Medium,Very Slightly Included,Cushion,Mixed Brilliant Cut,No Enhancement,Ceylon (Sri Lanka),https://www.thenaturalsapphirecompany.com/yellow-sapphires/6.03ct-ceylon-sri-lankan-cushion-yellow-sapphire-s17866/
S3237,$336,$400,0.84 Ct.,6.5,4.59,3.25,Yellow,Intense,Very Slightly Included,Emerald Cut,Emerald Cut,No Enhancement,Ceylon (Sri Lanka),https://www.thenaturalsapphirecompany.com/yellow-sapphires/0.84ct-ceylon-sri-lankan-emerald-cut-yellow-sapphire-s3237/
S3238,$305,$351,0.87 Ct.,6.4,4.52,3.29,Yellow,Light,Very Slightly Included,Emerald Cut,Emerald Cut,No Enhancement,Ceylon (Sri Lanka),https://www.thenaturalsapphirecompany.com/yellow-sapphires/0.87ct-ceylon-sri-lankan-emerald-cut-yellow-sapphire-s3238/
S32380,$701,$708,0.99 Ct.,6.14,5.16,4.03,Yellowish Green,Intense,Very Slightly Included,Oval,Mixed Brilliant Cut,Heat Treated,Madagascar,https://www.thenaturalsapphirecompany.com/yellow-sapphires/0.99ct-madagascar-oval-yellowish-green-sapphire-s32380/
S32389,$368,$350,1.05 Ct.,6.7,5.11,3.1,Yellow,Medium,Very Slightly Included,Emerald Cut,Emerald Cut,Heat Treated,Ceylon (Sri Lanka),https://www.thenaturalsapphirecompany.com/yellow-sapphires/1.05ct-ceylon-sri-lankan-emerald-cut-yellow-sapphire-s32389/
S3239,$264,$300,0.88 Ct.,6.5,4.57,3.29,Yellow,Light,Very Slightly Included,Emerald Cut,Emerald Cut,No Enhancement,Ceylon (Sri Lanka),https://www.thenaturalsapphirecompany.com/yellow-sapphires/0.88ct-ceylon-sri-lankan-emerald-cut-yellow-sapphire-s3239/
S36195,$168,$600,0.28 Ct.,5.09,3.13,2.02,Greenish Yellow,Intense,Eye Clean,Oval,Mixed Brilliant Cut,Heat Treated,Montana,https://www.thenaturalsapphirecompany.com/yellow-sapphires/0.28ct-montana-oval-greenish-yellow-sapphire-s36195/
S36196,$186,$600,0.31 Ct.,4.94,3.62,2.22,Yellowish Green,Medium,Very Slightly Included,Oval,Mixed Brilliant Cut,Heat Treated,Montana,https://www.thenaturalsapphirecompany.com/yellow-sapphires/0.31ct-montana-oval-yellowish-green-sapphire-s36196/
S36197,$272,$800,0.34 Ct.,5.02,3.58,2.48,Greenish Yellow,Intense,Very Slightly Included,Oval,Mixed Brilliant Cut,Heat Treated,Montana,https://www.thenaturalsapphirecompany.com/yellow-sapphires/0.34ct-montana-oval-greenish-yellow-sapphire-s36197/
S36201,$161,$700,0.23 Ct.,4.9,3.12,1.85,Greenish Yellow,Intense,Very Very Slightly Included,Oval,Mixed Brilliant Cut,Heat Treated,Montana,https://www.thenaturalsapphirecompany.com/yellow-sapphires/0.23ct-montana-oval-greenish-yellow-sapphire-s36201/
S36203,$312,$800,0.39 Ct.,5.54,3.5,2.52,Yellowish Green,Medium,Very Very Slightly Included,Oval,Mixed Brilliant Cut,Heat Treated,Montana,https://www.thenaturalsapphirecompany.com/yellow-sapphires/0.39ct-montana-oval-yellowish-green-sapphire-s36203/
S36209,$344,$800,0.43 Ct.,5.03,4.06,2.74,Yellow,Medium,Very Very Slightly Included,Oval,Mixed Brilliant Cut,Heat Treated,Montana,https://www.thenaturalsapphirecompany.com/yellow-sapphires/0.43ct-montana-oval-yellow-sapphire-s36209/
S36210,$352,$800,0.44 Ct.,5.64,3.67,2.49,Greenish Yellow,Medium,Very Slightly Included,Oval,Mixed Brilliant Cut,Heat Treated,Montana,https://www.thenaturalsapphirecompany.com/yellow-sapphires/0.44ct-montana-oval-greenish-yellow-sapphire-s36210/
S36213,$322,$700,0.46 Ct.,5.6,4.17,2.53,Yellowish Green,Medium,Very Very Slightly Included,Oval,Mixed Brilliant Cut,Heat Treated,Montana,https://www.thenaturalsapphirecompany.com/yellow-sapphires/0.46ct-montana-oval-yellowish-green-sapphire-s36213/
S36214,$368,$800,0.46 Ct.,5.1,4.14,2.8,Yellow,Light,Slightly Included,Oval,Mixed Brilliant Cut,Heat Treated,Montana,https://www.thenaturalsapphirecompany.com/yellow-sapphires/0.46ct-montana-oval-yellow-sapphire-s36214/
S36215,$368,$800,0.46 Ct.,5.53,4.13,2.51,Greenish Yellow,Medium,Very Slightly Included,Oval,Mixed Brilliant Cut,No Enhancement,Montana,https://www.thenaturalsapphirecompany.com/yellow-sapphires/0.46ct-montana-oval-greenish-yellow-sapphire-s36215/
S36216,$376,$800,0.47 Ct.,5.51,4.03,2.72,Yellow,Light,Very Slightly Included,Oval,Mixed Brilliant Cut,Heat Treated,Montana,https://www.thenaturalsapphirecompany.com/yellow-sapphires/0.47ct-montana-oval-yellow-sapphire-s36216/
S36218,$384,$800,0.48 Ct.,5.52,4.16,2.62,Yellow,Intense,Very Very Slightly Included,Oval,Mixed Brilliant Cut,Heat Treated,Montana,https://www.thenaturalsapphirecompany.com/yellow-sapphires/0.48ct-montana-oval-yellow-sapphire-s36218/
S36220,$528,"$1,100",0.48 Ct.,5.86,4.23,2.58,Yellowish Brown,Intense,Very Very Slightly Included,Oval,Mixed Brilliant Cut,Heat Treated,Montana,https://www.thenaturalsapphirecompany.com/yellow-sapphires/0.48ct-montana-oval-yellowish-brown-sapphire-s36220/
S36224,$450,$900,0.50 Ct.,5.33,4.18,2.9,Yellowish Green,Intense,Very Slightly Included,Oval,Mixed Brilliant Cut,Heat Treated,Montana,https://www.thenaturalsapphirecompany.com/yellow-sapphires/0.50ct-montana-oval-yellowish-green-sapphire-s36224/
S44639,"$3,756","$1,200",3.13 Ct.,9.28,7.02,4.79,Orangish Yellow,Medium,Very Very Slightly Included,Radiant,Radiant Cut,Heat Treated,Ceylon (Sri Lanka),https://www.thenaturalsapphirecompany.com/yellow-sapphires/3.13ct-ceylon-sri-lankan-radiant-orangish-yellow-sapphire-s44639/
S39359,"$1,128",$550,2.05 Ct.,7.75,6.2,4.29,Yellowish Green,Medium,Very Very Slightly Included,Cushion,Mixed Brilliant Cut,Heat Treated,Africa,https://www.thenaturalsapphirecompany.com/yellow-sapphires/2.05ct-african-cushion-yellowish-green-sapphire-s39359/
S39369,$420,$350,1.20 Ct.,5.87,5.84,3.83,Yellow,Intense,Very Slightly Included,Cushion,Mixed Brilliant Cut,Heat Treated,Ceylon (Sri Lanka),https://www.thenaturalsapphirecompany.com/yellow-sapphires/1.20ct-ceylon-sri-lankan-cushion-yellow-sapphire-s39369/
S39376,$358,$320,1.12 Ct.,5.87,5.86,3.62,Yellow,Intense,Slightly Included,Cushion,Mixed Brilliant Cut,Heat Treated,Ceylon (Sri Lanka),https://www.thenaturalsapphirecompany.com/yellow-sapphires/1.12ct-ceylon-sri-lankan-cushion-yellow-sapphire-s39376/
S39380,$384,$340,1.13 Ct.,6.01,5.73,3.67,Yellow,Intense,Very Very Slightly Included,Cushion,Mixed Brilliant Cut,Heat Treated,Ceylon (Sri Lanka),https://www.thenaturalsapphirecompany.com/yellow-sapphires/1.13ct-ceylon-sri-lankan-cushion-yellow-sapphire-s39380/
S17930,$346,$349,0.99 Ct.,6.37,5.34,3.22,Yellowish Green,Intense,Slightly Included,Cushion,Mixed Brilliant Cut,No Enhancement,Africa,https://www.thenaturalsapphirecompany.com/yellow-sapphires/0.99ct-african-cushion-yellowish-green-sapphire-s17930/
S3240,$352,$400,0.88 Ct.,6.56,4.53,3.12,Yellow,Light,Very Slightly Included,Emerald Cut,Emerald Cut,No Enhancement,Ceylon (Sri Lanka),https://www.thenaturalsapphirecompany.com/yellow-sapphires/0.88ct-ceylon-sri-lankan-emerald-cut-yellow-sapphire-s3240/
S3241,$308,$350,0.88 Ct.,6.52,4.48,3.34,Yellow,Light,Very Slightly Included,Emerald Cut,Emerald Cut,No Enhancement,Ceylon (Sri Lanka),https://www.thenaturalsapphirecompany.com/yellow-sapphires/0.88ct-ceylon-sri-lankan-emerald-cut-yellow-sapphire-s3241/
S36227,$416,$800,0.52 Ct.,6.04,4.11,2.68,Yellow,Medium,Very Slightly Included,Oval,Mixed Brilliant Cut,Heat Treated,Montana,https://www.thenaturalsapphirecompany.com/yellow-sapphires/0.52ct-montana-oval-yellow-sapphire-s36227/
S36230,$424,$800,0.53 Ct.,5.5,4.08,3.01,Greenish Yellow,Medium,Very Slightly Included,Oval,Mixed Brilliant Cut,Heat Treated,Montana,https://www.thenaturalsapphirecompany.com/yellow-sapphires/0.53ct-montana-oval-greenish-yellow-sapphire-s36230/
S36233,$378,$700,0.54 Ct.,5.61,3.97,2.95,Yellowish Green,Medium,Very Slightly Included,Oval,Mixed Brilliant Cut,Heat Treated,Montana,https://www.thenaturalsapphirecompany.com/yellow-sapphires/0.54ct-montana-oval-yellowish-green-sapphire-s36233/
S36236,$440,$800,0.55 Ct.,5.54,4.14,3.05,Greenish Yellow,Light,Slightly Included,Oval,Mixed Brilliant Cut,Heat Treated,Montana,https://www.thenaturalsapphirecompany.com/yellow-sapphires/0.55ct-montana-oval-greenish-yellow-sapphire-s36236/
S36237,$448,$800,0.56 Ct.,6.05,4.23,2.69,Greenish Yellow,Medium,Very Very Slightly Included,Oval,Mixed Brilliant Cut,Heat Treated,Montana,https://www.thenaturalsapphirecompany.com/yellow-sapphires/0.56ct-montana-oval-greenish-yellow-sapphire-s36237/
S36238,$456,$800,0.57 Ct.,6.02,4.11,2.81,Yellowish Green,Intense,Very Very Slightly Included,Oval,Mixed Brilliant Cut,Heat Treated,Montana,https://www.thenaturalsapphirecompany.com/yellow-sapphires/0.57ct-montana-oval-yellowish-green-sapphire-s36238/
S36239,$522,$900,0.58 Ct.,5.95,4.56,2.72,Greenish Yellow,Intense,Very Very Slightly Included,Oval,Mixed Brilliant Cut,Heat Treated,Montana,https://www.thenaturalsapphirecompany.com/yellow-sapphires/0.58ct-montana-oval-greenish-yellow-sapphire-s36239/
S36241,$464,$800,0.58 Ct.,5.58,4.52,3.07,Greenish Yellow,Intense,Very Slightly Included,Oval,Mixed Brilliant Cut,Heat Treated,Montana,https://www.thenaturalsapphirecompany.com/yellow-sapphires/0.58ct-montana-oval-greenish-yellow-sapphire-s36241/
S36242,$464,$800,0.58 Ct.,5.52,4.56,3.21,Greenish Yellow,Intense,Eye Clean,Oval,Mixed Brilliant Cut,Heat Treated,Montana,https://www.thenaturalsapphirecompany.com/yellow-sapphires/0.58ct-montana-oval-greenish-yellow-sapphire-s36242/
S36244,$531,$900,0.59 Ct.,5.71,4.49,3.07,Yellowish Orange,Intense,Very Slightly Included,Oval,Mixed Brilliant Cut,Heat Treated,Montana,https://www.thenaturalsapphirecompany.com/yellow-sapphires/0.59ct-montana-oval-yellowish-orange-sapphire-s36244/
S36246,$472,$800,0.59 Ct.,5.59,4.59,2.96,Greenish Yellow,Medium,Very Very Slightly Included,Oval,Mixed Brilliant Cut,Heat Treated,Montana,https://www.thenaturalsapphirecompany.com/yellow-sapphires/0.59ct-montana-oval-greenish-yellow-sapphire-s36246/
S39402,$998,$780,1.28 Ct.,7.31,5.01,3.55,Orangish Yellow,Medium,Slightly Included,Emerald Cut,Emerald Cut,No Enhancement,Ceylon (Sri Lanka),https://www.thenaturalsapphirecompany.com/yellow-sapphires/1.28ct-ceylon-sri-lankan-emerald-cut-orangish-yellow-sapphire-s39402/
S39403,$999,$892,1.12 Ct.,6.28,4.78,3.72,Yellow,Intense,Very Slightly Included,Radiant,Radiant Cut,Heat Treated,Ceylon (Sri Lanka),https://www.thenaturalsapphirecompany.com/yellow-sapphires/1.12ct-ceylon-sri-lankan-radiant-yellow-sapphire-s39403/
S39418,"$1,590","$1,000",1.59 Ct.,7.04,7.02,4.02,Yellowish Brown,Intense,Very Very Slightly Included,Cushion,Mixed Brilliant Cut,No Enhancement,Ceylon (Sri Lanka),https://www.thenaturalsapphirecompany.com/yellow-sapphires/1.59ct-ceylon-sri-lankan-cushion-yellowish-brown-sapphire-s39418/
S39420,"$2,188",$990,2.21 Ct.,8.25,7.82,3.93,Yellowish Green,Intense,Very Slightly Included,Cushion,Mixed Brilliant Cut,No Enhancement,Ceylon (Sri Lanka),https://www.thenaturalsapphirecompany.com/yellow-sapphires/2.21ct-ceylon-sri-lankan-cushion-yellowish-green-sapphire-s39420/
S39422,"$2,772","$1,200",2.31 Ct.,9.81,7.06,3.33,Yellowish Brown,Intense,Slightly Included,Emerald Cut,Emerald Cut,No Enhancement,Ceylon (Sri Lanka),https://www.thenaturalsapphirecompany.com/yellow-sapphires/2.31ct-ceylon-sri-lankan-emerald-cut-yellowish-brown-sapphire-s39422/
S39423,"$2,515",$990,2.54 Ct.,8.68,7.3,4.94,Yellowish Brown,Intense,Slightly Included,Cushion,Mixed Brilliant Cut,No Enhancement,Ceylon (Sri Lanka),https://www.thenaturalsapphirecompany.com/yellow-sapphires/2.54ct-ceylon-sri-lankan-cushion-yellowish-brown-sapphire-s39423/
S39425,"$2,205","$1,050",2.10 Ct.,8.57,6.45,4.65,Yellowish Brown,Intense,Slightly Included,Oval,Mixed Brilliant Cut,No Enhancement,Ceylon (Sri Lanka),https://www.thenaturalsapphirecompany.com/yellow-sapphires/2.10ct-ceylon-sri-lankan-oval-yellowish-brown-sapphire-s39425/
S39426,"$2,259",$900,2.51 Ct.,10.17,7.51,3.53,Greenish Yellow,Intense,Slightly Included,Emerald Cut,Emerald Cut,No Enhancement,Ceylon (Sri Lanka),https://www.thenaturalsapphirecompany.com/yellow-sapphires/2.51ct-ceylon-sri-lankan-emerald-cut-greenish-yellow-sapphire-s39426/
S39428,"$2,020",$990,2.04 Ct.,9.82,7.1,3.62,Yellowish Brown,Intense,Very Slightly Included,Oval,Mixed Brilliant Cut,No Enhancement,Ceylon (Sri Lanka),https://www.thenaturalsapphirecompany.com/yellow-sapphires/2.04ct-ceylon-sri-lankan-oval-yellowish-brown-sapphire-s39428/
S39430,"$2,277",$900,2.53 Ct.,9.47,7.35,4.57,Yellow,Intense,Slightly Included,Oval,Mixed Brilliant Cut,No Enhancement,Ceylon (Sri Lanka),https://www.thenaturalsapphirecompany.com/yellow-sapphires/2.53ct-ceylon-sri-lankan-oval-yellow-sapphire-s39430/
S39432,"$1,901",$990,1.92 Ct.,8.65,6.07,3.96,Yellow,Medium,Very Slightly Included,Cushion,Mixed Brilliant Cut,No Enhancement,Ceylon (Sri Lanka),https://www.thenaturalsapphirecompany.com/yellow-sapphires/1.92ct-ceylon-sri-lankan-cushion-yellow-sapphire-s39432/
S39433,"$2,184","$1,200",1.82 Ct.,8.8,6.4,3.8,Yellowish Green,Intense,Very Slightly Included,Oval,Mixed Brilliant Cut,No Enhancement,Ceylon (Sri Lanka),https://www.thenaturalsapphirecompany.com/yellow-sapphires/1.82ct-ceylon-sri-lankan-oval-yellowish-green-sapphire-s39433/
S39434,"$2,564",$990,2.59 Ct.,9.07,7.12,4.86,Greenish Yellow,Medium,Slightly Included,Oval,Mixed Brilliant Cut,No Enhancement,Ceylon (Sri Lanka),https://www.thenaturalsapphirecompany.com/yellow-sapphires/2.59ct-ceylon-sri-lankan-oval-greenish-yellow-sapphire-s39434/
S39435,"$1,950",$990,1.97 Ct.,9.11,7.15,2.96,Yellowish Green,Medium,Very Slightly Included,Emerald Cut,Emerald Cut,No Enhancement,Ceylon (Sri Lanka),https://www.thenaturalsapphirecompany.com/yellow-sapphires/1.97ct-ceylon-sri-lankan-emerald-cut-yellowish-green-sapphire-s39435/
S39436,"$2,484","$1,200",2.07 Ct.,8.27,6.42,4.01,Yellowish Green,Medium,Slightly Included,Radiant,Radiant Cut,No Enhancement,Ceylon (Sri Lanka),https://www.thenaturalsapphirecompany.com/yellow-sapphires/2.07ct-ceylon-sri-lankan-radiant-yellowish-green-sapphire-s39436/
S42198,"$8,503","$1,632",5.21 Ct.,8.75,8.53,6.7,Yellowish Green,Medium,Very Slightly Included,Radiant,Radiant Cut,No Enhancement,Madagascar,https://www.thenaturalsapphirecompany.com/yellow-sapphires/5.21ct-madagascar-radiant-yellowish-green-sapphire-s42198/
S6304,$884,$400,2.21 Ct.,7.12,7.13,4.63,Yellow,Light,Very Slightly Included,Asscher - Octagon,Asscher Cut,No Enhancement,Ceylon (Sri Lanka),https://www.thenaturalsapphirecompany.com/yellow-sapphires/2.21ct-ceylon-sri-lankan-asscher-octagon-yellow-sapphire-s6304/
S6305,$985,$500,1.97 Ct.,6.98,6.94,4.46,Yellow,Light,Very Slightly Included,Asscher - Octagon,Asscher Cut,No Enhancement,Ceylon (Sri Lanka),https://www.thenaturalsapphirecompany.com/yellow-sapphires/1.97ct-ceylon-sri-lankan-asscher-octagon-yellow-sapphire-s6305/
S6401,"$2,532","$1,200",2.11 Ct.,10.11,5.71,4.33,Yellow,Medium,Very Very Slightly Included,Marquise,Mixed Brilliant Cut,No Enhancement,Ceylon (Sri Lanka),https://www.thenaturalsapphirecompany.com/yellow-sapphires/2.11ct-ceylon-sri-lankan-marquise-yellow-sapphire-s6401/
S12625,"$1,577",$950,1.66 Ct.,7.61,10.15,3.83,Yellow,Medium,Very Slightly Included,Fancy,Fancy Cut,No Enhancement,Ceylon (Sri Lanka),https://www.thenaturalsapphirecompany.com/yellow-sapphires/1.66ct-ceylon-sri-lankan-fancy-yellow-sapphire-s12625/
S32331,$960,$800,1.20 Ct.,7.75,6.05,3.16,Orangish Yellow,Medium,Very Very Slightly Included,Oval,Mixed Brilliant Cut,Heat Treated,Madagascar,https://www.thenaturalsapphirecompany.com/yellow-sapphires/1.20ct-madagascar-oval-orangish-yellow-sapphire-s32331/
S36139,"$1,100",$780,1.41 Ct.,7.24,5.07,3.72,Yellow,Intense,Very Very Slightly Included,Cushion,Mixed Brilliant Cut,Heat Treated,Ceylon (Sri Lanka),https://www.thenaturalsapphirecompany.com/yellow-sapphires/1.41ct-ceylon-sri-lankan-cushion-yellow-sapphire-s36139/
S36156,$700,$574,1.22 Ct.,5.51,5.44,4.06,Yellow,Light,Very Very Slightly Included,Asscher - Octagon,Asscher Cut,Heat Treated,Ceylon (Sri Lanka),https://www.thenaturalsapphirecompany.com/yellow-sapphires/1.22ct-ceylon-sri-lankan-asscher-octagon-yellow-sapphire-s36156/
S47377,$346,$330,1.05 Ct.,6.39,4.64,3.28,Yellow,Intense,Very Slightly Included,Emerald Cut,Emerald Cut,Heat Treated,Ceylon (Sri Lanka),https://www.thenaturalsapphirecompany.com/yellow-sapphires/1.05ct-ceylon-sri-lankan-emerald-cut-yellow-sapphire-s47377/
S12490,$408,$300,1.36 Ct.,6.84,6.03,3.6,Yellow,Medium,Slightly Included,Cushion,Mixed Brilliant Cut,No Enhancement,Ceylon (Sri Lanka),https://www.thenaturalsapphirecompany.com/yellow-sapphires/1.36ct-ceylon-sri-lankan-cushion-yellow-sapphire-s12490/
S12491,$258,$200,1.29 Ct.,5.98,4.93,4.62,Yellow,Faint,Slightly Included,Cushion,Mixed Brilliant Cut,No Enhancement,Ceylon (Sri Lanka),https://www.thenaturalsapphirecompany.com/yellow-sapphires/1.29ct-ceylon-sri-lankan-cushion-yellow-sapphire-s12491/
S17816,"$2,171","$1,300",1.67 Ct.,7.29,6.32,3.81,Yellowish Green,Medium,Very Slightly Included,Asscher - Octagon,Asscher Cut,No Enhancement,Madagascar,https://www.thenaturalsapphirecompany.com/yellow-sapphires/1.67ct-madagascar-asscher-octagon-yellowish-green-sapphire-s17816/
S3234,$243,$300,0.81 Ct.,6.43,4.41,3.16,Yellow,Light,Very Slightly Included,Emerald Cut,Emerald Cut,No Enhancement,Ceylon (Sri Lanka),https://www.thenaturalsapphirecompany.com/yellow-sapphires/0.81ct-ceylon-sri-lankan-emerald-cut-yellow-sapphire-s3234/
S3235,$249,$300,0.83 Ct.,5.63,5.56,3.84,Yellow,Faint,Very Slightly Included,Round,Mixed Brilliant Cut,No Enhancement,Ceylon (Sri Lanka),https://www.thenaturalsapphirecompany.com/yellow-sapphires/0.83ct-ceylon-sri-lankan-round-yellow-sapphire-s3235/
S32356,$599,$540,1.11 Ct.,7.05,5.22,3.6,Yellow,Light,Very Very Slightly Included,Oval,Mixed Brilliant Cut,No Enhancement,Ceylon (Sri Lanka),https://www.thenaturalsapphirecompany.com/yellow-sapphires/1.11ct-ceylon-sri-lankan-oval-yellow-sapphire-s32356/
S32357,$600,$600,1.00 Ct.,6.79,5.46,3.32,Yellow,Light,Very Slightly Included,Oval,Mixed Brilliant Cut,No Enhancement,Ceylon (Sri Lanka),https://www.thenaturalsapphirecompany.com/yellow-sapphires/1.00ct-ceylon-sri-lankan-oval-yellow-sapphire-s32357/
S36170,"$1,100","$1,089",1.01 Ct.,6.93,5.4,3.44,Yellowish Green,Medium,Slightly Included,Oval,Mixed Brilliant Cut,Heat Treated,Ceylon (Sri Lanka),https://www.thenaturalsapphirecompany.com/yellow-sapphires/1.01ct-ceylon-sri-lankan-oval-yellowish-green-sapphire-s36170/
S36178,"$1,100","$1,048",1.05 Ct.,6.13,6.69,3.73,Yellowish Green,Medium,Very Slightly Included,Heart,Mixed Brilliant Cut,Heat Treated,Ceylon (Sri Lanka),https://www.thenaturalsapphirecompany.com/yellow-sapphires/1.05ct-ceylon-sri-lankan-heart-yellowish-green-sapphire-s36178/
S36191,$192,$800,0.24 Ct.,4.94,2.99,2.12,Yellow,Light,Very Very Slightly Included,Oval,Mixed Brilliant Cut,Heat Treated,Montana,https://www.thenaturalsapphirecompany.com/yellow-sapphires/0.24ct-montana-oval-yellow-sapphire-s36191/
S36192,$162,$600,0.27 Ct.,4.87,3.11,2.15,Greenish Yellow,Medium,Very Slightly Included,Oval,Mixed Brilliant Cut,Heat Treated,Montana,https://www.thenaturalsapphirecompany.com/yellow-sapphires/0.27ct-montana-oval-greenish-yellow-sapphire-s36192/
S39340,$190,$365,0.52 Ct.,4.96,4.67,2.86,Yellow,Medium,Very Very Slightly Included,Cushion,Mixed Brilliant Cut,No Enhancement,Ceylon (Sri Lanka),https://www.thenaturalsapphirecompany.com/yellow-sapphires/0.52ct-ceylon-sri-lankan-cushion-yellow-sapphire-s39340/
S4216,$115,$500,0.23 Ct.,4.06,3.5,2.17,Yellowish Green,Intense,Slightly Included,Fancy,Step Cut,Heat Treated,Ceylon (Sri Lanka),https://www.thenaturalsapphirecompany.com/yellow-sapphires/0.23ct-ceylon-sri-lankan-fancy-yellowish-green-sapphire-s4216/
S23708,$711,$300,2.37 Ct.,10.16,8.07,4.08,Yellow,Light,Very Slightly Included,Pear,Mixed Brilliant Cut,Heat Treated,Madagascar,https://www.thenaturalsapphirecompany.com/yellow-sapphires/2.37ct-madagascar-pear-yellow-sapphire-s23708/
S44458,"$5,698","$1,018",5.60 Ct.,11.06,7.02,6.26,Yellow,Medium,Slightly Included,Emerald Cut,Emerald Cut,No Enhancement,Ceylon (Sri Lanka),https://www.thenaturalsapphirecompany.com/yellow-sapphires/5.60ct-ceylon-sri-lankan-emerald-cut-yellow-sapphire-s44458/
S44506,"$2,698","$1,088",2.48 Ct.,8.39,6.89,5.38,Yellow,Light,Very Slightly Included,Oval,Mixed Brilliant Cut,No Enhancement,Ceylon (Sri Lanka),https://www.thenaturalsapphirecompany.com/yellow-sapphires/2.48ct-ceylon-sri-lankan-oval-yellow-sapphire-s44506/
S46431,$580,$574,1.01 Ct.,7.28,4.39,3.06,Yellow,Light,Very Slightly Included,Emerald Cut,Emerald Cut,No Enhancement,Ceylon (Sri Lanka),https://www.thenaturalsapphirecompany.com/yellow-sapphires/1.01ct-ceylon-sri-lankan-emerald-cut-yellow-sapphire-s46431/
S46434,$760,$576,1.32 Ct.,6.9,6.03,4.05,Yellow,Light,Slightly Included,Oval,Mixed Brilliant Cut,No Enhancement,Ceylon (Sri Lanka),https://www.thenaturalsapphirecompany.com/yellow-sapphires/1.32ct-ceylon-sri-lankan-oval-yellow-sapphire-s46434/
S46444,$998,$612,1.63 Ct.,9.29,5.9,4.09,Greenish Yellow,Intense,Slightly Included,Fancy,Fancy Cut,No Enhancement,Madagascar,https://www.thenaturalsapphirecompany.com/yellow-sapphires/1.63ct-madagascar-fancy-greenish-yellow-sapphire-s46444/
S44637,"$3,885","$1,295",3.00 Ct.,8.87,7.18,4.72,Yellow,Light,Very Very Slightly Included,Radiant,Radiant Cut,Heat Treated,Ceylon (Sri Lanka),https://www.thenaturalsapphirecompany.com/yellow-sapphires/3.00ct-ceylon-sri-lankan-radiant-yellow-sapphire-s44637/
S46447,$333,$314,1.06 Ct.,5.93,4.66,3.57,Yellowish Green,Intense,Slightly Included,Emerald Cut,Emerald Cut,No Enhancement,Madagascar,https://www.thenaturalsapphirecompany.com/yellow-sapphires/1.06ct-madagascar-emerald-cut-yellowish-green-sapphire-s46447/
U10037,$377,$650,0.58 Ct.,4.96,4.89,3.48,Yellowish Green,Medium,Very Slightly Included,Round,Brilliant Cut,No Enhancement,Montana,https://www.thenaturalsapphirecompany.com/yellow-sapphires/0.58ct-montana-round-yellowish-green-sapphire-u10037/
S23224,"$1,573","$1,100",1.43 Ct.,6.96,5.08,3.94,Yellow,Medium,Slightly Included,Emerald Cut,Emerald Cut,No Enhancement,Ceylon (Sri Lanka),https://www.thenaturalsapphirecompany.com/yellow-sapphires/1.43ct-ceylon-sri-lankan-emerald-cut-yellow-sapphire-s23224/
S23228,"$1,617","$1,100",1.47 Ct.,7.52,5.22,4.01,Yellowish Green,Medium,Slightly Included,Cushion,Mixed Brilliant Cut,No Enhancement,Ceylon (Sri Lanka),https://www.thenaturalsapphirecompany.com/yellow-sapphires/1.47ct-ceylon-sri-lankan-cushion-yellowish-green-sapphire-s23228/
S23229,$738,$900,0.82 Ct.,5.05,4.97,3.55,Greenish Yellow,Medium,Slightly Included,Princess,Princess Cut,No Enhancement,Ceylon (Sri Lanka),https://www.thenaturalsapphirecompany.com/yellow-sapphires/0.82ct-ceylon-sri-lankan-princess-greenish-yellow-sapphire-s23229/
S23239,"$1,452","$1,100",1.32 Ct.,7.5,5.22,3.69,Yellowish Green,Intense,Very Slightly Included,Oval,Mixed Brilliant Cut,Heat Treated,Australia,https://www.thenaturalsapphirecompany.com/yellow-sapphires/1.32ct-australian-oval-yellowish-green-sapphire-s23239/
S23243,"$1,276","$1,100",1.16 Ct.,6.57,5.28,3.7,Yellowish Green,Intense,Eye Clean,Oval,Mixed Brilliant Cut,Heat Treated,Australia,https://www.thenaturalsapphirecompany.com/yellow-sapphires/1.16ct-australian-oval-yellowish-green-sapphire-s23243/
S23251,"$1,342","$1,100",1.22 Ct.,6.61,5.66,3.82,Yellowish Green,Intense,Very Slightly Included,Cushion,Mixed Brilliant Cut,Heat Treated,Australia,https://www.thenaturalsapphirecompany.com/yellow-sapphires/1.22ct-australian-cushion-yellowish-green-sapphire-s23251/
S3243,$273,$300,0.91 Ct.,6.56,4.55,3.23,Yellow,Light,Slightly Included,Emerald Cut,Emerald Cut,No Enhancement,Ceylon (Sri Lanka),https://www.thenaturalsapphirecompany.com/yellow-sapphires/0.91ct-ceylon-sri-lankan-emerald-cut-yellow-sapphire-s3243/
S3244,$368,$400,0.92 Ct.,6.5,4.56,3.42,Yellow,Light,Very Slightly Included,Emerald Cut,Emerald Cut,No Enhancement,Ceylon (Sri Lanka),https://www.thenaturalsapphirecompany.com/yellow-sapphires/0.92ct-ceylon-sri-lankan-emerald-cut-yellow-sapphire-s3244/
S32461,"$1,000","$1,000",1.00 Ct.,5.72,5.67,3.53,Yellowish Green,Intense,Very Slightly Included,Round,Mixed Brilliant Cut,Heat Treated,Madagascar,https://www.thenaturalsapphirecompany.com/yellow-sapphires/1.00ct-madagascar-round-yellowish-green-sapphire-s32461/
S32467,$900,$811,1.11 Ct.,5.61,5.04,4.42,Greenish Yellow,Intense,Very Very Slightly Included,Radiant,Radiant Cut,Heat Treated,Madagascar,https://www.thenaturalsapphirecompany.com/yellow-sapphires/1.11ct-madagascar-radiant-greenish-yellow-sapphire-s32467/
S36279,$238,$700,0.34 Ct.,5.42,3.64,2.08,Yellowish Green,Medium,Very Very Slightly Included,Oval,Mixed Brilliant Cut,Heat Treated,Montana,https://www.thenaturalsapphirecompany.com/yellow-sapphires/0.34ct-montana-oval-yellowish-green-sapphire-s36279/
S39446,$142,$200,0.71 Ct.,6.35,4.48,2.98,Yellow,Light,Slightly Included,Oval,Mixed Brilliant Cut,No Enhancement,Ceylon (Sri Lanka),https://www.thenaturalsapphirecompany.com/yellow-sapphires/0.71ct-ceylon-sri-lankan-oval-yellow-sapphire-s39446/
S39452,$404,$240,1.68 Ct.,8.11,5.6,4.54,Yellow,Medium,Very Slightly Included,Oval,Mixed Brilliant Cut,No Enhancement,Ceylon (Sri Lanka),https://www.thenaturalsapphirecompany.com/yellow-sapphires/1.68ct-ceylon-sri-lankan-oval-yellow-sapphire-s39452/
S39454,$434,$240,1.81 Ct.,6.75,6.64,4.62,Yellow,Light,Slightly Included,Cushion,Mixed Brilliant Cut,No Enhancement,Ceylon (Sri Lanka),https://www.thenaturalsapphirecompany.com/yellow-sapphires/1.81ct-ceylon-sri-lankan-cushion-yellow-sapphire-s39454/
S39455,$168,$150,1.12 Ct.,5.57,5.56,4.24,Yellow,Light,Slightly Included,Cushion,Mixed Brilliant Cut,No Enhancement,Ceylon (Sri Lanka),https://www.thenaturalsapphirecompany.com/yellow-sapphires/1.12ct-ceylon-sri-lankan-cushion-yellow-sapphire-s39455/
S39458,$274,$240,1.14 Ct.,5.56,5.5,4.03,Yellow,Medium,Very Slightly Included,Cushion,Mixed Brilliant Cut,No Enhancement,Ceylon (Sri Lanka),https://www.thenaturalsapphirecompany.com/yellow-sapphires/1.14ct-ceylon-sri-lankan-cushion-yellow-sapphire-s39458/
S39468,$176,$400,0.44 Ct.,7.66,3.92,1.88,Orangish Yellow,Intense,Very Slightly Included,Marquise,Mixed Brilliant Cut,No Enhancement,Ceylon (Sri Lanka),https://www.thenaturalsapphirecompany.com/yellow-sapphires/0.44ct-ceylon-sri-lankan-marquise-orangish-yellow-sapphire-s39468/
S41852,"$1,212","$1,200",1.01 Ct.,6.33,5.09,3.06,Yellowish Green,Intense,Very Slightly Included,Cushion,Mixed Brilliant Cut,Heat Treated,Madagascar,https://www.thenaturalsapphirecompany.com/yellow-sapphires/1.01ct-madagascar-cushion-yellowish-green-sapphire-s41852/
S46483,$303,$300,1.01 Ct.,6.57,4.91,2.87,Yellow,Intense,Slightly Included,Radiant,Radiant Cut,Heat Treated,Tanzania,https://www.thenaturalsapphirecompany.com/yellow-sapphires/1.01ct-tanzanian-radiant-yellow-sapphire-s46483/
S46484,$309,$300,1.03 Ct.,6.7,4.8,3.18,Yellow,Intense,Slightly Included,Radiant,Radiant Cut,Heat Treated,Ceylon (Sri Lanka),https://www.thenaturalsapphirecompany.com/yellow-sapphires/1.03ct-ceylon-sri-lankan-radiant-yellow-sapphire-s46484/
S46486,$250,$240,1.04 Ct.,5.76,5.47,3.53,Yellow,Intense,Slightly Included,Cushion,Mixed Brilliant Cut,Heat Treated,Ceylon (Sri Lanka),https://www.thenaturalsapphirecompany.com/yellow-sapphires/1.04ct-ceylon-sri-lankan-cushion-yellow-sapphire-s46486/
S46487,$238,$240,0.99 Ct.,6.13,6.59,3.18,Yellow,Medium,Very Slightly Included,Heart,Mixed Brilliant Cut,Heat Treated,Ceylon (Sri Lanka),https://www.thenaturalsapphirecompany.com/yellow-sapphires/0.99ct-ceylon-sri-lankan-heart-yellow-sapphire-s46487/
S46507,$640,$542,1.18 Ct.,7.76,5.76,3.3,Yellow,Intense,Very Very Slightly Included,Oval,Mixed Brilliant Cut,No Enhancement,Ceylon (Sri Lanka),https://www.thenaturalsapphirecompany.com/yellow-sapphires/1.18ct-ceylon-sri-lankan-oval-yellow-sapphire-s46507/
S46509,$181,$152,1.19 Ct.,7.17,5.48,3.96,Yellow,Light,Slightly Included,Oval,Mixed Brilliant Cut,No Enhancement,Ceylon (Sri Lanka),https://www.thenaturalsapphirecompany.com/yellow-sapphires/1.19ct-ceylon-sri-lankan-oval-yellow-sapphire-s46509/
S6441,$948,$600,1.58 Ct.,7.39,6.54,3.37,Yellowish Brown,Intense,Very Slightly Included,Cushion,Mixed Brilliant Cut,Heat Treated,Ceylon (Sri Lanka),https://www.thenaturalsapphirecompany.com/yellow-sapphires/1.58ct-ceylon-sri-lankan-cushion-yellowish-brown-sapphire-s6441/
U10190,$730,"$1,000",0.73 Ct.,5.81,5.41,3.37,Yellowish Green,Light,Slightly Included,Fancy,Fancy Brilliant Cut,No Enhancement,Montana,https://www.thenaturalsapphirecompany.com/yellow-sapphires/0.73ct-montana-fancy-yellowish-green-sapphire-u10190/
U7038,$978,"$1,151",0.85 Ct.,6.03,4.84,3.46,Yellowish Green,Intense,Very Slightly Included,Cushion,Mixed Brilliant Cut,Heat Treated,Montana,https://www.thenaturalsapphirecompany.com/yellow-sapphires/0.85ct-montana-cushion-yellowish-green-sapphire-u7038/
U7213,"$4,830","$1,500",3.22 Ct.,8.33,6.97,5.91,Yellow,Light,Eye Clean,Cushion,Mixed Brilliant Cut,No Enhancement,Ceylon (Sri Lanka),https://www.thenaturalsapphirecompany.com/yellow-sapphires/3.22ct-ceylon-sri-lankan-cushion-yellow-sapphire-u7213/
S14854,"$4,163","$1,388",3.00 Ct.,9.04,7.44,5.52,Yellow,Medium,Eye Clean,Oval,Mixed Brilliant Cut,Heat Treated,Ceylon (Sri Lanka),https://www.thenaturalsapphirecompany.com/yellow-sapphires/3.00ct-ceylon-sri-lankan-oval-yellow-sapphire-s14854/
S42011,$500,$556,0.90 Ct.,9.35,4.37,3.04,Yellowish Green,Intense,Very Very Slightly Included,Marquise,Mixed Brilliant Cut,No Enhancement,Ceylon (Sri Lanka),https://www.thenaturalsapphirecompany.com/yellow-sapphires/0.90ct-ceylon-sri-lankan-marquise-yellowish-green-sapphire-s42011/
S42012,$599,$624,0.96 Ct.,5.92,5.13,3.59,Yellowish Green,Intense,Slightly Included,Oval,Mixed Brilliant Cut,No Enhancement,Ceylon (Sri Lanka),https://www.thenaturalsapphirecompany.com/yellow-sapphires/0.96ct-ceylon-sri-lankan-oval-yellowish-green-sapphire-s42012/
U17418,"$3,654","$1,800",2.03 Ct.,7.4,6.7,4.82,Yellowish Green,Medium,Very Slightly Included,Cushion,Mixed Brilliant Cut,No Enhancement,Montana,https://www.thenaturalsapphirecompany.com/yellow-sapphires/2.03ct-montana-cushion-yellowish-green-sapphire-u17418/
U6885,$774,$600,1.29 Ct.,6.15,6.99,4.59,Yellowish Green,Light,Slightly Included,Trillion,Trillion Cut,No Enhancement,Montana,https://www.thenaturalsapphirecompany.com/yellow-sapphires/1.29ct-montana-trillion-yellowish-green-sapphire-u6885/
U6937,"$2,412","$1,800",1.34 Ct.,5.87,5.58,4.53,Yellowish Green,Intense,Very Very Slightly Included,Cushion,Mixed Brilliant Cut,No Enhancement,Montana,https://www.thenaturalsapphirecompany.com/yellow-sapphires/1.34ct-montana-cushion-yellowish-green-sapphire-u6937/
S6788,"$3,230","$1,000",3.23 Ct.,11.02,7.33,5.59,Yellow,Medium,Very Slightly Included,Pear,Mixed Brilliant Cut,No Enhancement,Ceylon (Sri Lanka),https://www.thenaturalsapphirecompany.com/yellow-sapphires/3.23ct-ceylon-sri-lankan-pear-yellow-sapphire-s6788/
S6790,"$1,663",$720,2.31 Ct.,10.41,7.37,3.94,Yellow,Light,Eye Clean,Pear,Mixed Brilliant Cut,No Enhancement,Ceylon (Sri Lanka),https://www.thenaturalsapphirecompany.com/yellow-sapphires/2.31ct-ceylon-sri-lankan-pear-yellow-sapphire-s6790/
S6797,"$1,230",$600,2.05 Ct.,10.21,5.48,3.46,Yellow,Intense,Eye Clean,Emerald Cut,Emerald Cut,No Enhancement,Ceylon (Sri Lanka),https://www.thenaturalsapphirecompany.com/yellow-sapphires/2.05ct-ceylon-sri-lankan-emerald-cut-yellow-sapphire-s6797/
S6675,"$1,872",$960,1.95 Ct.,9.6,6,4.49,Yellow,Medium,Very Slightly Included,Pear,Mixed Brilliant Cut,No Enhancement,Ceylon (Sri Lanka),https://www.thenaturalsapphirecompany.com/yellow-sapphires/1.95ct-ceylon-sri-lankan-pear-yellow-sapphire-s6675/
S48499,$50,$179,0.28 Ct.,4.13,4.05,2.4,Yellowish Green,Medium,Eye Clean,Round,Mixed Brilliant Cut,No Enhancement,Ceylon (Sri Lanka),https://www.thenaturalsapphirecompany.com/yellow-sapphires/0.28ct-ceylon-sri-lankan-round-yellowish-green-sapphire-s48499/
S48896,"$13,801","$3,060",4.51 Ct.,9.75,8.81,4.99,Yellow,Light,Eye Clean,Asscher - Octagon,Asscher Cut,Heat Treated,Ceylon (Sri Lanka),https://www.thenaturalsapphirecompany.com/yellow-sapphires/4.51ct-ceylon-sri-lankan-asscher-octagon-yellow-sapphire-s48896/
S18172,$206,$200,1.03 Ct.,6.13,6.1,4.02,Greenish Yellow,Light,Very Slightly Included,Round,Mixed Brilliant Cut,No Enhancement,Ceylon (Sri Lanka),https://www.thenaturalsapphirecompany.com/yellow-sapphires/1.03ct-ceylon-sri-lankan-round-greenish-yellow-sapphire-s18172/
S23375,"$1,606","$1,100",1.46 Ct.,7.51,5.72,3.9,Yellowish Green,Medium,Very Very Slightly Included,Oval,Mixed Brilliant Cut,Heat Treated,Australia,https://www.thenaturalsapphirecompany.com/yellow-sapphires/1.46ct-australian-oval-yellowish-green-sapphire-s23375/
S32545,$70,$304,0.23 Ct.,3.7,3.69,1.93,Yellow,Medium,Slightly Included,Round,Mixed Brilliant Cut,Heat Treated,Madagascar,https://www.thenaturalsapphirecompany.com/yellow-sapphires/0.23ct-madagascar-round-yellow-sapphire-s32545/
S32547,$70,$333,0.21 Ct.,3.77,3.8,1.61,Yellow,Medium,Slightly Included,Round,Mixed Brilliant Cut,Heat Treated,Madagascar,https://www.thenaturalsapphirecompany.com/yellow-sapphires/0.21ct-madagascar-round-yellow-sapphire-s32547/
S32558,$147,$300,0.49 Ct.,5.37,4.13,2.77,Yellowish Green,Medium,Very Very Slightly Included,Oval,Mixed Brilliant Cut,Heat Treated,Madagascar,https://www.thenaturalsapphirecompany.com/yellow-sapphires/0.49ct-madagascar-oval-yellowish-green-sapphire-s32558/
S36346,$208,$400,0.52 Ct.,6.15,3.98,2.71,Orangish Yellow,Medium,Eye Clean,Oval,Mixed Brilliant Cut,No Enhancement,Ceylon (Sri Lanka),https://www.thenaturalsapphirecompany.com/yellow-sapphires/0.52ct-ceylon-sri-lankan-oval-orangish-yellow-sapphire-s36346/
S36371,$117,$300,0.39 Ct.,5.01,4.3,2.45,Orangish Yellow,Intense,Very Very Slightly Included,Oval,Mixed Brilliant Cut,No Enhancement,Ceylon (Sri Lanka),https://www.thenaturalsapphirecompany.com/yellow-sapphires/0.39ct-ceylon-sri-lankan-oval-orangish-yellow-sapphire-s36371/
S39585,"$4,484","$1,480",3.03 Ct.,9.17,7.54,5.02,Yellowish Green,Intense,Very Slightly Included,Oval,Mixed Brilliant Cut,Heat Treated,Australia,https://www.thenaturalsapphirecompany.com/yellow-sapphires/3.03ct-australian-oval-yellowish-green-sapphire-s39585/
S39587,"$2,568","$1,200",2.14 Ct.,8.29,6.36,4.16,Yellowish Green,Intense,Very Slightly Included,Emerald Cut,Emerald Cut,Heat Treated,Australia,https://www.thenaturalsapphirecompany.com/yellow-sapphires/2.14ct-australian-emerald-cut-yellowish-green-sapphire-s39587/
S42313,$400,$412,0.97 Ct.,6.26,5,3.71,Greenish Yellow,Intense,Very Slightly Included,Oval,Mixed Brilliant Cut,No Enhancement,Tanzania,https://www.thenaturalsapphirecompany.com/yellow-sapphires/0.97ct-tanzanian-oval-greenish-yellow-sapphire-s42313/
S44613,$300,$288,1.04 Ct.,6.3,4.62,3.46,Yellow,Medium,Slightly Included,Emerald Cut,Emerald Cut,Heat Treated,Ceylon (Sri Lanka),https://www.thenaturalsapphirecompany.com/yellow-sapphires/1.04ct-ceylon-sri-lankan-emerald-cut-yellow-sapphire-s44613/
S44626,"$2,070","$1,000",2.07 Ct.,7.31,6.88,4.34,Yellow,Light,Very Slightly Included,Asscher - Octagon,Asscher Cut,No Enhancement,Ceylon (Sri Lanka),https://www.thenaturalsapphirecompany.com/yellow-sapphires/2.07ct-ceylon-sri-lankan-asscher-octagon-yellow-sapphire-s44626/
S44627,"$2,712","$1,200",2.26 Ct.,7.96,6.18,4.94,Yellow,Medium,Very Very Slightly Included,Emerald Cut,Emerald Cut,Heat Treated,Ceylon (Sri Lanka),https://www.thenaturalsapphirecompany.com/yellow-sapphires/2.26ct-ceylon-sri-lankan-emerald-cut-yellow-sapphire-s44627/
S44628,"$3,003","$1,300",2.31 Ct.,6.68,6.65,5.55,Yellow,Light,Very Very Slightly Included,Radiant,Radiant Cut,No Enhancement,Ceylon (Sri Lanka),https://www.thenaturalsapphirecompany.com/yellow-sapphires/2.31ct-ceylon-sri-lankan-radiant-yellow-sapphire-s44628/
S44629,"$3,730","$1,480",2.52 Ct.,7.87,7.79,4.95,Yellow,Medium,Very Very Slightly Included,Round,Mixed Brilliant Cut,Heat Treated,Ceylon (Sri Lanka),https://www.thenaturalsapphirecompany.com/yellow-sapphires/2.52ct-ceylon-sri-lankan-round-yellow-sapphire-s44629/
S44630,"$3,024","$1,200",2.52 Ct.,7.38,6.99,4.96,Yellow,Light,Very Very Slightly Included,Asscher - Octagon,Asscher Cut,Heat Treated,Ceylon (Sri Lanka),https://www.thenaturalsapphirecompany.com/yellow-sapphires/2.52ct-ceylon-sri-lankan-asscher-octagon-yellow-sapphire-s44630/
S44631,"$3,048","$1,200",2.54 Ct.,8.39,6.74,4.45,Yellow,Medium,Very Slightly Included,Emerald Cut,Emerald Cut,Heat Treated,Ceylon (Sri Lanka),https://www.thenaturalsapphirecompany.com/yellow-sapphires/2.54ct-ceylon-sri-lankan-emerald-cut-yellow-sapphire-s44631/
S44632,"$3,048","$1,200",2.54 Ct.,8.07,6.58,4.51,Yellow,Medium,Eye Clean,Emerald Cut,Emerald Cut,Heat Treated,Ceylon (Sri Lanka),https://www.thenaturalsapphirecompany.com/yellow-sapphires/2.54ct-ceylon-sri-lankan-emerald-cut-yellow-sapphire-s44632/
S44633,"$3,060","$1,200",2.55 Ct.,8.28,6.7,4.55,Yellow,Light,Eye Clean,Emerald Cut,Emerald Cut,Heat Treated,Ceylon (Sri Lanka),https://www.thenaturalsapphirecompany.com/yellow-sapphires/2.55ct-ceylon-sri-lankan-emerald-cut-yellow-sapphire-s44633/
S44634,"$2,560","$1,000",2.56 Ct.,8.07,6.13,4.79,Yellow,Light,Very Very Slightly Included,Emerald Cut,Emerald Cut,Heat Treated,Ceylon (Sri Lanka),https://www.thenaturalsapphirecompany.com/yellow-sapphires/2.56ct-ceylon-sri-lankan-emerald-cut-yellow-sapphire-s44634/
S44635,"$3,738","$1,400",2.67 Ct.,8.16,6.91,4.78,Yellow,Light,Very Very Slightly Included,Radiant,Radiant Cut,No Enhancement,Ceylon (Sri Lanka),https://www.thenaturalsapphirecompany.com/yellow-sapphires/2.67ct-ceylon-sri-lankan-radiant-yellow-sapphire-s44635/
S44636,"$3,857","$1,387",2.78 Ct.,8.56,8.39,5.13,Yellow,Light,Eye Clean,Round,Mixed Brilliant Cut,Heat Treated,Ceylon (Sri Lanka),https://www.thenaturalsapphirecompany.com/yellow-sapphires/2.78ct-ceylon-sri-lankan-round-yellow-sapphire-s44636/
S44638,"$3,900","$1,300",3.00 Ct.,8.34,7.31,4.99,Yellow,Medium,Very Slightly Included,Emerald Cut,Emerald Cut,Heat Treated,Ceylon (Sri Lanka),https://www.thenaturalsapphirecompany.com/yellow-sapphires/3.00ct-ceylon-sri-lankan-emerald-cut-yellow-sapphire-s44638/
S44640,"$3,996","$1,110",3.60 Ct.,9.14,7.14,5.09,Yellow,Medium,Very Very Slightly Included,Emerald Cut,Emerald Cut,Heat Treated,Ceylon (Sri Lanka),https://www.thenaturalsapphirecompany.com/yellow-sapphires/3.60ct-ceylon-sri-lankan-emerald-cut-yellow-sapphire-s44640/
S6614,"$2,136","$1,200",1.78 Ct.,6.7,7.9,4.04,Yellow,Medium,Very Slightly Included,Heart,Mixed Brilliant Cut,No Enhancement,Ceylon (Sri Lanka),https://www.thenaturalsapphirecompany.com/yellow-sapphires/1.78ct-ceylon-sri-lankan-heart-yellow-sapphire-s6614/
S6615,"$1,896","$1,200",1.58 Ct.,9.9,6.17,3.54,Yellow,Light,Eye Clean,Pear,Mixed Brilliant Cut,No Enhancement,Ceylon (Sri Lanka),https://www.thenaturalsapphirecompany.com/yellow-sapphires/1.58ct-ceylon-sri-lankan-pear-yellow-sapphire-s6615/
U10583,$809,"$1,051",0.77 Ct.,5.94,4.98,3.43,Yellowish Green,Intense,Very Slightly Included,Cushion,Mixed Brilliant Cut,Heat Treated,Montana,https://www.thenaturalsapphirecompany.com/yellow-sapphires/0.77ct-montana-cushion-yellowish-green-sapphire-u10583/
U10585,$770,"$1,100",0.70 Ct.,5.75,4.22,3.42,Yellowish Green,Medium,Very Slightly Included,Cushion,Mixed Brilliant Cut,Heat Treated,Montana,https://www.thenaturalsapphirecompany.com/yellow-sapphires/0.70ct-montana-cushion-yellowish-green-sapphire-u10585/
U10596,$948,"$1,200",0.79 Ct.,6.15,4.85,3.32,Yellowish Green,Medium,Eye Clean,Cushion,Mixed Brilliant Cut,Heat Treated,Montana,https://www.thenaturalsapphirecompany.com/yellow-sapphires/0.79ct-montana-cushion-yellowish-green-sapphire-u10596/
S6651,$600,$484,1.24 Ct.,6.71,4.81,4.01,Yellowish Green,Intense,Very Slightly Included,Radiant,Radiant Cut,No Enhancement,Madagascar,https://www.thenaturalsapphirecompany.com/yellow-sapphires/1.24ct-madagascar-radiant-yellowish-green-sapphire-s6651/
U10610,$855,$950,0.90 Ct.,6.54,4.6,3.4,Yellowish Green,Medium,Very Slightly Included,Cushion,Mixed Brilliant Cut,Heat Treated,Montana,https://www.thenaturalsapphirecompany.com/yellow-sapphires/0.90ct-montana-cushion-yellowish-green-sapphire-u10610/
U10637,$744,"$1,200",0.62 Ct.,5.1,4.41,3.32,Yellowish Green,Medium,Eye Clean,Cushion,Mixed Brilliant Cut,Heat Treated,Montana,https://www.thenaturalsapphirecompany.com/yellow-sapphires/0.62ct-montana-cushion-yellowish-green-sapphire-u10637/
U10644,$730,"$1,000",0.73 Ct.,5.48,4.24,3.69,Yellowish Green,Medium,Eye Clean,Cushion,Mixed Brilliant Cut,Heat Treated,Montana,https://www.thenaturalsapphirecompany.com/yellow-sapphires/0.73ct-montana-cushion-yellowish-green-sapphire-u10644/
U17445,$740,"$1,000",0.74 Ct.,6.37,4.52,3.27,Yellowish Green,Intense,Slightly Included,Oval,Mixed Brilliant Cut,Heat Treated,Montana,https://www.thenaturalsapphirecompany.com/yellow-sapphires/0.74ct-montana-oval-yellowish-green-sapphire-u17445/
S42378,$580,$500,1.16 Ct.,6.29,6.35,4.05,Orangish Yellow,Intense,Slightly Included,Round,Mixed Brilliant Cut,No Enhancement,Madagascar,https://www.thenaturalsapphirecompany.com/yellow-sapphires/1.16ct-madagascar-round-orangish-yellow-sapphire-s42378/
S42010,$500,$526,0.95 Ct.,6.74,5.34,2.81,Yellowish Green,Intense,Slightly Included,Oval,Mixed Brilliant Cut,No Enhancement,Ceylon (Sri Lanka),https://www.thenaturalsapphirecompany.com/yellow-sapphires/0.95ct-ceylon-sri-lankan-oval-yellowish-green-sapphire-s42010/
S6764,"$1,178",$950,1.24 Ct.,6.43,5.25,3.8,Yellowish Green,Intense,Eye Clean,Emerald Cut,Emerald Cut,Heat Treated,Ceylon (Sri Lanka),https://www.thenaturalsapphirecompany.com/yellow-sapphires/1.24ct-ceylon-sri-lankan-emerald-cut-yellowish-green-sapphire-s6764/
U10651,$792,"$1,100",0.72 Ct.,5.69,4.51,3.42,Yellowish Green,Light,Eye Clean,Cushion,Mixed Brilliant Cut,Heat Treated,Montana,https://www.thenaturalsapphirecompany.com/yellow-sapphires/0.72ct-montana-cushion-yellowish-green-sapphire-u10651/
U10652,$809,"$1,051",0.77 Ct.,6.44,4.97,3.02,Yellowish Green,Medium,Very Slightly Included,Cushion,Mixed Brilliant Cut,Heat Treated,Montana,https://www.thenaturalsapphirecompany.com/yellow-sapphires/0.77ct-montana-cushion-yellowish-green-sapphire-u10652/
U10656,$510,"$1,000",0.51 Ct.,5.2,4.02,3,Greenish Yellow,Medium,Very Slightly Included,Cushion,Mixed Brilliant Cut,Heat Treated,Montana,https://www.thenaturalsapphirecompany.com/yellow-sapphires/0.51ct-montana-cushion-greenish-yellow-sapphire-u10656/
U10674,$660,"$1,100",0.60 Ct.,5.48,4.28,3.12,Yellow,Faint,Very Slightly Included,Cushion,Mixed Brilliant Cut,Heat Treated,Montana,https://www.thenaturalsapphirecompany.com/yellow-sapphires/0.60ct-montana-cushion-yellow-sapphire-u10674/
U10737,$897,"$1,150",0.78 Ct.,5,4.51,3.88,Yellowish Green,Medium,Eye Clean,Asscher - Octagon,Asscher Cut,Heat Treated,Montana,https://www.thenaturalsapphirecompany.com/yellow-sapphires/0.78ct-montana-asscher-octagon-yellowish-green-sapphire-u10737/
U10793,"$3,657","$1,150",3.18 Ct.,8.15,6.8,5.52,Yellowish Orange,Medium,Very Slightly Included,Emerald Cut,Emerald Cut,No Enhancement,Ceylon (Sri Lanka),https://www.thenaturalsapphirecompany.com/yellow-sapphires/3.18ct-ceylon-sri-lankan-emerald-cut-yellowish-orange-sapphire-u10793/
S23719,"$1,077",$300,3.59 Ct.,10.29,7.03,5.43,Yellow,Faint,Slightly Included,Oval,Mixed Brilliant Cut,Heat Treated,Madagascar,https://www.thenaturalsapphirecompany.com/yellow-sapphires/3.59ct-madagascar-oval-yellow-sapphire-s23719/
S23722,$423,$300,1.41 Ct.,6.85,6.12,3.62,Orangish Yellow,Intense,Very Slightly Included,Cushion,Mixed Brilliant Cut,Heat Treated,Madagascar,https://www.thenaturalsapphirecompany.com/yellow-sapphires/1.41ct-madagascar-cushion-orangish-yellow-sapphire-s23722/
S23726,$606,$300,2.02 Ct.,8.95,6.85,4.18,Orangish Yellow,Intense,Very Slightly Included,Pear,Mixed Brilliant Cut,Lattice Diffused,Madagascar,https://www.thenaturalsapphirecompany.com/yellow-sapphires/2.02ct-madagascar-pear-orangish-yellow-sapphire-s23726/
S23727,$603,$300,2.01 Ct.,7.8,6.93,3.74,Yellow,Light,Very Slightly Included,Radiant,Radiant Cut,Heat Treated,Madagascar,https://www.thenaturalsapphirecompany.com/yellow-sapphires/2.01ct-madagascar-radiant-yellow-sapphire-s23727/
S23730,$504,$300,1.68 Ct.,8.78,6.95,3.41,Yellowish Orange,Medium,Slightly Included,Pear,Mixed Brilliant Cut,Heat Treated,Madagascar,https://www.thenaturalsapphirecompany.com/yellow-sapphires/1.68ct-madagascar-pear-yellowish-orange-sapphire-s23730/
S23737,$588,$300,1.96 Ct.,9.05,6.98,3.86,Yellow,Medium,Very Very Slightly Included,Pear,Mixed Brilliant Cut,Heat Treated,Madagascar,https://www.thenaturalsapphirecompany.com/yellow-sapphires/1.96ct-madagascar-pear-yellow-sapphire-s23737/
U17632,"$1,107",$858,1.29 Ct.,7.71,5.64,4.07,Yellowish Green,Intense,Very Slightly Included,Pear,Mixed Brilliant Cut,No Enhancement,Ceylon (Sri Lanka),https://www.thenaturalsapphirecompany.com/yellow-sapphires/1.29ct-ceylon-sri-lankan-pear-yellowish-green-sapphire-u17632/
S44836,"$1,100",$545,2.02 Ct.,7.07,7.06,5.3,Yellow,Medium,Very Very Slightly Included,Cushion,Mixed Brilliant Cut,No Enhancement,Ceylon (Sri Lanka),https://www.thenaturalsapphirecompany.com/yellow-sapphires/2.02ct-ceylon-sri-lankan-cushion-yellow-sapphire-s44836/
S44846,"$2,200",$606,3.63 Ct.,8.27,7.51,6.39,Yellow,Light,Very Very Slightly Included,Cushion,Mixed Brilliant Cut,No Enhancement,Ceylon (Sri Lanka),https://www.thenaturalsapphirecompany.com/yellow-sapphires/3.63ct-ceylon-sri-lankan-cushion-yellow-sapphire-s44846/
S39607,"$3,000","$1,676",1.79 Ct.,8.47,6.46,4.03,Yellowish Green,Intense,Very Slightly Included,Oval,Mixed Brilliant Cut,Heat Treated,Madagascar,https://www.thenaturalsapphirecompany.com/yellow-sapphires/1.79ct-madagascar-oval-yellowish-green-sapphire-s39607/
S39608,"$1,672","$1,100",1.52 Ct.,7.02,6.01,4.29,Orangish Yellow,Intense,Very Very Slightly Included,Oval,Mixed Brilliant Cut,Heat Treated,Ceylon (Sri Lanka),https://www.thenaturalsapphirecompany.com/yellow-sapphires/1.52ct-ceylon-sri-lankan-oval-orangish-yellow-sapphire-s39608/
S39625,"$1,174","$1,140",1.03 Ct.,5.85,5.58,3.41,Yellowish Green,Intense,Very Slightly Included,Asscher - Octagon,Asscher Cut,No Enhancement,Nigeria,https://www.thenaturalsapphirecompany.com/yellow-sapphires/1.03ct-nigerian-asscher-octagon-yellowish-green-sapphire-s39625/
